"Año";"Mes";"Estamento";"Nombre completo";"Cargo o función";"Grado EUS o jornada";"Calificación profesional o formación";"Región";"Asignaciones especiales del mes (inc. en rem. bruta)";"Remuneración bruta del mes (incluye bonos e incentivos, asig. especiales, horas extras)";"Remuneración líquida del mes";"Rem. adicionales del mes (no inc. en rem. bruta)";"Remuneración Bonos incentivos del mes (inc. en rem. bruta)";"Derecho a horas extraordinarias";"Montos y horas extraordinarias diurnas del mes(inc. en rem. bruta)";"Montos y horas extraordinarias nocturnas del mes(inc. en rem. bruta)";"Montos y horas extraordinarias festivas del mes (inc. en rem. bruta)";"Fecha de inicio dd/mm/aa";"Fecha de término dd/mm/aa";"Viáticos del mes (no inc. en rem. bruta)";"Observaciones";
"2025";"Junio";"Profesional";"ABARCA MUÑOZ, MARITZA DENISSE";"APOYO ADMINISTRATIVO";"9";"ABOGADO (A)";"Región Metropolitana de Santiago";"(01)";"$ 2.459.951";"$ 1.988.942";"$ 0";"$ 152.483";"No";"No tiene";"No tiene";"No tiene";"01/01/2025";"31/12/2025";"No informa";"REMUNERACION JUN.2025+PAGO TRIMESTRAL LEY 19.937 PERIODO 06/2025";
"2025";"Junio";"Auxiliar";"ABARCA ROJAS, MANUEL EDUARDO";"CONDUCTOR";"24";"AUXILIAR";"Región Metropolitana de Santiago";"(205)(203)(204)(186)";"$ 797.665";"$ 850.818";"$ 0";"$ 99.152";"No";"No tiene";"No tiene";"No tiene";"01/01/2025";"31/12/2025";"No informa";"REMUNERACION JUN.2025+PAGO TRIMESTRAL LEY 19.490 Y 19.937 PERIODO 06/2025";
"2025";"Junio";"Técnico";"ABARCA RUBIO, FERNANDA DANIELA";"ATENCION CLINICA";"22";"TECNICO NIVEL SUPERIOR ENFERMERIA";"Región Metropolitana de Santiago";"(202)(204)(186)";"$ 1.674.243";"$ 1.390.180";"$ 0";"$ 158.576";"No";"No tiene";"No tiene";"No tiene";"01/01/2025";"31/12/2025";"No informa";"REMUNERACION JUN.2025+BONO ESCOLAR CUOTA 03/2025+BONO ESCOLAR CUOTA 06/2025+PAGO TRIMESTRAL LEY 19.490 Y 19.937 PERIODO 06/2025";
"2025";"Junio";"Técnico";"ABARCA SPRING, DANIELA ALEJANDRA";"Atencion Clinica";"21";"TECNICO NIVEL SUPERIOR ENFERMERIA";"Región Metropolitana de Santiago";"(186)";"$ 801.215";"$ 615.813";"$ 0";"$ 126.975";"No";"No tiene";"No tiene";"No tiene";"01/01/2025";"31/12/2025";"No informa";"Sin observaciones";
"2025";"Junio";"Técnico";"ABRAMOVICH MELI, MARIA JAEL";"Atencion Clinica";"21";"TECNICO NIVEL SUPERIOR ENFERMERIA";"Región Metropolitana de Santiago";"(186)";"$ 827.241";"$ 624.330";"$ 0";"$ 141.993";"No";"No tiene";"No tiene";"No tiene";"01/01/2025";"31/12/2025";"No informa";"Sin observaciones";
"2025";"Junio";"Técnico";"ABUJATUN GAJARDO, SOLANGE ANDREA";"Atencion Clinica";"21";"TECNICO NIVEL SUPERIOR ENFERMERIA";"Región Metropolitana de Santiago";"(186)";"$ 806.687";"$ 611.207";"$ 0";"$ 126.975";"No";"No tiene";"No tiene";"No tiene";"01/01/2025";"31/12/2025";"No informa";"Sin observaciones";
"2025";"Junio";"Técnico";"ACEVEDO ARMIJO, JERONIMO ANDRES";"ATENCION CLINICA";"21";"TECNICO NIVEL SUPERIOR ENFERMERIA";"Región Metropolitana de Santiago";"(203)(204)(186)";"$ 1.289.582";"$ 1.259.545";"$ 0";"$ 156.366";"Sí";"$ 147.209 : 40,00 hrs";"$ 185.483 : 42,00 hrs";"No tiene";"01/01/2025";"31/12/2025";"No informa";"REMUNERACION JUN.2025+BONO ESCOLAR CUOTA 06/2025+PAGO TRIMESTRAL LEY 19.490 Y 19.937 PERIODO 06/2025";
"2025";"Junio";"Técnico";"ACEVEDO FRIAS, ANA DE LAS MERCEDES";"Atencion Clinica";"20";"TECNICO NIVEL SUPERIOR RECURSOS HUMANOS";"Región Metropolitana de Santiago";"(186)";"$ 991.358";"$ 780.404";"$ 0";"$ 148.355";"Sí";"$ 114.485 : 30,00 hrs";"$ 18.318 : 4,00 hrs";"No tiene";"01/01/2025";"31/12/2025";"No informa";"Sin observaciones";
"2025";"Junio";"Administrativo";"ACEVEDO QUEVEDO, CAMILA FERNANDA";"Apoyo Administrativo";"19";"ADMINISTRATIVO";"Región Metropolitana de Santiago";"(186)";"$ 1.239.682";"$ 928.742";"$ 0";"$ 204.358";"No";"No tiene";"No tiene";"No tiene";"01/01/2025";"31/12/2025";"No informa";"Sin observaciones";
"2025";"Junio";"Técnico";"ACEVEDO VALENZUELA, CLAUDIO ALEJANDRO";"Apoyo Administrativo";"18";"TECNICO NIVEL SUPERIOR EN REDES INFORMATICAS";"Región Metropolitana de Santiago";"(01)";"$ 784.238";"$ 653.772";"$ 0";"$ 141.668";"Sí";"$ 25.257 : 6,00 hrs";"No tiene";"No tiene";"01/01/2025";"31/12/2025";"No informa";"REMUNERACION JUNIO 2025+PAGO LEY 19937 CUOTA JUNIO 2025";
"2025";"Junio";"Auxiliar";"ACOSTA LARA, JOHANS EDUARDO";"CONDUCTOR";"24";"AUXILIAR";"Región Metropolitana de Santiago";"(205)(202)(204)(186)";"$ 935.750";"$ 877.578";"$ 0";"$ 110.880";"No";"No tiene";"No tiene";"No tiene";"01/01/2025";"31/12/2025";"No informa";"REMUNERACION JUN.2025+PAGO TRIMESTRAL LEY 19.490 Y 19.937 PERIODO 06/2025";
"2025";"Junio";"Médicos cirujanos, farmacéuticos, químico-farmacéuticos, bioquímicos, cirujano-dentistas";"ACOSTA SALAS, MANUEL CHRISTIAN";"Medico Becario Primario";"44 Hrs.";"MEDICO CIRUJANO";"Región Metropolitana de Santiago";"(01)";"$ 2.819.587";"$ 2.326.441";"$ 0";"$ 0";"No";"No tiene";"No tiene";"No tiene";"07/04/2025";"06/04/2026";"No informa";"REMUNERACION JUNIO 2025";
"2025";"Junio";"Técnico";"ACUÑA ARAVENA, LORENA MABEL";"Atencion Clinica";"22";"TECNICO NIVEL SUPERIOR ODONTOLOGIA";"Región Metropolitana de Santiago";"(186)";"$ 805.698";"$ 620.543";"$ 0";"$ 124.016";"No";"No tiene";"No tiene";"No tiene";"01/01/2025";"31/12/2025";"No informa";"Sin observaciones";
"2025";"Junio";"Profesional";"ACUÑA CHAVEZ, JAVIERA BELEN";"Atencion Clinica";"16";"PSICOLOGO (A)";"Región Metropolitana de Santiago";"(01)";"$ 1.342.691";"$ 1.342.691";"$ 0";"$ 0";"No";"No tiene";"No tiene";"No tiene";"25/03/2025";"30/06/2025";"No informa";"Sin observaciones";
"2025";"Junio";"Profesional";"ACUÑA MARCOS, ALEJANDRA ANDREA";"Atencion Clinica";"15";"KINESIOLOGO (A)";"Región Metropolitana de Santiago";"(186)";"$ 1.769.559";"$ 1.413.666";"$ 0";"$ 106.059";"Sí";"No tiene";"$ 192.150 : 20,00 hrs";"No tiene";"01/01/2025";"31/12/2025";"No informa";"Sin observaciones";
"2025";"Junio";"Administrativo";"ACUÑA MENA, CAROLINA ESTER";"APOYO ADMINISTRATIVO";"22";"ADMINISTRATIVO";"Región Metropolitana de Santiago";"(203)(204)(186)";"$ 1.251.503";"$ 1.315.038";"$ 0";"$ 158.576";"Sí";"$ 134.107 : 40,00 hrs";"$ 273.578 : 68,00 hrs";"No tiene";"01/01/2025";"31/12/2025";"No informa";"REMUNERACION JUN.2025+BONO ESCOLAR CUOTA 03/2025+BONO ESCOLAR CUOTA 06/2025+PAGO TRIMESTRAL LEY 19.490 Y 19.937 PERIODO 06/2025";
"2025";"Junio";"Auxiliar";"ACUÑA MUÑOZ, JORGE SEGUNDO";"CONDUCTOR";"22";"AUXILIAR";"Región Metropolitana de Santiago";"(205)(202)(204)";"$ 1.062.164";"$ 1.064.581";"$ 0";"$ 105.527";"No";"No tiene";"No tiene";"No tiene";"01/01/2025";"31/07/2025";"No informa";"REMUNERACION JUN.2025+PAGO TRIMESTRAL LEY 19.937 PERIODO 06/2025";
"2025";"Junio";"Auxiliar";"ACUÑA NAVARRO, LUIS FERNANDO";"CONDUCTOR";"24";"AUXILIAR";"Región Metropolitana de Santiago";"(205)(202)(204)(186)";"$ 935.750";"$ 986.408";"$ 0";"$ 110.880";"No";"No tiene";"No tiene";"No tiene";"01/01/2025";"31/12/2025";"No informa";"REMUNERACION JUN.2025+PAGO TRIMESTRAL LEY 19.490 Y 19.937 PERIODO 06/2025";
"2025";"Junio";"Médicos cirujanos, farmacéuticos, químico-farmacéuticos, bioquímicos, cirujano-dentistas";"ACUÑA PLUA, RODRIGO JAIME";"Atencion Clinica Medica";"44 Hrs.";"MEDICO CIRUJANO";"Región Metropolitana de Santiago";"(188)(186)";"$ 4.482.199";"$ 3.635.728";"$ 0";"$ 0";"No";"No tiene";"No tiene";"No tiene";"01/01/2025";"31/12/2025";"No informa";"Sin observaciones";
"2025";"Junio";"Técnico";"ACUÑA SANTIBAÑEZ, YESSENIA ESTEFANIA";"Atencion Clinica";"21";"TECNICO NIVEL SUPERIOR ENFERMERIA";"Región Metropolitana de Santiago";"(186)";"$ 810.800";"$ 622.277";"$ 0";"$ 131.070";"No";"No tiene";"No tiene";"No tiene";"01/01/2025";"31/12/2025";"No informa";"Sin observaciones";
"2025";"Junio";"Profesional";"ACUÑA VENEGAS, YANARA BELEN";"Atencion Clinica";"16";"MATRON (A)";"Región Metropolitana de Santiago";"(01)";"$ 1.408.331";"$ 1.151.453";"$ 0";"$ 0";"Sí";"$ 65.640 : 9,00 hrs";"No tiene";"No tiene";"01/01/2025";"31/07/2025";"No informa";"Sin observaciones";
"2025";"Junio";"Profesional";"ADASME RETAMAL, SEBASTIAN FERNANDO";"Atencion Clinica";"15";"PSICOLOGO (A)";"Región Metropolitana de Santiago";"(01)";"$ 1.553.748";"$ 1.238.379";"$ 0";"$ 90.908";"No";"No tiene";"No tiene";"No tiene";"01/01/2025";"31/12/2025";"No informa";"Sin observaciones";
"2025";"Junio";"Profesional";"ADRIAZOLA CHAVEZ, SERGIO FERNANDO";"Apoyo Administrativo";"9";"CONTADOR (A) PUBLICO (A) AUDITOR";"Región Metropolitana de Santiago";"(186)";"$ 2.836.774";"$ 2.118.793";"$ 0";"$ 259.220";"No";"No tiene";"No tiene";"No tiene";"01/01/2025";"31/12/2025";"No informa";"Sin observaciones";
"2025";"Junio";"Auxiliar";"AEDO CACERES, CRISTIAN EDUARDO";"CONDUCTOR";"24";"AUXILIAR";"Región Metropolitana de Santiago";"(205)(202)(204)(186)";"$ 929.764";"$ 953.234";"$ 0";"$ 93.823";"Sí";"$ 8.477 : 3,00 hrs";"No tiene";"No tiene";"01/01/2025";"31/12/2025";"No informa";"REMUNERACION JUN.2025+PAGO TRIMESTRAL LEY 19.937 PERIODO 06/2025";
"2025";"Junio";"Administrativo";"AGUERO HINOJOSA, MARIA";"Apoyo Administrativo";"14";"ADMINISTRATIVO";"Región Metropolitana de Santiago";"(186)";"$ 1.609.139";"$ 1.297.060";"$ 0";"$ 707.792";"No";"No tiene";"No tiene";"No tiene";"01/01/2025";"31/12/2025";"No informa";"REMUNERACION JUNIO 2025+PAGO LEY 19490-19937 CUOTA JUNIO";
"2025";"Junio";"Administrativo";"AGUILAR MUÑOZ, PAMELA IGNACIA";"Apoyo Administrativo";"22";"ADMINISTRATIVO";"Región Metropolitana de Santiago";"(01)";"$ 614.443";"$ 614.443";"$ 0";"$ 0";"No";"No tiene";"No tiene";"No tiene";"06/05/2025";"28/06/2025";"No informa";"Sin observaciones";
"2025";"Junio";"Profesional";"AGUILERA BENITEZ, KARIN ALEXANDRA";"Atencion Clinica";"16";"ENFERMERA (O)";"Región Metropolitana de Santiago";"(01)";"$ 1.342.692";"$ 1.342.692";"$ 0";"$ 0";"No";"No tiene";"No tiene";"No tiene";"08/05/2025";"21/07/2025";"No informa";"Sin observaciones";
"2025";"Junio";"Técnico";"AGUILERA CUEVAS, CAROLINA ANDREA";"Atencion Clinica";"21";"TECNICO NIVEL SUPERIOR ENFERMERIA";"Región Metropolitana de Santiago";"(01)";"$ 788.888";"$ 599.203";"$ 0";"$ 120.148";"No";"No tiene";"No tiene";"No tiene";"01/01/2025";"31/12/2025";"No informa";"Sin observaciones";
"2025";"Junio";"Profesional";"AGUILERA MOYA, MARCELA VALERIA";"Apoyo Administrativo";"5";"PERIODISTA";"Región Metropolitana de Santiago";"(186)";"$ 3.495.388";"$ 2.777.835";"$ 0";"$ 382.083";"No";"No tiene";"No tiene";"No tiene";"01/01/2025";"31/12/2025";"No informa";"REMUNERACION JUNIO 2025+PAGO LEY 19490-19937 CUOTA JUNIO";
"2025";"Junio";"Profesional";"AGUILERA PEREZ, YASNNA DAMARIS";"Apoyo Administrativo";"7";"MATRON (A)";"Región Metropolitana de Santiago";"(186)";"$ 3.060.136";"$ 2.441.781";"$ 0";"$ 539.291";"No";"No tiene";"No tiene";"No tiene";"01/01/2025";"31/12/2025";"No informa";"REMUNERACION JUNIO 2025+PAGO LEY 19490-19937 CUOTA JUNIO";
"2025";"Junio";"Profesional";"AGUILERA SILVA, VICTOR GONZALO";"ATENCION CLINICA";"9";"ENFERMERO (A) MATRON (A)";"Región Metropolitana de Santiago";"(203)(204)(186)";"$ 4.757.692";"$ 5.278.413";"$ 0";"$ 813.237";"Sí";"$ 214.794 : 16,00 hrs";"$ 869.914 : 54,00 hrs";"No tiene";"01/01/2025";"31/12/2025";"No informa";"REMUNERACION JUN.2025 + BONO ENF. Y OTROS PROF+PAGO TRIMESTRAL LEY 19.490 Y 19.937 PERIODO 06/2025";
"2025";"Junio";"Auxiliar";"AGUIRRE ACUÑA, DIEGO IGNACIO";"CONDUCTOR";"22";"AUXILIAR";"Región Metropolitana de Santiago";"(205)(202)(204)";"$ 1.240.150";"$ 1.101.558";"$ 0";"$ 117.689";"Sí";"$ 46.523 : 14,00 hrs";"$ 135.582 : 34,00 hrs";"No tiene";"01/01/2025";"31/12/2025";"No informa";"REMUNERACION JUN.2025+PAGO TRIMESTRAL LEY 19.490 Y 19.937 PERIODO 06/2025";
"2025";"Junio";"Médicos cirujanos, farmacéuticos, químico-farmacéuticos, bioquímicos, cirujano-dentistas";"AGUIRRE GONZALEZ, PEDRO PABLO";"Medico Becario Primario";"44 Hrs.";"CIRUJANO DENTISTA";"Región Metropolitana de Santiago";"(01)";"$ 2.819.587";"$ 2.323.903";"$ 0";"$ 0";"No";"No tiene";"No tiene";"No tiene";"06/05/2024";"05/05/2026";"No informa";"REMUNERACION JUNIO 2025";
"2025";"Junio";"Técnico";"AGUIRRE ORTIZ, TIARE ABIGAIL";"Atencion Clinica";"21";"TECNICO NIVEL SUPERIOR ODONTOLOGIA";"Región Metropolitana de Santiago";"(01)";"$ 788.888";"$ 608.049";"$ 0";"$ 120.148";"No";"No tiene";"No tiene";"No tiene";"01/01/2025";"30/06/2025";"No informa";"Sin observaciones";
"2025";"Junio";"Profesional";"ALADRO FAUNES, ROSA ELENA";"APOYO ADMINISTRATIVO";"11";"KINESIOLOGO (A)";"Región Metropolitana de Santiago";"(186)";"$ 2.154.316";"$ 2.725.976";"$ 0";"$ 409.924";"No";"No tiene";"No tiene";"No tiene";"01/01/2025";"31/12/2025";"No informa";"REMUNERACION JUN.2025+PAGO TRIMESTRAL LEY 19.490 Y 19.937 PERIODO 06/2025";
"2025";"Junio";"Médicos cirujanos, farmacéuticos, químico-farmacéuticos, bioquímicos, cirujano-dentistas";"ALAMO MISLEH, SOFIA JULIETA";"Medico Becario Primario";"44 Hrs.";"MEDICO CIRUJANO";"Región Metropolitana de Santiago";"(01)";"$ 2.819.587";"$ 2.326.441";"$ 0";"$ 0";"No";"No tiene";"No tiene";"No tiene";"07/04/2025";"06/04/2026";"No informa";"REMUNERACION JUNIO 2025";
"2025";"Junio";"Profesional";"ALANIZ MARTINEZ, MARCO ALFONSO";"Atencion Clinica";"15";"MATRON (A)";"Región Metropolitana de Santiago";"(186)";"$ 1.601.146";"$ 1.254.341";"$ 0";"$ 103.892";"No";"No tiene";"No tiene";"No tiene";"01/01/2025";"31/12/2025";"No informa";"Sin observaciones";
"2025";"Junio";"Médicos cirujanos, farmacéuticos, químico-farmacéuticos, bioquímicos, cirujano-dentistas";"ALARCON BUSTAMANTE, ROSA MARIA";"Atencion Odontologica";"44 Hrs.";"CIRUJANO DENTISTA";"Región Metropolitana de Santiago";"(86)(186)";"$ 5.949.908";"$ 4.858.170";"$ 0";"$ 0";"No";"No tiene";"No tiene";"No tiene";"01/01/2025";"31/12/2025";"No informa";"Sin observaciones";
"2025";"Junio";"Médicos cirujanos, farmacéuticos, químico-farmacéuticos, bioquímicos, cirujano-dentistas";"ALARCON GONZALEZ, MARION IVETTE";"Quimico Farmaceutico";"22 Hrs.";"QUIMICO FARMACEUTICO";"Región Metropolitana de Santiago";"(188)(186)";"$ 2.161.764";"$ 1.661.634";"$ 0";"$ 0";"No";"No tiene";"No tiene";"No tiene";"01/01/2025";"31/12/2025";"No informa";"Sin observaciones";
"2025";"Junio";"Médicos cirujanos, farmacéuticos, químico-farmacéuticos, bioquímicos, cirujano-dentistas";"ALARCON GONZALEZ, MARION IVETTE";"Quimico Farmaceutico";"22 Hrs.";"QUIMICO FARMACEUTICO";"Región Metropolitana de Santiago";"(188)(186)";"$ 2.161.764";"$ 1.843.890";"$ 0";"$ 0";"No";"No tiene";"No tiene";"No tiene";"01/01/2025";"31/12/2025";"No informa";"Sin observaciones";
"2025";"Junio";"Técnico";"ALARCON GUERRERO, LAURA ALEJANDRA";"Atencion Clinica";"20";"TECNICO NIVEL SUPERIOR RECURSOS HUMANOS";"Región Metropolitana de Santiago";"(186)";"$ 1.080.059";"$ 891.983";"$ 0";"$ 172.841";"Sí";"No tiene";"$ 196.914 : 43,00 hrs";"No tiene";"01/01/2025";"31/12/2025";"No informa";"Sin observaciones";
"2025";"Junio";"Técnico";"ALARCON JARA, VIVIANA DEL CARMEN";"Atencion Clinica";"21";"TECNICO NIVEL SUPERIOR ENFERMERIA";"Región Metropolitana de Santiago";"(01)";"$ 910.071";"$ 729.232";"$ 0";"$ 120.148";"Sí";"$ 39.438 : 11,00 hrs";"$ 81.745 : 19,00 hrs";"No tiene";"01/01/2025";"31/12/2025";"No informa";"Sin observaciones";
"2025";"Junio";"Auxiliar";"ALARCON LOPEZ, HUMBERTO ALEJANDRO";"CONDUCTOR";"24";"AUXILIAR";"Región Metropolitana de Santiago";"(01)";"$ 267.650";"$ 267.650";"$ 0";"$ 0";"Sí";"No tiene";"$ 267.650 : 113,00 hrs";"No tiene";"01/05/2025";"25/05/2025";"No informa";"PAGO HORAS EXTRAS JUN.2025 (0D - 113F)";
"2025";"Junio";"Administrativo";"ALARCON MOLINA, PAMELA DENISSE";"Apoyo Administrativo";"16";"ADMINISTRATIVO";"Región Metropolitana de Santiago";"(186)";"$ 1.128.412";"$ 869.564";"$ 0";"$ 190.264";"Sí";"$ 60.728 : 13,00 hrs";"$ 50.451 : 9,00 hrs";"No tiene";"01/01/2025";"31/12/2025";"No informa";"Sin observaciones";
"2025";"Junio";"Administrativo";"ALARCON POBLETE, SANDRA ISABEL";"Apoyo Administrativo";"21";"ADMINISTRATIVO";"Región Metropolitana de Santiago";"(186)";"$ 801.738";"$ 631.616";"$ 0";"$ 152.916";"No";"No tiene";"No tiene";"No tiene";"01/01/2025";"31/12/2025";"No informa";"Sin observaciones";
"2025";"Junio";"Profesional";"ALARCON SAN MARTIN, ALEXANDRA DEL PILAR";"Atencion Clinica";"14";"TERAPEUTA OCUPACIONAL";"Región Metropolitana de Santiago";"(186)";"$ 2.158.360";"$ 1.720.299";"$ 0";"$ 231.445";"Sí";"$ 87.352 : 10,00 hrs";"$ 146.750 : 14,00 hrs";"No tiene";"01/01/2025";"31/12/2025";"No informa";"Sin observaciones";
"2025";"Junio";"Profesional";"ALAYO VILLENA, MEIBY MIRELLA AIME";"Atencion Clinica";"16";"MATRON (A)";"Región Metropolitana de Santiago";"(01)";"$ 1.440.313";"$ 1.137.680";"$ 0";"$ 97.208";"No";"No tiene";"No tiene";"No tiene";"01/01/2025";"31/12/2025";"No informa";"Sin observaciones";
"2025";"Junio";"Profesional";"ALBA ALVARADO, JUAN ALFONSO";"Apoyo Administrativo";"6";"ABOGADO (A)";"Región Metropolitana de Santiago";"(186)";"$ 3.328.621";"$ 2.626.559";"$ 0";"$ 334.715";"No";"No tiene";"No tiene";"No tiene";"01/01/2025";"31/12/2025";"No informa";"REMUNERACION JUNIO 2025+PAGO LEY 19490-19937 CUOTA JUNIO";
"2025";"Junio";"Técnico";"ALBANEZ ARTEAGA, GLORIA ODETTE";"Atencion Clinica";"21";"TECNICO NIVEL SUPERIOR RECURSOS HUMANOS";"Región Metropolitana de Santiago";"(186)";"$ 832.712";"$ 636.505";"$ 0";"$ 141.993";"No";"No tiene";"No tiene";"No tiene";"01/01/2025";"31/12/2025";"No informa";"Sin observaciones";
"2025";"Junio";"Profesional";"ALBORNOZ ALBORNOZ, LESLEY JIMENA";"Apoyo Administrativo";"10";"TRABAJADOR (A) SOCIAL";"Región Metropolitana de Santiago";"(186)";"$ 2.383.451";"$ 1.907.854";"$ 0";"$ 457.973";"No";"No tiene";"No tiene";"No tiene";"01/01/2025";"31/12/2025";"No informa";"REMUNERACION JUNIO 2025+PAGO LEY 19490-19937 CUOTA JUNIO+BONO ESCOLAR CUOTA JUNIO 2025";
"2025";"Junio";"Médicos cirujanos, farmacéuticos, químico-farmacéuticos, bioquímicos, cirujano-dentistas";"ALBORNOZ ARRIAGADA, GUSTAVO FELIPE";"Atencion Clinica Medica";"44 Hrs.";"MEDICO CIRUJANO";"Región Metropolitana de Santiago";"(86)(186)";"$ 3.444.861";"$ 2.731.816";"$ 0";"$ 0";"No";"No tiene";"No tiene";"No tiene";"01/01/2025";"31/12/2025";"No informa";"Sin observaciones";
"2025";"Junio";"Profesional";"ALBORNOZ MARIQUEO, DIEGO JAVIER";"Atencion Clinica";"15";"KINESIOLOGO (A)";"Región Metropolitana de Santiago";"(186)";"$ 1.933.090";"$ 1.522.196";"$ 0";"$ 163.634";"Sí";"$ 112.087 : 14,00 hrs";"$ 96.075 : 10,00 hrs";"No tiene";"01/01/2025";"31/12/2025";"No informa";"Sin observaciones";
"2025";"Junio";"Médicos cirujanos, farmacéuticos, químico-farmacéuticos, bioquímicos, cirujano-dentistas";"ALCALDE MONTALVAN, NICOLAS RENE";"Atencion Clinica Medica";"44 Hrs.";"MEDICO CIRUJANO";"Región Metropolitana de Santiago";"(86)";"$ 2.948.378";"$ 2.339.603";"$ 0";"$ 0";"No";"No tiene";"No tiene";"No tiene";"07/04/2025";"31/12/2025";"No informa";"Sin observaciones";
"2025";"Junio";"Auxiliar";"ALCHAO ZUÑIGA, MIGUEL ALEJANDRO";"Apoyo Logistico";"17";"AUXILIAR";"Región Metropolitana de Santiago";"(186)";"$ 1.638.311";"$ 1.394.937";"$ 0";"$ 382.898";"Sí";"$ 257.858 : 40,00 hrs";"$ 154.714 : 20,00 hrs";"No tiene";"01/01/2025";"31/12/2025";"No informa";"REMUNERACION JUNIO 2025+PAGO LEY 19490-19937 CUOTA JUNIO+BONO ESCOLAR CUOTA JUNIO 2025";
"2025";"Junio";"Profesional";"ALDONEY ARANGUA, JAVIER";"Apoyo Administrativo";"7";"ADMINISTRADOR (A) PUBLICO";"Región Metropolitana de Santiago";"(186)";"$ 3.091.404";"$ 2.463.787";"$ 0";"$ 435.110";"No";"No tiene";"No tiene";"No tiene";"01/01/2025";"31/12/2025";"No informa";"REMUNERACION JUNIO 2025+PAGO LEY 19490-19937 CUOTA JUNIO";
"2025";"Junio";"Auxiliar";"ALEGRIA ARAVENA, LUIS HERNAN";"CONDUCTOR";"24";"TECNICO NIVEL SUPERIOR ENFERMERIA";"Región Metropolitana de Santiago";"(205)(202)(204)(186)";"$ 1.271.456";"$ 1.094.671";"$ 0";"$ 99.152";"Sí";"$ 151.121 : 53,00 hrs";"$ 160.816 : 47,00 hrs";"No tiene";"01/01/2025";"31/12/2025";"No informa";"REMUNERACION JUN.2025+PAGO TRIMESTRAL LEY 19.490 Y 19.937 PERIODO 06/2025+REGULARIZA PAGO HORAS EXTRAS MAY.2025 (13D - 27F)";
"2025";"Junio";"Administrativo";"ALFARO BAEZA, IGNACIA ANDREA";"Apoyo Administrativo";"22";"ADMINISTRATIVO";"Región Metropolitana de Santiago";"(01)";"$ 879.444";"$ 706.655";"$ 0";"$ 117.688";"Sí";"$ 103.016 : 31,00 hrs";"$ 59.816 : 15,00 hrs";"No tiene";"01/01/2025";"31/12/2025";"No informa";"Sin observaciones";
"2025";"Junio";"Auxiliar";"ALFARO MEDEL, LUIS GONZALO";"CONDUCTOR";"22";"AUXILIAR";"Región Metropolitana de Santiago";"(205)(202)(204)";"$ 1.062.164";"$ 1.156.431";"$ 0";"$ 141.734";"No";"No tiene";"No tiene";"No tiene";"01/01/2025";"31/12/2025";"No informa";"REMUNERACION JUN.2025+PAGO TRIMESTRAL LEY 19.490 Y 19.937 PERIODO 06/2025";
"2025";"Junio";"Administrativo";"ALFARO SEVERINO, FREYA PAMELA";"Apoyo Administrativo";"21";"ADMINISTRATIVO";"Región Metropolitana de Santiago";"(01)";"$ 757.888";"$ 582.499";"$ 0";"$ 120.148";"No";"No tiene";"No tiene";"No tiene";"01/01/2025";"31/12/2025";"No informa";"Sin observaciones";
"2025";"Junio";"Técnico";"ALFARO ZAPATA, CAROLINA RUMALLY";"ATENCION CLINICA";"22";"TECNICO NIVEL MEDIO ENFERMERIA";"Región Metropolitana de Santiago";"(202)(204)(186)";"$ 1.036.957";"$ 1.026.481";"$ 0";"$ 141.734";"No";"No tiene";"No tiene";"No tiene";"01/01/2025";"31/12/2025";"No informa";"REMUNERACION JUN.2025+PAGO TRIMESTRAL LEY 19.490 Y 19.937 PERIODO 06/2025";
"2025";"Junio";"Administrativo";"ALIAGA BOTELLO, ALFREDO IGNACIO";"Apoyo Administrativo";"16";"ADMINISTRATIVO";"Región Metropolitana de Santiago";"(01)";"$ 983.283";"$ 757.657";"$ 0";"$ 155.030";"Sí";"$ 9.252 : 2,00 hrs";"No tiene";"No tiene";"01/01/2025";"31/12/2025";"No informa";"Sin observaciones";
"2025";"Junio";"Profesional";"ALIAGA CASTILLO, NATALIA RITA";"Subdirector";"8";"KINESIOLOGO (A)";"Región Metropolitana de Santiago";"(01)";"$ 2.677.280";"$ 2.132.776";"$ 0";"$ 0";"No";"No tiene";"No tiene";"No tiene";"01/01/2025";"31/12/2025";"No informa";"Sin observaciones";
"2025";"Junio";"Profesional";"ALIAGA ROJAS, OSCAR BERNARDO";"Atencion Clinica";"15";"PSICOLOGO (A)";"Región Metropolitana de Santiago";"(186)";"$ 1.626.100";"$ 1.261.048";"$ 0";"$ 154.543";"No";"No tiene";"No tiene";"No tiene";"01/01/2025";"31/12/2025";"No informa";"Sin observaciones";
"2025";"Junio";"Médicos cirujanos, farmacéuticos, químico-farmacéuticos, bioquímicos, cirujano-dentistas";"ALJARO EHRENBERG, TRINIDAD ISABEL";"Medico Becario Primario";"44 Hrs.";"MEDICO CIRUJANO";"Región Metropolitana de Santiago";"(01)";"$ 2.819.587";"$ 2.323.903";"$ 0";"$ 0";"No";"No tiene";"No tiene";"No tiene";"06/05/2024";"05/05/2026";"No informa";"REMUNERACION JUNIO 2025";
"2025";"Junio";"Médicos cirujanos, farmacéuticos, químico-farmacéuticos, bioquímicos, cirujano-dentistas";"ALLAUCA AREVALO, RICARDO ARMANDO";"Atencion Clinica Medica";"44 Hrs.";"MEDICO CIRUJANO";"Región Metropolitana de Santiago";"(188)(186)";"$ 4.495.422";"$ 3.647.166";"$ 0";"$ 0";"No";"No tiene";"No tiene";"No tiene";"01/01/2025";"31/12/2025";"No informa";"Sin observaciones";
"2025";"Junio";"Profesional";"ALLEN OLIVOS, VERONICA BARBARA";"Apoyo Administrativo";"5";"INGENIERO (A) COMERCIAL";"Región Metropolitana de Santiago";"(186)";"$ 3.513.167";"$ 2.772.305";"$ 0";"$ 488.217";"No";"No tiene";"No tiene";"No tiene";"01/01/2025";"31/12/2025";"No informa";"REMUNERACION JUNIO 2025+PAGO LEY 19490-19937 CUOTA JUNIO";
"2025";"Junio";"Profesional";"ALMAZABAL SOTO, MARJORIE ISABEL";"Apoyo Administrativo";"6";"MATRON (A)";"Región Metropolitana de Santiago";"(01)";"$ 4.003.508";"$ 3.056.247";"$ 0";"$ 705.804";"No";"No tiene";"No tiene";"No tiene";"01/01/2025";"31/12/2025";"No informa";"Sin observaciones";
"2025";"Junio";"Administrativo";"ALTAMIRA CHACON, OMAR CARLOS";"Apoyo Administrativo";"22";"ADMINISTRATIVO";"Región Metropolitana de Santiago";"(186)";"$ 736.538";"$ 556.755";"$ 0";"$ 124.016";"No";"No tiene";"No tiene";"No tiene";"01/01/2025";"31/12/2025";"No informa";"Sin observaciones";
"2025";"Junio";"Profesional";"ALTAMIRANO BUSTOS, BRISSA BELEN";"Atencion Clinica";"16";"MATRON (A)";"Región Metropolitana de Santiago";"(01)";"$ 1.342.691";"$ 1.088.310";"$ 0";"$ 0";"No";"No tiene";"No tiene";"No tiene";"01/01/2025";"30/06/2025";"No informa";"Sin observaciones";
"2025";"Junio";"Profesional";"ALVARADO ARIAS, ANA MARIA";"Apoyo Administrativo";"15";"EDUCADOR (A) DE PARVULOS";"Región Metropolitana de Santiago";"(186)";"$ 1.886.600";"$ 1.455.740";"$ 0";"$ 187.876";"Sí";"$ 128.881 : 16,00 hrs";"No tiene";"No tiene";"01/01/2025";"31/12/2025";"No informa";"Sin observaciones";
"2025";"Junio";"Profesional";"ALVARADO BUSTAMANTE, MARITZA";"Apoyo Administrativo";"13";"INGENIERO (A) ADMINISTRACION DE EMPRESAS";"Región Metropolitana de Santiago";"(186)";"$ 2.147.280";"$ 1.654.465";"$ 0";"$ 281.449";"No";"No tiene";"No tiene";"No tiene";"01/01/2025";"31/12/2025";"No informa";"Sin observaciones";
"2025";"Junio";"Auxiliar";"ALVAREZ FIGUEROA, EDUARDO ANDRES";"CONDUCTOR";"22";"AUXILIAR";"Región Metropolitana de Santiago";"(205)(202)(204)";"$ 1.321.899";"$ 1.090.094";"$ 0";"$ 124.003";"Sí";"$ 96.370 : 29,00 hrs";"$ 167.484 : 42,00 hrs";"No tiene";"01/01/2025";"31/12/2025";"No informa";"REMUNERACION JUN.2025+PAGO TRIMESTRAL LEY 19.490 PERIODO 03/2025+PAGO TRIMESTRAL LEY 19.490 Y 19.937 PERIODO 06/2025";
"2025";"Junio";"Profesional";"ALVAREZ FUENTES, JORGE LUIS";"Atencion Clinica";"12";"PSICOLOGO (A)";"Región Metropolitana de Santiago";"(01)";"$ 1.995.786";"$ 1.605.161";"$ 0";"$ 200.694";"No";"No tiene";"No tiene";"No tiene";"16/05/2024";"05/07/2025";"No informa";"REMUNERACION JUNIO 2025+PAGO LEY 19490-19937 CUOTA JUNIO";
"2025";"Junio";"Médicos cirujanos, farmacéuticos, químico-farmacéuticos, bioquímicos, cirujano-dentistas";"ALVAREZ MIRABAL, MARIA SALOME";"Medicina Familiar";"44 Hrs.";"MEDICO CIRUJANO";"Región Metropolitana de Santiago";"(188)(186)";"$ 2.604.523";"$ 2.078.476";"$ 0";"$ 0";"No";"No tiene";"No tiene";"No tiene";"01/01/2025";"31/12/2025";"No informa";"Sin observaciones";
"2025";"Junio";"Administrativo";"ALVAREZ QUINTREL, CRISTIAN ALBERTO";"Apoyo Administrativo";"22";"ADMINISTRATIVO";"Región Metropolitana de Santiago";"(186)";"$ 814.340";"$ 639.679";"$ 0";"$ 117.688";"Sí";"$ 16.763 : 5,00 hrs";"$ 76.441 : 19,00 hrs";"No tiene";"01/01/2025";"31/12/2025";"No informa";"Sin observaciones";
"2025";"Junio";"Profesional";"ALVAREZ RIVERA, ROMINA ANDREA";"Apoyo Administrativo";"15";"EDUCADOR (A) DE PARVULOS";"Región Metropolitana de Santiago";"(01)";"$ 1.728.112";"$ 1.375.358";"$ 0";"$ 106.059";"Sí";"$ 159.148 : 20,00 hrs";"No tiene";"No tiene";"01/01/2025";"31/12/2025";"No informa";"Sin observaciones";
"2025";"Junio";"Técnico";"ALVAREZ VILCHES, ALLISON ALEJANDRA";"Atencion Clinica";"22";"TECNICO NIVEL SUPERIOR ENFERMERIA";"Región Metropolitana de Santiago";"(186)";"$ 790.296";"$ 604.127";"$ 0";"$ 117.688";"No";"No tiene";"No tiene";"No tiene";"01/01/2025";"31/12/2025";"No informa";"Sin observaciones";
"2025";"Junio";"Médicos cirujanos, farmacéuticos, químico-farmacéuticos, bioquímicos, cirujano-dentistas";"ALVEAL BAHAMONDEZ, MARCO ANTONIO";"Medico Becario Primario";"44 Hrs.";"MEDICO CIRUJANO";"Región Metropolitana de Santiago";"(01)";"$ 2.819.587";"$ 2.326.441";"$ 0";"$ 0";"No";"No tiene";"No tiene";"No tiene";"06/05/2024";"05/05/2026";"No informa";"REMUNERACION JUNIO 2025";
"2025";"Junio";"Auxiliar";"ALVEAR COFRE, HORACIO RODRIGO";"Apoyo Logistico";"22";"AUXILIAR";"Región Metropolitana de Santiago";"(186)";"$ 750.223";"$ 555.996";"$ 0";"$ 151.856";"No";"No tiene";"No tiene";"No tiene";"01/01/2025";"31/12/2025";"No informa";"Sin observaciones";
"2025";"Junio";"Médicos cirujanos, farmacéuticos, químico-farmacéuticos, bioquímicos, cirujano-dentistas";"ALVIÑA CERDA, CATALINA DEL PILAR";"Medico Becario Primario";"44 Hrs.";"MEDICO CIRUJANO";"Región Metropolitana de Santiago";"(01)";"$ 2.819.587";"$ 2.323.903";"$ 0";"$ 0";"No";"No tiene";"No tiene";"No tiene";"06/05/2024";"05/05/2026";"No informa";"REMUNERACION JUNIO 2025";
"2025";"Junio";"Técnico";"ALZAMORA PARRA, LUZ PATRICIA";"Atencion Clinica";"21";"TECNICO NIVEL SUPERIOR ENFERMERIA";"Región Metropolitana de Santiago";"(01)";"$ 788.888";"$ 599.100";"$ 0";"$ 120.148";"No";"No tiene";"No tiene";"No tiene";"01/01/2025";"31/12/2025";"No informa";"Sin observaciones";
"2025";"Junio";"Administrativo";"AMESTICA MATTA, JUAN ERNESTO";"Apoyo Administrativo";"13";"ADMINISTRATIVO";"Región Metropolitana de Santiago";"(186)";"$ 1.166.743";"$ 883.819";"$ 0";"$ 183.643";"No";"No tiene";"No tiene";"No tiene";"01/01/2025";"31/12/2025";"No informa";"Sin observaciones";
"2025";"Junio";"Profesional";"AMIGO UGALDE, CAROLINA ANDREA";"ENFERMERA (O)";"8";"ENFERMERA (O)";"Región Metropolitana de Santiago";"(186)";"$ 2.839.352";"$ 2.253.605";"$ 0";"$ 523.016";"No";"No tiene";"No tiene";"No tiene";"01/01/2025";"31/12/2025";"No informa";"REMUNERACION JUNIO 2025+PAGO LEY 19490-19937 CUOTA JUNIO";
"2025";"Junio";"Técnico";"ANCAVIL VIDAL, DANIEL ANTONIO";"ATENCION CLINICA";"22";"TECNICO NIVEL SUPERIOR ENFERMERIA";"Región Metropolitana de Santiago";"(202)(204)(186)";"$ 1.448.854";"$ 1.362.927";"$ 0";"$ 117.689";"Sí";"$ 91.321 : 27,00 hrs";"$ 324.695 : 80,00 hrs";"No tiene";"01/01/2025";"31/12/2025";"No informa";"REMUNERACION JUN.2025+PAGO TRIMESTRAL LEY 19.490 Y 19.937 PERIODO 06/2025";
"2025";"Junio";"Administrativo";"ANDAUR MOREIRA, KASSANDRA LORENA";"Apoyo Administrativo";"21";"ADMINISTRATIVO";"Región Metropolitana de Santiago";"(01)";"$ 858.276";"$ 683.786";"$ 0";"$ 120.148";"Sí";"$ 100.388 : 28,00 hrs";"No tiene";"No tiene";"01/01/2025";"31/12/2025";"No informa";"Sin observaciones";
"2025";"Junio";"Médicos cirujanos, farmacéuticos, químico-farmacéuticos, bioquímicos, cirujano-dentistas";"ANDRADE GONZALEZ, ALEJANDRA REBECA";"Atencion Odontologica";"33 Hrs.";"CIRUJANO DENTISTA";"Región Metropolitana de Santiago";"(86)(186)";"$ 3.530.239";"$ 2.788.012";"$ 0";"$ 0";"No";"No tiene";"No tiene";"No tiene";"01/01/2025";"31/12/2025";"No informa";"REMUNERACION JUNIO 2025";
"2025";"Junio";"Médicos cirujanos, farmacéuticos, químico-farmacéuticos, bioquímicos, cirujano-dentistas";"ANDRADE IBAÑEZ, MARIA FERNANDA";"CIRUGIA GENERAL";"28 Hrs.";"MEDICO CIRUJANO";"Región Metropolitana de Santiago";"(194)(193)(198)";"$ 2.439.703";"$ 2.278.124";"$ 0";"$ 117.240";"No";"No tiene";"No tiene";"No tiene";"01/01/2025";"31/12/2025";"No informa";"REMUNERACION JUN.2025+PAGO TRIMESTRAL LEY 20.707 PERIODO 06/2025";
"2025";"Junio";"Profesional";"ANDRADE SAAVEDRA, NICOLAS MAURICIO";"Apoyo Administrativo";"13";"ADMINISTRADOR (A) PUBLICO";"Región Metropolitana de Santiago";"(186)";"$ 1.967.709";"$ 1.488.408";"$ 0";"$ 221.387";"No";"No tiene";"No tiene";"No tiene";"01/01/2025";"31/12/2025";"No informa";"Sin observaciones";
"2025";"Junio";"Médicos cirujanos, farmacéuticos, químico-farmacéuticos, bioquímicos, cirujano-dentistas";"ANDRIGHETTI MARQUEZ, MARIA CRISTINA";"Medico Becario Primario";"44 Hrs.";"MEDICO CIRUJANO";"Región Metropolitana de Santiago";"(01)";"$ 2.819.587";"$ 2.326.441";"$ 0";"$ 0";"No";"No tiene";"No tiene";"No tiene";"06/05/2024";"05/05/2026";"No informa";"REMUNERACION JUNIO 2025";
"2025";"Junio";"Técnico";"ANTILAO ANTILAO, CLAUDIA INES DEL CARMEN";"Atencion Clinica";"21";"TECNICO NIVEL SUPERIOR ENFERMERIA";"Región Metropolitana de Santiago";"(01)";"$ 800.361";"$ 613.555";"$ 0";"$ 120.148";"Sí";"$ 7.171 : 2,00 hrs";"$ 4.302 : 1,00 hrs";"No tiene";"01/01/2025";"31/12/2025";"No informa";"Sin observaciones";
"2025";"Junio";"Profesional";"ANTILAO BARRIOS, GABRIELA JAZMIN";"Apoyo Administrativo";"11";"CONTADOR (A) AUDITOR (A)";"Región Metropolitana de Santiago";"(01)";"$ 2.987.497";"$ 2.279.822";"$ 0";"$ 418.463";"Sí";"$ 224.260 : 20,00 hrs";"$ 269.112 : 20,00 hrs";"No tiene";"01/01/2025";"31/12/2025";"No informa";"Sin observaciones";
"2025";"Junio";"Técnico";"ANTIMAN COÑUELEF, BARBARA ANDREA";"Atencion Clinica";"20";"TECNICO NIVEL SUPERIOR ENFERMERIA";"Región Metropolitana de Santiago";"(186)";"$ 844.090";"$ 648.700";"$ 0";"$ 133.951";"No";"No tiene";"No tiene";"No tiene";"01/01/2025";"31/12/2025";"No informa";"Sin observaciones";
"2025";"Junio";"Técnico";"ANTIPAN CASTILLO, FABIAN MANUEL";"Atencion Clinica";"22";"TECNICO";"Región Metropolitana de Santiago";"(186)";"$ 904.760";"$ 715.604";"$ 0";"$ 131.608";"Sí";"$ 75.060 : 22,00 hrs";"$ 16.377 : 4,00 hrs";"No tiene";"01/01/2025";"31/12/2025";"No informa";"Sin observaciones";
"2025";"Junio";"Profesional";"ANTONELLI GONZALEZ, MARIA FERNANDA";"Atencion Clinica";"15";"PSICOLOGO (A)";"Región Metropolitana de Santiago";"(186)";"$ 1.712.299";"$ 1.302.328";"$ 0";"$ 215.149";"No";"No tiene";"No tiene";"No tiene";"01/01/2025";"31/12/2025";"No informa";"Sin observaciones";
"2025";"Junio";"Profesional";"ARANCIBIA ALCAINO, MIRIAM LUZ";"Apoyo Administrativo";"6";"ASISTENTE SOCIAL";"Región Metropolitana de Santiago";"(186)";"$ 3.396.465";"$ 2.668.516";"$ 0";"$ 1.050.088";"No";"No tiene";"No tiene";"No tiene";"01/01/2025";"31/12/2025";"No informa";"REMUNERACION JUNIO 2025+PAGO LEY 19490-19937 CUOTA JUNIO";
"2025";"Junio";"Profesional";"ARANCIBIA CAMPOS, VANIA MONTSERRAT";"JEFE DE DEPARTAMENTO";"9";"INGENIERO (A) EJECUCION ADMINISTRACION DE RECURSOS HUMANOS";"Región Metropolitana de Santiago";"(186)";"$ 2.563.050";"$ 3.464.196";"$ 0";"$ 619.216";"No";"No tiene";"No tiene";"No tiene";"01/01/2025";"31/12/2025";"No informa";"REMUNERACION JUN.2025+BONO ESCOLAR CUOTA 06/2025+PAGO TRIMESTRAL LEY 19.490 Y 19.937 PERIODO 06/2025";
"2025";"Junio";"Técnico";"ARANCIBIA CISTERNAS, MARCELA VIRGINIA";"Apoyo Administrativo";"21";"TECNICO NIVEL SUPERIOR DE PARVULO";"Región Metropolitana de Santiago";"(01)";"$ 757.888";"$ 582.499";"$ 0";"$ 120.148";"No";"No tiene";"No tiene";"No tiene";"01/01/2025";"31/12/2025";"No informa";"Sin observaciones";
"2025";"Junio";"Médicos cirujanos, farmacéuticos, químico-farmacéuticos, bioquímicos, cirujano-dentistas";"ARANCIBIA CONTRERAS, KARINA PATRICIA";"Atencion Clinica Medica";"44 Hrs.";"MEDICO CIRUJANO";"Región Metropolitana de Santiago";"(86)";"$ 2.948.378";"$ 2.355.335";"$ 0";"$ 0";"No";"No tiene";"No tiene";"No tiene";"01/01/2025";"31/12/2025";"No informa";"Sin observaciones";
"2025";"Junio";"Técnico";"ARANCIBIA GONZALEZ, STEPHANIE MICHELLE";"Atencion Clinica";"21";"TECNICO NIVEL SUPERIOR ODONTOLOGIA";"Región Metropolitana de Santiago";"(186)";"$ 806.687";"$ 614.174";"$ 0";"$ 126.975";"No";"No tiene";"No tiene";"No tiene";"01/01/2025";"31/12/2025";"No informa";"Sin observaciones";
"2025";"Junio";"Técnico";"ARANCIBIA OPAZO, GABRIELA ELIANA";"Atencion Clinica";"22";"TECNICO NIVEL SUPERIOR ENFERMERIA";"Región Metropolitana de Santiago";"(01)";"$ 482.300";"$ 393.364";"$ 0";"$ 0";"No";"No tiene";"No tiene";"No tiene";"11/06/2025";"30/06/2025";"No informa";"Sin observaciones";
"2025";"Junio";"Técnico";"ARANCIBIA OPAZO, GABRIELA ELIANA";"Atencion Clinica";"22";"TECNICO NIVEL SUPERIOR ENFERMERIA";"Región Metropolitana de Santiago";"(01)";"$ 190.975";"$ 155.759";"$ 0";"$ 0";"No";"No tiene";"No tiene";"No tiene";"01/06/2025";"09/06/2025";"No informa";"Sin observaciones";
"2025";"Junio";"Auxiliar";"ARANCIBIA PINO, CRISTIAN DAVID";"CONDUCTOR";"24";"AUXILIAR";"Región Metropolitana de Santiago";"(205)(202)(204)(186)";"$ 921.287";"$ 799.847";"$ 0";"$ 99.152";"No";"No tiene";"No tiene";"No tiene";"01/01/2025";"31/12/2025";"No informa";"REMUNERACION JUN.2025+PAGO TRIMESTRAL LEY 19.490 Y 19.937 PERIODO 06/2025";
"2025";"Junio";"Médicos cirujanos, farmacéuticos, químico-farmacéuticos, bioquímicos, cirujano-dentistas";"ARANCIBIA ROMO, MARIA TERESA";"Imagenologia Oral y Maxilofacial";"22 Hrs.";"CIRUJANO DENTISTA";"Región Metropolitana de Santiago";"(188)(86)(186)";"$ 2.730.336";"$ 2.172.415";"$ 0";"$ 0";"No";"No tiene";"No tiene";"No tiene";"01/01/2025";"31/12/2025";"No informa";"Sin observaciones";
"2025";"Junio";"Profesional";"ARANCIBIA ULLOA, JESUS EMILIO";"Atencion Clinica";"15";"ENFERMERA (O)";"Región Metropolitana de Santiago";"(186)";"$ 1.790.510";"$ 1.391.525";"$ 0";"$ 212.119";"No";"No tiene";"No tiene";"No tiene";"01/01/2025";"31/12/2025";"No informa";"Sin observaciones";
"2025";"Junio";"Auxiliar";"ARANEDA BRAVO, CARLOS";"Chofer";"19";"AUXILIAR";"Región Metropolitana de Santiago";"(205)(186)";"$ 1.109.043";"$ 786.618";"$ 0";"$ 293.954";"No";"No tiene";"No tiene";"No tiene";"01/01/2025";"31/12/2025";"No informa";"Sin observaciones";
"2025";"Junio";"Auxiliar";"ARANGUA AVILEZ, EDUARDO JAVIER";"ATENCION CLINICA";"22";"AUXILIAR";"Región Metropolitana de Santiago";"(205)(202)(204)";"$ 1.366.691";"$ 1.262.046";"$ 0";"$ 111.361";"Sí";"$ 132.924 : 40,00 hrs";"$ 167.484 : 42,00 hrs";"No tiene";"01/01/2025";"31/12/2025";"No informa";"REMUNERACION JUN.2025+PAGO TRIMESTRAL LEY 19.937 PERIODO 06/2025";
"2025";"Junio";"Administrativo";"ARAOS ARAOS, KATHERINNE ANDREA";"APOYO ADMINISTRATIVO";"22";"ADMINISTRATIVO";"Región Metropolitana de Santiago";"(203)(204)";"$ 832.774";"$ 665.185";"$ 0";"$ 0";"No";"No tiene";"No tiene";"No tiene";"01/01/2025";"30/09/2025";"No informa";"REMUNERACION JUN.2025";
"2025";"Junio";"Administrativo";"ARAOS RUZ, TATIANA CAROLINA";"Apoyo Administrativo";"22";"TECNICO NIVEL SUPERIOR ENFERMERIA";"Región Metropolitana de Santiago";"(01)";"$ 329.167";"$ 271.596";"$ 0";"$ 0";"No";"No tiene";"No tiene";"No tiene";"16/06/2025";"01/07/2025";"No informa";"Sin observaciones";
"2025";"Junio";"Técnico";"ARAOS RUZ, YENIFFER CONSTANZA";"Atencion Clinica";"22";"TECNICO NIVEL SUPERIOR ENFERMERIA";"Región Metropolitana de Santiago";"(01)";"$ 696.492";"$ 696.492";"$ 0";"$ 0";"No";"No tiene";"No tiene";"No tiene";"01/04/2025";"19/07/2025";"No informa";"Sin observaciones";
"2025";"Junio";"Administrativo";"ARAUJO GALLARDO, RICARDO ANTONIO";"Apoyo Administrativo";"22";"ADMINISTRATIVO";"Región Metropolitana de Santiago";"(186)";"$ 910.330";"$ 733.112";"$ 0";"$ 117.688";"Sí";"$ 91.320 : 27,00 hrs";"$ 93.350 : 23,00 hrs";"No tiene";"01/01/2025";"31/12/2025";"No informa";"Sin observaciones";
"2025";"Junio";"Técnico";"ARAVENA BOBADILLA, JAVIER JESUS";"ATENCION CLINICA";"22";"TECNICO NIVEL SUPERIOR ENFERMERIA";"Región Metropolitana de Santiago";"(202)(204)(186)";"$ 1.049.401";"$ 1.129.930";"$ 0";"$ 151.856";"No";"No tiene";"No tiene";"No tiene";"01/01/2025";"31/12/2025";"No informa";"REMUNERACION JUN.2025+PAGO TRIMESTRAL LEY 19.490 Y 19.937 PERIODO 06/2025";
"2025";"Junio";"Administrativo";"ARAVENA CARRASCO, LILIANA DEL CARMEN";"Apoyo Administrativo";"19";"TECNICO EN SECRETARIADO";"Región Metropolitana de Santiago";"(186)";"$ 882.179";"$ 662.952";"$ 0";"$ 159.225";"No";"No tiene";"No tiene";"No tiene";"01/04/2025";"31/08/2025";"No informa";"Sin observaciones";
"2025";"Junio";"Profesional";"ARAVENA CASTILLO, JOSE ERASMO";"Atencion Clinica";"15";"ENFERMERA (O)";"Región Metropolitana de Santiago";"(01)";"$ 1.553.748";"$ 1.214.321";"$ 0";"$ 90.908";"No";"No tiene";"No tiene";"No tiene";"01/01/2025";"31/12/2025";"No informa";"Sin observaciones";
"2025";"Junio";"Auxiliar";"ARAVENA CONTRERAS, VIVIANA JOHANNA";"Apoyo Logistico";"24";"AUXILIAR";"Región Metropolitana de Santiago";"(186)";"$ 660.916";"$ 499.738";"$ 0";"$ 110.880";"No";"No tiene";"No tiene";"No tiene";"01/01/2025";"31/12/2025";"No informa";"Sin observaciones";
"2025";"Junio";"Auxiliar";"ARAVENA LARA, LUIS ALBERTO";"CONDUCTOR";"22";"PODOLOGO (A)";"Región Metropolitana de Santiago";"(205)(202)(204)";"$ 1.089.045";"$ 1.197.445";"$ 0";"$ 151.856";"No";"No tiene";"No tiene";"No tiene";"01/01/2025";"31/12/2025";"No informa";"REMUNERACION JUN.2025+PAGO TRIMESTRAL LEY 19.490 Y 19.937 PERIODO 06/2025";
"2025";"Junio";"Administrativo";"ARAVENA PINTO, MARGARITA SUSANA";"Apoyo Administrativo";"21";"TECNICO ADMINISTRATIVO EN RECURSOS HUMANOS";"Región Metropolitana de Santiago";"(186)";"$ 996.329";"$ 795.313";"$ 0";"$ 152.916";"Sí";"$ 68.722 : 19,00 hrs";"$ 125.869 : 29,00 hrs";"No tiene";"01/01/2025";"31/12/2025";"No informa";"Sin observaciones";
"2025";"Junio";"Profesional";"ARAVENA PULIDO, GLORIA IGNACIA";"Atencion Clinica";"14";"EDUCADOR (A) DE PARVULOS";"Región Metropolitana de Santiago";"(186)";"$ 1.951.619";"$ 1.533.060";"$ 0";"$ 231.445";"No";"No tiene";"No tiene";"No tiene";"01/01/2025";"31/12/2025";"No informa";"Sin observaciones";
"2025";"Junio";"Técnico";"ARAVENA REINOSO, AUGUSTO ALEJANDRO";"ATENCION CLINICA";"22";"TECNICO NIVEL SUPERIOR ENFERMERIA";"Región Metropolitana de Santiago";"(203)(204)";"$ 894.999";"$ 935.143";"$ 0";"$ 111.361";"No";"No tiene";"No tiene";"No tiene";"01/01/2025";"31/12/2025";"No informa";"REMUNERACION JUN.2025+PAGO TRIMESTRAL LEY 19.937 PERIODO 06/2025";
"2025";"Junio";"Técnico";"ARAVENA REYES, PAMELA ADRIANA";"Atencion Clinica";"21";"TECNICO NIVEL SUPERIOR ENFERMERIA";"Región Metropolitana de Santiago";"(186)";"$ 806.687";"$ 620.323";"$ 0";"$ 126.975";"No";"No tiene";"No tiene";"No tiene";"01/01/2025";"31/12/2025";"No informa";"Sin observaciones";
"2025";"Junio";"Profesional";"ARAYA ALARCON, SUGEISY";"Atencion Clinica";"15";"KINESIOLOGO (A)";"Región Metropolitana de Santiago";"(186)";"$ 2.109.277";"$ 1.727.505";"$ 0";"$ 154.543";"Sí";"$ 201.377 : 25,00 hrs";"$ 183.656 : 19,00 hrs";"No tiene";"01/01/2025";"31/12/2025";"No informa";"Sin observaciones";
"2025";"Junio";"Profesional";"ARAYA FLORES, FABIOLA ALEJANDRA";"Apoyo Administrativo";"8";"INGENIERO (A) EN ADMINISTRACION";"Región Metropolitana de Santiago";"(01)";"$ 2.844.200";"$ 2.212.884";"$ 0";"$ 166.213";"No";"No tiene";"No tiene";"No tiene";"01/01/2025";"31/12/2025";"No informa";"Sin observaciones";
"2025";"Junio";"Profesional";"ARAYA FUENTES, MARIA DEL PILAR";"APOYO ADMINISTRATIVO";"12";"INGENIERO (A) PREVENCION DE RIESGOS";"Región Metropolitana de Santiago";"(01)";"$ 1.906.087";"$ 1.721.342";"$ 0";"$ 117.555";"No";"No tiene";"No tiene";"No tiene";"01/01/2025";"31/12/2025";"No informa";"REMUNERACION JUN.2025+PAGO TRIMESTRAL LEY 19.937 PERIODO 06/2025";
"2025";"Junio";"Médicos cirujanos, farmacéuticos, químico-farmacéuticos, bioquímicos, cirujano-dentistas";"ARAYA HERRERA, BERNARDITA DEL CARMEN";"Atencion Odontologica";"22 Hrs.";"CIRUJANO DENTISTA";"Región Metropolitana de Santiago";"(188)(186)";"$ 2.439.439";"$ 1.857.589";"$ 0";"$ 0";"No";"No tiene";"No tiene";"No tiene";"01/01/2025";"31/12/2025";"No informa";"Sin observaciones";
"2025";"Junio";"Médicos cirujanos, farmacéuticos, químico-farmacéuticos, bioquímicos, cirujano-dentistas";"ARAYA HERRERA, BERNARDITA DEL CARMEN";"Atencion Odontologica";"11 Hrs.";"CIRUJANO DENTISTA";"Región Metropolitana de Santiago";"(188)(186)";"$ 1.219.720";"$ 1.060.783";"$ 0";"$ 0";"No";"No tiene";"No tiene";"No tiene";"01/01/2025";"31/12/2025";"No informa";"Sin observaciones";
"2025";"Junio";"Médicos cirujanos, farmacéuticos, químico-farmacéuticos, bioquímicos, cirujano-dentistas";"ARAYA HERRERA, BERNARDITA DEL CARMEN";"Atencion Odontologica";"11 Hrs.";"CIRUJANO DENTISTA";"Región Metropolitana de Santiago";"(188)(186)";"$ 1.219.720";"$ 1.060.783";"$ 0";"$ 0";"No";"No tiene";"No tiene";"No tiene";"01/01/2025";"30/06/2025";"No informa";"Sin observaciones";
"2025";"Junio";"Administrativo";"ARAYA RAMIREZ, MARIA INES";"Apoyo Administrativo";"22";"ADMINISTRATIVO";"Región Metropolitana de Santiago";"(186)";"$ 791.178";"$ 608.838";"$ 0";"$ 141.733";"Sí";"$ 20.471 : 6,00 hrs";"$ 16.377 : 4,00 hrs";"No tiene";"01/01/2025";"31/12/2025";"No informa";"Sin observaciones";
"2025";"Junio";"Profesional";"ARAYA ROJAS, KATHERINE ISABEL";"Atencion Clinica";"15";"PSICOLOGO (A)";"Región Metropolitana de Santiago";"(01)";"$ 1.462.453";"$ 1.194.284";"$ 0";"$ 0";"No";"No tiene";"No tiene";"No tiene";"01/01/2025";"31/12/2025";"No informa";"Sin observaciones";
"2025";"Junio";"Profesional";"ARAYA SALINAS, VALERIA ALEJANDRA";"Atencion Clinica";"15";"ENFERMERA (O)";"Región Metropolitana de Santiago";"(186)";"$ 1.626.100";"$ 1.248.599";"$ 0";"$ 154.543";"No";"No tiene";"No tiene";"No tiene";"01/01/2025";"31/12/2025";"No informa";"Sin observaciones";
"2025";"Junio";"Profesional";"ARAYA SANHUEZA, JONATHAN OMAR";"Director Zonal";"5";"KINESIOLOGO (A)";"Región Metropolitana de Santiago";"(186)";"$ 4.295.313";"$ 3.329.992";"$ 0";"$ 760.927";"No";"No tiene";"No tiene";"No tiene";"01/01/2025";"31/12/2025";"No informa";"Sin observaciones";
"2025";"Junio";"Profesional";"ARAYA VALENZUELA, TATIANA BEATRIZ";"Subdirector";"5";"KINESIOLOGO (A)";"Región Metropolitana de Santiago";"(186)";"$ 4.015.535";"$ 3.176.089";"$ 0";"$ 500.239";"No";"No tiene";"No tiene";"No tiene";"01/01/2025";"31/12/2025";"No informa";"Sin observaciones";
"2025";"Junio";"Profesional";"ARCE GONZALEZ, GUILLERMO ANDRES HAFID";"Atencion Clinica";"13";"ENFERMERA (O)";"Región Metropolitana de Santiago";"(186)";"$ 2.204.902";"$ 1.678.236";"$ 0";"$ 252.583";"Sí";"$ 96.463 : 10,00 hrs";"No tiene";"No tiene";"01/01/2025";"31/12/2025";"No informa";"Sin observaciones";
"2025";"Junio";"Profesional";"ARCE MUÑOZ, FRANCISCO JAVIER";"Apoyo Administrativo";"9";"PROFESOR (A)";"Región Metropolitana de Santiago";"(186)";"$ 2.630.056";"$ 2.097.266";"$ 0";"$ 449.184";"No";"No tiene";"No tiene";"No tiene";"01/01/2025";"31/12/2025";"No informa";"REMUNERACION JUNIO 2025+PAGO LEY 19490-19937 CUOTA JUNIO";
"2025";"Junio";"Profesional";"ARCOS ELGUETA, VALENTINA DANIELA";"Apoyo Administrativo";"8";"CIRUJANO DENTISTA";"Región Metropolitana de Santiago";"(01)";"$ 2.677.280";"$ 2.149.771";"$ 0";"$ 0";"No";"No tiene";"No tiene";"No tiene";"01/01/2025";"30/06/2025";"No informa";"Sin observaciones";
"2025";"Junio";"Técnico";"ARCOS SANDOVAL, NATALIA VERONICA";"Atencion Clinica";"22";"TECNICO NIVEL SUPERIOR ENFERMERIA";"Región Metropolitana de Santiago";"(01)";"$ 673.275";"$ 551.833";"$ 0";"$ 0";"No";"No tiene";"No tiene";"No tiene";"08/05/2025";"29/06/2025";"No informa";"Sin observaciones";
"2025";"Junio";"Administrativo";"ARENAS CASTILLO, JUAN HERNAN";"Apoyo Administrativo";"22";"ADMINISTRATIVO";"Región Metropolitana de Santiago";"(186)";"$ 725.659";"$ 551.227";"$ 0";"$ 117.688";"No";"No tiene";"No tiene";"No tiene";"01/01/2025";"31/12/2025";"No informa";"Sin observaciones";
"2025";"Junio";"Administrativo";"ARENAS NAVEA, NILDA PALOMA";"Apoyo Administrativo";"21";"ADMINISTRATIVO";"Región Metropolitana de Santiago";"(186)";"$ 785.297";"$ 590.049";"$ 0";"$ 141.993";"No";"No tiene";"No tiene";"No tiene";"01/01/2025";"31/12/2025";"No informa";"Sin observaciones";
"2025";"Junio";"Administrativo";"AREVALO MATURANA, MICHELLE MONSERRAT";"APOYO ADMINISTRATIVO";"22";"ADMINISTRATIVO";"Región Metropolitana de Santiago";"(203)(204)";"$ 832.774";"$ 878.313";"$ 0";"$ 111.361";"No";"No tiene";"No tiene";"No tiene";"01/01/2025";"31/12/2025";"No informa";"REMUNERACION JUN.2025+PAGO TRIMESTRAL LEY 19.937 PERIODO 06/2025";
"2025";"Junio";"Administrativo";"AREVALO ROSALES, ELSA MIREYA";"Apoyo Administrativo";"21";"ADMINISTRATIVO";"Región Metropolitana de Santiago";"(186)";"$ 856.055";"$ 735.458";"$ 0";"$ 142.598";"Sí";"$ 114.087 : 31,00 hrs";"$ 88.325 : 20,00 hrs";"No tiene";"01/01/2025";"31/12/2025";"No informa";"REMUNERACION JUNIO 2025+PAGO LEY 19490-19937 CUOTA JUNIO";
"2025";"Junio";"Administrativo";"ARIAS PEÑA, FABIOLA ALEJANDRA";"Apoyo Administrativo";"22";"ADMINISTRATIVO";"Región Metropolitana de Santiago";"(186)";"$ 744.163";"$ 560.220";"$ 0";"$ 131.608";"No";"No tiene";"No tiene";"No tiene";"01/01/2025";"31/12/2025";"No informa";"Sin observaciones";
"2025";"Junio";"Profesional";"ARIAS SUAREZ, ALINE FRANCISCA";"Atencion Clinica";"15";"TERAPEUTA OCUPACIONAL";"Región Metropolitana de Santiago";"(01)";"$ 1.462.453";"$ 1.195.547";"$ 0";"$ 0";"No";"No tiene";"No tiene";"No tiene";"01/01/2025";"31/07/2025";"No informa";"Sin observaciones";
"2025";"Junio";"Profesional";"ARMIJO GACITUA, JOSE ANTONIO";"ATENCION CLINICA";"13";"ENFERMERA (O)";"Región Metropolitana de Santiago";"(01)";"$ 2.868.783";"$ 2.460.066";"$ 0";"$ 126.291";"Sí";"$ 379.015 : 40,00 hrs";"$ 754.240 : 131,00 hrs";"No tiene";"01/01/2025";"30/06/2025";"No informa";"REMUNERACION JUN.2025+PAGO TRIMESTRAL LEY 19.490 Y 19.937 PERIODO 06/2025";
"2025";"Junio";"Técnico";"AROS HERRERA, BEATRIZ ARACELY";"Atencion Clinica";"22";"TECNICO NIVEL SUPERIOR ENFERMERIA";"Región Metropolitana de Santiago";"(186)";"$ 823.490";"$ 619.370";"$ 0";"$ 141.733";"No";"No tiene";"No tiene";"No tiene";"01/01/2025";"31/12/2025";"No informa";"Sin observaciones";
"2025";"Junio";"Profesional";"ARRATIA ZUÑIGA, CLAUDIO MAURICIO";"Jefe de Departamento";"5";"INGENIERO (A) EJECUCION GESTION PUBLICA";"Región Metropolitana de Santiago";"(186)";"$ 3.513.167";"$ 2.772.305";"$ 0";"$ 1.408.047";"No";"No tiene";"No tiene";"No tiene";"01/01/2025";"31/12/2025";"No informa";"REMUNERACION JUNIO 2025+PAGO LEY 19490-19937 CUOTA JUNIO";
"2025";"Junio";"Administrativo";"ARREDONDO PIÑA, ALDO ALEXIS";"Apoyo Administrativo";"16";"ADMINISTRADOR (A) PUBLICO";"Región Metropolitana de Santiago";"(186)";"$ 1.658.832";"$ 1.228.120";"$ 0";"$ 282.531";"Sí";"$ 48.985 : 7,00 hrs";"No tiene";"No tiene";"01/01/2025";"31/12/2025";"No informa";"Sin observaciones";
"2025";"Junio";"Profesional";"ARREDONDO SANTIBAÑEZ, BELEN ESTEFANIA";"Atencion Clinica";"16";"ENFERMERA (O)";"Región Metropolitana de Santiago";"(01)";"$ 1.252.182";"$ 1.252.182";"$ 0";"$ 0";"Sí";"$ 43.760 : 6,00 hrs";"No tiene";"No tiene";"01/01/2025";"27/06/2025";"No informa";"Sin observaciones";
"2025";"Junio";"Profesional";"ARRIAGADA CHACON, DANIELA ALEJANDRA";"Atencion Clinica";"15";"ENFERMERA (O)";"Región Metropolitana de Santiago";"(186)";"$ 1.715.799";"$ 1.349.740";"$ 0";"$ 154.543";"No";"No tiene";"No tiene";"No tiene";"01/01/2025";"31/12/2025";"No informa";"Sin observaciones";
"2025";"Junio";"Técnico";"ARRIAGADA MORALES, MARISOL ALEJANDRA";"Atencion Clinica";"22";"TECNICO DE ODONTOLOGIA";"Región Metropolitana de Santiago";"(01)";"$ 708.935";"$ 579.413";"$ 0";"$ 0";"No";"No tiene";"No tiene";"No tiene";"01/01/2025";"30/06/2025";"No informa";"Sin observaciones";
"2025";"Junio";"Auxiliar";"ARRIAGADA SALINAS, RAUL ENRIQUE";"CONDUCTOR";"22";"AUXILIAR";"Región Metropolitana de Santiago";"(205)(202)(204)(186)";"$ 1.431.861";"$ 1.616.810";"$ 0";"$ 233.239";"Sí";"$ 140.398 : 42,00 hrs";"$ 216.898 : 54,00 hrs";"No tiene";"01/01/2025";"31/12/2025";"No informa";"REMUNERACION JUN.2025+BONO ESCOLAR CUOTA 03/2025+BONO ESCOLAR CUOTA 06/2025+PAGO TRIMESTRAL LEY 19.490 Y 19.937 PERIODO 06/2025+REGULARIZA PAGO HORAS EXTRAS MAY.2025 (14D - 10F)";
"2025";"Junio";"Administrativo";"ARTIGAS MOLINA, ELSA JACQUELINE";"Apoyo Administrativo";"13";"INGENIERO (A) EJECUCION ADMINISTRACION DE EMPRESAS";"Región Metropolitana de Santiago";"(186)";"$ 2.244.824";"$ 1.685.094";"$ 0";"$ 479.961";"No";"No tiene";"No tiene";"No tiene";"01/01/2025";"31/12/2025";"No informa";"Sin observaciones";
"2025";"Junio";"Administrativo";"ARZUAGA SANCHEZ, FABIOLA DEL CARMEN";"APOYO ADMINISTRATIVO";"22";"ADMINISTRATIVO";"Región Metropolitana de Santiago";"(186)";"$ 726.996";"$ 891.740";"$ 0";"$ 117.689";"Sí";"$ 124.049 : 37,00 hrs";"No tiene";"No tiene";"01/01/2025";"31/12/2025";"No informa";"REMUNERACION JUN.2025+PAGO TRIMESTRAL LEY 19.490 Y 19.937 PERIODO 06/2025";
"2025";"Junio";"Profesional";"ASTETE OLMOS, MATIAS IGNACIO";"Apoyo Administrativo";"10";"ADMINISTRADOR (A) PUBLICO";"Región Metropolitana de Santiago";"(01)";"$ 2.256.523";"$ 1.822.577";"$ 0";"$ 0";"No";"No tiene";"No tiene";"No tiene";"01/02/2025";"31/12/2025";"No informa";"REMUNERACION JUNIO 2025";
"2025";"Junio";"Profesional";"ASTORGA QUIROGA, HANS ANDRES";"Atencion Clinica";"12";"ENFERMERA (O)";"Región Metropolitana de Santiago";"(01)";"$ 2.526.396";"$ 1.962.611";"$ 0";"$ 364.420";"Sí";"$ 164.638 : 16,00 hrs";"No tiene";"No tiene";"01/01/2025";"31/12/2025";"No informa";"Sin observaciones";
"2025";"Junio";"Profesional";"ASTORGA VALDES, DAVID ANDRES";"Apoyo Administrativo";"8";"ASISTENTE SOCIAL";"Región Metropolitana de Santiago";"(186)";"$ 3.480.754";"$ 2.517.289";"$ 0";"$ 742.415";"No";"No tiene";"No tiene";"No tiene";"01/01/2025";"31/12/2025";"No informa";"Sin observaciones";
"2025";"Junio";"Profesional";"ASTUDILLO GUAJARDO, CAROLINA ANTONIETA";"Atencion Clinica";"8";"TRABAJADOR (A) SOCIAL";"Región Metropolitana de Santiago";"(186)";"$ 3.185.409";"$ 2.391.986";"$ 0";"$ 387.829";"No";"No tiene";"No tiene";"No tiene";"01/01/2025";"31/12/2025";"No informa";"Sin observaciones";
"2025";"Junio";"Médicos cirujanos, farmacéuticos, químico-farmacéuticos, bioquímicos, cirujano-dentistas";"ASTUDILLO LOPEZ, VALENTINA DEL PILAR";"Atencion Clinica Medica";"44 Hrs.";"MEDICO CIRUJANO";"Región Metropolitana de Santiago";"(86)";"$ 2.948.378";"$ 2.357.776";"$ 0";"$ 0";"No";"No tiene";"No tiene";"No tiene";"01/01/2025";"31/12/2025";"No informa";"Sin observaciones";
"2025";"Junio";"Profesional";"ASTUDILLO MARTINEZ, DANIELA FRANCISCA";"Atencion Clinica";"15";"ENFERMERA (O)";"Región Metropolitana de Santiago";"(186)";"$ 1.766.165";"$ 1.342.133";"$ 0";"$ 187.876";"No";"No tiene";"No tiene";"No tiene";"01/01/2025";"31/12/2025";"No informa";"Sin observaciones";
"2025";"Junio";"Administrativo";"ASTUDILLO MENDOZA, PAULA MACARENA";"APOYO ADMINISTRATIVO";"22";"ADMINISTRATIVO";"Región Metropolitana de Santiago";"(203)(204)(186)";"$ 846.621";"$ 741.429";"$ 0";"$ 117.689";"No";"No tiene";"No tiene";"No tiene";"01/01/2025";"31/12/2025";"No informa";"REMUNERACION JUN.2025+PAGO TRIMESTRAL LEY 19.490 Y 19.937 PERIODO 06/2025";
"2025";"Junio";"Técnico";"ASTUDILLO MORA, XIMENA CAROLINA";"Atencion Clinica";"20";"TECNICO NIVEL SUPERIOR ENFERMERIA";"Región Metropolitana de Santiago";"(186)";"$ 858.555";"$ 645.522";"$ 0";"$ 148.355";"No";"No tiene";"No tiene";"No tiene";"01/01/2025";"31/12/2025";"No informa";"Sin observaciones";
"2025";"Junio";"Médicos cirujanos, farmacéuticos, químico-farmacéuticos, bioquímicos, cirujano-dentistas";"AUBELE LEON, MARIA TRINIDAD";"CIRUGIA GENERAL";"28 Hrs.";"MEDICO CIRUJANO";"Región Metropolitana de Santiago";"(194)(193)(198)";"$ 2.439.703";"$ 2.135.363";"$ 0";"$ 117.240";"No";"No tiene";"No tiene";"No tiene";"01/01/2025";"31/12/2025";"No informa";"REMUNERACION JUN.2025+PAGO TRIMESTRAL LEY 20.707 PERIODO 06/2025";
"2025";"Junio";"Profesional";"AVENDAÑO ARROYO, NATALIA VALENTINA";"Atencion Clinica";"15";"PSICOLOGO (A)";"Región Metropolitana de Santiago";"(01)";"$ 1.462.453";"$ 1.186.141";"$ 0";"$ 0";"No";"No tiene";"No tiene";"No tiene";"01/05/2025";"31/07/2025";"No informa";"Sin observaciones";
"2025";"Junio";"Médicos cirujanos, farmacéuticos, químico-farmacéuticos, bioquímicos, cirujano-dentistas";"AVILA ALULEMA, BELLITA DE LOURDES";"Medicina Familiar";"22 Hrs.";"MEDICO CIRUJANO";"Región Metropolitana de Santiago";"(188)(86)(186)";"$ 3.378.244";"$ 3.060.370";"$ 0";"$ 0";"No";"No tiene";"No tiene";"No tiene";"01/01/2025";"31/12/2025";"No informa";"Sin observaciones";
"2025";"Junio";"Médicos cirujanos, farmacéuticos, químico-farmacéuticos, bioquímicos, cirujano-dentistas";"AVILA ALULEMA, BELLITA DE LOURDES";"Medicina Familiar";"22 Hrs.";"MEDICO CIRUJANO";"Región Metropolitana de Santiago";"(188)(86)(186)";"$ 3.378.244";"$ 2.418.865";"$ 0";"$ 0";"No";"No tiene";"No tiene";"No tiene";"01/01/2025";"31/12/2025";"No informa";"Sin observaciones";
"2025";"Junio";"Médicos cirujanos, farmacéuticos, químico-farmacéuticos, bioquímicos, cirujano-dentistas";"AVILA BELTRAN, DENISSE CAROLINA";"Atencion Clinica Medica";"22 Hrs.";"MEDICO CIRUJANO";"Región Metropolitana de Santiago";"(188)(186)";"$ 2.459.273";"$ 2.144.329";"$ 0";"$ 0";"No";"No tiene";"No tiene";"No tiene";"01/01/2025";"31/12/2025";"No informa";"Sin observaciones";
"2025";"Junio";"Médicos cirujanos, farmacéuticos, químico-farmacéuticos, bioquímicos, cirujano-dentistas";"AVILA BELTRAN, DENISSE CAROLINA";"Atencion Clinica Medica";"22 Hrs.";"MEDICO CIRUJANO";"Región Metropolitana de Santiago";"(188)(186)";"$ 2.459.273";"$ 1.874.205";"$ 0";"$ 0";"No";"No tiene";"No tiene";"No tiene";"01/01/2025";"31/12/2025";"No informa";"Sin observaciones";
"2025";"Junio";"Profesional";"AVILA DURAN, CINDY ALEJANDRA";"APOYO ADMINISTRATIVO";"9";"ABOGADO (A)";"Región Metropolitana de Santiago";"(01)";"$ 2.459.951";"$ 2.135.862";"$ 0";"$ 152.483";"No";"No tiene";"No tiene";"No tiene";"01/01/2025";"31/12/2025";"No informa";"REMUNERACION JUN.2025+PAGO TRIMESTRAL LEY 19.937 PERIODO 06/2025";
"2025";"Junio";"Técnico";"AVILA PARADA, CHRISNA FERNANDA";"Atencion Clinica";"21";"TECNICO NIVEL SUPERIOR ENFERMERIA";"Región Metropolitana de Santiago";"(186)";"$ 794.359";"$ 606.559";"$ 0";"$ 120.148";"No";"No tiene";"No tiene";"No tiene";"01/01/2025";"30/06/2025";"No informa";"Sin observaciones";
"2025";"Junio";"Profesional";"AVILES NEIRA, GERALDINE BETZABE";"Apoyo Administrativo";"16";"TRABAJADOR (A) SOCIAL";"Región Metropolitana de Santiago";"(01)";"$ 89.512";"$ 89.512";"$ 0";"$ 0";"No";"No tiene";"No tiene";"No tiene";"09/04/2025";"02/06/2025";"No informa";"Sin observaciones";
"2025";"Junio";"Profesional";"AVILES PARADA, MARIA FERNANDA";"Atencion Clinica";"12";"ENFERMERA (O)";"Región Metropolitana de Santiago";"(186)";"$ 3.135.319";"$ 2.385.964";"$ 0";"$ 423.198";"Sí";"$ 207.029 : 20,00 hrs";"$ 496.867 : 40,00 hrs";"No tiene";"01/01/2025";"31/12/2025";"No informa";"Sin observaciones";
"2025";"Junio";"Administrativo";"AVILES TORRES, CAROLINA DEL PILAR";"Encargada Oficina de Partes";"13";"ADMINISTRATIVO";"Región Metropolitana de Santiago";"(186)(186)";"$ 1.713.564";"$ 1.381.621";"$ 0";"$ 453.651";"No";"No tiene";"No tiene";"No tiene";"01/01/2025";"31/12/2025";"No informa";"REMUNERACION JUNIO 2025+PAGO LEY 19490-19937 CUOTA JUNIO+BONO ESCOLAR CUOTA JUNIO 2025";
"2025";"Junio";"Profesional";"AYALA LE FORT, MARIA SOFIA";"APOYO ADMINISTRATIVO";"8";"CONTADOR (A) AUDITOR (A)";"Región Metropolitana de Santiago";"(186)";"$ 2.839.352";"$ 3.344.031";"$ 0";"$ 501.930";"No";"No tiene";"No tiene";"No tiene";"01/01/2025";"31/12/2025";"No informa";"REMUNERACION JUN.2025+BONO ESCOLAR CUOTA 06/2025+PAGO TRIMESTRAL LEY 19.490 Y 19.937 PERIODO 06/2025";
"2025";"Junio";"Médicos cirujanos, farmacéuticos, químico-farmacéuticos, bioquímicos, cirujano-dentistas";"AYALA MAUREIRA, EDUARDO IGNACIO";"Atencion Clinica Medica";"44 Hrs.";"MEDICO CIRUJANO";"Región Metropolitana de Santiago";"(86)(186)";"$ 5.211.828";"$ 4.292.803";"$ 0";"$ 0";"Sí";"$ 315.475 : 25,00 hrs";"$ 1.317.441 : 87,00 hrs";"No tiene";"01/01/2025";"31/12/2025";"No informa";"Sin observaciones";
"2025";"Junio";"Profesional";"AYALA ZARATE, ALEJANDRA ANDREA";"ATENCION CLINICA";"11";"GRADO DE MAGISTER EN SALUD PUBLICA CON MENCION EN GESTION EN SALUD";"Región Metropolitana de Santiago";"(01)";"$ 0";"$ 0";"$ 0";"$ 0";"No";"No tiene";"No tiene";"No tiene";"01/01/2025";"31/12/2025";"No informa";"PERMISO SIN GOCE DE SUELDO";
"2025";"Junio";"Profesional";"AYLWIN NAVARRO, JAVIERA";"Atencion Clinica";"15";"PSICOLOGO (A)";"Región Metropolitana de Santiago";"(186)";"$ 1.715.799";"$ 1.313.430";"$ 0";"$ 154.543";"No";"No tiene";"No tiene";"No tiene";"01/01/2025";"31/12/2025";"No informa";"Sin observaciones";
"2025";"Junio";"Médicos cirujanos, farmacéuticos, químico-farmacéuticos, bioquímicos, cirujano-dentistas";"AYORA CASTELLANOS, HECTOR ROLANDO";"Medicina Familiar";"44 Hrs.";"MEDICO CIRUJANO";"Región Metropolitana de Santiago";"(86)(188)(86)(186)";"$ 6.082.134";"$ 4.702.452";"$ 0";"$ 0";"No";"No tiene";"No tiene";"No tiene";"01/01/2025";"31/12/2025";"No informa";"Sin observaciones";
"2025";"Junio";"Profesional";"BADILLA GARRIDO, ALEJANDRA CECILIA";"Apoyo Administrativo";"7";"INGENIERO (A) EJECUCION ADMINISTRACION";"Región Metropolitana de Santiago";"(186)";"$ 4.040.664";"$ 3.032.016";"$ 0";"$ 976.371";"No";"No tiene";"No tiene";"No tiene";"01/01/2025";"31/12/2025";"No informa";"Sin observaciones";
"2025";"Junio";"Técnico";"BAEZ BAEZA, CRISTIAN JAVIER";"ATENCION CLINICA";"22";"TECNICO NIVEL SUPERIOR ENFERMERIA";"Región Metropolitana de Santiago";"(202)(204)(186)";"$ 1.174.892";"$ 989.779";"$ 0";"$ 117.689";"Sí";"$ 101.467 : 30,00 hrs";"$ 40.587 : 10,00 hrs";"No tiene";"01/01/2025";"31/12/2025";"No informa";"REMUNERACION JUN.2025+PAGO TRIMESTRAL LEY 19.490 Y 19.937 PERIODO 06/2025";
"2025";"Junio";"Médicos cirujanos, farmacéuticos, químico-farmacéuticos, bioquímicos, cirujano-dentistas";"BAEZA FIGUEROA, IGNACIO ANDRES";"Atencion Odontologica";"22 Hrs.";"CIRUJANO DENTISTA";"Región Metropolitana de Santiago";"(186)(86)(186)";"$ 1.236.151";"$ 987.912";"$ 0";"$ 0";"No";"No tiene";"No tiene";"No tiene";"01/01/2025";"31/12/2025";"No informa";"Sin observaciones";
"2025";"Junio";"Médicos cirujanos, farmacéuticos, químico-farmacéuticos, bioquímicos, cirujano-dentistas";"BAEZA FIGUEROA, IGNACIO ANDRES";"Atencion Odontologica";"11 Hrs.";"CIRUJANO DENTISTA";"Región Metropolitana de Santiago";"(186)";"$ 585.035";"$ 478.149";"$ 0";"$ 0";"No";"No tiene";"No tiene";"No tiene";"01/06/2025";"31/07/2025";"No informa";"Sin observaciones";
"2025";"Junio";"Médicos cirujanos, farmacéuticos, químico-farmacéuticos, bioquímicos, cirujano-dentistas";"BAEZA FIGUEROA, IGNACIO ANDRES";"Atencion Odontologica";"11 Hrs.";"CIRUJANO DENTISTA";"Región Metropolitana de Santiago";"(01)";"$ 585.035";"$ 459.023";"$ 0";"$ 0";"No";"No tiene";"No tiene";"No tiene";"01/06/2025";"31/07/2025";"No informa";"Sin observaciones";
"2025";"Junio";"Administrativo";"BAHAMONDES GUZMAN, MANUEL ANTONIO";"Apoyo Administrativo";"13";"ADMINISTRATIVO";"Región Metropolitana de Santiago";"(186)";"$ 2.285.928";"$ 1.866.368";"$ 0";"$ 292.159";"Sí";"$ 161.416 : 28,00 hrs";"$ 809.386 : 117,00 hrs";"No tiene";"01/01/2025";"31/12/2025";"No informa";"Sin observaciones";
"2025";"Junio";"Técnico";"BAHAMONDES NAVARRETE, RODRIGO ALEJANDRO";"ATENCION CLINICA";"22";"TECNICO NIVEL SUPERIOR ENFERMERIA";"Región Metropolitana de Santiago";"(203)(204)(186)";"$ 125.161";"$ 94.137";"$ 0";"$ 0";"No";"No tiene";"No tiene";"No tiene";"01/01/2025";"04/06/2025";"No informa";"REMUNERACION JUN.2025+PAGO BONO MENSUAL";
"2025";"Junio";"Médicos cirujanos, farmacéuticos, químico-farmacéuticos, bioquímicos, cirujano-dentistas";"BAHAMONDES ROJAS, ROLANDO FABIO";"Medico PAO";"44 Hrs.";"MEDICO CIRUJANO";"Región Metropolitana de Santiago";"(188)(86)(186)";"$ 4.059.076";"$ 3.295.672";"$ 0";"$ 0";"No";"No tiene";"No tiene";"No tiene";"01/01/2025";"31/12/2025";"No informa";"Sin observaciones";
"2025";"Junio";"Técnico";"BAHAMONDES YAÑEZ, TIHARE PAMELA";"Atencion Clinica";"22";"TECNICO NIVEL SUPERIOR ENFERMERIA";"Región Metropolitana de Santiago";"(01)";"$ 779.418";"$ 596.415";"$ 0";"$ 111.361";"No";"No tiene";"No tiene";"No tiene";"01/01/2025";"30/06/2025";"No informa";"Sin observaciones";
"2025";"Junio";"Profesional";"BALIC CARMONA, FELIPE ALFONSO";"Apoyo Administrativo";"13";"ADMINISTRADOR (A) PUBLICO";"Región Metropolitana de Santiago";"(01)";"$ 1.844.238";"$ 1.451.257";"$ 0";"$ 108.249";"No";"No tiene";"No tiene";"No tiene";"01/01/2025";"30/06/2025";"No informa";"Sin observaciones";
"2025";"Junio";"Profesional";"BALUT LAING, LEYLA ANDREA";"Jefe de Unidad";"8";"INGENIERO (A) EJECUCION GESTION INDUSTRIAL";"Región Metropolitana de Santiago";"(01)";"$ 2.677.280";"$ 2.132.223";"$ 0";"$ 166.921";"No";"No tiene";"No tiene";"No tiene";"01/01/2025";"31/12/2025";"No informa";"REMUNERACION JUNIO 2025+PAGO LEY 19937 CUOTA JUNIO 2025";
"2025";"Junio";"Médicos cirujanos, farmacéuticos, químico-farmacéuticos, bioquímicos, cirujano-dentistas";"BALZA CASTRO, MARIELA JOSEFINA";"Atencion Clinica Medica";"44 Hrs.";"MEDICO CIRUJANO";"Región Metropolitana de Santiago";"(01)";"$ 1.890.570";"$ 1.517.415";"$ 0";"$ 0";"No";"No tiene";"No tiene";"No tiene";"01/01/2025";"31/07/2025";"No informa";"Sin observaciones";
"2025";"Junio";"Profesional";"BANDERAS MACIAS, FRANCIAS MARGARITA";"Atencion Clinica";"15";"MATRON (A)";"Región Metropolitana de Santiago";"(186)";"$ 869.846";"$ 667.950";"$ 0";"$ 121.211";"No";"No tiene";"No tiene";"No tiene";"01/01/2025";"31/12/2025";"No informa";"Sin observaciones";
"2025";"Junio";"Médicos cirujanos, farmacéuticos, químico-farmacéuticos, bioquímicos, cirujano-dentistas";"BARAHONA VASQUEZ, PRISCILLA DEL ROSARIO";"QUIMICO FARMACEUTICO";"44 Hrs.";"QUIMICO FARMACEUTICO";"Región Metropolitana de Santiago";"(86)(186)";"$ 5.394.559";"$ 4.321.606";"$ 0";"$ 0";"No";"No tiene";"No tiene";"No tiene";"01/01/2025";"31/12/2025";"No informa";"REMUNERACION JUN.2025";
"2025";"Junio";"Profesional";"BARISTELLI LLANTEN, GINA PATRICIA";"Atencion Clinica";"15";"EDUCADOR (A) DE PARVULOS";"Región Metropolitana de Santiago";"(186)";"$ 1.851.144";"$ 1.491.988";"$ 0";"$ 106.059";"Sí";"$ 159.148 : 20,00 hrs";"$ 114.587 : 12,00 hrs";"No tiene";"01/01/2025";"31/12/2025";"No informa";"Sin observaciones";
"2025";"Junio";"Administrativo";"BARRA MEDINA, MARINA DEL CARMEN";"Apoyo Administrativo";"22";"ADMINISTRATIVO";"Región Metropolitana de Santiago";"(186)";"$ 739.639";"$ 557.625";"$ 0";"$ 131.608";"No";"No tiene";"No tiene";"No tiene";"01/01/2025";"31/12/2025";"No informa";"Sin observaciones";
"2025";"Junio";"Profesional";"BARRA MORA, MARIA GABRIELA";"Apoyo Administrativo";"13";"PROFESIONAL Y TECNICO UNIVERSITARIO";"Región Metropolitana de Santiago";"(01)";"$ 1.989.187";"$ 1.512.776";"$ 0";"$ 252.583";"No";"No tiene";"No tiene";"No tiene";"01/01/2025";"31/12/2025";"No informa";"Sin observaciones";
"2025";"Junio";"Técnico";"BARRA ORELLANA, MARITZA ANDREA";"ATENCION CLINICA";"22";"TECNICO NIVEL SUPERIOR ENFERMERIA";"Región Metropolitana de Santiago";"(202)";"$ 1.070.481";"$ 748.461";"$ 0";"$ 0";"No";"No tiene";"No tiene";"No tiene";"01/01/2025";"31/12/2025";"No informa";"REMUNERACION JUN.2025";
"2025";"Junio";"Auxiliar";"BARRAZA RETAMALES, JOAQUIN EDUARDO";"CONDUCTOR";"24";"AUXILIAR";"Región Metropolitana de Santiago";"(205)(202)(204)(186)";"$ 932.638";"$ 740.278";"$ 0";"$ 93.823";"No";"No tiene";"No tiene";"No tiene";"01/01/2025";"31/12/2025";"No informa";"REMUNERACION JUN.2025+PAGO TRIMESTRAL LEY 19.937 PERIODO 06/2025";
"2025";"Junio";"Técnico";"BARRAZA SANCHEZ, PAMELA MURIEL";"Atencion Clinica";"20";"TECNICO NIVEL SUPERIOR ENFERMERIA";"Región Metropolitana de Santiago";"(186)";"$ 836.858";"$ 635.785";"$ 0";"$ 126.750";"No";"No tiene";"No tiene";"No tiene";"01/01/2025";"31/12/2025";"No informa";"Sin observaciones";
"2025";"Junio";"Médicos cirujanos, farmacéuticos, químico-farmacéuticos, bioquímicos, cirujano-dentistas";"BARRAZA WILLIAMS, JOSEFA ANDREA";"Atencion Clinica Medica";"44 Hrs.";"MEDICO CIRUJANO";"Región Metropolitana de Santiago";"(86)(186)";"$ 3.397.946";"$ 2.696.504";"$ 0";"$ 0";"No";"No tiene";"No tiene";"No tiene";"01/01/2025";"31/12/2025";"No informa";"Sin observaciones";
"2025";"Junio";"Técnico";"BARRERA ALARCON, LORENA DEL CARMEN";"Atencion Clinica";"22";"TECNICO NIVEL SUPERIOR ODONTOLOGIA";"Región Metropolitana de Santiago";"(186)";"$ 783.942";"$ 607.053";"$ 0";"$ 111.361";"No";"No tiene";"No tiene";"No tiene";"01/01/2025";"31/12/2025";"No informa";"Sin observaciones";
"2025";"Junio";"Técnico";"BARRERA BASTIDAS, SANDY STEFANYA DE LOURDES";"Atencion Clinica";"21";"TECNICO NIVEL SUPERIOR ENFERMERIA";"Región Metropolitana de Santiago";"(01)";"$ 846.253";"$ 656.568";"$ 0";"$ 120.148";"Sí";"$ 57.365 : 16,00 hrs";"No tiene";"No tiene";"01/01/2025";"31/12/2025";"No informa";"Sin observaciones";
"2025";"Junio";"Técnico";"BARRERA MEZA, MARIA ROCIO";"ATENCION CLINICA";"22";"TECNICO NIVEL SUPERIOR ENFERMERIA";"Región Metropolitana de Santiago";"(202)(204)(186)";"$ 1.353.666";"$ 1.354.232";"$ 0";"$ 144.716";"Sí";"$ 136.473 : 40,00 hrs";"$ 171.955 : 42,00 hrs";"No tiene";"01/01/2025";"31/12/2025";"No informa";"REMUNERACION JUN.2025+BONO ESCOLAR CUOTA 06/2025+PAGO TRIMESTRAL LEY 19.490 Y 19.937 PERIODO 06/2025";
"2025";"Junio";"Administrativo";"BARRERA NAVARRETE, LUISA ELIZABETH";"Apoyo Administrativo";"22";"ADMINISTRATIVO";"Región Metropolitana de Santiago";"(01)";"$ 59.843";"$ 49.323";"$ 0";"$ 0";"No";"No tiene";"No tiene";"No tiene";"01/06/2025";"03/06/2025";"No informa";"Sin observaciones";
"2025";"Junio";"Médicos cirujanos, farmacéuticos, químico-farmacéuticos, bioquímicos, cirujano-dentistas";"BARRETO ALTAMIRANO, JULIO ENRIQUE";"DIRECTOR";"22 Hrs.";"MEDICO CIRUJANO CON ESPECIALIDAD EN MEDICINA DE URGENCIA";"Región Metropolitana de Santiago";"(86)(186)";"$ 3.173.294";"$ 2.911.807";"$ 0";"$ 0";"No";"No tiene";"No tiene";"No tiene";"01/01/2025";"31/12/2025";"No informa";"REMUNERACION JUN.2025";
"2025";"Junio";"Técnico";"BARRIA MARTINEZ, CAMILA FRANCISCA ANDREA";"Atencion Clinica";"21";"TECNICO NIVEL SUPERIOR ENFERMERIA";"Región Metropolitana de Santiago";"(186)";"$ 821.769";"$ 627.486";"$ 0";"$ 141.993";"No";"No tiene";"No tiene";"No tiene";"01/01/2025";"31/12/2025";"No informa";"Sin observaciones";
"2025";"Junio";"Profesional";"BARRIA MARTINEZ, ROXANA MARCELA";"Jefe de Departamento";"5";"INGENIERO (A) EJECUCION ADMINISTRACION";"Región Metropolitana de Santiago";"(186)";"$ 3.549.127";"$ 2.805.389";"$ 0";"$ 622.654";"No";"No tiene";"No tiene";"No tiene";"01/01/2025";"31/12/2025";"No informa";"REMUNERACION JUNIO 2025+PAGO LEY 19490-19937 CUOTA JUNIO";
"2025";"Junio";"Profesional";"BARRIGA CARVAJAL, SUSANA BEATRIZ";"JEFE DE DEPARTAMENTO";"5";"ENFERMERA (O)";"Región Metropolitana de Santiago";"(01)";"$ 3.711.873";"$ 2.923.037";"$ 0";"$ 0";"No";"No tiene";"No tiene";"No tiene";"01/01/2025";"31/12/2025";"No informa";"REMUNERACION JUN.2025 + BONO ENF. Y OTROS PROF";
"2025";"Junio";"Técnico";"BARRIOS CAMPOS, ALEJANDRA ISABEL";"Atencion Clinica";"22";"TECNICO PARAMEDICO";"Región Metropolitana de Santiago";"(186)";"$ 786.117";"$ 602.794";"$ 0";"$ 117.688";"Sí";"$ 26.821 : 8,00 hrs";"No tiene";"No tiene";"01/01/2025";"31/12/2025";"No informa";"Sin observaciones";
"2025";"Junio";"Técnico";"BART ESPINOZA, CYNTIA SUJEY";"Apoyo Administrativo";"21";"EDUCADOR (A) DIFERENCIAL";"Región Metropolitana de Santiago";"(186)";"$ 763.359";"$ 581.189";"$ 0";"$ 120.148";"No";"No tiene";"No tiene";"No tiene";"01/01/2025";"31/12/2025";"No informa";"Sin observaciones";
"2025";"Junio";"Médicos cirujanos, farmacéuticos, químico-farmacéuticos, bioquímicos, cirujano-dentistas";"BARTSCH SEPULVEDA, ALFONSO NICOLAS";"CIRUGIA GENERAL";"28 Hrs.";"MEDICO CIRUJANO";"Región Metropolitana de Santiago";"(194)(193)(198)(186)";"$ 2.861.473";"$ 2.512.526";"$ 0";"$ 143.030";"No";"No tiene";"No tiene";"No tiene";"01/01/2025";"31/12/2025";"No informa";"REMUNERACION JUN.2025+PAGO TRIMESTRAL LEY 20.707 PERIODO 06/2025";
"2025";"Junio";"Profesional";"BARUEL GONZALEZ, PAULO NELSON";"Apoyo Logistico";"15";"INGENIERO (A) PREVENCION DE RIESGOS";"Región Metropolitana de Santiago";"(186)";"$ 2.654.898";"$ 2.219.464";"$ 0";"$ 139.392";"Sí";"$ 304.237 : 38,00 hrs";"$ 739.777 : 77,00 hrs";"No tiene";"01/01/2025";"31/12/2025";"No informa";"Sin observaciones";
"2025";"Junio";"Administrativo";"BASCUÑAN CABEZAS, MARCELA ANDREA";"Apoyo Administrativo";"21";"ADMINISTRATIVO";"Región Metropolitana de Santiago";"(186)";"$ 763.359";"$ 580.086";"$ 0";"$ 120.148";"No";"No tiene";"No tiene";"No tiene";"01/01/2025";"31/12/2025";"No informa";"Sin observaciones";
"2025";"Junio";"Profesional";"BASCUR BASCUR, JENNIFER TREICY";"Atencion Clinica";"12";"NUTRICIONISTA";"Región Metropolitana de Santiago";"(01)";"$ 2.106.781";"$ 1.647.519";"$ 0";"$ 199.843";"No";"No tiene";"No tiene";"No tiene";"01/01/2025";"31/12/2025";"No informa";"Sin observaciones";
"2025";"Junio";"Médicos cirujanos, farmacéuticos, químico-farmacéuticos, bioquímicos, cirujano-dentistas";"BASOALTO SANDOVAL, CEFORA EUNICE";"Salud Publica";"44 Hrs.";"CIRUJANO DENTISTA";"Región Metropolitana de Santiago";"(86)(186)";"$ 4.799.542";"$ 3.910.528";"$ 0";"$ 0";"No";"No tiene";"No tiene";"No tiene";"01/01/2025";"31/12/2025";"No informa";"Sin observaciones";
"2025";"Junio";"Profesional";"BASSO CHACON, GIOVANNA LESLIE";"Apoyo Administrativo";"9";"INGENIERO (A) COMERCIAL";"Región Metropolitana de Santiago";"(186)";"$ 2.733.674";"$ 2.051.580";"$ 0";"$ 259.220";"No";"No tiene";"No tiene";"No tiene";"01/01/2025";"31/12/2025";"No informa";"Sin observaciones";
"2025";"Junio";"Profesional";"BASTIAS SANCHEZ, BASTIAN ANDRE";"Apoyo Administrativo";"8";"INGENIERO (A) EN INFORMATICA";"Región Metropolitana de Santiago";"(186)";"$ 2.691.755";"$ 2.149.206";"$ 0";"$ 356.096";"No";"No tiene";"No tiene";"No tiene";"01/01/2025";"31/12/2025";"No informa";"REMUNERACION JUNIO 2025+PAGO LEY 19490-19937 CUOTA JUNIO";
"2025";"Junio";"Administrativo";"BASUALTO FABRES, PATRICIA ANTONIA";"Secretaria";"21";"ADMINISTRATIVO";"Región Metropolitana de Santiago";"(186)";"$ 672.150";"$ 550.544";"$ 0";"$ 134.371";"No";"No tiene";"No tiene";"No tiene";"01/01/2025";"31/12/2025";"No informa";"REMUNERACION JUNIO 2025+PAGO LEY 19490-19937 CUOTA JUNIO+BONO ESCOLAR CUOTA JUNIO 2025";
"2025";"Junio";"Profesional";"BAYER ROJAS, KATIA MARGARITA";"Apoyo Administrativo";"9";"ENFERMERA (O)";"Región Metropolitana de Santiago";"(186)";"$ 3.088.168";"$ 2.267.243";"$ 0";"$ 482.859";"No";"No tiene";"No tiene";"No tiene";"01/01/2025";"31/12/2025";"No informa";"Sin observaciones";
"2025";"Junio";"Administrativo";"BAYOTORO MARILEO, JUANA CLAUDINA";"Apoyo Administrativo";"21";"ADMINISTRATIVO";"Región Metropolitana de Santiago";"(186)";"$ 801.738";"$ 599.505";"$ 0";"$ 152.916";"No";"No tiene";"No tiene";"No tiene";"01/01/2025";"31/12/2025";"No informa";"Sin observaciones";
"2025";"Junio";"Técnico";"BEAS JARA, HILDA ANGELICA";"Atencion Clinica";"21";"TECNICO NIVEL SUPERIOR ENFERMERIA";"Región Metropolitana de Santiago";"(186)";"$ 806.687";"$ 611.101";"$ 0";"$ 126.975";"No";"No tiene";"No tiene";"No tiene";"01/01/2025";"31/12/2025";"No informa";"Sin observaciones";
"2025";"Junio";"Técnico";"BEAUMONT VILLALOBOS, ELIZABETH CAROLINA";"Atencion Clinica";"20";"TECNICO NIVEL SUPERIOR ENFERMERIA";"Región Metropolitana de Santiago";"(01)";"$ 837.357";"$ 635.850";"$ 0";"$ 133.077";"No";"No tiene";"No tiene";"No tiene";"01/01/2025";"31/12/2025";"No informa";"Sin observaciones";
"2025";"Junio";"Técnico";"BECERRA ABARCA, BERNARDITA SOFIA";"Atencion Clinica";"22";"TECNICO NIVEL SUPERIOR ENFERMERIA";"Región Metropolitana de Santiago";"(01)";"$ 708.935";"$ 584.304";"$ 0";"$ 0";"No";"No tiene";"No tiene";"No tiene";"01/01/2025";"31/07/2025";"No informa";"Sin observaciones";
"2025";"Junio";"Profesional";"BECERRA CARVAJAL, CARLOS ENRIQUE";"Coordinador";"7";"INGENIERO (A) EJECUCION ADMINISTRACION";"Región Metropolitana de Santiago";"(186)";"$ 3.801.661";"$ 2.865.016";"$ 0";"$ 738.380";"No";"No tiene";"No tiene";"No tiene";"01/01/2025";"31/12/2025";"No informa";"Sin observaciones";
"2025";"Junio";"Técnico";"BECERRA MEDEL, SONIA KARINA";"Atencion Clinica";"22";"TECNICO NIVEL SUPERIOR ENFERMERIA";"Región Metropolitana de Santiago";"(01)";"$ 708.935";"$ 708.935";"$ 0";"$ 0";"No";"No tiene";"No tiene";"No tiene";"24/01/2025";"03/07/2025";"No informa";"Sin observaciones";
"2025";"Junio";"Técnico";"BECERRA ROJAS, FRANCO ALEJANDRO";"ATENCION CLINICA";"22";"TECNICO NIVEL SUPERIOR ENFERMERIA";"Región Metropolitana de Santiago";"(202)(204)(186)";"$ 1.024.559";"$ 1.011.511";"$ 0";"$ 117.689";"No";"No tiene";"No tiene";"No tiene";"01/01/2025";"31/12/2025";"No informa";"REMUNERACION JUN.2025+PAGO TRIMESTRAL LEY 19.490 Y 19.937 PERIODO 06/2025";
"2025";"Junio";"Profesional";"BECKER GATTA, MAXIMILIANO ALEXIS";"Apoyo Administrativo";"8";"PSICOLOGO (A)";"Región Metropolitana de Santiago";"(186)";"$ 2.720.704";"$ 2.165.243";"$ 0";"$ 445.120";"No";"No tiene";"No tiene";"No tiene";"01/01/2025";"31/12/2025";"No informa";"REMUNERACION JUNIO 2025+PAGO LEY 19490-19937 CUOTA JUNIO+BONO ESCOLAR CUOTA JUNIO 2025";
"2025";"Junio";"Administrativo";"BEECHER VARELA, URSULA ANDREA";"Apoyo Administrativo";"13";"ADMINISTRATIVO";"Región Metropolitana de Santiago";"(186)";"$ 1.390.674";"$ 1.192.989";"$ 0";"$ 484.116";"Sí";"$ 230.594 : 40,00 hrs";"$ 138.357 : 20,00 hrs";"No tiene";"01/01/2025";"31/12/2025";"No informa";"REMUNERACION JUNIO 2025+PAGO LEY 19490-19937 CUOTA JUNIO+BONO ESCOLAR CUOTA JUNIO 2025";
"2025";"Junio";"Técnico";"BEJARES GONZALEZ, MARIA LORETO";"Atencion Clinica";"22";"TECNICO NIVEL SUPERIOR ENFERMERIA";"Región Metropolitana de Santiago";"(186)";"$ 1.058.179";"$ 809.087";"$ 0";"$ 152.930";"No";"No tiene";"No tiene";"No tiene";"01/01/2025";"31/12/2025";"No informa";"Sin observaciones";
"2025";"Junio";"Administrativo";"BELLO GALAZ, MARICELA DEL CARMEN";"Apoyo Administrativo";"22";"ADMINISTRATIVO";"Región Metropolitana de Santiago";"(186)";"$ 758.854";"$ 566.764";"$ 0";"$ 141.733";"No";"No tiene";"No tiene";"No tiene";"01/01/2025";"31/12/2025";"No informa";"Sin observaciones";
"2025";"Junio";"Técnico";"BELMAR ORTIZ, MARIA FERNANDA";"Atencion Clinica";"22";"TECNICO NIVEL SUPERIOR ENFERMERIA";"Región Metropolitana de Santiago";"(186)";"$ 701.015";"$ 577.777";"$ 0";"$ 0";"No";"No tiene";"No tiene";"No tiene";"01/01/2025";"31/12/2025";"No informa";"Sin observaciones";
"2025";"Junio";"Médicos cirujanos, farmacéuticos, químico-farmacéuticos, bioquímicos, cirujano-dentistas";"BELTRAN AÑAZCO, FELIPE IGNACIO";"Atencion Clinica Medica";"44 Hrs.";"MEDICO CIRUJANO";"Región Metropolitana de Santiago";"(86)(186)";"$ 3.578.912";"$ 2.854.677";"$ 0";"$ 0";"No";"No tiene";"No tiene";"No tiene";"01/01/2025";"31/12/2025";"No informa";"Sin observaciones";
"2025";"Junio";"Profesional";"BELTRAN CALDERON, PABLO ANDRES";"ATENCION CLINICA";"13";"ENFERMERA (O)";"Región Metropolitana de Santiago";"(203)(204)(186)";"$ 3.478.968";"$ 3.288.399";"$ 0";"$ 184.026";"Sí";"$ 371.761 : 39,00 hrs";"$ 400.358 : 35,00 hrs";"No tiene";"01/01/2025";"31/12/2025";"No informa";"REMUNERACION JUN.2025 + BONO ENF. Y OTROS PROF+PAGO TRIMESTRAL LEY 19.490 Y 19.937 PERIODO 06/2025";
"2025";"Junio";"Técnico";"BELTRAN POBLETE, JOAQUIN ORLANDO";"ATENCION CLINICA";"22";"TECNICO NIVEL SUPERIOR ENFERMERIA";"Región Metropolitana de Santiago";"(01)";"$ 642.840";"$ 583.428";"$ 0";"$ 0";"Sí";"No tiene";"$ 368.794 : 151,00 hrs";"No tiene";"18/05/2025";"30/05/2025";"No informa";"REEMPLAZO MAY.2025 (18-30)";
"2025";"Junio";"Profesional";"BENAVIDES CESPEDES, VICTOR HUGO";"Relacionador publico";"11";"INGENIERO (A) EJECUCION EN MINAS";"Región Metropolitana de Santiago";"(186)";"$ 2.085.371";"$ 1.669.940";"$ 0";"$ 218.699";"No";"No tiene";"No tiene";"No tiene";"01/01/2025";"31/12/2025";"No informa";"REMUNERACION JUNIO 2025+PAGO LEY 19490-19937 CUOTA JUNIO";
"2025";"Junio";"Profesional";"BERASAIN MUÑOZ, GISELA LORETO";"Apoyo Administrativo";"5";"MATRON (A)";"Región Metropolitana de Santiago";"(186)";"$ 3.513.369";"$ 2.772.491";"$ 0";"$ 679.259";"No";"No tiene";"No tiene";"No tiene";"01/01/2025";"31/12/2025";"No informa";"REMUNERACION JUNIO 2025+PAGO LEY 19490-19937 CUOTA JUNIO";
"2025";"Junio";"Profesional";"BERENGUELA SILVA, JOCELYN MARCELA";"Apoyo Administrativo";"12";"PERIODISTA";"Región Metropolitana de Santiago";"(186)";"$ 2.027.704";"$ 1.624.593";"$ 0";"$ 243.981";"No";"No tiene";"No tiene";"No tiene";"01/01/2025";"31/12/2025";"No informa";"REMUNERACION JUNIO 2025+PAGO LEY 19490-19937 CUOTA JUNIO";
"2025";"Junio";"Médicos cirujanos, farmacéuticos, químico-farmacéuticos, bioquímicos, cirujano-dentistas";"BERGAMIN PINO, DANIEL VICTOR ANTONIO";"Atencion Clinica Medica";"22 Hrs.";"MEDICO CIRUJANO";"Región Metropolitana de Santiago";"(01)";"$ 945.285";"$ 667.086";"$ 0";"$ 0";"No";"No tiene";"No tiene";"No tiene";"16/05/2025";"30/06/2025";"No informa";"Sin observaciones";
"2025";"Junio";"Médicos cirujanos, farmacéuticos, químico-farmacéuticos, bioquímicos, cirujano-dentistas";"BERGAMIN PINO, DANIEL VICTOR ANTONIO";"Atencion Clinica Medica";"22 Hrs.";"MEDICO CIRUJANO";"Región Metropolitana de Santiago";"(01)";"$ 945.285";"$ 779.954";"$ 0";"$ 0";"No";"No tiene";"No tiene";"No tiene";"16/05/2025";"30/06/2025";"No informa";"Sin observaciones";
"2025";"Junio";"Técnico";"BERGUÑO ZUÑIGA, MARIA FRANCISCA";"ATENCION CLINICA";"22";"TECNICO NIVEL SUPERIOR ENFERMERIA";"Región Metropolitana de Santiago";"(203)(204)(186)";"$ 895.588";"$ 904.192";"$ 0";"$ 152.248";"No";"No tiene";"No tiene";"No tiene";"01/01/2025";"31/12/2025";"No informa";"REMUNERACION JUN.2025+BONO ESCOLAR CUOTA 03/2025+BONO ESCOLAR CUOTA 06/2025+PAGO TRIMESTRAL LEY 19.937 PERIODO 06/2025";
"2025";"Junio";"Profesional";"BERMEDO SANTELICES, CAROLINA ANDREA DEL CARMEN";"ATENCION CLINICA";"13";"ENFERMERA (O)";"Región Metropolitana de Santiago";"(203)(204)(186)";"$ 3.966.795";"$ 3.226.141";"$ 0";"$ 184.026";"Sí";"$ 326.036 : 34,00 hrs";"$ 920.573 : 80,00 hrs";"No tiene";"01/01/2025";"31/12/2025";"No informa";"REMUNERACION JUN.2025 + BONO ENF. Y OTROS PROF+PAGO TRIMESTRAL LEY 19.490 Y 19.937 PERIODO 06/2025";
"2025";"Junio";"Profesional";"BERNALES FUENTES, CARLA BELEN";"Atencion Clinica";"14";"ASISTENTE SOCIAL";"Región Metropolitana de Santiago";"(186)";"$ 1.847.001";"$ 1.381.403";"$ 0";"$ 234.751";"No";"No tiene";"No tiene";"No tiene";"01/01/2025";"31/12/2025";"No informa";"Sin observaciones";
"2025";"Junio";"Profesional";"BERRIOS ARMIJO, ROXANA ISABEL";"ATENCION CLINICA";"11";"KINESIOLOGO (A)";"Región Metropolitana de Santiago";"(203)(201)(204)(186)";"$ 4.206.369";"$ 5.214.149";"$ 0";"$ 738.716";"Sí";"$ 140.137 : 12,00 hrs";"$ 672.660 : 48,00 hrs";"No tiene";"01/01/2025";"31/12/2025";"No informa";"REMUNERACION JUN.2025 + BONO ENF. Y OTROS PROF+PAGO TRIMESTRAL LEY 19.490 Y 19.937 PERIODO 06/2025+REGULARIZA PAGO HORAS EXTRAS FEB.2025 (0D - 24F) Y MAR.2025 (0D - 24F)";
"2025";"Junio";"Técnico";"BERRIOS CACERES, EDUARDO YOJAN";"ATENCION CLINICA";"22";"TECNICO NIVEL SUPERIOR ENFERMERIA";"Región Metropolitana de Santiago";"(202)(204)(186)";"$ 1.608.282";"$ 1.626.884";"$ 0";"$ 141.734";"Sí";"$ 137.655 : 40,00 hrs";"$ 421.226 : 102,00 hrs";"No tiene";"01/01/2025";"31/12/2025";"No informa";"REMUNERACION JUN.2025+PAGO TRIMESTRAL LEY 19.490 Y 19.937 PERIODO 06/2025";
"2025";"Junio";"Médicos cirujanos, farmacéuticos, químico-farmacéuticos, bioquímicos, cirujano-dentistas";"BIENZOBAS DARRAIDOU, CATALINA DEL CARMEN";"Medico PAO";"44 Hrs.";"MEDICO CIRUJANO";"Región Metropolitana de Santiago";"(01)";"$ 2.419.474";"$ 1.953.600";"$ 0";"$ 0";"No";"No tiene";"No tiene";"No tiene";"01/06/2025";"31/12/2025";"No informa";"Sin observaciones";
"2025";"Junio";"Profesional";"BILLIARD RIVAS, SIMONEE MARISOL";"ATENCION CLINICA";"13";"ENFERMERA (O)";"Región Metropolitana de Santiago";"(186)";"$ 3.339.187";"$ 3.117.741";"$ 0";"$ 123.976";"Sí";"$ 381.294 : 40,00 hrs";"$ 1.212.514 : 144,00 hrs";"No tiene";"01/06/2025";"30/06/2025";"No informa";"REEMPLAZO JUN.2025 (01-30)+PAGO TRIMESTRAL LEY 19.937 PERIODO 06/2025";
"2025";"Junio";"Profesional";"BLAMEY ALEGRIA, GUILLERMO ANTONIO";"ARQUITECTO";"5";"ARQUITECTO";"Región Metropolitana de Santiago";"(186)";"$ 3.918.761";"$ 3.055.833";"$ 0";"$ 493.194";"No";"No tiene";"No tiene";"No tiene";"01/01/2025";"31/12/2025";"No informa";"Sin observaciones";
"2025";"Junio";"Profesional";"BOBADILLA ZAPATA, ROXANA ELIZABETH";"ATENCION CLINICA";"13";"ENFERMERA (O)";"Región Metropolitana de Santiago";"(203)(204)(186)";"$ 2.835.258";"$ 2.699.286";"$ 0";"$ 184.026";"Sí";"$ 115.072 : 12,00 hrs";"No tiene";"No tiene";"01/01/2025";"31/12/2025";"No informa";"REMUNERACION JUN.2025 + BONO ENF. Y OTROS PROF+PAGO TRIMESTRAL LEY 19.490 Y 19.937 PERIODO 06/2025";
"2025";"Junio";"Profesional";"BOEKEMEYER MOREIRA, CARLOS JOAQUIN";"ATENCION CLINICA";"12";"ENFERMERA (O)";"Región Metropolitana de Santiago";"(203)(204)(186)";"$ 3.665.195";"$ 1.958.128";"$ 0";"$ 407.525";"Sí";"$ 293.285 : 28,00 hrs";"$ 414.788 : 33,00 hrs";"No tiene";"01/01/2025";"31/12/2025";"No informa";"REMUNERACION JUN.2025 + BONO ENF. Y OTROS PROF+PAGO TRIMESTRAL LEY 19.490 Y 19.937 PERIODO 06/2025";
"2025";"Junio";"Profesional";"BORDILLO MELLADO, CARLA NICOLE VICTORIA";"Apoyo Administrativo";"15";"TRABAJADOR (A) SOCIAL";"Región Metropolitana de Santiago";"(01)";"$ 1.462.453";"$ 1.184.596";"$ 0";"$ 0";"No";"No tiene";"No tiene";"No tiene";"01/05/2025";"31/07/2025";"No informa";"Sin observaciones";
"2025";"Junio";"Profesional";"BORGES CASTILLO, CLAUDIO ANDRES";"JEFE DE DEPARTAMENTO";"5";"ADMINISTRADOR (A) PUBLICO";"Región Metropolitana de Santiago";"(01)";"$ 3.405.488";"$ 3.099.024";"$ 0";"$ 211.370";"No";"No tiene";"No tiene";"No tiene";"01/01/2025";"31/12/2025";"No informa";"REMUNERACION JUN.2025+PAGO TRIMESTRAL LEY 19.937 PERIODO 06/2025";
"2025";"Junio";"Profesional";"BOTTAI BUENO, CAMILA ANGELICA";"Apoyo Administrativo";"7";"KINESIOLOGO (A)";"Región Metropolitana de Santiago";"(01)";"$ 2.939.170";"$ 2.329.695";"$ 0";"$ 183.849";"No";"No tiene";"No tiene";"No tiene";"01/01/2025";"31/12/2025";"No informa";"REMUNERACION JUNIO 2025+PAGO LEY 19937 CUOTA JUNIO 2025";
"2025";"Junio";"Profesional";"BOWEN ESPINOZA, SEBASTIAN RENE";"Apoyo Administrativo";"8";"PSICOLOGO (A)";"Región Metropolitana de Santiago";"(186)";"$ 2.781.454";"$ 2.231.136";"$ 0";"$ 400.608";"No";"No tiene";"No tiene";"No tiene";"01/01/2025";"31/12/2025";"No informa";"REMUNERACION JUNIO 2025+PAGO LEY 19490-19937 CUOTA JUNIO";
"2025";"Junio";"Profesional";"BOZA FLORES, MATIAS IGNACIO";"ATENCION CLINICA";"13";"ENFERMERA (O)";"Región Metropolitana de Santiago";"(203)(204)(186)";"$ 2.720.186";"$ 2.546.053";"$ 0";"$ 184.026";"No";"No tiene";"No tiene";"No tiene";"01/01/2025";"31/12/2025";"No informa";"REMUNERACION JUN.2025 + BONO ENF. Y OTROS PROF+PAGO TRIMESTRAL LEY 19.490 Y 19.937 PERIODO 06/2025";
"2025";"Junio";"Administrativo";"BOZO SILVA, NATALIA FABIOLA";"Secretaria";"13";"ADMINISTRATIVO";"Región Metropolitana de Santiago";"(186)";"$ 1.762.820";"$ 1.431.944";"$ 0";"$ 588.329";"No";"No tiene";"No tiene";"No tiene";"01/01/2025";"31/12/2025";"No informa";"REMUNERACION JUNIO 2025+PAGO LEY 19490-19937 CUOTA JUNIO+BONO ESCOLAR CUOTA JUNIO 2025";
"2025";"Junio";"Profesional";"BOZZOLO CARRASCO, ANGELA";"Apoyo Administrativo";"16";"TRABAJADOR (A) SOCIAL";"Región Metropolitana de Santiago";"(01)";"$ 1.118.909";"$ 915.715";"$ 0";"$ 0";"No";"No tiene";"No tiene";"No tiene";"01/01/2025";"25/06/2025";"No informa";"Sin observaciones";
"2025";"Junio";"Médicos cirujanos, farmacéuticos, químico-farmacéuticos, bioquímicos, cirujano-dentistas";"BRANIFF OLAVE, SALVADOR";"Atencion Odontologica";"22 Hrs.";"CIRUJANO DENTISTA";"Región Metropolitana de Santiago";"(01)";"$ 945.285";"$ 753.919";"$ 0";"$ 0";"No";"No tiene";"No tiene";"No tiene";"20/01/2025";"30/06/2025";"No informa";"Sin observaciones";
"2025";"Junio";"Médicos cirujanos, farmacéuticos, químico-farmacéuticos, bioquímicos, cirujano-dentistas";"BRANIFF OLAVE, SALVADOR";"Atencion Odontologica";"22 Hrs.";"CIRUJANO DENTISTA";"Región Metropolitana de Santiago";"(01)";"$ 945.285";"$ 779.103";"$ 0";"$ 0";"No";"No tiene";"No tiene";"No tiene";"20/01/2025";"30/06/2025";"No informa";"Sin observaciones";
"2025";"Junio";"Profesional";"BRAVO BADILLA, CESAR LEONIDAS";"PROFESIONAL";"5";"ENFERMERA (O)";"Región Metropolitana de Santiago";"(186)";"$ 3.459.428";"$ 5.363.520";"$ 0";"$ 1.035.707";"No";"No tiene";"No tiene";"No tiene";"01/01/2025";"31/12/2025";"No informa";"REMUNERACION JUN.2025+PAGO TRIMESTRAL LEY 19.490 Y 19.937 PERIODO 06/2025";
"2025";"Junio";"Técnico";"BRAVO BUNSTER, ARTURO IGNACIO JORGE";"ATENCION CLINICA";"22";"TECNICO NIVEL SUPERIOR ENFERMERIA";"Región Metropolitana de Santiago";"(01)";"$ 849.355";"$ 706.991";"$ 0";"$ 0";"Sí";"No tiene";"$ 152.863 : 109,00 hrs";"No tiene";"01/06/2025";"30/06/2025";"No informa";"REEMPLAZO JUN.2025 (01-11)+REEMPLAZO JUN.2025 (12-30)+PAGO BONO MENSUAL";
"2025";"Junio";"Profesional";"BRAVO CONTRERAS, MARLA ABRIL";"Atencion Clinica";"16";"MATRON (A)";"Región Metropolitana de Santiago";"(01)";"$ 1.342.691";"$ 1.100.685";"$ 0";"$ 0";"No";"No tiene";"No tiene";"No tiene";"14/04/2025";"30/06/2025";"No informa";"Sin observaciones";
"2025";"Junio";"Profesional";"BRAVO DIAZ, MARGARITA PATRICIA";"Atencion Clinica";"5";"ENFERMERA (O)";"Región Metropolitana de Santiago";"(01)";"$ 4.464.572";"$ 3.506.611";"$ 0";"$ 563.650";"Sí";"$ 314.528 : 17,00 hrs";"$ 88.808 : 4,00 hrs";"No tiene";"01/01/2025";"31/12/2025";"No informa";"Sin observaciones";
"2025";"Junio";"Profesional";"BRAVO GODOY, CLAUDIA ANDREA";"Atencion Clinica";"15";"TRABAJADOR (A) SOCIAL";"Región Metropolitana de Santiago";"(186)";"$ 1.562.193";"$ 1.220.764";"$ 0";"$ 90.908";"No";"No tiene";"No tiene";"No tiene";"01/01/2025";"31/12/2025";"No informa";"Sin observaciones";
"2025";"Junio";"Profesional";"BRAVO INOSTROZA, KATHERINE ANDREA";"Apoyo Administrativo";"15";"CONTADOR (A) AUDITOR (A)";"Región Metropolitana de Santiago";"(186)";"$ 1.748.571";"$ 1.338.920";"$ 0";"$ 187.876";"Sí";"$ 80.551 : 10,00 hrs";"No tiene";"No tiene";"01/01/2025";"31/12/2025";"No informa";"Sin observaciones";
"2025";"Junio";"Técnico";"BRAVO MONDACA, CYNTHIA ALEJANDRA";"Atencion Clinica";"21";"TECNICO PARAMEDICO";"Región Metropolitana de Santiago";"(186)";"$ 779.800";"$ 587.667";"$ 0";"$ 131.070";"No";"No tiene";"No tiene";"No tiene";"01/01/2025";"31/12/2025";"No informa";"Sin observaciones";
"2025";"Junio";"Médicos cirujanos, farmacéuticos, químico-farmacéuticos, bioquímicos, cirujano-dentistas";"BRAVO SOTO, VALENTINA SOLEDAD";"Medico PAO";"44 Hrs.";"MÉDICOS CIRUJANOS, FARMACÉUTICOS, QUÍMICO-FARMACÉUTICOS, BIOQUÍMICOS, CIRUJANO-DENTISTAS";"Región Metropolitana de Santiago";"(188)(86)(186)";"$ 4.249.170";"$ 3.439.526";"$ 0";"$ 0";"No";"No tiene";"No tiene";"No tiene";"01/01/2025";"31/12/2025";"No informa";"Sin observaciones";
"2025";"Junio";"Profesional";"BRAVO VALDES, MICHELLE VALERIA";"Atencion Clinica";"15";"ENFERMERA (O)";"Región Metropolitana de Santiago";"(01)";"$ 1.602.439";"$ 1.234.510";"$ 0";"$ 139.392";"No";"No tiene";"No tiene";"No tiene";"01/01/2025";"31/12/2025";"No informa";"Sin observaciones";
"2025";"Junio";"Profesional";"BRETTI REYES, ARLETTI";"Atencion Clinica";"15";"MATRON (A)";"Región Metropolitana de Santiago";"(186)";"$ 2.096.212";"$ 1.648.098";"$ 0";"$ 212.119";"Sí";"$ 169.157 : 21,00 hrs";"$ 144.991 : 15,00 hrs";"No tiene";"01/01/2025";"31/12/2025";"No informa";"Sin observaciones";
"2025";"Junio";"Profesional";"BRICEÑO MUÑOZ, ERIC EDGARDO";"Apoyo Administrativo";"10";"ABOGADO (A)";"Región Metropolitana de Santiago";"(01)";"$ 2.256.523";"$ 1.803.947";"$ 0";"$ 0";"No";"No tiene";"No tiene";"No tiene";"01/01/2025";"31/07/2025";"No informa";"REMUNERACION JUNIO 2025";
"2025";"Junio";"Técnico";"BRIONES ARAYA, YASNA ALEJANDRA";"Atencion Clinica";"22";"TECNICO NIVEL SUPERIOR ENFERMERIA";"Región Metropolitana de Santiago";"(186)";"$ 794.819";"$ 638.513";"$ 0";"$ 117.688";"No";"No tiene";"No tiene";"No tiene";"01/01/2025";"31/12/2025";"No informa";"Sin observaciones";
"2025";"Junio";"Técnico";"BRIONES CARO, YUBITZA SCARLETT";"Atencion Clinica";"20";"TECNICO NIVEL SUPERIOR ENFERMERIA";"Región Metropolitana de Santiago";"(01)";"$ 845.468";"$ 639.532";"$ 0";"$ 141.154";"No";"No tiene";"No tiene";"No tiene";"01/01/2025";"31/12/2025";"No informa";"Sin observaciones";
"2025";"Junio";"Administrativo";"BRIONES MUÑOZ, JORGE ANTONIO";"Apoyo Administrativo";"16";"ADMINISTRATIVO";"Región Metropolitana de Santiago";"(186)";"$ 1.086.456";"$ 929.427";"$ 0";"$ 182.228";"Sí";"No tiene";"$ 229.025 : 102,00 hrs";"No tiene";"01/01/2025";"31/12/2025";"No informa";"REMUNERACION JUNIO 2025+PAGO LEY 19490-19937 CUOTA JUNIO";
"2025";"Junio";"Administrativo";"BRIONES OLGUIN, SILVIA ANDREA";"Apoyo Administrativo";"21";"ADMINISTRATIVO";"Región Metropolitana de Santiago";"(186)";"$ 779.800";"$ 589.541";"$ 0";"$ 131.070";"No";"No tiene";"No tiene";"No tiene";"01/01/2025";"31/12/2025";"No informa";"Sin observaciones";
"2025";"Junio";"Profesional";"BRITO AMARO, CARLA ANDREA";"Atencion Clinica";"12";"KINESIOLOGO (A)";"Región Metropolitana de Santiago";"(186)";"$ 2.265.436";"$ 1.766.749";"$ 0";"$ 271.950";"Sí";"$ 72.460 : 7,00 hrs";"No tiene";"No tiene";"01/01/2025";"31/12/2025";"No informa";"Sin observaciones";
"2025";"Junio";"Profesional";"BRITO FARIAS, INGRID NICOLE";"Atencion Clinica";"15";"MATRON (A)";"Región Metropolitana de Santiago";"(186)";"$ 1.835.893";"$ 1.465.368";"$ 0";"$ 154.543";"Sí";"$ 120.094 : 15,00 hrs";"No tiene";"No tiene";"01/01/2025";"31/12/2025";"No informa";"Sin observaciones";
"2025";"Junio";"Profesional";"BRITO RAMOS, CAROLINA ALEJANDRA";"Apoyo Administrativo";"5";"ARQUITECTO";"Región Metropolitana de Santiago";"(186)";"$ 3.423.468";"$ 2.688.306";"$ 0";"$ 212.268";"No";"No tiene";"No tiene";"No tiene";"01/01/2025";"31/12/2025";"No informa";"REMUNERACION JUNIO 2025+PAGO LEY 19937 CUOTA JUNIO 2025";
"2025";"Junio";"Administrativo";"BUCCAREY VARGAS, CAMILA DANIELA";"Secretaria";"21";"ADMINISTRATIVO";"Región Metropolitana de Santiago";"(186)";"$ 688.287";"$ 575.879";"$ 0";"$ 127.515";"Sí";"$ 32.552 : 9,00 hrs";"No tiene";"No tiene";"01/01/2025";"31/12/2025";"No informa";"REMUNERACION JUNIO 2025+PAGO LEY 19490-19937 CUOTA JUNIO+BONO ESCOLAR CUOTA JUNIO 2025";
"2025";"Junio";"Médicos cirujanos, farmacéuticos, químico-farmacéuticos, bioquímicos, cirujano-dentistas";"BUELE GALVEZ, KENYA YULANOVA";"Atencion Odontologica";"22 Hrs.";"CIRUJANO DENTISTA";"Región Metropolitana de Santiago";"(188)(186)";"$ 2.211.722";"$ 1.787.129";"$ 0";"$ 0";"No";"No tiene";"No tiene";"No tiene";"01/01/2025";"31/12/2025";"No informa";"Sin observaciones";
"2025";"Junio";"Profesional";"BUITRAGO ALBARRACIN, JENNIFER TATIANA";"Atencion Clinica";"15";"ENFERMERA (O)";"Región Metropolitana de Santiago";"(186)";"$ 1.774.610";"$ 1.362.989";"$ 0";"$ 187.876";"No";"No tiene";"No tiene";"No tiene";"01/01/2025";"31/12/2025";"No informa";"Sin observaciones";
"2025";"Junio";"Profesional";"BURGOS CASTRO, DANIELA";"Subdirector";"3";"ENFERMERA (O)";"Región Metropolitana de Santiago";"(01)";"$ 4.943.409";"$ 3.791.674";"$ 0";"$ 935.381";"No";"No tiene";"No tiene";"No tiene";"01/01/2025";"31/12/2025";"No informa";"Sin observaciones";
"2025";"Junio";"Administrativo";"BURGOS RALPH, EVELYN ALEJANDRA";"Apoyo Administrativo";"22";"ADMINISTRATIVO";"Región Metropolitana de Santiago";"(186)";"$ 736.538";"$ 563.541";"$ 0";"$ 124.016";"No";"No tiene";"No tiene";"No tiene";"01/01/2025";"31/12/2025";"No informa";"Sin observaciones";
"2025";"Junio";"Profesional";"BUSTAMANTE ALIAGA, JENNIFER ANDREA";"Atencion Clinica";"16";"KINESIOLOGO (A)";"Región Metropolitana de Santiago";"(01)";"$ 671.348";"$ 547.552";"$ 0";"$ 0";"No";"No tiene";"No tiene";"No tiene";"01/01/2025";"30/06/2025";"No informa";"Sin observaciones";
"2025";"Junio";"Médicos cirujanos, farmacéuticos, químico-farmacéuticos, bioquímicos, cirujano-dentistas";"BUSTAMANTE HERNANDEZ, JUAN PABLO ALBERTO";"Atencion Clinica Medica";"44 Hrs.";"MEDICO CIRUJANO";"Región Metropolitana de Santiago";"(86)(186)";"$ 3.397.946";"$ 2.696.226";"$ 0";"$ 0";"No";"No tiene";"No tiene";"No tiene";"01/01/2025";"31/12/2025";"No informa";"Sin observaciones";
"2025";"Junio";"Profesional";"BUSTOS CAMPOS, NICOLET PAMELA";"Atencion Clinica";"7";"NUTRICIONISTA";"Región Metropolitana de Santiago";"(01)";"$ 3.743.251";"$ 2.820.666";"$ 0";"$ 392.221";"Sí";"$ 320.491 : 20,00 hrs";"No tiene";"No tiene";"01/01/2025";"31/12/2025";"No informa";"Sin observaciones";
"2025";"Junio";"Técnico";"BUSTOS CARRASCO, DANIELA PAZ";"Atencion Clinica";"21";"TECNICO NIVEL SUPERIOR ENFERMERIA";"Región Metropolitana de Santiago";"(186)";"$ 827.241";"$ 631.996";"$ 0";"$ 141.993";"No";"No tiene";"No tiene";"No tiene";"01/01/2025";"31/12/2025";"No informa";"Sin observaciones";
"2025";"Junio";"Profesional";"BUSTOS CLASING, TATIANA PAOLA";"Apoyo Administrativo";"3";"ABOGADO (A)";"Región Metropolitana de Santiago";"(36)";"$ 4.804.045";"$ 3.940.071";"$ 0";"$ 535.670";"No";"No tiene";"No tiene";"No tiene";"01/01/2025";"31/12/2025";"No informa";"REMUNERACION JUNIO 2025+PAGO LEY 19490-19937 CUOTA JUNIO";
"2025";"Junio";"Administrativo";"BUSTOS LOBOS, MARCELA ALEJANDRA";"Apoyo Administrativo";"22";"ADMINISTRATIVO";"Región Metropolitana de Santiago";"(01)";"$ 658.331";"$ 536.934";"$ 0";"$ 0";"No";"No tiene";"No tiene";"No tiene";"01/03/2025";"30/06/2025";"No informa";"Sin observaciones";
"2025";"Junio";"Profesional";"BUSTOS PIZARRO, JOSELYN ELENA";"Atencion Clinica";"16";"KINESIOLOGO (A)";"Región Metropolitana de Santiago";"(01)";"$ 1.440.313";"$ 1.122.772";"$ 0";"$ 97.208";"No";"No tiene";"No tiene";"No tiene";"01/01/2025";"30/06/2025";"No informa";"Sin observaciones";
"2025";"Junio";"Técnico";"BUSTOS TORRES, ALEJANDRA SOLANGE";"Atencion Clinica";"20";"TECNICO NIVEL SUPERIOR RECURSOS HUMANOS";"Región Metropolitana de Santiago";"(186)";"$ 860.002";"$ 648.259";"$ 0";"$ 149.795";"No";"No tiene";"No tiene";"No tiene";"01/01/2025";"31/12/2025";"No informa";"Sin observaciones";
"2025";"Junio";"Profesional";"CABALLERO CANAS, EVELYN";"Apoyo Administrativo";"15";"ADMINISTRADOR (A) PUBLICO";"Región Metropolitana de Santiago";"(186)";"$ 1.513.123";"$ 1.224.352";"$ 0";"$ 496.037";"No";"No tiene";"No tiene";"No tiene";"01/01/2025";"31/12/2025";"No informa";"REMUNERACION JUNIO 2025+PAGO LEY 19490-19937 CUOTA JUNIO";
"2025";"Junio";"Administrativo";"CABALLERO CAÑAS, SONIA ELIZABETH";"Secretaria";"20";"ADMINISTRATIVO";"Región Metropolitana de Santiago";"(186)";"$ 678.568";"$ 553.372";"$ 0";"$ 173.577";"No";"No tiene";"No tiene";"No tiene";"01/01/2025";"31/12/2025";"No informa";"REMUNERACION JUNIO 2025+PAGO LEY 19490-19937 CUOTA JUNIO";
"2025";"Junio";"Técnico";"CABELLO MUÑOZ, PAULINA ESTER";"ATENCION CLINICA";"21";"TECNICO NIVEL SUPERIOR ENFERMERIA";"Región Metropolitana de Santiago";"(203)(204)(186)";"$ 964.297";"$ 992.408";"$ 0";"$ 152.917";"No";"No tiene";"No tiene";"No tiene";"01/01/2025";"31/12/2025";"No informa";"REMUNERACION JUN.2025+PAGO TRIMESTRAL LEY 19.490 Y 19.937 PERIODO 06/2025";
"2025";"Junio";"Médicos cirujanos, farmacéuticos, químico-farmacéuticos, bioquímicos, cirujano-dentistas";"CABELLO PEREZ, MARIA CECILIA";"Odontopediatria";"22 Hrs.";"CIRUJANO DENTISTA";"Región Metropolitana de Santiago";"(188)(86)(186)";"$ 3.027.845";"$ 2.393.986";"$ 0";"$ 0";"No";"No tiene";"No tiene";"No tiene";"01/01/2025";"31/12/2025";"No informa";"Sin observaciones";
"2025";"Junio";"Técnico";"CABELLO POBLETE, IRMA DEL PILAR";"ATENCION CLINICA";"22";"TECNICO NIVEL SUPERIOR ENFERMERIA";"Región Metropolitana de Santiago";"(203)(204)(186)";"$ 1.018.971";"$ 1.088.723";"$ 0";"$ 160.353";"Sí";"$ 44.354 : 13,00 hrs";"$ 90.072 : 22,00 hrs";"No tiene";"01/01/2025";"31/12/2025";"No informa";"REMUNERACION JUN.2025+BONO ESCOLAR CUOTA 06/2025+PAGO TRIMESTRAL LEY 19.490 Y 19.937 PERIODO 06/2025";
"2025";"Junio";"Técnico";"CABELLO VALDES, DANIELA TATIANA";"Atencion Clinica";"20";"TECNICO NIVEL SUPERIOR RECURSOS HUMANOS";"Región Metropolitana de Santiago";"(186)";"$ 860.002";"$ 656.257";"$ 0";"$ 149.795";"No";"No tiene";"No tiene";"No tiene";"01/01/2025";"31/12/2025";"No informa";"Sin observaciones";
"2025";"Junio";"Médicos cirujanos, farmacéuticos, químico-farmacéuticos, bioquímicos, cirujano-dentistas";"CABEZAS BAEZA, YASMIN ESTEPHANI";"Quimico Farmaceutico";"44 Hrs.";"QUIMICO FARMACEUTICO";"Región Metropolitana de Santiago";"(01)";"$ 1.890.570";"$ 1.523.550";"$ 0";"$ 0";"No";"No tiene";"No tiene";"No tiene";"10/03/2025";"31/07/2025";"No informa";"Sin observaciones";
"2025";"Junio";"Administrativo";"CABEZAS CUBILLOS, PEDRO ANGEL";"Apoyo Administrativo";"16";"ADMINISTRATIVO";"Región Metropolitana de Santiago";"(186)";"$ 1.150.019";"$ 911.503";"$ 0";"$ 155.030";"Sí";"$ 140.142 : 30,00 hrs";"$ 28.028 : 5,00 hrs";"No tiene";"01/01/2025";"31/12/2025";"No informa";"Sin observaciones";
"2025";"Junio";"Administrativo";"CABRERA CANALES, FELIPE SEGUNDO";"APOYO ADMINISTRATIVO";"22";"ADMINISTRATIVO";"Región Metropolitana de Santiago";"(186)";"$ 875.411";"$ 1.076.405";"$ 0";"$ 131.609";"Sí";"$ 95.531 : 28,00 hrs";"$ 163.767 : 40,00 hrs";"No tiene";"01/01/2025";"31/12/2025";"No informa";"REMUNERACION JUN.2025+PAGO TRIMESTRAL LEY 19.490 Y 19.937 PERIODO 06/2025";
"2025";"Junio";"Auxiliar";"CACERES CONTRERAS, TERESITA";"Apoyo Administrativo";"17";"AUXILIAR";"Región Metropolitana de Santiago";"(186)";"$ 950.440";"$ 802.759";"$ 0";"$ 324.527";"Sí";"$ 145.450 : 32,00 hrs";"No tiene";"No tiene";"01/01/2025";"31/12/2025";"No informa";"REMUNERACION JUNIO 2025+PAGO LEY 19490-19937 CUOTA JUNIO+BONO ESCOLAR CUOTA JUNIO 2025";
"2025";"Junio";"Administrativo";"CACERES GONGORA, ELENA ISABEL";"Apoyo Administrativo";"22";"ADMINISTRATIVO";"Región Metropolitana de Santiago";"(186)";"$ 736.714";"$ 571.983";"$ 0";"$ 111.361";"Sí";"$ 9.969 : 3,00 hrs";"$ 11.963 : 3,00 hrs";"No tiene";"01/01/2025";"30/06/2025";"No informa";"Sin observaciones";
"2025";"Junio";"Profesional";"CACERES ISLA, ROBERTO ANGEL";"Referente Salud Digital";"12";"ENFERMERA (O)";"Región Metropolitana de Santiago";"(01)";"$ 1.906.087";"$ 1.529.701";"$ 0";"$ 0";"No";"No tiene";"No tiene";"No tiene";"01/01/2025";"31/07/2025";"No informa";"REMUNERACION JUNIO 2025";
"2025";"Junio";"Profesional";"CACERES SERRANO, LUIS FELIPE";"Apoyo Administrativo";"11";"INGENIERO (A) ELECTRICO";"Región Metropolitana de Santiago";"(186)";"$ 2.914.278";"$ 2.353.726";"$ 0";"$ 150.971";"Sí";"$ 225.589 : 20,00 hrs";"$ 406.060 : 30,00 hrs";"No tiene";"01/01/2025";"31/12/2025";"No informa";"Sin observaciones";
"2025";"Junio";"Profesional";"CACHANA ALVARADO, JOSE";"Apoyo Administrativo";"5";"INGENIERO (A) EN INFORMATICA";"Región Metropolitana de Santiago";"(186)";"$ 3.621.047";"$ 2.866.163";"$ 0";"$ 1.592.013";"No";"No tiene";"No tiene";"No tiene";"01/01/2025";"31/12/2025";"No informa";"REMUNERACION JUNIO 2025+PAGO LEY 19490-19937 CUOTA JUNIO";
"2025";"Junio";"Administrativo";"CADENA ARAYA, KAREN YANINA";"Apoyo Administrativo";"21";"ADMINISTRATIVO";"Región Metropolitana de Santiago";"(01)";"$ 757.888";"$ 573.919";"$ 0";"$ 120.148";"No";"No tiene";"No tiene";"No tiene";"01/01/2025";"31/12/2025";"No informa";"Sin observaciones";
"2025";"Junio";"Profesional";"CADIZ QUEZADA, SANDRA MARGARITA";"Apoyo Administrativo";"8";"ARQUITECTO";"Región Metropolitana de Santiago";"(186)";"$ 2.810.403";"$ 2.232.873";"$ 0";"$ 445.120";"No";"No tiene";"No tiene";"No tiene";"01/01/2025";"31/12/2025";"No informa";"REMUNERACION JUNIO 2025+PAGO LEY 19490-19937 CUOTA JUNIO";
"2025";"Junio";"Administrativo";"CALDERON BUENO, GEORGINA DE LA ROSA";"Apoyo Administrativo";"16";"INGENIERO (A) EJECUCION ADMINISTRACION DE EMPRESAS";"Región Metropolitana de Santiago";"(186)";"$ 1.778.996";"$ 1.234.736";"$ 0";"$ 450.963";"No";"No tiene";"No tiene";"No tiene";"01/01/2025";"31/12/2025";"No informa";"Sin observaciones";
"2025";"Junio";"Técnico";"CALDERON CASTRO, TRINIDAD DEL CARMEN";"Atencion Clinica";"22";"TECNICO NIVEL SUPERIOR ENFERMERIA";"Región Metropolitana de Santiago";"(186)";"$ 794.819";"$ 607.828";"$ 0";"$ 117.688";"No";"No tiene";"No tiene";"No tiene";"01/01/2025";"31/12/2025";"No informa";"Sin observaciones";
"2025";"Junio";"Técnico";"CALDERON CATALAN, KAMILA FRANCISCA POLLETT";"Atencion Clinica";"22";"TECNICO NIVEL SUPERIOR ENFERMERIA";"Región Metropolitana de Santiago";"(186)";"$ 794.109";"$ 611.880";"$ 0";"$ 121.485";"No";"No tiene";"No tiene";"No tiene";"01/01/2025";"31/12/2025";"No informa";"Sin observaciones";
"2025";"Junio";"Auxiliar";"CALDERON PELLISSA, MAURICIO ANTONIO";"CONDUCTOR";"22";"AUXILIAR";"Región Metropolitana de Santiago";"(01)";"$ 1.097.922";"$ 667.782";"$ 0";"$ 117.689";"Sí";"$ 39.877 : 12,00 hrs";"No tiene";"No tiene";"01/01/2025";"31/12/2025";"No informa";"REMUNERACION JUN.2025+PAGO TRIMESTRAL LEY 19.490 Y 19.937 PERIODO 06/2025";
"2025";"Junio";"Profesional";"CALDERON PIZARRO, LESLY BELEN";"Atencion Clinica";"12";"ENFERMERA (O)";"Región Metropolitana de Santiago";"(01)";"$ 1.906.087";"$ 1.545.326";"$ 0";"$ 0";"No";"No tiene";"No tiene";"No tiene";"01/01/2025";"31/12/2025";"No informa";"Sin observaciones";
"2025";"Junio";"Profesional";"CALDERON QUIJADA, CONSTANZA ANDREA";"Apoyo Administrativo";"12";"ADMINISTRADOR (A) PUBLICO";"Región Metropolitana de Santiago";"(01)";"$ 2.075.591";"$ 1.665.144";"$ 0";"$ 117.555";"Sí";"$ 51.449 : 5,00 hrs";"No tiene";"No tiene";"01/01/2025";"31/12/2025";"No informa";"Sin observaciones";
"2025";"Junio";"Técnico";"CALDERON VASQUEZ, JESVANA ARLY";"Atencion Clinica";"21";"TECNICO NIVEL SUPERIOR ENFERMERIA";"Región Metropolitana de Santiago";"(186)";"$ 794.359";"$ 606.559";"$ 0";"$ 120.148";"No";"No tiene";"No tiene";"No tiene";"01/01/2025";"31/12/2025";"No informa";"Sin observaciones";
"2025";"Junio";"Profesional";"CALFULEO CORNEJO, PAULINA ISABEL";"Atencion Clinica";"15";"MATRON (A)";"Región Metropolitana de Santiago";"(01)";"$ 1.553.748";"$ 1.217.150";"$ 0";"$ 90.908";"No";"No tiene";"No tiene";"No tiene";"01/01/2025";"31/12/2025";"No informa";"Sin observaciones";
"2025";"Junio";"Técnico";"CALVO GALLARDO, PATRICIA IVONNE";"Atencion Clinica";"21";"TECNICO NIVEL SUPERIOR RECURSOS HUMANOS";"Región Metropolitana de Santiago";"(186)";"$ 806.687";"$ 611.207";"$ 0";"$ 126.975";"No";"No tiene";"No tiene";"No tiene";"01/01/2025";"31/12/2025";"No informa";"Sin observaciones";
"2025";"Junio";"Profesional";"CAMARADA SOTO, NATTALY ALEJANDRA";"Atencion Clinica";"15";"MATRON (A)";"Región Metropolitana de Santiago";"(220)(186)";"$ 1.740.568";"$ 1.359.280";"$ 0";"$ 106.059";"No";"No tiene";"No tiene";"No tiene";"01/01/2025";"31/12/2025";"No informa";"Sin observaciones";
"2025";"Junio";"Médicos cirujanos, farmacéuticos, químico-farmacéuticos, bioquímicos, cirujano-dentistas";"CAMEJO HENRIQUEZ, JORGE LUIS";"Medicina Familiar";"44 Hrs.";"MEDICO CIRUJANO";"Región Metropolitana de Santiago";"(188)(86)(186)";"$ 6.723.064";"$ 5.735.656";"$ 0";"$ 0";"No";"No tiene";"No tiene";"No tiene";"01/01/2025";"31/12/2025";"No informa";"Sin observaciones";
"2025";"Junio";"Profesional";"CAMIROAGA PEÑA, PIA IGNACIA";"Atencion Clinica";"16";"ENFERMERA (O)";"Región Metropolitana de Santiago";"(01)";"$ 1.426.367";"$ 1.121.651";"$ 0";"$ 83.321";"No";"No tiene";"No tiene";"No tiene";"01/01/2025";"31/12/2025";"No informa";"Sin observaciones";
"2025";"Junio";"Administrativo";"CAMPBELL ALFARO, MILTON ALEXIS";"Apoyo Administrativo";"22";"ADMINISTRATIVO";"Región Metropolitana de Santiago";"(186)";"$ 764.496";"$ 567.636";"$ 0";"$ 151.856";"No";"No tiene";"No tiene";"No tiene";"01/01/2025";"31/12/2025";"No informa";"Sin observaciones";
"2025";"Junio";"Profesional";"CAMPOS ALARCON, CATALINA DE LOS ANGELES";"Atencion Clinica";"15";"TERAPEUTA OCUPACIONAL";"Región Metropolitana de Santiago";"(01)";"$ 1.776.803";"$ 1.426.023";"$ 0";"$ 154.543";"Sí";"$ 159.148 : 20,00 hrs";"No tiene";"No tiene";"01/01/2025";"31/12/2025";"No informa";"Sin observaciones";
"2025";"Junio";"Administrativo";"CAMPOS BUSTAMANTE, JUDITH";"Apoyo Administrativo";"13";"ADMINISTRATIVO";"Región Metropolitana de Santiago";"(186)";"$ 1.021.723";"$ 833.317";"$ 0";"$ 289.212";"No";"No tiene";"No tiene";"No tiene";"01/01/2025";"31/12/2025";"No informa";"REMUNERACION JUNIO 2025+PAGO LEY 19490-19937 CUOTA JUNIO";
"2025";"Junio";"Administrativo";"CAMPOS CAMPOS, ANDRES DAVID";"Apoyo Administrativo";"13";"ADMINISTRATIVO";"Región Metropolitana de Santiago";"(186)";"$ 1.299.831";"$ 1.019.464";"$ 0";"$ 214.946";"Sí";"$ 52.396 : 9,00 hrs";"No tiene";"No tiene";"01/01/2025";"31/12/2025";"No informa";"Sin observaciones";
"2025";"Junio";"Profesional";"CAMPOS CONTRERAS, CINDY MACARENA";"Atencion Clinica";"15";"ENFERMERA (O)";"Región Metropolitana de Santiago";"(186)";"$ 1.626.100";"$ 1.279.910";"$ 0";"$ 154.543";"No";"No tiene";"No tiene";"No tiene";"01/01/2025";"31/12/2025";"No informa";"Sin observaciones";
"2025";"Junio";"Profesional";"CAMPOS MARAMBIO, RODRIGO FERNANDO";"Atencion Clinica";"15";"KINESIOLOGO (A)";"Región Metropolitana de Santiago";"(01)";"$ 1.591.944";"$ 1.265.305";"$ 0";"$ 90.908";"Sí";"No tiene";"$ 38.196 : 4,00 hrs";"No tiene";"01/01/2025";"31/12/2025";"No informa";"Sin observaciones";
"2025";"Junio";"Profesional";"CAMPOS SANDOVAL, ROMINA MABEL";"Atencion Clinica";"14";"ENFERMERA (O)";"Región Metropolitana de Santiago";"(186)";"$ 3.177.902";"$ 2.678.492";"$ 0";"$ 185.155";"Sí";"$ 221.016 : 25,00 hrs";"$ 1.060.874 : 100,00 hrs";"No tiene";"01/01/2025";"31/12/2025";"No informa";"Sin observaciones";
"2025";"Junio";"Administrativo";"CAMPOS SEREY, ANTONIETA JANETT";"Apoyo Administrativo";"22";"ADMINISTRATIVO";"Región Metropolitana de Santiago";"(186)";"$ 744.163";"$ 560.220";"$ 0";"$ 131.608";"No";"No tiene";"No tiene";"No tiene";"01/01/2025";"31/12/2025";"No informa";"Sin observaciones";
"2025";"Junio";"Profesional";"CAMPOS VILLALOBOS, LEDA CHANEL";"Apoyo Administrativo";"10";"ADMINISTRADOR (A) PUBLICO";"Región Metropolitana de Santiago";"(01)";"$ 2.256.523";"$ 1.804.375";"$ 0";"$ 0";"No";"No tiene";"No tiene";"No tiene";"01/01/2025";"31/12/2025";"No informa";"REMUNERACION JUNIO 2025";
"2025";"Junio";"Médicos cirujanos, farmacéuticos, químico-farmacéuticos, bioquímicos, cirujano-dentistas";"CAMPUSANO BORGES, ESTEFANIA ANDREA";"Atencion Clinica Medica";"44 Hrs.";"MEDICO CIRUJANO";"Región Metropolitana de Santiago";"(86)(186)";"$ 4.762.379";"$ 3.914.691";"$ 0";"$ 0";"Sí";"$ 335.907 : 29,00 hrs";"$ 1.028.526 : 74,00 hrs";"No tiene";"01/01/2025";"31/12/2025";"No informa";"Sin observaciones";
"2025";"Junio";"Profesional";"CANALES SAAVEDRA, PAOLA ANDREA";"Atencion Clinica";"15";"MATRON (A)";"Región Metropolitana de Santiago";"(186)";"$ 1.943.176";"$ 1.531.908";"$ 0";"$ 154.543";"Sí";"$ 160.125 : 20,00 hrs";"$ 67.252 : 7,00 hrs";"No tiene";"01/01/2025";"31/12/2025";"No informa";"Sin observaciones";
"2025";"Junio";"Médicos cirujanos, farmacéuticos, químico-farmacéuticos, bioquímicos, cirujano-dentistas";"CANALES SAEZ, NICOLAS EDUARDO";"Atencion Odontologica";"44 Hrs.";"CIRUJANO DENTISTA";"Región Metropolitana de Santiago";"(186)";"$ 4.058.971";"$ 3.277.934";"$ 0";"$ 0";"No";"No tiene";"No tiene";"No tiene";"01/01/2025";"31/12/2025";"No informa";"Sin observaciones";
"2025";"Junio";"Técnico";"CANALES SALAZAR, TAMARA ALEJANDRA";"Atencion Clinica";"21";"TECNICO NIVEL SUPERIOR ENFERMERIA";"Región Metropolitana de Santiago";"(186)";"$ 964.040";"$ 769.297";"$ 0";"$ 131.070";"Sí";"$ 109.457 : 30,00 hrs";"$ 43.783 : 10,00 hrs";"No tiene";"01/01/2025";"31/12/2025";"No informa";"Sin observaciones";
"2025";"Junio";"Profesional";"CANALES URRIOLA, CLAUDIA ANGELICA";"Atencion Clinica";"12";"ASISTENTE SOCIAL";"Región Metropolitana de Santiago";"(186)";"$ 2.416.375";"$ 1.808.598";"$ 0";"$ 313.480";"Sí";"No tiene";"$ 63.216 : 5,00 hrs";"No tiene";"01/01/2025";"31/12/2025";"No informa";"Sin observaciones";
"2025";"Junio";"Profesional";"CANDIA MILLAR, TAMARA ANDREA";"Atencion Clinica";"15";"ASISTENTE SOCIAL";"Región Metropolitana de Santiago";"(220)(186)";"$ 1.863.970";"$ 1.468.875";"$ 0";"$ 212.119";"No";"No tiene";"No tiene";"No tiene";"01/01/2025";"31/12/2025";"No informa";"Sin observaciones";
"2025";"Junio";"Técnico";"CANDIA VALENZUELA, NADIA SOLEDAD";"Atencion Clinica";"20";"ENFERMERA (O)";"Región Metropolitana de Santiago";"(186)";"$ 1.192.875";"$ 898.968";"$ 0";"$ 221.954";"No";"No tiene";"No tiene";"No tiene";"01/01/2025";"31/12/2025";"No informa";"Sin observaciones";
"2025";"Junio";"Médicos cirujanos, farmacéuticos, químico-farmacéuticos, bioquímicos, cirujano-dentistas";"CANIUMILLA ADONIS, ERIK ESTEBAN";"Atencion Clinica Medica";"44 Hrs.";"MEDICO CIRUJANO";"Región Metropolitana de Santiago";"(86)(186)";"$ 3.397.946";"$ 2.696.504";"$ 0";"$ 0";"No";"No tiene";"No tiene";"No tiene";"01/01/2025";"31/12/2025";"No informa";"Sin observaciones";
"2025";"Junio";"Profesional";"CANO DELGADO, CARLOS";"Atencion Clinica";"14";"PSICOLOGO (A)";"Región Metropolitana de Santiago";"(186)";"$ 801.067";"$ 655.592";"$ 0";"$ 115.723";"No";"No tiene";"No tiene";"No tiene";"01/01/2025";"31/12/2025";"No informa";"Sin observaciones";
"2025";"Junio";"Profesional";"CANO DELGADO, CARLOS";"Atencion Clinica";"14";"PSICOLOGO (A)";"Región Metropolitana de Santiago";"(186)";"$ 1.033.499";"$ 723.902";"$ 0";"$ 115.723";"No";"No tiene";"No tiene";"No tiene";"01/01/2025";"31/12/2025";"No informa";"Sin observaciones";
"2025";"Junio";"Médicos cirujanos, farmacéuticos, químico-farmacéuticos, bioquímicos, cirujano-dentistas";"CANQUIL MATUS, IGNACIO ISMAEL";"Atencion Clinica Medica";"44 Hrs.";"MEDICO CIRUJANO";"Región Metropolitana de Santiago";"(86)";"$ 2.948.378";"$ 2.355.335";"$ 0";"$ 0";"No";"No tiene";"No tiene";"No tiene";"01/01/2025";"31/12/2025";"No informa";"Sin observaciones";
"2025";"Junio";"Administrativo";"CARCAMO OYARCE, CINDY ANDREA";"Apoyo Administrativo";"21";"ADMINISTRATIVO";"Región Metropolitana de Santiago";"(01)";"$ 790.795";"$ 598.123";"$ 0";"$ 152.916";"No";"No tiene";"No tiene";"No tiene";"01/01/2025";"31/12/2025";"No informa";"Sin observaciones";
"2025";"Junio";"Técnico";"CARCAMO PEREZ, ANDREA DANITZA";"Atencion Clinica";"22";"TECNICO EN FARMACIA";"Región Metropolitana de Santiago";"(186)";"$ 793.649";"$ 606.352";"$ 0";"$ 117.688";"Sí";"$ 3.353 : 1,00 hrs";"No tiene";"No tiene";"01/01/2025";"31/12/2025";"No informa";"Sin observaciones";
"2025";"Junio";"Profesional";"CARDENAS LAZCANO, CONSUELO BEATRIZ";"Apoyo Administrativo";"8";"MATRON (A)";"Región Metropolitana de Santiago";"(01)";"$ 2.677.280";"$ 2.150.010";"$ 0";"$ 0";"No";"No tiene";"No tiene";"No tiene";"01/01/2025";"31/12/2025";"No informa";"Sin observaciones";
"2025";"Junio";"Administrativo";"CARDENAS MATAMALA, ADA MARGOTH";"Apoyo Administrativo";"22";"ADMINISTRATIVO";"Región Metropolitana de Santiago";"(186)";"$ 714.782";"$ 541.900";"$ 0";"$ 111.361";"No";"No tiene";"No tiene";"No tiene";"01/01/2025";"31/12/2025";"No informa";"Sin observaciones";
"2025";"Junio";"Técnico";"CARDENAS MATAMALA, ELIZABETH TERESA";"Atencion Clinica";"22";"TECNICO NIVEL SUPERIOR ENFERMERIA";"Región Metropolitana de Santiago";"(186)";"$ 814.443";"$ 613.967";"$ 0";"$ 141.733";"No";"No tiene";"No tiene";"No tiene";"01/01/2025";"31/12/2025";"No informa";"Sin observaciones";
"2025";"Junio";"Técnico";"CARDENAS MONTECINOS, PATRICIA ALEJANDRA";"ATENCION CLINICA";"22";"TECNICO NIVEL SUPERIOR ENFERMERIA";"Región Metropolitana de Santiago";"(203)(204)(186)";"$ 888.664";"$ 908.071";"$ 0";"$ 131.609";"No";"No tiene";"No tiene";"No tiene";"01/01/2025";"31/12/2025";"No informa";"REMUNERACION JUN.2025+PAGO TRIMESTRAL LEY 19.490 Y 19.937 PERIODO 06/2025";
"2025";"Junio";"Auxiliar";"CARDENAS PALMA, ALEX RODRIGO";"CONDUCTOR";"22";"AUXILIAR";"Región Metropolitana de Santiago";"(205)(202)(204)";"$ 1.058.045";"$ 1.012.703";"$ 0";"$ 117.689";"No";"No tiene";"No tiene";"No tiene";"01/01/2025";"31/12/2025";"No informa";"REMUNERACION JUN.2025+PAGO TRIMESTRAL LEY 19.490 Y 19.937 PERIODO 06/2025";
"2025";"Junio";"Administrativo";"CARES SANDOVAL, NINOSKA XIMENA";"Secretaria";"16";"ADMINISTRATIVO";"Región Metropolitana de Santiago";"(01)";"$ 1.318.296";"$ 1.080.221";"$ 0";"$ 240.082";"No";"No tiene";"No tiene";"No tiene";"01/01/2025";"31/12/2025";"No informa";"REMUNERACION JUNIO 2025+PAGO LEY 19937 CUOTA JUNIO 2025";
"2025";"Junio";"Técnico";"CARO HERRERA, PATRICIO IGNACIO";"ATENCION CLINICA";"22";"TECNICO NIVEL SUPERIOR ENFERMERIA";"Región Metropolitana de Santiago";"(202)(204)(186)";"$ 1.337.699";"$ 1.392.937";"$ 0";"$ 117.689";"Sí";"$ 103.933 : 31,00 hrs";"$ 209.207 : 52,00 hrs";"No tiene";"01/01/2025";"31/12/2025";"No informa";"REMUNERACION JUN.2025+PAGO TRIMESTRAL LEY 19.490 Y 19.937 PERIODO 06/2025";
"2025";"Junio";"Técnico";"CARO JORQUERA, EVELYN MARGARITA";"Atencion Clinica";"22";"TECNICO NIVEL SUPERIOR ENFERMERIA";"Región Metropolitana de Santiago";"(01)";"$ 708.935";"$ 580.192";"$ 0";"$ 0";"No";"No tiene";"No tiene";"No tiene";"01/01/2025";"31/07/2025";"No informa";"Sin observaciones";
"2025";"Junio";"Profesional";"CARO OLIVARES, GERSON ARIEL";"ATENCION CLINICA";"13";"ENFERMERA (O)";"Región Metropolitana de Santiago";"(203)(204)(186)";"$ 3.155.540";"$ 3.265.232";"$ 0";"$ 292.275";"Sí";"$ 9.589 : 1,00 hrs";"$ 425.765 : 37,00 hrs";"No tiene";"01/01/2025";"31/12/2025";"No informa";"REMUNERACION JUN.2025 + BONO ENF. Y OTROS PROF+PAGO TRIMESTRAL LEY 19.490 Y 19.937 PERIODO 06/2025";
"2025";"Junio";"Técnico";"CARO PINO, NICOLE LISSETTE";"Atencion Clinica";"22";"TECNICO NIVEL SUPERIOR ENFERMERIA";"Región Metropolitana de Santiago";"(186)";"$ 850.644";"$ 664.475";"$ 0";"$ 117.688";"Sí";"$ 60.348 : 18,00 hrs";"No tiene";"No tiene";"01/01/2025";"31/12/2025";"No informa";"Sin observaciones";
"2025";"Junio";"Auxiliar";"CAROCA MADARIAGA, NIBALDO ALEXANDER";"CONDUCTOR";"22";"AUXILIAR";"Región Metropolitana de Santiago";"(205)(202)(204)";"$ 1.330.540";"$ 1.171.826";"$ 0";"$ 111.361";"Sí";"$ 53.170 : 16,00 hrs";"$ 219.325 : 55,00 hrs";"No tiene";"01/01/2025";"30/06/2025";"No informa";"REMUNERACION JUN.2025+PAGO TRIMESTRAL LEY 19.937 PERIODO 06/2025";
"2025";"Junio";"Profesional";"CARRASCO CORNEJO, JUAN CARLOS";"Apoyo Administrativo";"8";"INGENIERO (A) COMERCIAL";"Región Metropolitana de Santiago";"(186)";"$ 2.839.352";"$ 2.254.640";"$ 0";"$ 667.680";"No";"No tiene";"No tiene";"No tiene";"01/01/2025";"31/12/2025";"No informa";"REMUNERACION JUNIO 2025+PAGO LEY 19490-19937 CUOTA JUNIO+BONO ESCOLAR CUOTA JUNIO 2025";
"2025";"Junio";"Técnico";"CARRASCO DONOSO, CRISTIAN ELIAS ALBERTO";"ATENCION CLINICA";"22";"TECNICO NIVEL SUPERIOR ENFERMERIA";"Región Metropolitana de Santiago";"(01)";"$ 1.045.238";"$ 695.063";"$ 0";"$ 124.016";"No";"No tiene";"No tiene";"No tiene";"01/01/2025";"31/12/2025";"No informa";"REMUNERACION JUN.2025+PAGO CARGAS FAMILIARES RETROACTIVO+PAGO TRIMESTRAL LEY 19.490 Y 19.937 PERIODO 06/2025";
"2025";"Junio";"Profesional";"CARRASCO FUENZALIDA, VANIA MARCELA";"Atencion Clinica";"16";"PSICOLOGO (A)";"Región Metropolitana de Santiago";"(01)";"$ 1.426.367";"$ 1.122.148";"$ 0";"$ 83.321";"No";"No tiene";"No tiene";"No tiene";"01/01/2025";"31/12/2025";"No informa";"Sin observaciones";
"2025";"Junio";"Administrativo";"CARRASCO GOMEZ, MARIBEL DAISY";"Apoyo Administrativo";"13";"ADMINISTRATIVO";"Región Metropolitana de Santiago";"(186)";"$ 1.457.015";"$ 1.061.461";"$ 0";"$ 319.289";"Sí";"$ 104.793 : 18,00 hrs";"No tiene";"No tiene";"01/01/2025";"31/12/2025";"No informa";"Sin observaciones";
"2025";"Junio";"Profesional";"CARRASCO NAVAS, CAROL CRISTINA";"ATENCION CLINICA";"13";"ENFERMERA (O)";"Región Metropolitana de Santiago";"(203)(204)(186)";"$ 2.720.186";"$ 2.893.186";"$ 0";"$ 317.533";"No";"No tiene";"No tiene";"No tiene";"01/01/2025";"31/12/2025";"No informa";"REMUNERACION JUN.2025 + BONO ENF. Y OTROS PROF+PAGO TRIMESTRAL LEY 19.490 Y 19.937 PERIODO 06/2025";
"2025";"Junio";"Profesional";"CARRASCO POBLETE, TAMARA FRANCISCA";"Atencion Clinica";"16";"NUTRICIONISTA";"Región Metropolitana de Santiago";"(01)";"$ 223.782";"$ 184.642";"$ 0";"$ 0";"No";"No tiene";"No tiene";"No tiene";"09/06/2025";"13/06/2025";"No informa";"Sin observaciones";
"2025";"Junio";"Profesional";"CARRASCO POBLETE, TAMARA FRANCISCA";"Atencion Clinica";"16";"NUTRICIONISTA";"Región Metropolitana de Santiago";"(01)";"$ 526.724";"$ 434.600";"$ 0";"$ 0";"No";"No tiene";"No tiene";"No tiene";"16/06/2025";"29/06/2025";"No informa";"Sin observaciones";
"2025";"Junio";"Profesional";"CARRASCO POBLETE, TAMARA FRANCISCA";"Atencion Clinica";"16";"NUTRICIONISTA";"Región Metropolitana de Santiago";"(01)";"$ 223.782";"$ 184.642";"$ 0";"$ 0";"No";"No tiene";"No tiene";"No tiene";"02/06/2025";"06/06/2025";"No informa";"Sin observaciones";
"2025";"Junio";"Médicos cirujanos, farmacéuticos, químico-farmacéuticos, bioquímicos, cirujano-dentistas";"CARRASCO VALENZUELA, SOLEDAD ALEJANDRA";"Atencion Odontologica";"44 Hrs.";"CIRUJANO DENTISTA";"Región Metropolitana de Santiago";"(86)(86)(186)";"$ 5.949.908";"$ 4.158.854";"$ 0";"$ 0";"No";"No tiene";"No tiene";"No tiene";"01/01/2025";"31/12/2025";"No informa";"Sin observaciones";
"2025";"Junio";"Administrativo";"CARREÑO BUSTAMANTE, CRISTIAN ANDRES";"APOYO ADMINISTRATIVO";"16";"ADMINISTRATIVO";"Región Metropolitana de Santiago";"(186)";"$ 841.795";"$ 1.523.756";"$ 0";"$ 361.150";"No";"No tiene";"No tiene";"No tiene";"01/01/2025";"31/12/2025";"No informa";"REMUNERACION JUN.2025+PAGO TRIMESTRAL LEY 19.490 Y 19.937 PERIODO 06/2025";
"2025";"Junio";"Profesional";"CARREÑO CARO, MARIA GABRIELA";"Apoyo Administrativo";"15";"INGENIERO (A) EJECUCION CONTROL DE GESTION";"Región Metropolitana de Santiago";"(186)";"$ 1.668.020";"$ 1.261.584";"$ 0";"$ 187.876";"No";"No tiene";"No tiene";"No tiene";"01/01/2025";"31/12/2025";"No informa";"Sin observaciones";
"2025";"Junio";"Profesional";"CARREÑO GAIBISSO, KARINA PAOLA";"Atencion Clinica";"12";"ENFERMERA (O)";"Región Metropolitana de Santiago";"(01)";"$ 2.672.555";"$ 2.070.309";"$ 0";"$ 274.294";"Sí";"$ 277.826 : 27,00 hrs";"$ 123.479 : 10,00 hrs";"No tiene";"01/01/2025";"31/12/2025";"No informa";"Sin observaciones";
"2025";"Junio";"Profesional";"CARRERA AZOCAR, KAREN ALEJANDRA";"Atencion Clinica";"15";"PSICOLOGO (A)";"Región Metropolitana de Santiago";"(186)";"$ 1.626.100";"$ 1.283.245";"$ 0";"$ 154.543";"No";"No tiene";"No tiene";"No tiene";"01/01/2025";"31/12/2025";"No informa";"Sin observaciones";
"2025";"Junio";"Profesional";"CARRIEL CAÑUTA, YESENIA JOSELYN ORIETA";"Atencion Clinica";"15";"ENFERMERA (O)";"Región Metropolitana de Santiago";"(186)";"$ 1.757.719";"$ 1.349.624";"$ 0";"$ 187.876";"No";"No tiene";"No tiene";"No tiene";"01/01/2025";"31/12/2025";"No informa";"Sin observaciones";
"2025";"Junio";"Médicos cirujanos, farmacéuticos, químico-farmacéuticos, bioquímicos, cirujano-dentistas";"CARRILLO ARISMENDI, DIANA ESPERANZA";"Atencion Clinica Medica";"33 Hrs.";"MEDICO CIRUJANO";"Región Metropolitana de Santiago";"(188)(186)";"$ 3.257.256";"$ 2.568.868";"$ 0";"$ 0";"No";"No tiene";"No tiene";"No tiene";"01/01/2025";"31/12/2025";"No informa";"Sin observaciones";
"2025";"Junio";"Profesional";"CARRION BUBNIAK, SUSAN CAROLINA";"Apoyo Administrativo";"11";"INGENIERO (A) EJECUCION ADMINISTRACION DE EMPRESAS";"Región Metropolitana de Santiago";"(01)";"$ 2.073.880";"$ 1.664.327";"$ 0";"$ 343.330";"No";"No tiene";"No tiene";"No tiene";"01/01/2025";"31/12/2025";"No informa";"REMUNERACION JUNIO 2025+PAGO LEY 19490-19937 CUOTA JUNIO+BONO ESCOLAR CUOTA JUNIO 2025";
"2025";"Junio";"Profesional";"CARRION GONZALEZ, ALEXIS ALBERTO";"JEFE DE DEPARTAMENTO";"10";"TRABAJADOR (A) SOCIAL";"Región Metropolitana de Santiago";"(186)";"$ 2.281.342";"$ 2.109.291";"$ 0";"$ 260.591";"No";"No tiene";"No tiene";"No tiene";"01/01/2025";"31/12/2025";"No informa";"REMUNERACION JUN.2025+PAGO TRIMESTRAL LEY 19.490 Y 19.937 PERIODO 06/2025";
"2025";"Junio";"Médicos cirujanos, farmacéuticos, químico-farmacéuticos, bioquímicos, cirujano-dentistas";"CARTAGENA GIL, DANIELA PAZ";"Medico Becario Primario";"44 Hrs.";"MEDICO CIRUJANO";"Región Metropolitana de Santiago";"(01)";"$ 2.819.587";"$ 2.326.441";"$ 0";"$ 0";"No";"No tiene";"No tiene";"No tiene";"06/05/2024";"05/05/2026";"No informa";"REMUNERACION JUNIO 2025";
"2025";"Junio";"Técnico";"CARTES GAETE, PAULA ANDREA";"Atencion Clinica";"20";"TECNICO NIVEL SUPERIOR ENFERMERIA";"Región Metropolitana de Santiago";"(01)";"$ 867.165";"$ 657.614";"$ 0";"$ 162.759";"No";"No tiene";"No tiene";"No tiene";"01/01/2025";"31/12/2025";"No informa";"Sin observaciones";
"2025";"Junio";"Técnico";"CARVACHO LOBELUZ, VALERY MAKARENA";"Atencion Clinica";"22";"TECNICO NIVEL SUPER ENFERMERIA";"Región Metropolitana de Santiago";"(01)";"$ 708.935";"$ 579.413";"$ 0";"$ 0";"No";"No tiene";"No tiene";"No tiene";"01/01/2025";"31/07/2025";"No informa";"Sin observaciones";
"2025";"Junio";"Profesional";"CARVACHO SAEZ, RUBEN ALEJANDRO";"Jefe Unidad de Apoyo";"6";"ABOGADO (A)";"Región Metropolitana de Santiago";"(186)";"$ 3.311.660";"$ 2.605.358";"$ 0";"$ 420.034";"No";"No tiene";"No tiene";"No tiene";"01/01/2025";"31/12/2025";"No informa";"REMUNERACION JUNIO 2025+PAGO LEY 19490-19937 CUOTA JUNIO";
"2025";"Junio";"Profesional";"CARVALLO GUTIERREZ, ANA MARIA";"Atencion Clinica";"16";"NUTRICIONISTA";"Región Metropolitana de Santiago";"(01)";"$ 1.426.367";"$ 1.120.467";"$ 0";"$ 83.321";"No";"No tiene";"No tiene";"No tiene";"01/01/2025";"31/12/2025";"No informa";"Sin observaciones";
"2025";"Junio";"Médicos cirujanos, farmacéuticos, químico-farmacéuticos, bioquímicos, cirujano-dentistas";"CARVALLO MATURANA, JAVIER IGNACIO";"Medico Becario Primario";"44 Hrs.";"MEDICO CIRUJANO";"Región Metropolitana de Santiago";"(01)";"$ 2.819.587";"$ 2.323.903";"$ 0";"$ 0";"No";"No tiene";"No tiene";"No tiene";"08/05/2024";"07/05/2026";"No informa";"REMUNERACION JUNIO 2025";
"2025";"Junio";"Técnico";"CASTAÑEDA ESPINOZA, FLORENCIA DE LAS NIEVES";"ATENCION CLINICA";"22";"TECNICO NIVEL SUPERIOR ENFERMERIA";"Región Metropolitana de Santiago";"(203)(204)(186)";"$ 922.327";"$ 836.778";"$ 0";"$ 145.981";"Sí";"$ 40.587 : 12,00 hrs";"No tiene";"No tiene";"01/01/2025";"31/12/2025";"No informa";"REMUNERACION JUN.2025+BONO ESCOLAR CUOTA 06/2025+PAGO TRIMESTRAL LEY 19.490 Y 19.937 PERIODO 06/2025";
"2025";"Junio";"Técnico";"CASTAÑEDA HOLTMANN, IGNACIO ALEXIS";"ATENCION CLINICA";"22";"TECNICO NIVEL SUPERIOR ENFERMERIA";"Región Metropolitana de Santiago";"(203)(204)(186)";"$ 1.215.648";"$ 1.202.795";"$ 0";"$ 130.344";"Sí";"$ 51.621 : 15,00 hrs";"$ 272.558 : 66,00 hrs";"No tiene";"01/01/2025";"31/12/2025";"No informa";"REMUNERACION JUN.2025+PAGO TRIMESTRAL LEY 19.490 Y 19.937 PERIODO 06/2025";
"2025";"Junio";"Técnico";"CASTAÑEDA MUÑOZ, KARYN MARION";"ATENCION CLINICA";"22";"FONOAUDIOLOGO (A)";"Región Metropolitana de Santiago";"(203)(204)(186)";"$ 1.293.051";"$ 1.393.518";"$ 0";"$ 211.906";"Sí";"$ 52.151 : 14,00 hrs";"$ 98.341 : 22,00 hrs";"No tiene";"01/01/2025";"31/12/2025";"No informa";"REMUNERACION JUN.2025+BONO ESCOLAR CUOTA 03/2025+BONO ESCOLAR CUOTA 06/2025+PAGO TRIMESTRAL LEY 19.490 Y 19.937 PERIODO 06/2025";
"2025";"Junio";"Médicos cirujanos, farmacéuticos, químico-farmacéuticos, bioquímicos, cirujano-dentistas";"CASTILLO ARAYA, ANA MARCELA";"Atencion Clinica Medica";"44 Hrs.";"MEDICO CIRUJANO";"Región Metropolitana de Santiago";"(188)(186)";"$ 5.090.439";"$ 4.167.224";"$ 0";"$ 0";"No";"No tiene";"No tiene";"No tiene";"01/01/2025";"31/12/2025";"No informa";"Sin observaciones";
"2025";"Junio";"Médicos cirujanos, farmacéuticos, químico-farmacéuticos, bioquímicos, cirujano-dentistas";"CASTILLO ARIAS, KARINA ELIZABETH";"Quimico Farmaceutico";"44 Hrs.";"QUIMICO FARMACEUTICO";"Región Metropolitana de Santiago";"(86)(186)";"$ 6.042.466";"$ 4.956.952";"$ 0";"$ 0";"No";"No tiene";"No tiene";"No tiene";"01/01/2025";"31/12/2025";"No informa";"Sin observaciones";
"2025";"Junio";"Profesional";"CASTILLO BUDIN, MARUZELLA SOLANGE";"Coordinador";"9";"INGENIERO (A) EJECUCION ADMINISTRACION";"Región Metropolitana de Santiago";"(01)";"$ 2.972.364";"$ 2.140.290";"$ 0";"$ 420.923";"No";"No tiene";"No tiene";"No tiene";"01/01/2025";"31/12/2025";"No informa";"Sin observaciones";
"2025";"Junio";"Profesional";"CASTILLO CARRASCO, JESSICA MADELAINE";"Apoyo Administrativo";"13";"PSICOLOGO (A)";"Región Metropolitana de Santiago";"(01)";"$ 1.844.239";"$ 1.451.258";"$ 0";"$ 108.250";"No";"No tiene";"No tiene";"No tiene";"01/01/2025";"31/12/2025";"No informa";"Sin observaciones";
"2025";"Junio";"Técnico";"CASTILLO CASTRO, LISSETTE LIBEGNA";"ATENCION CLINICA";"22";"TECNICO NIVEL SUPERIOR ENFERMERIA";"Región Metropolitana de Santiago";"(203)(204)(186)";"$ 1.142.935";"$ 1.070.292";"$ 0";"$ 117.689";"Sí";"$ 87.169 : 26,00 hrs";"$ 185.067 : 46,00 hrs";"No tiene";"01/01/2025";"31/12/2025";"No informa";"REMUNERACION JUN.2025+PAGO TRIMESTRAL LEY 19.490 Y 19.937 PERIODO 06/2025";
"2025";"Junio";"Profesional";"CASTILLO CHACON, CONSTANZA FERNANDA";"Apoyo Logistico";"15";"INGENIERO (A) COMERCIAL";"Región Metropolitana de Santiago";"(186)";"$ 1.994.530";"$ 1.669.368";"$ 0";"$ 90.908";"Sí";"$ 192.150 : 24,00 hrs";"$ 240.187 : 25,00 hrs";"No tiene";"01/01/2025";"30/06/2025";"No informa";"Sin observaciones";
"2025";"Junio";"Administrativo";"CASTILLO CURUMILLA, OSCAR";"Apoyo Administrativo";"16";"ADMINISTRATIVO";"Región Metropolitana de Santiago";"(186)";"$ 1.157.262";"$ 999.100";"$ 0";"$ 362.686";"Sí";"$ 192.281 : 40,00 hrs";"$ 115.368 : 20,00 hrs";"No tiene";"01/01/2025";"31/12/2025";"No informa";"REMUNERACION JUNIO 2025+PAGO LEY 19490-19937 CUOTA JUNIO";
"2025";"Junio";"Profesional";"CASTILLO HENRIQUEZ, JORGE IGNACIO";"Atencion Clinica";"14";"KINESIOLOGO (A)";"Región Metropolitana de Santiago";"(186)";"$ 1.897.696";"$ 1.437.971";"$ 0";"$ 204.994";"No";"No tiene";"No tiene";"No tiene";"01/01/2025";"31/12/2025";"No informa";"Sin observaciones";
"2025";"Junio";"Administrativo";"CASTILLO RIVAS, NESTOR FRANCISCO";"APOYO ADMINISTRATIVO";"22";"KINESIOLOGO (A)";"Región Metropolitana de Santiago";"(203)(204)(186)";"$ 1.131.516";"$ 970.441";"$ 0";"$ 144.708";"No";"No tiene";"No tiene";"No tiene";"01/01/2025";"31/12/2025";"No informa";"REMUNERACION JUN.2025+PAGO TRIMESTRAL LEY 19.937 PERIODO 06/2025";
"2025";"Junio";"Administrativo";"CASTILLO ROCCO, ALEX CHRISTIAN";"Apoyo Administrativo";"21";"ADMINISTRATIVO";"Región Metropolitana de Santiago";"(186)";"$ 791.917";"$ 603.162";"$ 0";"$ 126.975";"Sí";"$ 21.702 : 6,00 hrs";"No tiene";"No tiene";"01/01/2025";"31/12/2025";"No informa";"Sin observaciones";
"2025";"Junio";"Médicos cirujanos, farmacéuticos, químico-farmacéuticos, bioquímicos, cirujano-dentistas";"CASTILLO SAEZ, PAOLA ANGELICA";"Atencion Odontologica";"22 Hrs.";"MÉDICOS CIRUJANOS, FARMACÉUTICOS, QUÍMICO-FARMACÉUTICOS, BIOQUÍMICOS, CIRUJANO-DENTISTAS";"Región Metropolitana de Santiago";"(86)(186)";"$ 2.531.997";"$ 1.925.154";"$ 0";"$ 0";"No";"No tiene";"No tiene";"No tiene";"01/01/2025";"31/12/2025";"No informa";"Sin observaciones";
"2025";"Junio";"Médicos cirujanos, farmacéuticos, químico-farmacéuticos, bioquímicos, cirujano-dentistas";"CASTILLO SAEZ, PAOLA ANGELICA";"Atencion Odontologica";"22 Hrs.";"MÉDICOS CIRUJANOS, FARMACÉUTICOS, QUÍMICO-FARMACÉUTICOS, BIOQUÍMICOS, CIRUJANO-DENTISTAS";"Región Metropolitana de Santiago";"(86)(186)";"$ 2.531.997";"$ 2.214.123";"$ 0";"$ 0";"No";"No tiene";"No tiene";"No tiene";"01/01/2025";"31/12/2025";"No informa";"Sin observaciones";
"2025";"Junio";"Médicos cirujanos, farmacéuticos, químico-farmacéuticos, bioquímicos, cirujano-dentistas";"CASTILLO SAEZ, RODRIGO ERIC";"Atencion Odontologica";"22 Hrs.";"CIRUJANO DENTISTA";"Región Metropolitana de Santiago";"(188)(186)";"$ 2.168.375";"$ 1.681.333";"$ 0";"$ 0";"No";"No tiene";"No tiene";"No tiene";"01/01/2025";"31/12/2025";"No informa";"Sin observaciones";
"2025";"Junio";"Médicos cirujanos, farmacéuticos, químico-farmacéuticos, bioquímicos, cirujano-dentistas";"CASTILLO SAEZ, RODRIGO ERIC";"Atencion Odontologica";"11 Hrs.";"CIRUJANO DENTISTA";"Región Metropolitana de Santiago";"(188)(186)";"$ 1.084.189";"$ 887.300";"$ 0";"$ 0";"No";"No tiene";"No tiene";"No tiene";"01/01/2025";"31/12/2025";"No informa";"Sin observaciones";
"2025";"Junio";"Profesional";"CASTILLO SEPULVEDA, AGUEDA";"Atencion Clinica";"15";"TERAPEUTA OCUPACIONAL";"Región Metropolitana de Santiago";"(186)";"$ 1.733.373";"$ 1.326.820";"$ 0";"$ 163.634";"No";"No tiene";"No tiene";"No tiene";"01/01/2025";"31/12/2025";"No informa";"Sin observaciones";
"2025";"Junio";"Profesional";"CASTILLO VELOSO, NATALIA SOFIA";"Atencion Clinica";"14";"KINESIOLOGO (A)";"Región Metropolitana de Santiago";"(186)";"$ 2.227.641";"$ 1.802.315";"$ 0";"$ 231.445";"Sí";"$ 183.439 : 21,00 hrs";"$ 209.643 : 20,00 hrs";"No tiene";"01/01/2025";"31/12/2025";"No informa";"Sin observaciones";
"2025";"Junio";"Administrativo";"CASTILLO VENEGAS, CLAUDIA MARIOLY";"APOYO ADMINISTRATIVO";"22";"ADMINISTRATIVO";"Región Metropolitana de Santiago";"(01)";"$ 629.051";"$ 568.822";"$ 0";"$ 0";"Sí";"$ 69.785 : 21,00 hrs";"$ 216.666 : 133,00 hrs";"No tiene";"27/05/2025";"30/06/2025";"No informa";"SUPLENCIA MAY.2025 (27-31)+REEMPLAZO JUN.2025 (01-04) (23-30)+PAGO BONO MENSUAL";
"2025";"Junio";"Médicos cirujanos, farmacéuticos, químico-farmacéuticos, bioquímicos, cirujano-dentistas";"CASTRO ARENAS, JAVIERA CAROLINA";"Atencion Clinica Medica";"44 Hrs.";"MEDICO CIRUJANO";"Región Metropolitana de Santiago";"(86)";"$ 2.948.378";"$ 2.342.399";"$ 0";"$ 0";"No";"No tiene";"No tiene";"No tiene";"01/01/2025";"31/12/2025";"No informa";"Sin observaciones";
"2025";"Junio";"Profesional";"CASTRO DELGADO, ROCIO ALONDRA";"Atencion Clinica";"12";"TERAPEUTA OCUPACIONAL";"Región Metropolitana de Santiago";"(186)";"$ 1.916.726";"$ 1.543.046";"$ 0";"$ 200.694";"No";"No tiene";"No tiene";"No tiene";"01/01/2025";"31/12/2025";"No informa";"REMUNERACION JUNIO 2025+PAGO LEY 19490-19937 CUOTA JUNIO";
"2025";"Junio";"Auxiliar";"CASTRO MENA, AMELIA ROSA";"Apoyo Administrativo";"21";"AUXILIAR";"Región Metropolitana de Santiago";"(186)";"$ 874.182";"$ 755.668";"$ 0";"$ 142.598";"Sí";"$ 144.678 : 40,00 hrs";"$ 86.806 : 20,00 hrs";"No tiene";"01/01/2025";"31/12/2025";"No informa";"REMUNERACION JUNIO 2025+PAGO LEY 19490-19937 CUOTA JUNIO";
"2025";"Junio";"Médicos cirujanos, farmacéuticos, químico-farmacéuticos, bioquímicos, cirujano-dentistas";"CASTRO MOROCHO, LUIS VLADIMIR";"Medicina Familiar";"22 Hrs.";"MEDICO CIRUJANO";"Región Metropolitana de Santiago";"(86)(188)(86)(186)";"$ 3.153.459";"$ 2.086.707";"$ 0";"$ 0";"No";"No tiene";"No tiene";"No tiene";"01/01/2025";"31/12/2025";"No informa";"Sin observaciones";
"2025";"Junio";"Médicos cirujanos, farmacéuticos, químico-farmacéuticos, bioquímicos, cirujano-dentistas";"CASTRO MOROCHO, LUIS VLADIMIR";"Medicina Familiar";"11 Hrs.";"MEDICO CIRUJANO";"Región Metropolitana de Santiago";"(86)(188)(86)(186)";"$ 1.484.171";"$ 1.325.235";"$ 0";"$ 0";"No";"No tiene";"No tiene";"No tiene";"01/01/2025";"31/12/2025";"No informa";"Sin observaciones";
"2025";"Junio";"Auxiliar";"CASTRO MUÑOZ, CLAUDIO";"CONDUCTOR";"24";"AUXILIAR";"Región Metropolitana de Santiago";"(01)";"$ 927.983";"$ 807.503";"$ 0";"$ 0";"Sí";"$ 33.596 : 12,00 hrs";"$ 296.767 : 133,00 hrs";"No tiene";"30/01/2025";"30/06/2025";"No informa";"REMUNERACION JUN.2025+PAGO BONO MENSUAL";
"2025";"Junio";"Técnico";"CASTRO ORTEGA, LORENA SOLEDAD";"Apoyo Administrativo";"21";"TECNICO AMBIENTAL";"Región Metropolitana de Santiago";"(01)";"$ 757.888";"$ 573.919";"$ 0";"$ 120.148";"No";"No tiene";"No tiene";"No tiene";"01/01/2025";"30/06/2025";"No informa";"Sin observaciones";
"2025";"Junio";"Profesional";"CASTRO ROBLES, LYSSA FRANCESCA";"Atencion Clinica";"15";"NUTRICIONISTA";"Región Metropolitana de Santiago";"(186)";"$ 1.829.386";"$ 1.368.283";"$ 0";"$ 242.422";"No";"No tiene";"No tiene";"No tiene";"01/01/2025";"31/12/2025";"No informa";"Sin observaciones";
"2025";"Junio";"Profesional";"CASTRUCCIO ALVAREZ, CAROLINA PAZ";"Jefe Subdepto Salud Mental";"6";"PSICOLOGO (A)";"Región Metropolitana de Santiago";"(01)";"$ 3.205.000";"$ 2.524.269";"$ 0";"$ 367.530";"No";"No tiene";"No tiene";"No tiene";"01/01/2025";"31/12/2025";"No informa";"REMUNERACION JUNIO 2025+PAGO LEY 19490-19937 CUOTA JUNIO";
"2025";"Junio";"Técnico";"CATALAN GONZALEZ, GABRIELA VALENTINA";"Atencion Clinica";"21";"TECNICO NIVEL SUPERIOR ODONTOLOGIA";"Región Metropolitana de Santiago";"(01)";"$ 788.888";"$ 602.082";"$ 0";"$ 120.148";"No";"No tiene";"No tiene";"No tiene";"01/01/2025";"31/12/2025";"No informa";"Sin observaciones";
"2025";"Junio";"Médicos cirujanos, farmacéuticos, químico-farmacéuticos, bioquímicos, cirujano-dentistas";"CATALAN PEREZ, CLAUDIO RODRIGO";"Imagenologia Oral y Maxilofacial";"22 Hrs.";"CIRUJANO DENTISTA";"Región Metropolitana de Santiago";"(188)(86)(186)";"$ 2.730.336";"$ 2.172.669";"$ 0";"$ 0";"No";"No tiene";"No tiene";"No tiene";"01/01/2025";"31/12/2025";"No informa";"Sin observaciones";
"2025";"Junio";"Profesional";"CATRIPIL CARIQUEO, RODRIGO";"Apoyo Administrativo";"12";"ADMINISTRADOR (A) PUBLICO";"Región Metropolitana de Santiago";"(186)";"$ 2.038.345";"$ 1.639.058";"$ 0";"$ 724.074";"No";"No tiene";"No tiene";"No tiene";"01/01/2025";"31/12/2025";"No informa";"REMUNERACION JUNIO 2025+PAGO LEY 19490-19937 CUOTA JUNIO";
"2025";"Junio";"Profesional";"CAVIERES PEREZ, RODRIGO ANDRES";"APOYO ADMINISTRATIVO";"9";"INGENIERO (A) EN ADMINISTRACION DE RECURSOS HUMANOS";"Región Metropolitana de Santiago";"(186)";"$ 2.589.853";"$ 2.562.167";"$ 0";"$ 325.295";"No";"No tiene";"No tiene";"No tiene";"01/01/2025";"31/12/2025";"No informa";"REMUNERACION JUN.2025+PAGO TRIMESTRAL LEY 19.490 Y 19.937 PERIODO 06/2025";
"2025";"Junio";"Administrativo";"CAVIERES SAGREDO, DANIELA ALEJANDRA";"Apoyo Administrativo";"22";"ADMINISTRATIVO";"Región Metropolitana de Santiago";"(186)";"$ 721.136";"$ 553.068";"$ 0";"$ 117.688";"No";"No tiene";"No tiene";"No tiene";"01/01/2025";"31/12/2025";"No informa";"Sin observaciones";
"2025";"Junio";"Médicos cirujanos, farmacéuticos, químico-farmacéuticos, bioquímicos, cirujano-dentistas";"CEA VILLANUEVA, MICHELLE";"Medico Becario Primario";"44 Hrs.";"MEDICO CIRUJANO";"Región Metropolitana de Santiago";"(01)";"$ 2.819.587";"$ 2.307.550";"$ 0";"$ 0";"No";"No tiene";"No tiene";"No tiene";"06/05/2024";"05/05/2026";"No informa";"REMUNERACION JUNIO 2025";
"2025";"Junio";"Médicos cirujanos, farmacéuticos, químico-farmacéuticos, bioquímicos, cirujano-dentistas";"CELEDON AGUERO, NATALIA VANESA";"Atencion Clinica Medica";"22 Hrs.";"MEDICO CIRUJANO";"Región Metropolitana de Santiago";"(188)(186)";"$ 1.262.596";"$ 1.031.919";"$ 0";"$ 0";"No";"No tiene";"No tiene";"No tiene";"01/01/2025";"31/12/2025";"No informa";"Sin observaciones";
"2025";"Junio";"Médicos cirujanos, farmacéuticos, químico-farmacéuticos, bioquímicos, cirujano-dentistas";"CELEDON AGUERO, NATALIA VANESA";"Atencion Clinica Medica";"22 Hrs.";"MEDICO CIRUJANO";"Región Metropolitana de Santiago";"(188)(186)";"$ 1.262.596";"$ 986.498";"$ 0";"$ 0";"No";"No tiene";"No tiene";"No tiene";"01/01/2025";"31/12/2025";"No informa";"Sin observaciones";
"2025";"Junio";"Técnico";"CELIS ALLENDE, ALISSON KILLY";"Atencion Clinica";"22";"TECNICO DE NIVEL MEDIO EN ATENCION DE PARVULOS";"Región Metropolitana de Santiago";"(01)";"$ 580.410";"$ 459.844";"$ 0";"$ 0";"No";"No tiene";"No tiene";"No tiene";"14/03/2025";"25/06/2025";"No informa";"Sin observaciones";
"2025";"Junio";"Profesional";"CELIS SANCHEZ, GUSTAVO ENRIQUE";"Atencion Clinica";"16";"MATRON (A)";"Región Metropolitana de Santiago";"(01)";"$ 1.202.517";"$ 1.010.278";"$ 0";"$ 0";"Sí";"$ 14.586 : 2,00 hrs";"$ 113.776 : 13,00 hrs";"No tiene";"13/01/2025";"24/06/2025";"No informa";"Sin observaciones";
"2025";"Junio";"Profesional";"CERDA MUÑOZ, MAURICIO ANGELO";"Apoyo Administrativo";"11";"CONTADOR (A) AUDITOR (A)";"Región Metropolitana de Santiago";"(186)";"$ 2.085.371";"$ 1.669.940";"$ 0";"$ 261.581";"No";"No tiene";"No tiene";"No tiene";"01/01/2025";"31/12/2025";"No informa";"REMUNERACION JUNIO 2025+PAGO LEY 19490-19937 CUOTA JUNIO";
"2025";"Junio";"Profesional";"CERNA GARCIA, CYNTHYA PAMELA";"Apoyo Administrativo";"12";"FONOAUDIOLOGO (A)";"Región Metropolitana de Santiago";"(186)";"$ 1.948.646";"$ 1.567.083";"$ 0";"$ 212.500";"No";"No tiene";"No tiene";"No tiene";"01/01/2025";"31/12/2025";"No informa";"REMUNERACION JUNIO 2025+PAGO LEY 19937 CUOTA JUNIO 2025";
"2025";"Junio";"Administrativo";"CHARRIE CHAPA, CAMILA FERNANDA";"Apoyo Logistico";"22";"ADMINISTRATIVO";"Región Metropolitana de Santiago";"(186)";"$ 849.208";"$ 681.140";"$ 0";"$ 117.688";"Sí";"$ 43.585 : 13,00 hrs";"$ 84.487 : 21,00 hrs";"No tiene";"01/01/2025";"30/06/2025";"No informa";"Sin observaciones";
"2025";"Junio";"Auxiliar";"CHAVEZ GALVEZ, OSCAR GERMAN";"CONDUCTOR";"24";"AUXILIAR";"Región Metropolitana de Santiago";"(01)";"$ 592.001";"$ 481.683";"$ 0";"$ 0";"Sí";"$ 44.795 : 16,00 hrs";"No tiene";"No tiene";"13/05/2025";"30/06/2025";"No informa";"REEMPLAZO MAY.2025 (13) (16) (20) (26) (29)+REEMPLAZO JUN.2025 (08-30)+PAGO BONO MENSUAL";
"2025";"Junio";"Médicos cirujanos, farmacéuticos, químico-farmacéuticos, bioquímicos, cirujano-dentistas";"CHAVEZ GARATE, TOMAS IGNACIO";"Quimico Farmaceutico";"44 Hrs.";"QUIMICO FARMACEUTICO";"Región Metropolitana de Santiago";"(186)";"$ 4.059.076";"$ 3.278.030";"$ 0";"$ 0";"No";"No tiene";"No tiene";"No tiene";"01/01/2025";"31/12/2025";"No informa";"Sin observaciones";
"2025";"Junio";"Profesional";"CHAVEZ RAMIREZ, PABLO ANDRES";"Apoyo Administrativo";"12";"ASISTENTE SOCIAL";"Región Metropolitana de Santiago";"(01)";"$ 1.906.087";"$ 1.545.301";"$ 0";"$ 0";"No";"No tiene";"No tiene";"No tiene";"01/01/2025";"31/12/2025";"No informa";"REMUNERACION JUNIO 2025";
"2025";"Junio";"Médicos cirujanos, farmacéuticos, químico-farmacéuticos, bioquímicos, cirujano-dentistas";"CHAVEZ VARGAS, JAVIERA IGNACIA";"Atencion Clinica Medica";"44 Hrs.";"MEDICO CIRUJANO";"Región Metropolitana de Santiago";"(01)";"$ 2.948.378";"$ 2.355.335";"$ 0";"$ 0";"No";"No tiene";"No tiene";"No tiene";"07/04/2025";"31/12/2025";"No informa";"Sin observaciones";
"2025";"Junio";"Técnico";"CHERY , WILMENE";"Atencion Clinica";"22";"TECNICO NIVEL SUPERIOR ENFERMERIA";"Región Metropolitana de Santiago";"(186)";"$ 790.296";"$ 604.127";"$ 0";"$ 117.688";"No";"No tiene";"No tiene";"No tiene";"01/01/2025";"31/12/2025";"No informa";"Sin observaciones";
"2025";"Junio";"Profesional";"CHIAPPE VASQUEZ, NELLY ANDREA";"Atencion Clinica";"12";"ENFERMERA (O)";"Región Metropolitana de Santiago";"(01)";"$ 2.379.639";"$ 1.867.632";"$ 0";"$ 199.843";"Sí";"$ 133.769 : 13,00 hrs";"$ 49.391 : 4,00 hrs";"No tiene";"01/01/2025";"31/12/2025";"No informa";"Sin observaciones";
"2025";"Junio";"Auxiliar";"CHIPLE CABELLO, JUAN EVARISTO";"CONDUCTOR";"24";"AUXILIAR";"Región Metropolitana de Santiago";"(205)(202)(204)(186)";"$ 1.085.027";"$ 1.125.335";"$ 0";"$ 140.039";"Sí";"$ 79.838 : 28,00 hrs";"$ 68.432 : 20,00 hrs";"No tiene";"01/01/2025";"31/12/2025";"No informa";"REMUNERACION JUN.2025+BONO ESCOLAR CUOTA 03/2025+BONO ESCOLAR CUOTA 06/2025+PAGO TRIMESTRAL LEY 19.490 Y 19.937 PERIODO 06/2025";
"2025";"Junio";"Profesional";"CID ARCE, JOSE BENICIO";"Apoyo Administrativo";"7";"INGENIERO (A) COMERCIAL";"Región Metropolitana de Santiago";"(186)";"$ 2.954.803";"$ 2.339.488";"$ 0";"$ 245.132";"No";"No tiene";"No tiene";"No tiene";"01/01/2025";"30/06/2025";"No informa";"REMUNERACION JUNIO 2025+PAGO LEY 19490-19937 CUOTA JUNIO";
"2025";"Junio";"Profesional";"CID ASTUDILLO, TIMOTEO ESTEBAN";"Apoyo Administrativo";"8";"KINESIOLOGO (A)";"Región Metropolitana de Santiago";"(186)";"$ 3.180.298";"$ 2.381.176";"$ 0";"$ 443.233";"No";"No tiene";"No tiene";"No tiene";"01/01/2025";"31/12/2025";"No informa";"Sin observaciones";
"2025";"Junio";"Profesional";"CID CIFUENTES, GONZALO ANDRES";"Atencion Clinica";"15";"KINESIOLOGO (A)";"Región Metropolitana de Santiago";"(186)";"$ 1.823.300";"$ 1.411.468";"$ 0";"$ 236.361";"No";"No tiene";"No tiene";"No tiene";"01/01/2025";"31/12/2025";"No informa";"Sin observaciones";
"2025";"Junio";"Profesional";"CIFUENTES BOYD, MARIO ANTONIO";"ATENCION CLINICA";"9";"KINESIOLOGO (A)";"Región Metropolitana de Santiago";"(203)(201)(204)(186)";"$ 3.965.764";"$ 4.518.996";"$ 0";"$ 609.927";"No";"No tiene";"No tiene";"No tiene";"01/01/2025";"31/12/2025";"No informa";"REMUNERACION JUN.2025 + BONO ENF. Y OTROS PROF+PAGO TRIMESTRAL LEY 19.490 Y 19.937 PERIODO 06/2025";
"2025";"Junio";"Médicos cirujanos, farmacéuticos, químico-farmacéuticos, bioquímicos, cirujano-dentistas";"CISTERNA CORTES, MATIAS IGNACIO";"Medico Becario Primario";"44 Hrs.";"MEDICO CIRUJANO";"Región Metropolitana de Santiago";"(01)";"$ 2.819.587";"$ 2.326.441";"$ 0";"$ 0";"No";"No tiene";"No tiene";"No tiene";"07/04/2025";"06/04/2026";"No informa";"REMUNERACION JUNIO 2025";
"2025";"Junio";"Profesional";"CISTERNA MATAMALA, DANIELA IVANIA";"Atencion Clinica";"15";"TERAPEUTA OCUPACIONAL";"Región Metropolitana de Santiago";"(186)";"$ 1.658.921";"$ 1.301.398";"$ 0";"$ 139.392";"Sí";"$ 48.037 : 6,00 hrs";"No tiene";"No tiene";"01/01/2025";"31/12/2025";"No informa";"Sin observaciones";
"2025";"Junio";"Técnico";"CISTERNA RIVERA, CAROLINA AYESHA";"ATENCION CLINICA";"22";"TECNICO NIVEL SUPER ENFERMERIA";"Región Metropolitana de Santiago";"(01)";"$ 1.117.748";"$ 952.682";"$ 0";"$ 0";"Sí";"No tiene";"$ 394.784 : 153,00 hrs";"No tiene";"20/05/2025";"25/06/2025";"No informa";"REEMPLAZO MAY.2025 (20-31)+REEMPLAZO JUN.2025 (03-25)+PAGO BONO MENSUAL";
"2025";"Junio";"Profesional";"CISTERNAS ESPINOZA, CLAUDIA MARINA";"Apoyo Administrativo";"11";"ASISTENTE SOCIAL";"Región Metropolitana de Santiago";"(186)";"$ 2.186.561";"$ 1.767.221";"$ 0";"$ 300.174";"No";"No tiene";"No tiene";"No tiene";"01/01/2025";"31/12/2025";"No informa";"REMUNERACION JUNIO 2025+PAGO LEY 19490-19937 CUOTA JUNIO+BONO ESCOLAR CUOTA JUNIO 2025";
"2025";"Junio";"Administrativo";"CISTERNAS SANCHEZ, NATALIE ANDREA";"Apoyo Administrativo";"22";"ADMINISTRATIVO";"Región Metropolitana de Santiago";"(186)";"$ 826.610";"$ 645.054";"$ 0";"$ 124.016";"Sí";"$ 20.471 : 6,00 hrs";"$ 69.601 : 17,00 hrs";"No tiene";"01/01/2025";"31/12/2025";"No informa";"Sin observaciones";
"2025";"Junio";"Médicos cirujanos, farmacéuticos, químico-farmacéuticos, bioquímicos, cirujano-dentistas";"CISTERNAS VENTURELLI, KARLA ANDREA";"Medico Becario Primario";"44 Hrs.";"MEDICO CIRUJANO";"Región Metropolitana de Santiago";"(01)";"$ 3.476.512";"$ 2.873.519";"$ 0";"$ 0";"No";"No tiene";"No tiene";"No tiene";"01/06/2025";"31/07/2025";"No informa";"Sin observaciones";
"2025";"Junio";"Administrativo";"COFRE ALVAREZ, NADIA ANDREA";"Apoyo Administrativo";"21";"ADMINISTRATIVO";"Región Metropolitana de Santiago";"(186)";"$ 861.253";"$ 673.381";"$ 0";"$ 141.993";"Sí";"$ 75.956 : 21,00 hrs";"No tiene";"No tiene";"01/01/2025";"31/12/2025";"No informa";"Sin observaciones";
"2025";"Junio";"Auxiliar";"COFRE ROJAS, RENE ALEJANDRO";"CONDUCTOR";"22";"TECNICO NIVEL SUPERIOR ENFERMERIA";"Región Metropolitana de Santiago";"(205)(202)(204)";"$ 1.093.164";"$ 1.217.939";"$ 0";"$ 156.106";"No";"No tiene";"No tiene";"No tiene";"01/01/2025";"31/12/2025";"No informa";"REMUNERACION JUN.2025+BONO ESCOLAR CUOTA 06/2025+PAGO TRIMESTRAL LEY 19.490 Y 19.937 PERIODO 06/2025";
"2025";"Junio";"Profesional";"COLLANTES ESCUDERO, PABLO ANDRES";"Atencion Clinica";"15";"KINESIOLOGO (A)";"Región Metropolitana de Santiago";"(01)";"$ 1.553.748";"$ 1.218.975";"$ 0";"$ 90.908";"No";"No tiene";"No tiene";"No tiene";"01/01/2025";"31/12/2025";"No informa";"Sin observaciones";
"2025";"Junio";"Médicos cirujanos, farmacéuticos, químico-farmacéuticos, bioquímicos, cirujano-dentistas";"COLLAO CHAVEZ, JAVIERA ANDREA";"Atencion Clinica Medica";"44 Hrs.";"MEDICO CIRUJANO";"Región Metropolitana de Santiago";"(86)";"$ 2.948.378";"$ 2.357.776";"$ 0";"$ 0";"No";"No tiene";"No tiene";"No tiene";"07/04/2025";"31/12/2025";"No informa";"Sin observaciones";
"2025";"Junio";"Profesional";"COLLAO COLLAO, JOSE GABRIEL";"ATENCION CLINICA";"13";"ENFERMERA (O)";"Región Metropolitana de Santiago";"(203)(204)(186)";"$ 3.680.787";"$ 3.253.377";"$ 0";"$ 284.936";"Sí";"$ 183.279 : 19,00 hrs";"$ 763.985 : 66,00 hrs";"No tiene";"01/01/2025";"31/12/2025";"No informa";"REMUNERACION JUN.2025 + BONO ENF. Y OTROS PROF+BONO ESCOLAR CUOTA 03/2025+BONO ESCOLAR CUOTA 06/2025+PAGO TRIMESTRAL LEY 19.490 Y 19.937 PERIODO 06/2025";
"2025";"Junio";"Técnico";"CONCHA HERNANDEZ, DANIELA VIVIANA";"Atencion Clinica";"20";"TECNICO NIVEL SUPERIOR ENFERMERIA";"Región Metropolitana de Santiago";"(01)";"$ 865.718";"$ 648.729";"$ 0";"$ 161.318";"No";"No tiene";"No tiene";"No tiene";"01/01/2025";"31/12/2025";"No informa";"Sin observaciones";
"2025";"Junio";"Profesional";"CONCHA HERRERA, MYRIAM ANDREA";"Jefe de Unidad";"6";"ADMINISTRADOR (A) PUBLICO";"Región Metropolitana de Santiago";"(186)";"$ 3.255.884";"$ 2.568.911";"$ 0";"$ 465.977";"No";"No tiene";"No tiene";"No tiene";"01/01/2025";"31/12/2025";"No informa";"REMUNERACION JUNIO 2025+PAGO LEY 19490-19937 CUOTA JUNIO";
"2025";"Junio";"Administrativo";"CONCHA VALLEJOS, MARIA TERESA";"Apoyo Administrativo";"22";"ADMINISTRATIVO";"Región Metropolitana de Santiago";"(186)";"$ 744.163";"$ 560.220";"$ 0";"$ 131.608";"No";"No tiene";"No tiene";"No tiene";"01/01/2025";"31/12/2025";"No informa";"Sin observaciones";
"2025";"Junio";"Profesional";"CONCHA VEGA, MAURICIO ALEXIS";"ATENCION CLINICA";"12";"ENFERMERA (O)";"Región Metropolitana de Santiago";"(203)(204)";"$ 4.251.594";"$ 4.161.748";"$ 0";"$ 525.080";"Sí";"$ 411.595 : 40,00 hrs";"$ 926.089 : 75,00 hrs";"No tiene";"01/01/2025";"31/12/2025";"No informa";"REMUNERACION JUN.2025 + BONO ENF. Y OTROS PROF+PAGO TRIMESTRAL LEY 19.490 Y 19.937 PERIODO 06/2025";
"2025";"Junio";"Médicos cirujanos, farmacéuticos, químico-farmacéuticos, bioquímicos, cirujano-dentistas";"CONEJEROS DE LA CRUZ, MELINCKA ISIDORA";"Atencion Odontologica";"22 Hrs.";"CIRUJANO DENTISTA";"Región Metropolitana de Santiago";"(188)(186)";"$ 1.302.263";"$ 1.067.537";"$ 0";"$ 0";"No";"No tiene";"No tiene";"No tiene";"01/01/2025";"31/12/2025";"No informa";"Sin observaciones";
"2025";"Junio";"Médicos cirujanos, farmacéuticos, químico-farmacéuticos, bioquímicos, cirujano-dentistas";"CONEJEROS ZAPATA, MARCELO ESTEBAN";"Atencion Clinica Medica";"44 Hrs.";"MEDICO CIRUJANO";"Región Metropolitana de Santiago";"(86)(186)";"$ 3.578.912";"$ 2.827.399";"$ 0";"$ 0";"No";"No tiene";"No tiene";"No tiene";"01/01/2025";"31/12/2025";"No informa";"Sin observaciones";
"2025";"Junio";"Técnico";"COÑOPAN PARRA, ANDREA PATRICIA";"Atencion Clinica";"22";"TECNICO NIVEL SUPERIOR ENFERMERIA";"Región Metropolitana de Santiago";"(186)";"$ 830.528";"$ 641.489";"$ 0";"$ 117.688";"Sí";"$ 40.232 : 12,00 hrs";"No tiene";"No tiene";"01/01/2025";"31/12/2025";"No informa";"Sin observaciones";
"2025";"Junio";"Profesional";"CONTRERAS AGUILERA, DEYANIRA MARIBEL";"Atencion Clinica";"14";"NUTRICIONISTA";"Región Metropolitana de Santiago";"(01)";"$ 1.783.190";"$ 1.369.636";"$ 0";"$ 168.624";"Sí";"No tiene";"$ 20.838 : 2,00 hrs";"No tiene";"01/01/2025";"31/12/2025";"No informa";"Sin observaciones";
"2025";"Junio";"Profesional";"CONTRERAS ARREDONDO, MACARENA ANDREA";"Atencion Clinica";"16";"TERAPEUTA OCUPACIONAL";"Región Metropolitana de Santiago";"(01)";"$ 1.483.329";"$ 1.211.035";"$ 0";"$ 78.022";"Sí";"$ 102.106 : 14,00 hrs";"$ 105.024 : 12,00 hrs";"No tiene";"01/01/2025";"30/06/2025";"No informa";"Sin observaciones";
"2025";"Junio";"Técnico";"CONTRERAS BASCUÑAN, NICOLE MONSERRAT";"Atencion Clinica";"20";"TECNICO NIVEL SUPERIOR ENFERMERIA";"Región Metropolitana de Santiago";"(01)";"$ 837.357";"$ 644.452";"$ 0";"$ 133.077";"No";"No tiene";"No tiene";"No tiene";"01/01/2025";"31/12/2025";"No informa";"Sin observaciones";
"2025";"Junio";"Técnico";"CONTRERAS CIFUENTES, DIANA VALERIA";"Atencion Clinica";"21";"TECNICO NIVEL SUPERIOR ENFERMERIA";"Región Metropolitana de Santiago";"(01)";"$ 788.888";"$ 599.100";"$ 0";"$ 120.148";"No";"No tiene";"No tiene";"No tiene";"01/01/2025";"31/12/2025";"No informa";"Sin observaciones";
"2025";"Junio";"Técnico";"CONTRERAS DIAZ, ROCIO CONCEPCION";"Atencion Clinica";"21";"TECNICO NIVEL SUPERIOR ENFERMERIA";"Región Metropolitana de Santiago";"(186)";"$ 806.687";"$ 614.174";"$ 0";"$ 126.975";"No";"No tiene";"No tiene";"No tiene";"01/01/2025";"31/12/2025";"No informa";"Sin observaciones";
"2025";"Junio";"Técnico";"CONTRERAS GONZALEZ, CAMILA ANDREA";"Atencion Clinica";"21";"TECNICO NIVEL SUPERIOR ENFERMERIA";"Región Metropolitana de Santiago";"(186)";"$ 794.359";"$ 606.559";"$ 0";"$ 120.148";"No";"No tiene";"No tiene";"No tiene";"01/01/2025";"31/12/2025";"No informa";"Sin observaciones";
"2025";"Junio";"Profesional";"CONTRERAS GONZALEZ, PEDRO IGNACIO";"APOYO ADMINISTRATIVO";"8";"ADMINISTRADOR (A) PUBLICO";"Región Metropolitana de Santiago";"(186)";"$ 2.795.929";"$ 3.166.649";"$ 0";"$ 393.370";"No";"No tiene";"No tiene";"No tiene";"01/01/2025";"31/12/2025";"No informa";"REMUNERACION JUN.2025+PAGO TRIMESTRAL LEY 19.490 Y 19.937 PERIODO 06/2025";
"2025";"Junio";"Técnico";"CONTRERAS GUAJARDO, DANIELA CAROLINA";"ATENCION CLINICA";"22";"TECNICO NIVEL SUPERIOR ENFERMERIA";"Región Metropolitana de Santiago";"(203)(204)(186)";"$ 1.065.250";"$ 1.296.865";"$ 0";"$ 158.576";"Sí";"$ 13.411 : 4,00 hrs";"$ 177.021 : 44,00 hrs";"No tiene";"01/01/2025";"31/12/2025";"No informa";"REMUNERACION JUN.2025+BONO ESCOLAR CUOTA 03/2025+BONO ESCOLAR CUOTA 06/2025+PAGO TRIMESTRAL LEY 19.490 Y 19.937 PERIODO 06/2025";
"2025";"Junio";"Auxiliar";"CONTRERAS GUZMAN, FERNANDO PATRICIO";"CONDUCTOR";"24";"AUXILIAR";"Región Metropolitana de Santiago";"(205)(203)(204)(186)";"$ 809.758";"$ 754.830";"$ 0";"$ 110.880";"No";"No tiene";"No tiene";"No tiene";"01/01/2025";"31/12/2025";"No informa";"REMUNERACION JUN.2025+PAGO TRIMESTRAL LEY 19.490 Y 19.937 PERIODO 06/2025";
"2025";"Junio";"Administrativo";"CONTRERAS LOPEZ, GLADYS VIOLETA";"Apoyo Administrativo";"15";"ADMINISTRATIVO";"Región Metropolitana de Santiago";"(186)";"$ 1.305.583";"$ 921.686";"$ 0";"$ 360.570";"Sí";"$ 10.547 : 2,00 hrs";"No tiene";"No tiene";"01/01/2025";"31/12/2025";"No informa";"Sin observaciones";
"2025";"Junio";"Médicos cirujanos, farmacéuticos, químico-farmacéuticos, bioquímicos, cirujano-dentistas";"CONTRERAS MARAMBIO, JULIO CESAR ENRIQUE";"Atencion Clinica Medica";"44 Hrs.";"MEDICO CIRUJANO";"Región Metropolitana de Santiago";"(86)";"$ 2.948.378";"$ 2.357.776";"$ 0";"$ 0";"No";"No tiene";"No tiene";"No tiene";"01/01/2025";"31/12/2025";"No informa";"Sin observaciones";
"2025";"Junio";"Médicos cirujanos, farmacéuticos, químico-farmacéuticos, bioquímicos, cirujano-dentistas";"CONTRERAS MORGADO, CATALINA ANDREA";"Atencion Clinica Medica";"44 Hrs.";"MEDICO CIRUJANO";"Región Metropolitana de Santiago";"(86)(186)";"$ 3.642.007";"$ 2.912.724";"$ 0";"$ 0";"Sí";"$ 63.095 : 5,00 hrs";"No tiene";"No tiene";"01/01/2025";"31/12/2025";"No informa";"Sin observaciones";
"2025";"Junio";"Auxiliar";"CONTRERAS MUÑOZ, PEDRO CRISTIAN";"CONDUCTOR";"22";"TECNICO NIVEL SUPERIOR ENFERMERIA";"Región Metropolitana de Santiago";"(205)(202)(204)";"$ 1.401.548";"$ 1.603.906";"$ 0";"$ 196.601";"Sí";"$ 132.924 : 40,00 hrs";"$ 175.460 : 44,00 hrs";"No tiene";"01/01/2025";"31/12/2025";"No informa";"REMUNERACION JUN.2025+BONO ESCOLAR CUOTA 06/2025+PAGO TRIMESTRAL LEY 19.490 Y 19.937 PERIODO 06/2025";
"2025";"Junio";"Técnico";"CONTRERAS PEÑA, GLORIA CAROLINA";"Atencion Clinica";"22";"TECNICO NIVEL SUPERIOR ENFERMERIA";"Región Metropolitana de Santiago";"(186)";"$ 807.528";"$ 613.642";"$ 0";"$ 130.343";"No";"No tiene";"No tiene";"No tiene";"01/01/2025";"31/12/2025";"No informa";"Sin observaciones";
"2025";"Junio";"Administrativo";"CONTRERAS PEÑALOZA, PAOLA ALEJANDRA";"ADMINISTRATIVO";"21";"ADMINISTRATIVO";"Región Metropolitana de Santiago";"(01)";"$ 778.455";"$ 592.262";"$ 0";"$ 140.628";"No";"No tiene";"No tiene";"No tiene";"01/01/2025";"31/12/2025";"No informa";"Sin observaciones";
"2025";"Junio";"Profesional";"CONTRERAS PINO, TAMARA ELIZABETH";"Atencion Clinica";"15";"ENFERMERA (O)";"Región Metropolitana de Santiago";"(01)";"$ 1.553.748";"$ 1.228.637";"$ 0";"$ 90.908";"No";"No tiene";"No tiene";"No tiene";"01/01/2025";"31/12/2025";"No informa";"Sin observaciones";
"2025";"Junio";"Médicos cirujanos, farmacéuticos, químico-farmacéuticos, bioquímicos, cirujano-dentistas";"CONTRERAS SALDAÑA, GERARDO ANDRES";"Atencion Odontologica";"44 Hrs.";"CIRUJANO DENTISTA";"Región Metropolitana de Santiago";"(188)(186)";"$ 4.410.032";"$ 3.573.602";"$ 0";"$ 0";"No";"No tiene";"No tiene";"No tiene";"01/01/2025";"31/12/2025";"No informa";"Sin observaciones";
"2025";"Junio";"Profesional";"CONTRERAS SANTA MARIA, NICOLE ELIZABETH";"Atencion Clinica";"15";"ENFERMERA (O)";"Región Metropolitana de Santiago";"(186)";"$ 1.562.193";"$ 1.220.764";"$ 0";"$ 90.908";"No";"No tiene";"No tiene";"No tiene";"01/01/2025";"31/12/2025";"No informa";"Sin observaciones";
"2025";"Junio";"Médicos cirujanos, farmacéuticos, químico-farmacéuticos, bioquímicos, cirujano-dentistas";"CONTRERAS VERA, PABLO RENAN";"Atencion Odontologica";"11 Hrs.";"CIRUJANO DENTISTA";"Región Metropolitana de Santiago";"(86)(186)";"$ 1.583.341";"$ 1.425.870";"$ 0";"$ 0";"No";"No tiene";"No tiene";"No tiene";"01/01/2025";"31/12/2025";"No informa";"Sin observaciones";
"2025";"Junio";"Profesional";"CORDERO ACEVEDO, NATALIA IRINA";"Atencion Clinica";"13";"NUTRICIONISTA";"Región Metropolitana de Santiago";"(01)";"$ 1.803.751";"$ 1.475.843";"$ 0";"$ 0";"Sí";"No tiene";"$ 68.223 : 6,00 hrs";"No tiene";"01/01/2025";"31/12/2025";"No informa";"Sin observaciones";
"2025";"Junio";"Administrativo";"CORDERO MORALES, JOAQUIN OSVALDO";"APOYO ADMINISTRATIVO";"22";"ADMINISTRATIVO";"Región Metropolitana de Santiago";"(186)";"$ 607.470";"$ 764.846";"$ 0";"$ 117.689";"No";"No tiene";"No tiene";"No tiene";"01/01/2025";"31/12/2025";"No informa";"REMUNERACION JUN.2025+PAGO TRIMESTRAL LEY 19.490 Y 19.937 PERIODO 06/2025";
"2025";"Junio";"Profesional";"CORDOVA DIAZ, HORTENSIA ISOLINA";"Atencion Clinica";"15";"KINESIOLOGO (A)";"Región Metropolitana de Santiago";"(186)";"$ 2.576.958";"$ 1.929.616";"$ 0";"$ 478.782";"Sí";"$ 324.156 : 40,00 hrs";"$ 194.494 : 20,00 hrs";"No tiene";"01/01/2025";"31/12/2025";"No informa";"Sin observaciones";
"2025";"Junio";"Profesional";"CORDOVA FARIAS, CAROLINE ANDREA";"Atencion Clinica";"15";"KINESIOLOGO (A)";"Región Metropolitana de Santiago";"(186)";"$ 1.814.284";"$ 1.420.147";"$ 0";"$ 212.119";"Sí";"$ 32.220 : 4,00 hrs";"No tiene";"No tiene";"01/01/2025";"31/12/2025";"No informa";"Sin observaciones";
"2025";"Junio";"Técnico";"CORDOVEZ URREJOLA, ROXANA JOSELYNNE";"ATENCION CLINICA";"21";"TECNICO NIVEL SUPERIOR ENFERMERIA";"Región Metropolitana de Santiago";"(203)(204)(186)";"$ 1.664.964";"$ 1.579.451";"$ 0";"$ 178.210";"Sí";"$ 147.209 : 40,00 hrs";"$ 560.865 : 127,00 hrs";"No tiene";"01/01/2025";"31/12/2025";"No informa";"REMUNERACION JUN.2025+BONO ESCOLAR CUOTA 06/2025+PAGO TRIMESTRAL LEY 19.490 Y 19.937 PERIODO 06/2025";
"2025";"Junio";"Profesional";"CORNEJO MORAGA, KAREN ALEJANDRA";"Atencion Clinica";"13";"NUTRICIONISTA";"Región Metropolitana de Santiago";"(186)";"$ 2.092.234";"$ 1.534.481";"$ 0";"$ 335.574";"No";"No tiene";"No tiene";"No tiene";"01/01/2025";"31/12/2025";"No informa";"Sin observaciones";
"2025";"Junio";"Profesional";"CORNEJO ROJAS, JOCELYN DANIELA";"Atencion Clinica";"16";"ENFERMERA (O)";"Región Metropolitana de Santiago";"(01)";"$ 1.342.691";"$ 1.342.691";"$ 0";"$ 0";"No";"No tiene";"No tiene";"No tiene";"01/01/2025";"26/08/2025";"No informa";"Sin observaciones";
"2025";"Junio";"Técnico";"CORONA OBANDO, TATIANA IGNACIA";"Atencion Clinica";"22";"TECNICO NIVEL SUPERIOR ENFERMERIA";"Región Metropolitana de Santiago";"(186)";"$ 790.296";"$ 610.070";"$ 0";"$ 117.688";"No";"No tiene";"No tiene";"No tiene";"01/01/2025";"31/12/2025";"No informa";"Sin observaciones";
"2025";"Junio";"Técnico";"CORONADO ALARCON, CRISTIAN ALFREDO";"ATENCION CLINICA";"22";"TECNICO NIVEL SUPERIOR ENFERMERIA";"Región Metropolitana de Santiago";"(202)(204)(186)";"$ 1.230.133";"$ 1.187.569";"$ 0";"$ 124.016";"Sí";"$ 17.059 : 5,00 hrs";"$ 171.955 : 42,00 hrs";"No tiene";"01/01/2025";"31/12/2025";"No informa";"REMUNERACION JUN.2025+PAGO TRIMESTRAL LEY 19.490 Y 19.937 PERIODO 06/2025";
"2025";"Junio";"Administrativo";"CORREA CORTEZ, STEPHANIE ESPERANZA";"Apoyo Administrativo";"18";"RELACIONADOR (A) PUBLICO";"Región Metropolitana de Santiago";"(01)";"$ 1.349.173";"$ 1.006.516";"$ 0";"$ 212.989";"Sí";"$ 11.534 : 2,00 hrs";"No tiene";"No tiene";"01/01/2025";"31/07/2025";"No informa";"Sin observaciones";
"2025";"Junio";"Técnico";"CORREA DONOSO, PIA DANIELA";"Atencion Clinica";"22";"TECNICO NIVEL SUPERIOR ENFERMERIA";"Región Metropolitana de Santiago";"(186)";"$ 794.819";"$ 613.798";"$ 0";"$ 117.688";"No";"No tiene";"No tiene";"No tiene";"01/01/2025";"31/12/2025";"No informa";"Sin observaciones";
"2025";"Junio";"Administrativo";"CORREA PAREDES, DANITZA JAVIERA";"Apoyo Administrativo";"22";"ADMINISTRATIVO";"Región Metropolitana de Santiago";"(01)";"$ 825.901";"$ 655.533";"$ 0";"$ 111.361";"Sí";"$ 79.755 : 24,00 hrs";"$ 35.889 : 9,00 hrs";"No tiene";"01/01/2025";"30/06/2025";"No informa";"Sin observaciones";
"2025";"Junio";"Técnico";"CORREA SOBELL, JAVIERA SCARLETTE";"Atencion Clinica";"21";"TECNICO NIVEL MEDIO ENFERMERIA";"Región Metropolitana de Santiago";"(01)";"$ 788.888";"$ 608.976";"$ 0";"$ 120.148";"No";"No tiene";"No tiene";"No tiene";"01/01/2025";"31/12/2025";"No informa";"Sin observaciones";
"2025";"Junio";"Profesional";"CORTES BRAVO, CLAUDIA MELINA";"ATENCION CLINICA";"11";"ENFERMERA (O)";"Región Metropolitana de Santiago";"(203)(204)(186)";"$ 3.783.995";"$ 4.083.028";"$ 0";"$ 627.695";"Sí";"$ 415.628 : 36,00 hrs";"$ 152.397 : 11,00 hrs";"No tiene";"01/01/2025";"31/12/2025";"No informa";"REMUNERACION JUN.2025 + BONO ENF. Y OTROS PROF+PAGO TRIMESTRAL LEY 19.490 Y 19.937 PERIODO 06/2025";
"2025";"Junio";"Profesional";"CORTES CORTES, SOFIA ESMERALDA";"JEFE DE DEPARTAMENTO";"10";"ENFERMERA (O)";"Región Metropolitana de Santiago";"(203)(204)(186)";"$ 4.601.714";"$ 4.501.077";"$ 0";"$ 632.860";"Sí";"$ 497.398 : 40,00 hrs";"$ 671.487 : 45,00 hrs";"No tiene";"01/01/2025";"31/12/2025";"No informa";"REMUNERACION JUN.2025 + BONO ENF. Y OTROS PROF+PAGO TRIMESTRAL LEY 19.490 Y 19.937 PERIODO 06/2025";
"2025";"Junio";"Profesional";"CORTES JARA, FELIPE ANDRES";"Jefe de Departamento";"6";"PSICOLOGO (A)";"Región Metropolitana de Santiago";"(186)";"$ 3.221.961";"$ 2.538.555";"$ 0";"$ 262.521";"No";"No tiene";"No tiene";"No tiene";"01/01/2025";"31/12/2025";"No informa";"REMUNERACION JUNIO 2025+PAGO LEY 19490-19937 CUOTA JUNIO";
"2025";"Junio";"Técnico";"CORTES MEZA, PAULA CRISTINA";"ATENCION CLINICA";"22";"TECNICO NIVEL SUPERIOR ENFERMERIA";"Región Metropolitana de Santiago";"(202)(204)(186)";"$ 1.473.912";"$ 1.421.980";"$ 0";"$ 132.061";"Sí";"$ 147.517 : 44,00 hrs";"$ 297.717 : 74,00 hrs";"No tiene";"01/01/2025";"31/12/2025";"No informa";"REMUNERACION JUN.2025+BONO ESCOLAR CUOTA 06/2025+PAGO TRIMESTRAL LEY 19.490 Y 19.937 PERIODO 06/2025+REGULARIZA PAGO HORAS EXTRAS MAY.2025 (14D - 10F)";
"2025";"Junio";"Médicos cirujanos, farmacéuticos, químico-farmacéuticos, bioquímicos, cirujano-dentistas";"CORTES PICAZO, PATRICIO ALEJANDRO";"MEDICO CIRUJANO CON ESPECIALIDAD EN MEDICINA DE URGENCIA";"22 Hrs.";"MEDICO CIRUJANO CON ESPECIALIDAD EN MEDICINA DE URGENCIA";"Región Metropolitana de Santiago";"(186)";"$ 2.703.891";"$ 2.334.026";"$ 0";"$ 0";"No";"No tiene";"No tiene";"No tiene";"01/01/2025";"31/12/2025";"No informa";"REMUNERACION JUN.2025";
"2025";"Junio";"Administrativo";"CORTES SAEZ, VIVIANA JACQUELINE";"Secretaria";"13";"ADMINISTRATIVO";"Región Metropolitana de Santiago";"(186)";"$ 1.021.723";"$ 835.054";"$ 0";"$ 511.360";"No";"No tiene";"No tiene";"No tiene";"01/01/2025";"31/12/2025";"No informa";"REMUNERACION JUNIO 2025+PAGO LEY 19490-19937 CUOTA JUNIO";
"2025";"Junio";"Médicos cirujanos, farmacéuticos, químico-farmacéuticos, bioquímicos, cirujano-dentistas";"CORVALAN DAVILA, JOSE MANUEL";"Atencion Clinica Medica";"44 Hrs.";"MEDICO CIRUJANO";"Región Metropolitana de Santiago";"(86)(186)";"$ 4.146.770";"$ 3.354.230";"$ 0";"$ 0";"Sí";"$ 340.713 : 27,00 hrs";"$ 227.145 : 15,00 hrs";"No tiene";"01/01/2025";"31/12/2025";"No informa";"Sin observaciones";
"2025";"Junio";"Profesional";"CORVALAN GALLARDO, LORNA DANIELA";"Atencion Clinica";"16";"NUTRICIONISTA";"Región Metropolitana de Santiago";"(01)";"$ 1.342.691";"$ 1.076.339";"$ 0";"$ 0";"No";"No tiene";"No tiene";"No tiene";"03/04/2025";"27/08/2025";"No informa";"Sin observaciones";
"2025";"Junio";"Administrativo";"CORVALAN GUAJARDO, MARIA JOSE";"Apoyo Administrativo";"22";"ADMINISTRATIVO";"Región Metropolitana de Santiago";"(01)";"$ 167.589";"$ 137.155";"$ 0";"$ 0";"No";"No tiene";"No tiene";"No tiene";"11/06/2025";"17/06/2025";"No informa";"Sin observaciones";
"2025";"Junio";"Administrativo";"CORVALAN GUAJARDO, MARIA JOSE";"Atencion Clinica";"22";"ADMINISTRATIVO";"Región Metropolitana de Santiago";"(01)";"$ 139.632";"$ 114.275";"$ 0";"$ 0";"No";"No tiene";"No tiene";"No tiene";"01/06/2025";"07/06/2025";"No informa";"Sin observaciones";
"2025";"Junio";"Profesional";"CORVALAN VILLARROEL, CLAUDIO ALEJANDRO";"Apoyo Administrativo";"15";"ASISTENTE SOCIAL";"Región Metropolitana de Santiago";"(01)";"$ 1.617.655";"$ 1.236.783";"$ 0";"$ 154.543";"No";"No tiene";"No tiene";"No tiene";"01/01/2025";"31/12/2025";"No informa";"Sin observaciones";
"2025";"Junio";"Técnico";"COSTE HERNANDEZ, KARLA ANDREA";"ATENCION CLINICA";"22";"TECNICO NIVEL SUPERIOR ENFERMERIA";"Región Metropolitana de Santiago";"(203)(204)(186)";"$ 1.089.293";"$ 1.090.337";"$ 0";"$ 117.689";"Sí";"$ 93.875 : 28,00 hrs";"$ 124.719 : 31,00 hrs";"No tiene";"01/01/2025";"31/12/2025";"No informa";"REMUNERACION JUN.2025+PAGO TRIMESTRAL LEY 19.490 Y 19.937 PERIODO 06/2025";
"2025";"Junio";"Profesional";"CRISOSTOMO NARANJO, PABLO ANDRES";"COORDINADOR RAD";"8";"INGENIERO (A) CIVIL INDUSTRIAL";"Región Metropolitana de Santiago";"(01)";"$ 2.677.280";"$ 2.138.850";"$ 0";"$ 255.944";"No";"No tiene";"No tiene";"No tiene";"01/01/2025";"31/12/2025";"No informa";"REMUNERACION JUNIO 2025+PAGO LEY 19937 CUOTA JUNIO 2025";
"2025";"Junio";"Profesional";"CRUZ ORTIZ, ROCIO PAULINA";"Atencion Clinica";"12";"ENFERMERA (O)";"Región Metropolitana de Santiago";"(01)";"$ 2.109.826";"$ 1.742.537";"$ 0";"$ 0";"Sí";"$ 154.349 : 15,00 hrs";"$ 49.391 : 4,00 hrs";"No tiene";"01/01/2025";"31/12/2025";"No informa";"Sin observaciones";
"2025";"Junio";"Médicos cirujanos, farmacéuticos, químico-farmacéuticos, bioquímicos, cirujano-dentistas";"CRUZ VERA, GISELLA BERTILDA";"Atencion Clinica Medica";"22 Hrs.";"MEDICO CIRUJANO";"Región Metropolitana de Santiago";"(188)(186)";"$ 2.241.100";"$ 1.926.156";"$ 0";"$ 0";"No";"No tiene";"No tiene";"No tiene";"01/01/2025";"31/12/2025";"No informa";"Sin observaciones";
"2025";"Junio";"Médicos cirujanos, farmacéuticos, químico-farmacéuticos, bioquímicos, cirujano-dentistas";"CRUZ VERA, GISELLA BERTILDA";"Atencion Clinica Medica";"22 Hrs.";"MEDICO CIRUJANO";"Región Metropolitana de Santiago";"(188)(186)";"$ 2.241.100";"$ 1.714.939";"$ 0";"$ 0";"No";"No tiene";"No tiene";"No tiene";"01/01/2025";"31/12/2025";"No informa";"Sin observaciones";
"2025";"Junio";"Administrativo";"CUADROS GARCIA, MARCELO ALEJANDRO";"Apoyo Administrativo";"16";"ADMINISTRATIVO";"Región Metropolitana de Santiago";"(186)";"$ 1.145.626";"$ 888.240";"$ 0";"$ 183.217";"Sí";"$ 135.470 : 29,00 hrs";"No tiene";"No tiene";"01/01/2025";"31/12/2025";"No informa";"Sin observaciones";
"2025";"Junio";"Administrativo";"CUBILLOS MORAGA, JOAN FELIPE";"APOYO ADMINISTRATIVO";"22";"KINESIOLOGO (A)";"Región Metropolitana de Santiago";"(203)(204)(186)";"$ 1.370.244";"$ 1.486.219";"$ 0";"$ 152.931";"Sí";"$ 92.387 : 25,00 hrs";"$ 146.341 : 33,00 hrs";"No tiene";"01/01/2025";"31/12/2025";"No informa";"REMUNERACION JUN.2025+PAGO TRIMESTRAL LEY 19.490 Y 19.937 PERIODO 06/2025";
"2025";"Junio";"Médicos cirujanos, farmacéuticos, químico-farmacéuticos, bioquímicos, cirujano-dentistas";"CUEVAS GUERRERO, EDUARDO ANDRES";"Atencion Odontologica";"22 Hrs.";"CIRUJANO DENTISTA";"Región Metropolitana de Santiago";"(188)(86)(186)";"$ 2.520.041";"$ 1.967.463";"$ 0";"$ 0";"No";"No tiene";"No tiene";"No tiene";"01/01/2025";"31/12/2025";"No informa";"Sin observaciones";
"2025";"Junio";"Médicos cirujanos, farmacéuticos, químico-farmacéuticos, bioquímicos, cirujano-dentistas";"CUEVAS GUERRERO, EDUARDO ANDRES";"Atencion Odontologica";"11 Hrs.";"CIRUJANO DENTISTA";"Región Metropolitana de Santiago";"(188)(186)";"$ 1.249.620";"$ 1.040.817";"$ 0";"$ 0";"No";"No tiene";"No tiene";"No tiene";"01/01/2025";"31/12/2025";"No informa";"Sin observaciones";
"2025";"Junio";"Administrativo";"CUEVAS LOBOS, EVA LUISA";"APOYO ADMINISTRATIVO";"22";"ADMINISTRATIVO";"Región Metropolitana de Santiago";"(203)(204)(186)";"$ 854.859";"$ 1.222.142";"$ 0";"$ 199.461";"No";"No tiene";"No tiene";"No tiene";"01/01/2025";"31/12/2025";"No informa";"REMUNERACION JUN.2025+BONO ESCOLAR CUOTA 03/2025+BONO ESCOLAR CUOTA 06/2025+PAGO TRIMESTRAL LEY 19.490 Y 19.937 PERIODO 06/2025";
"2025";"Junio";"Profesional";"CUEVAS MARTINEZ, GONZALO ANDRES";"Coordinador";"11";"INGENIERO (A) EN GESTION DE RECURSOS HUMANOS";"Región Metropolitana de Santiago";"(01)";"$ 2.835.909";"$ 2.198.783";"$ 0";"$ 350.142";"Sí";"$ 168.195 : 15,00 hrs";"$ 242.201 : 18,00 hrs";"No tiene";"01/01/2025";"31/12/2025";"No informa";"Sin observaciones";
"2025";"Junio";"Médicos cirujanos, farmacéuticos, químico-farmacéuticos, bioquímicos, cirujano-dentistas";"CURRIN ANTIL, VIVIANA ALEJANDRA";"Atencion Odontologica";"22 Hrs.";"CIRUJANO DENTISTA";"Región Metropolitana de Santiago";"(188)(86)(186)";"$ 2.703.891";"$ 2.148.556";"$ 0";"$ 0";"No";"No tiene";"No tiene";"No tiene";"01/01/2025";"30/06/2025";"No informa";"Sin observaciones";
"2025";"Junio";"Profesional";"DAMES VERGARA, VICTOR HUGO";"ATENCION CLINICA";"12";"ENFERMERA (O)";"Región Metropolitana de Santiago";"(203)(204)(186)";"$ 2.985.931";"$ 3.421.738";"$ 0";"$ 502.883";"No";"No tiene";"No tiene";"No tiene";"01/01/2025";"31/12/2025";"No informa";"REMUNERACION JUN.2025 + BONO ENF. Y OTROS PROF+BONO ESCOLAR CUOTA 03/2025+BONO ESCOLAR CUOTA 06/2025+PAGO TRIMESTRAL LEY 19.490 Y 19.937 PERIODO 06/2025";
"2025";"Junio";"Técnico";"DANIELS MUÑOZ, MONICA ALEJANDRA";"Apoyo Administrativo";"14";"TECNICO EN COMPUTACION";"Región Metropolitana de Santiago";"(186)";"$ 1.609.573";"$ 1.161.026";"$ 0";"$ 407.123";"Sí";"$ 120.534 : 22,00 hrs";"$ 105.192 : 16,00 hrs";"No tiene";"01/01/2025";"31/12/2025";"No informa";"Sin observaciones";
"2025";"Junio";"Médicos cirujanos, farmacéuticos, químico-farmacéuticos, bioquímicos, cirujano-dentistas";"DE LA FUENTE BASTIAS, OSCAR BALDEMAR";"Atencion Clinica Medica";"44 Hrs.";"MEDICO CIRUJANO";"Región Metropolitana de Santiago";"(188)(186)";"$ 5.011.104";"$ 4.098.599";"$ 0";"$ 0";"No";"No tiene";"No tiene";"No tiene";"01/01/2025";"31/12/2025";"No informa";"Sin observaciones";
"2025";"Junio";"Auxiliar";"DE LA FUENTE NUÑEZ, ISRAEL ISAIAS";"Apoyo Logistico";"23";"AUXILIAR";"Región Metropolitana de Santiago";"(186)";"$ 680.277";"$ 531.342";"$ 0";"$ 101.750";"Sí";"$ 3.064 : 1,00 hrs";"$ 33.090 : 9,00 hrs";"No tiene";"01/01/2025";"31/12/2025";"No informa";"Sin observaciones";
"2025";"Junio";"Médicos cirujanos, farmacéuticos, químico-farmacéuticos, bioquímicos, cirujano-dentistas";"DE LA VEGA CONTRERAS, MICHELLE CECILIA";"Atencion Odontologica";"22 Hrs.";"CIRUJANO DENTISTA";"Región Metropolitana de Santiago";"(186)";"$ 2.313.824";"$ 1.848.591";"$ 0";"$ 0";"No";"No tiene";"No tiene";"No tiene";"01/01/2025";"31/07/2025";"No informa";"Sin observaciones";
"2025";"Junio";"Médicos cirujanos, farmacéuticos, químico-farmacéuticos, bioquímicos, cirujano-dentistas";"DELGADO DIOCARES, PAOLA VANESSA";"Atencion Odontologica";"44 Hrs.";"CIRUJANO DENTISTA";"Región Metropolitana de Santiago";"(188)(186)";"$ 5.024.326";"$ 4.110.036";"$ 0";"$ 0";"No";"No tiene";"No tiene";"No tiene";"01/01/2025";"31/12/2025";"No informa";"Sin observaciones";
"2025";"Junio";"Médicos cirujanos, farmacéuticos, químico-farmacéuticos, bioquímicos, cirujano-dentistas";"DELGADO FLORES, JOSE MANUEL";"Medico Becario Primario";"44 Hrs.";"MEDICO CIRUJANO";"Región Metropolitana de Santiago";"(01)";"$ 2.819.587";"$ 2.323.903";"$ 0";"$ 0";"No";"No tiene";"No tiene";"No tiene";"06/05/2024";"05/05/2026";"No informa";"REMUNERACION JUNIO 2025";
"2025";"Junio";"Médicos cirujanos, farmacéuticos, químico-farmacéuticos, bioquímicos, cirujano-dentistas";"DELGADO VARON, NATALIA";"MEDICO CIRUJANO CON ESPECIALIDAD EN MEDICINA DE URGENCIA";"22 Hrs.";"MEDICO CIRUJANO CON ESPECIALIDAD EN MEDICINA DE URGENCIA";"Región Metropolitana de Santiago";"(01)";"$ 945.285";"$ 773.621";"$ 0";"$ 0";"No";"No tiene";"No tiene";"No tiene";"01/06/2025";"31/12/2025";"No informa";"REMUNERACION JUN.2025";
"2025";"Junio";"Técnico";"DEL RIO PARRA, CRISTIAN JAVIER";"ATENCION CLINICA";"22";"TECNICO NIVEL SUPERIOR ENFERMERIA";"Región Metropolitana de Santiago";"(202)(204)(186)";"$ 1.032.838";"$ 970.529";"$ 0";"$ 117.689";"No";"No tiene";"No tiene";"No tiene";"01/01/2025";"31/12/2025";"No informa";"REMUNERACION JUN.2025+PAGO TRIMESTRAL LEY 19.490 Y 19.937 PERIODO 06/2025";
"2025";"Junio";"Administrativo";"DELZO REYES, FRANCO ALEJANDRO";"APOYO ADMINISTRATIVO";"15";"ADMINISTRATIVO";"Región Metropolitana de Santiago";"(186)";"$ 890.498";"$ 1.196.232";"$ 0";"$ 231.564";"No";"No tiene";"No tiene";"No tiene";"01/01/2025";"31/12/2025";"No informa";"REMUNERACION JUN.2025+BONO ESCOLAR CUOTA 06/2025+PAGO TRIMESTRAL LEY 19.490 Y 19.937 PERIODO 06/2025";
"2025";"Junio";"Profesional";"DIAZ ARAOS, FELIPE ANDRES";"Apoyo Administrativo";"6";"INGENIERO (A) EJECUCION ADMINISTRACION DE EMPRESAS";"Región Metropolitana de Santiago";"(186)(186)";"$ 3.345.583";"$ 2.657.087";"$ 0";"$ 511.917";"No";"No tiene";"No tiene";"No tiene";"01/01/2025";"31/12/2025";"No informa";"REMUNERACION JUNIO 2025+PAGO LEY 19490-19937 CUOTA JUNIO";
"2025";"Junio";"Profesional";"DIAZ ARENAS, ROBERT DAVID";"Apoyo Administrativo";"9";"INGENIERO (A) COMERCIAL";"Región Metropolitana de Santiago";"(01)";"$ 2.613.082";"$ 2.009.079";"$ 0";"$ 152.482";"No";"No tiene";"No tiene";"No tiene";"01/01/2025";"31/12/2025";"No informa";"Sin observaciones";
"2025";"Junio";"Profesional";"DIAZ BRICEÑO, JOSE GONZALO";"Atencion Clinica";"16";"ENFERMERA (O)";"Región Metropolitana de Santiago";"(01)";"$ 1.342.691";"$ 1.099.524";"$ 0";"$ 0";"No";"No tiene";"No tiene";"No tiene";"01/01/2025";"31/07/2025";"No informa";"Sin observaciones";
"2025";"Junio";"Profesional";"DIAZ CONTRERAS, MARIA BELEN";"Atencion Clinica";"15";"ENFERMERA (O)";"Región Metropolitana de Santiago";"(186)";"$ 1.724.928";"$ 1.316.840";"$ 0";"$ 163.634";"No";"No tiene";"No tiene";"No tiene";"01/01/2025";"31/12/2025";"No informa";"Sin observaciones";
"2025";"Junio";"Profesional";"DIAZ DENECKEN, OSCAR ANTONIO";"APOYO LOGISTICO";"12";"INGENIERO (A) EJECUCION MECANICA AUTOMOTRIZ";"Región Metropolitana de Santiago";"(01)";"$ 1.957.536";"$ 1.868.710";"$ 0";"$ 117.555";"Sí";"$ 51.449 : 5,00 hrs";"No tiene";"No tiene";"01/01/2025";"31/12/2025";"No informa";"REMUNERACION JUN.2025+PAGO TRIMESTRAL LEY 19.937 PERIODO 06/2025";
"2025";"Junio";"Administrativo";"DIAZ FARIAS, ALEJANDRA";"Apoyo Administrativo";"15";"ADMINISTRATIVO";"Región Metropolitana de Santiago";"(186)";"$ 942.935";"$ 777.041";"$ 0";"$ 203.684";"Sí";"$ 35.546 : 7,00 hrs";"No tiene";"No tiene";"01/01/2025";"31/12/2025";"No informa";"REMUNERACION JUNIO 2025+PAGO LEY 19490-19937 CUOTA JUNIO+BONO ESCOLAR CUOTA JUNIO 2025";
"2025";"Junio";"Profesional";"DIAZ FONSECA, CATHERINE VALENTINA";"Atencion Clinica";"15";"FONOAUDIOLOGO (A)";"Región Metropolitana de Santiago";"(01)";"$ 1.462.453";"$ 1.194.284";"$ 0";"$ 0";"No";"No tiene";"No tiene";"No tiene";"01/02/2025";"31/12/2025";"No informa";"Sin observaciones";
"2025";"Junio";"Profesional";"DIAZ GOMEZ, JOAN JARNETT";"Atencion Clinica";"15";"MATRON (A)";"Región Metropolitana de Santiago";"(186)";"$ 1.766.165";"$ 1.386.205";"$ 0";"$ 187.876";"No";"No tiene";"No tiene";"No tiene";"01/01/2025";"31/12/2025";"No informa";"Sin observaciones";
"2025";"Junio";"Técnico";"DIAZ GUTIERREZ, RUTH ELIANA";"Atencion Clinica";"18";"TECNICO NIVEL SUPERIOR ENFERMERIA";"Región Metropolitana de Santiago";"(186)";"$ 803.757";"$ 656.910";"$ 0";"$ 193.184";"No";"No tiene";"No tiene";"No tiene";"01/01/2025";"31/12/2025";"No informa";"REMUNERACION JUNIO 2025+PAGO LEY 19490-19937 CUOTA JUNIO";
"2025";"Junio";"Profesional";"DIAZ GUZMAN, EDUARDO ALBERTO";"ENCARGADO (A)";"9";"INGENIERO (A) COMERCIAL";"Región Metropolitana de Santiago";"(186)";"$ 2.589.853";"$ 2.768.393";"$ 0";"$ 325.295";"No";"No tiene";"No tiene";"No tiene";"01/01/2025";"31/12/2025";"No informa";"REMUNERACION JUN.2025+PAGO TRIMESTRAL LEY 19.490 Y 19.937 PERIODO 06/2025";
"2025";"Junio";"Profesional";"DIAZ JARAQUEMADA, ISABEL MARGARITA";"Atencion Clinica";"15";"PROFESOR (A)";"Región Metropolitana de Santiago";"(186)";"$ 1.733.373";"$ 1.361.222";"$ 0";"$ 163.634";"No";"No tiene";"No tiene";"No tiene";"01/01/2025";"31/12/2025";"No informa";"Sin observaciones";
"2025";"Junio";"Profesional";"DIAZ LOPEZ, PABLO ANTONIO";"ATENCION CLINICA";"13";"ENFERMERA (O)";"Región Metropolitana de Santiago";"(01)";"$ 0";"$ 0";"$ 0";"$ 0";"No";"No tiene";"No tiene";"No tiene";"01/01/2025";"31/12/2025";"No informa";"PERMISO SIN GOCE DE SUELDO";
"2025";"Junio";"Profesional";"DIAZ MOLINA, MANUEL ULISES";"Apoyo Administrativo";"8";"INGENIERO (A) AGRONOMO";"Región Metropolitana de Santiago";"(186)";"$ 2.781.454";"$ 2.213.921";"$ 0";"$ 283.764";"No";"No tiene";"No tiene";"No tiene";"01/01/2025";"31/12/2025";"No informa";"REMUNERACION JUNIO 2025+PAGO LEY 19490-19937 CUOTA JUNIO";
"2025";"Junio";"Técnico";"DIAZ ORTIZ, NAYARETH PAOLA";"Atencion Clinica";"22";"TECNICO NIVEL SUPERIOR ODONTOLOGIA";"Región Metropolitana de Santiago";"(186)";"$ 860.702";"$ 680.476";"$ 0";"$ 117.688";"Sí";"$ 70.406 : 21,00 hrs";"No tiene";"No tiene";"01/01/2025";"31/12/2025";"No informa";"Sin observaciones";
"2025";"Junio";"Administrativo";"DIAZ ORTIZ, NICOLAS IGNACIO";"Apoyo Administrativo";"22";"ADMINISTRATIVO";"Región Metropolitana de Santiago";"(01)";"$ 750.135";"$ 586.199";"$ 0";"$ 111.361";"Sí";"No tiene";"$ 39.877 : 10,00 hrs";"No tiene";"01/01/2025";"31/07/2025";"No informa";"Sin observaciones";
"2025";"Junio";"Profesional";"DIAZ PERALTA, KATHERINE ANDREA";"Atencion Clinica";"15";"KINESIOLOGO (A)";"Región Metropolitana de Santiago";"(186)";"$ 1.798.955";"$ 1.357.440";"$ 0";"$ 212.119";"No";"No tiene";"No tiene";"No tiene";"01/01/2025";"31/12/2025";"No informa";"Sin observaciones";
"2025";"Junio";"Profesional";"DIAZ SALGADO, KAROL ANDREA";"Apoyo Administrativo";"8";"ENFERMERA (O)";"Región Metropolitana de Santiago";"(186)";"$ 2.926.927";"$ 2.273.846";"$ 0";"$ 188.963";"No";"No tiene";"No tiene";"No tiene";"01/01/2025";"31/12/2025";"No informa";"Sin observaciones";
"2025";"Junio";"Médicos cirujanos, farmacéuticos, químico-farmacéuticos, bioquímicos, cirujano-dentistas";"DIAZ VALDIVIA, FRANCISCO IGNACIO";"Atencion Clinica Medica";"44 Hrs.";"MEDICO CIRUJANO";"Región Metropolitana de Santiago";"(86)(186)";"$ 3.397.946";"$ 2.674.656";"$ 0";"$ 0";"No";"No tiene";"No tiene";"No tiene";"01/01/2025";"31/12/2025";"No informa";"Sin observaciones";
"2025";"Junio";"Técnico";"DIAZ VASQUEZ, VICTOR RICARDO";"ATENCION CLINICA";"22";"TECNICO NIVEL SUPERIOR ENFERMERIA";"Región Metropolitana de Santiago";"(202)(204)(186)";"$ 1.049.401";"$ 1.019.626";"$ 0";"$ 141.734";"No";"No tiene";"No tiene";"No tiene";"01/01/2025";"31/12/2025";"No informa";"REMUNERACION JUN.2025+PAGO TRIMESTRAL LEY 19.490 Y 19.937 PERIODO 06/2025";
"2025";"Junio";"Técnico";"DIAZ VERGARA, CARLOS MAURICIO";"Apoyo Administrativo";"12";"TECNICO AUDITOR";"Región Metropolitana de Santiago";"(186)";"$ 1.422.634";"$ 1.209.956";"$ 0";"$ 451.601";"Sí";"$ 245.179 : 40,00 hrs";"$ 88.264 : 12,00 hrs";"No tiene";"01/01/2025";"31/12/2025";"No informa";"REMUNERACION JUNIO 2025+PAGO LEY 19490-19937 CUOTA JUNIO";
"2025";"Junio";"Administrativo";"DIETZOLD PINO, MURIEL CAROLINA";"APOYO ADMINISTRATIVO";"22";"ADMINISTRATIVO";"Región Metropolitana de Santiago";"(203)(204)(186)";"$ 858.978";"$ 949.432";"$ 0";"$ 146.433";"No";"No tiene";"No tiene";"No tiene";"01/01/2025";"31/12/2025";"No informa";"REMUNERACION JUN.2025+BONO ESCOLAR CUOTA 06/2025+PAGO TRIMESTRAL LEY 19.490 Y 19.937 PERIODO 06/2025";
"2025";"Junio";"Técnico";"DINAMARCA DEL POZO, LORETO HORTENCIA";"Atencion Clinica";"22";"TECNICO NIVEL SUPERIOR ENFERMERIA";"Región Metropolitana de Santiago";"(01)";"$ 715.581";"$ 715.581";"$ 0";"$ 0";"Sí";"$ 6.646 : 2,00 hrs";"No tiene";"No tiene";"01/01/2025";"30/06/2025";"No informa";"Sin observaciones";
"2025";"Junio";"Profesional";"DINAMARCA PARADA, NATALIA LORETTO";"Subdirector";"7";"NUTRICIONISTA";"Región Metropolitana de Santiago";"(01)";"$ 2.939.170";"$ 2.329.695";"$ 0";"$ 0";"No";"No tiene";"No tiene";"No tiene";"01/01/2025";"31/12/2025";"No informa";"Sin observaciones";
"2025";"Junio";"Médicos cirujanos, farmacéuticos, químico-farmacéuticos, bioquímicos, cirujano-dentistas";"DISI SALAZAR, CESAR ENRIQUE";"Atencion Odontologica";"22 Hrs.";"CIRUJANO DENTISTA";"Región Metropolitana de Santiago";"(188)(186)";"$ 2.479.826";"$ 1.999.785";"$ 0";"$ 0";"No";"No tiene";"No tiene";"No tiene";"01/01/2025";"31/12/2025";"No informa";"Sin observaciones";
"2025";"Junio";"Profesional";"DOCMAC WALKOWIAK, DOMINIQUE MARIE";"ATENCION CLINICA";"13";"ENFERMERA (O)";"Región Metropolitana de Santiago";"(203)(204)(186)";"$ 3.196.811";"$ 2.847.701";"$ 0";"$ 108.251";"Sí";"$ 238.308 : 25,00 hrs";"$ 251.654 : 22,00 hrs";"No tiene";"01/01/2025";"31/12/2025";"No informa";"REMUNERACION JUN.2025 + BONO ENF. Y OTROS PROF+PAGO TRIMESTRAL LEY 19.937 PERIODO 06/2025";
"2025";"Junio";"Profesional";"DOMINGUEZ ESPINOSA, MARIA JOSE";"Apoyo Administrativo";"8";"INGENIERO (A) CIVIL BIOMEDICO";"Región Metropolitana de Santiago";"(186)";"$ 2.691.755";"$ 2.164.051";"$ 0";"$ 283.764";"No";"No tiene";"No tiene";"No tiene";"01/01/2025";"31/12/2025";"No informa";"REMUNERACION JUNIO 2025+PAGO LEY 19490-19937 CUOTA JUNIO";
"2025";"Junio";"Médicos cirujanos, farmacéuticos, químico-farmacéuticos, bioquímicos, cirujano-dentistas";"DONAIRE VERA, EUGENIO ANDRES";"MEDICO CIRUJANO CON ESPECIALIDAD EN MEDICINA DE URGENCIA";"22 Hrs.";"MEDICO CIRUJANO CON ESPECIALIDAD EN MEDICINA DE URGENCIA";"Región Metropolitana de Santiago";"(86)(186)";"$ 2.578.276";"$ 2.252.529";"$ 0";"$ 0";"No";"No tiene";"No tiene";"No tiene";"01/01/2025";"31/12/2025";"No informa";"REMUNERACION JUN.2025";
"2025";"Junio";"Técnico";"DONOSO GONZALEZ, ARACELI DEL SAGRADO CORAZON";"Atencion Clinica";"21";"TECNICO NIVEL SUPERIOR ENFERMERIA";"Región Metropolitana de Santiago";"(186)";"$ 806.687";"$ 611.207";"$ 0";"$ 126.975";"No";"No tiene";"No tiene";"No tiene";"01/01/2025";"31/12/2025";"No informa";"Sin observaciones";
"2025";"Junio";"Profesional";"DONOSO MALEBRAN, KARINA NICOL";"ATENCION CLINICA";"13";"ENFERMERA (O)";"Región Metropolitana de Santiago";"(01)";"$ 1.755.231";"$ 1.856.943";"$ 0";"$ 194.850";"No";"No tiene";"No tiene";"No tiene";"01/01/2025";"31/12/2025";"No informa";"REMUNERACION JUN.2025+PAGO TRIMESTRAL LEY 19.490 Y 19.937 PERIODO 06/2025";
"2025";"Junio";"Profesional";"DONOSO NILO, WILLIAMS ENRIQUE";"Atencion Clinica";"9";"KINESIOLOGO (A)";"Región Metropolitana de Santiago";"(01)";"$ 2.613.082";"$ 2.009.079";"$ 0";"$ 152.482";"No";"No tiene";"No tiene";"No tiene";"01/01/2025";"31/12/2025";"No informa";"Sin observaciones";
"2025";"Junio";"Médicos cirujanos, farmacéuticos, químico-farmacéuticos, bioquímicos, cirujano-dentistas";"DOREN ALARCON, SOLANGE FRANCISCA";"Atencion Odontologica";"22 Hrs.";"CIRUJANO DENTISTA";"Región Metropolitana de Santiago";"(188)(186)";"$ 2.439.439";"$ 1.857.587";"$ 0";"$ 0";"No";"No tiene";"No tiene";"No tiene";"01/01/2025";"31/12/2025";"No informa";"Sin observaciones";
"2025";"Junio";"Médicos cirujanos, farmacéuticos, químico-farmacéuticos, bioquímicos, cirujano-dentistas";"DOREN ALARCON, SOLANGE FRANCISCA";"Atencion Odontologica";"22 Hrs.";"CIRUJANO DENTISTA";"Región Metropolitana de Santiago";"(188)(186)";"$ 2.439.439";"$ 2.121.565";"$ 0";"$ 0";"No";"No tiene";"No tiene";"No tiene";"01/01/2025";"31/12/2025";"No informa";"Sin observaciones";
"2025";"Junio";"Profesional";"DREYER SARRIA, FRANCY MELANIE";"Apoyo Administrativo";"9";"INGENIERO (A) CIVIL INDUSTRIAL";"Región Metropolitana de Santiago";"(186)";"$ 2.473.351";"$ 1.976.446";"$ 0";"$ 260.323";"No";"No tiene";"No tiene";"No tiene";"01/01/2025";"31/12/2025";"No informa";"REMUNERACION JUNIO 2025+PAGO LEY 19490-19937 CUOTA JUNIO";
"2025";"Junio";"Profesional";"DROGUETT ARIAS, JULISSA ALEJANDRA";"Apoyo Administrativo";"15";"INGENIERO (A) EJECUCION ADMINISTRACION DE NEGOCIOS";"Región Metropolitana de Santiago";"(01)";"$ 2.284.927";"$ 1.823.595";"$ 0";"$ 248.481";"Sí";"$ 286.466 : 36,00 hrs";"$ 286.467 : 30,00 hrs";"No tiene";"01/01/2025";"31/12/2025";"No informa";"Sin observaciones";
"2025";"Junio";"Profesional";"DROGUETT OYARZUN, CLAUDIA FRANCISCA";"Atencion Clinica";"12";"PSICOLOGO (A)";"Región Metropolitana de Santiago";"(186)";"$ 1.916.726";"$ 1.553.718";"$ 0";"$ 200.694";"No";"No tiene";"No tiene";"No tiene";"01/01/2025";"31/12/2025";"No informa";"REMUNERACION JUNIO 2025+PAGO LEY 19490-19937 CUOTA JUNIO";
"2025";"Junio";"Administrativo";"DUARTE ARCE, MARIA ELIANA";"Apoyo Administrativo";"13";"ADMINISTRATIVO";"Región Metropolitana de Santiago";"(186)";"$ 1.549.925";"$ 1.194.109";"$ 0";"$ 250.422";"Sí";"$ 172.946 : 30,00 hrs";"$ 103.767 : 15,00 hrs";"No tiene";"01/01/2025";"31/12/2025";"No informa";"Sin observaciones";
"2025";"Junio";"Auxiliar";"DUARTE ARRIAZA, GABRIEL MICHEL";"CONDUCTOR";"22";"AUXILIAR";"Región Metropolitana de Santiago";"(205)(202)(204)";"$ 1.326.551";"$ 1.225.802";"$ 0";"$ 117.689";"Sí";"$ 132.924 : 40,00 hrs";"$ 135.582 : 34,00 hrs";"No tiene";"01/01/2025";"31/12/2025";"No informa";"REMUNERACION JUN.2025+PAGO TRIMESTRAL LEY 19.490 Y 19.937 PERIODO 06/2025";
"2025";"Junio";"Profesional";"DUARTE PARRA, LAURA VICTORIA";"Atencion Clinica";"13";"ASISTENTE SOCIAL";"Región Metropolitana de Santiago";"(01)";"$ 1.811.331";"$ 1.471.624";"$ 0";"$ 0";"Sí";"$ 18.951 : 2,00 hrs";"$ 56.852 : 5,00 hrs";"No tiene";"01/01/2025";"31/12/2025";"No informa";"Sin observaciones";
"2025";"Junio";"Técnico";"DUARTE SALGADO, FRANCISCA ANDREA";"Atencion Clinica";"20";"TECNICO NIVEL SUPERIOR ODONTOLOGIA";"Región Metropolitana de Santiago";"(186)";"$ 836.858";"$ 645.267";"$ 0";"$ 126.750";"No";"No tiene";"No tiene";"No tiene";"01/01/2025";"31/12/2025";"No informa";"Sin observaciones";
"2025";"Junio";"Profesional";"DUK DIAZ, ANDREA MARGARITA";"ATENCION CLINICA";"9";"ENFERMERA (O)";"Región Metropolitana de Santiago";"(203)(204)(186)";"$ 4.328.105";"$ 3.675.534";"$ 0";"$ 406.619";"Sí";"$ 349.040 : 26,00 hrs";"$ 306.081 : 19,00 hrs";"No tiene";"01/01/2025";"31/12/2025";"No informa";"REMUNERACION JUN.2025 + BONO ENF. Y OTROS PROF+PAGO TRIMESTRAL LEY 19.490 Y 19.937 PERIODO 06/2025";
"2025";"Junio";"Profesional";"DURAN BARAHONA, ROSSANA ESTER";"Apoyo Administrativo";"10";"ASISTENTE SOCIAL";"Región Metropolitana de Santiago";"(186)";"$ 2.900.565";"$ 2.131.639";"$ 0";"$ 502.566";"No";"No tiene";"No tiene";"No tiene";"01/01/2025";"31/12/2025";"No informa";"Sin observaciones";
"2025";"Junio";"Profesional";"DURAN MELLADO, SUSANA MELISSA";"APOYO ADMINISTRATIVO";"15";"INGENIERO (A) COMERCIAL";"Región Metropolitana de Santiago";"(01)";"$ 1.462.453";"$ 1.419.959";"$ 0";"$ 113.120";"No";"No tiene";"No tiene";"No tiene";"01/06/2025";"30/06/2025";"No informa";"REEMPLAZO JUN.2025 (01-30)+PAGO TRIMESTRAL LEY 19.490 Y 19.937 PERIODO 06/2025";
"2025";"Junio";"Profesional";"ECHANIZ FARIAS, CATALINA MAGDALENA";"Atencion Clinica";"15";"ENFERMERA (O)";"Región Metropolitana de Santiago";"(01)";"$ 1.751.554";"$ 1.287.684";"$ 0";"$ 287.875";"No";"No tiene";"No tiene";"No tiene";"01/01/2025";"31/12/2025";"No informa";"Sin observaciones";
"2025";"Junio";"Administrativo";"ECHEVERRIA GUZMAN, CLAUDIA PATRICIA";"SECRETARIA";"21";"ADMINISTRATIVO";"Región Metropolitana de Santiago";"(186)";"$ 737.152";"$ 1.089.728";"$ 0";"$ 196.033";"Sí";"$ 51.966 : 14,00 hrs";"No tiene";"No tiene";"01/01/2025";"31/12/2025";"No informa";"REMUNERACION JUN.2025+BONO ESCOLAR CUOTA 06/2025+PAGO TRIMESTRAL LEY 19.490 Y 19.937 PERIODO 06/2025";
"2025";"Junio";"Técnico";"ELGUETA JARA, PATRICIA ELIANA";"SECRETARIA";"22";"TECNICO NIVEL SUPERIOR EN TRABAJO SOCIAL";"Región Metropolitana de Santiago";"(01)";"$ 942.052";"$ 1.230.919";"$ 0";"$ 125.733";"Sí";"$ 132.924 : 40,00 hrs";"$ 159.509 : 40,00 hrs";"No tiene";"01/01/2025";"31/08/2025";"No informa";"REMUNERACION JUN.2025+BONO ESCOLAR CUOTA 06/2025+PAGO TRIMESTRAL LEY 19.937 PERIODO 06/2025";
"2025";"Junio";"Profesional";"ELGUETA RODRIGUEZ, ELIZABETH JOVANNA";"COORDINADOR DE LA RED ONCOLOGICA";"8";"ENFERMERA (O)";"Región Metropolitana de Santiago";"(01)";"$ 2.677.280";"$ 2.149.771";"$ 0";"$ 311.584";"No";"No tiene";"No tiene";"No tiene";"01/01/2025";"31/12/2025";"No informa";"REMUNERACION JUNIO 2025+PAGO LEY 19937 CUOTA JUNIO 2025+BONO ESCOLAR CUOTA JUNIO 2025";
"2025";"Junio";"Profesional";"ELLIOTT FELIU, SOPHIA CATALINA";"Atencion Clinica";"16";"PSICOLOGO (A)";"Región Metropolitana de Santiago";"(01)";"$ 1.342.691";"$ 1.342.691";"$ 0";"$ 0";"No";"No tiene";"No tiene";"No tiene";"21/04/2025";"04/07/2025";"No informa";"Sin observaciones";
"2025";"Junio";"Profesional";"ENRIQUEZ LOPEZ, SERGIO ANTONIO";"APOYO ADMINISTRATIVO";"7";"KINESIOLOGO (A)";"Región Metropolitana de Santiago";"(186)";"$ 2.986.072";"$ 4.164.909";"$ 0";"$ 929.721";"No";"No tiene";"No tiene";"No tiene";"01/01/2025";"31/12/2025";"No informa";"REMUNERACION JUN.2025+BONO ESCOLAR CUOTA 06/2025+PAGO TRIMESTRAL LEY 19.490 Y 19.937 PERIODO 06/2025";
"2025";"Junio";"Auxiliar";"ESCALANTE PEÑAILILLO, DAVID JACOB";"CONDUCTOR";"21";"AUXILIAR";"Región Metropolitana de Santiago";"(205)(202)(204)";"$ 1.439.801";"$ 1.147.327";"$ 0";"$ 156.366";"Sí";"$ 96.803 : 27,00 hrs";"$ 197.908 : 46,00 hrs";"No tiene";"01/01/2025";"31/12/2025";"No informa";"REMUNERACION JUN.2025+BONO ESCOLAR CUOTA 06/2025+PAGO TRIMESTRAL LEY 19.490 Y 19.937 PERIODO 06/2025";
"2025";"Junio";"Auxiliar";"ESCALANTE SALAMANCA, JUAN FRANCISCO";"CONDUCTOR";"22";"AUXILIAR";"Región Metropolitana de Santiago";"(205)(202)(204)";"$ 1.235.498";"$ 1.012.684";"$ 0";"$ 0";"Sí";"$ 49.846 : 15,00 hrs";"$ 127.607 : 32,00 hrs";"No tiene";"01/01/2025";"30/06/2025";"No informa";"REMUNERACION JUN.2025";
"2025";"Junio";"Médicos cirujanos, farmacéuticos, químico-farmacéuticos, bioquímicos, cirujano-dentistas";"ESCALANTE TAPIA, DIEGO ANTONIO";"Atencion Clinica Medica";"44 Hrs.";"MEDICO CIRUJANO";"Región Metropolitana de Santiago";"(86)(186)";"$ 4.800.444";"$ 3.916.378";"$ 0";"$ 0";"Sí";"$ 252.380 : 20,00 hrs";"$ 969.152 : 64,00 hrs";"No tiene";"01/01/2025";"31/12/2025";"No informa";"Sin observaciones";
"2025";"Junio";"Técnico";"ESCAMILLA ROJAS, ANDREA ALEJANDRA";"Atencion Clinica";"21";"TECNICO NIVEL SUPERIOR ENFERMERIA";"Región Metropolitana de Santiago";"(186)";"$ 1.105.358";"$ 843.214";"$ 0";"$ 165.079";"No";"No tiene";"No tiene";"No tiene";"01/01/2025";"31/12/2025";"No informa";"Sin observaciones";
"2025";"Junio";"Administrativo";"ESCARATE FIGUEROA, PEDRO ALFONSO";"Apoyo Administrativo";"22";"ADMINISTRATIVO";"Región Metropolitana de Santiago";"(186)";"$ 725.659";"$ 550.171";"$ 0";"$ 117.688";"No";"No tiene";"No tiene";"No tiene";"01/01/2025";"31/12/2025";"No informa";"Sin observaciones";
"2025";"Junio";"Médicos cirujanos, farmacéuticos, químico-farmacéuticos, bioquímicos, cirujano-dentistas";"ESCOBAR MORALES, ISIDORA PAZ";"Atencion Odontologica";"44 Hrs.";"CIRUJANO DENTISTA";"Región Metropolitana de Santiago";"(01)";"$ 1.890.570";"$ 1.348.474";"$ 0";"$ 0";"No";"No tiene";"No tiene";"No tiene";"15/05/2025";"30/06/2025";"No informa";"Sin observaciones";
"2025";"Junio";"Profesional";"ESCOBAR PEÑALOZA, MARIA BELEN";"ATENCION CLINICA";"13";"ENFERMERA (O)";"Región Metropolitana de Santiago";"(203)(204)(186)";"$ 3.246.705";"$ 3.192.715";"$ 0";"$ 230.934";"Sí";"$ 270.096 : 28,00 hrs";"$ 243.086 : 21,00 hrs";"No tiene";"01/01/2025";"31/12/2025";"No informa";"REMUNERACION JUN.2025 + BONO ENF. Y OTROS PROF+PAGO TRIMESTRAL LEY 19.490 Y 19.937 PERIODO 06/2025";
"2025";"Junio";"Técnico";"ESCOBAR VILLAGRA, JOSE LUIS";"Atencion Clinica";"22";"TECNICO NIVEL SUPERIOR ENFERMERIA";"Región Metropolitana de Santiago";"(01)";"$ 708.935";"$ 579.413";"$ 0";"$ 0";"No";"No tiene";"No tiene";"No tiene";"01/01/2025";"30/06/2025";"No informa";"Sin observaciones";
"2025";"Junio";"Administrativo";"ESCORZA BARRIGA, FRANCISCA";"Apoyo Administrativo";"21";"ADMINISTRATIVO";"Región Metropolitana de Santiago";"(01)";"$ 1.050.662";"$ 798.678";"$ 0";"$ 158.252";"No";"No tiene";"No tiene";"No tiene";"01/01/2025";"31/12/2025";"No informa";"Sin observaciones";
"2025";"Junio";"Auxiliar";"ESCORZA PIZARRO, LUIS HERNAN";"CONDUCTOR";"24";"AUXILIAR";"Región Metropolitana de Santiago";"(205)(202)(204)(186)";"$ 928.519";"$ 746.664";"$ 0";"$ 99.152";"No";"No tiene";"No tiene";"No tiene";"01/01/2025";"31/12/2025";"No informa";"REMUNERACION JUN.2025+PAGO TRIMESTRAL LEY 19.490 Y 19.937 PERIODO 06/2025";
"2025";"Junio";"Médicos cirujanos, farmacéuticos, químico-farmacéuticos, bioquímicos, cirujano-dentistas";"ESPINAL VASQUEZ, CATALINA JAVIERA";"CIRUGIA GENERAL";"22 Hrs.";"MEDICO CIRUJANO";"Región Metropolitana de Santiago";"(01)";"$ 945.285";"$ 837.827";"$ 0";"$ 0";"No";"No tiene";"No tiene";"No tiene";"01/06/2025";"31/12/2025";"No informa";"REMUNERACION JUN.2025";
"2025";"Junio";"Profesional";"ESPINOSA ROMERO, ANTONIO ALEJANDRO";"ATENCION CLINICA";"13";"ENFERMERA (O)";"Región Metropolitana de Santiago";"(203)(204)(186)";"$ 2.720.186";"$ 2.176.471";"$ 0";"$ 126.291";"No";"No tiene";"No tiene";"No tiene";"01/01/2025";"31/12/2025";"No informa";"REMUNERACION JUN.2025 + BONO ENF. Y OTROS PROF+PAGO TRIMESTRAL LEY 19.490 Y 19.937 PERIODO 06/2025";
"2025";"Junio";"Técnico";"ESPINOSA VALENZUELA, GUILLERMO MOISES";"ATENCION CLINICA";"21";"TECNICO NIVEL SUPERIOR ENFERMERIA";"Región Metropolitana de Santiago";"(203)(204)(186)";"$ 961.009";"$ 1.155.758";"$ 0";"$ 156.366";"No";"No tiene";"No tiene";"No tiene";"01/01/2025";"31/12/2025";"No informa";"REMUNERACION JUN.2025+BONO ESCOLAR CUOTA 06/2025+PAGO TRIMESTRAL LEY 19.490 Y 19.937 PERIODO 06/2025";
"2025";"Junio";"Profesional";"ESPINOZA ACUÑA, MARIA JOSE";"Atencion Clinica";"14";"MATRON (A)";"Región Metropolitana de Santiago";"(186)";"$ 1.897.696";"$ 1.485.741";"$ 0";"$ 204.994";"No";"No tiene";"No tiene";"No tiene";"01/01/2025";"31/12/2025";"No informa";"Sin observaciones";
"2025";"Junio";"Médicos cirujanos, farmacéuticos, químico-farmacéuticos, bioquímicos, cirujano-dentistas";"ESPINOZA CALLEJAS, HUGO FERNANDO";"Atencion Odontologica";"22 Hrs.";"CIRUJANO DENTISTA";"Región Metropolitana de Santiago";"(188)(186)";"$ 2.446.050";"$ 1.952.976";"$ 0";"$ 0";"No";"No tiene";"No tiene";"No tiene";"01/01/2025";"31/12/2025";"No informa";"Sin observaciones";
"2025";"Junio";"Administrativo";"ESPINOZA CORDOVA, MARTINA RAFAELA";"Apoyo Administrativo";"22";"ADMINISTRATIVO";"Región Metropolitana de Santiago";"(01)";"$ 658.331";"$ 658.331";"$ 0";"$ 0";"No";"No tiene";"No tiene";"No tiene";"08/05/2025";"31/07/2025";"No informa";"Sin observaciones";
"2025";"Junio";"Médicos cirujanos, farmacéuticos, químico-farmacéuticos, bioquímicos, cirujano-dentistas";"ESPINOZA DIAZ, NATALIA BELEN";"Atencion Clinica Medica";"44 Hrs.";"MEDICO CIRUJANO";"Región Metropolitana de Santiago";"(186)(86)";"$ 3.323.009";"$ 2.639.404";"$ 0";"$ 0";"No";"No tiene";"No tiene";"No tiene";"01/01/2025";"31/12/2025";"No informa";"Sin observaciones";
"2025";"Junio";"Médicos cirujanos, farmacéuticos, químico-farmacéuticos, bioquímicos, cirujano-dentistas";"ESPINOZA FARIAS, RODRIGO ANDRES";"Medicina Interna";"44 Hrs.";"MEDICO CIRUJANO";"Región Metropolitana de Santiago";"(86)(186)";"$ 5.685.456";"$ 4.654.542";"$ 0";"$ 0";"No";"No tiene";"No tiene";"No tiene";"01/01/2025";"31/12/2025";"No informa";"REMUNERACION JUNIO 2025";
"2025";"Junio";"Técnico";"ESPINOZA FUENZALIDA, PRISCILLA ANDREA";"Atencion Clinica";"21";"TECNICO NIVEL SUPERIOR DE PARVULO";"Región Metropolitana de Santiago";"(01)";"$ 697.136";"$ 568.513";"$ 0";"$ 0";"No";"No tiene";"No tiene";"No tiene";"01/01/2025";"31/12/2025";"No informa";"Sin observaciones";
"2025";"Junio";"Profesional";"ESPINOZA GONZALEZ, SERGIO EMANUEL";"ATENCION CLINICA";"13";"ENFERMERA (O)";"Región Metropolitana de Santiago";"(203)(204)(186)";"$ 2.720.186";"$ 2.651.015";"$ 0";"$ 202.067";"No";"No tiene";"No tiene";"No tiene";"01/01/2025";"31/12/2025";"No informa";"REMUNERACION JUN.2025 + BONO ENF. Y OTROS PROF+PAGO TRIMESTRAL LEY 19.490 Y 19.937 PERIODO 06/2025";
"2025";"Junio";"Auxiliar";"ESPINOZA LOPEZ, ALEX QUINTO";"Apoyo Administrativo";"23";"AUXILIAR";"Región Metropolitana de Santiago";"(01)";"$ 639.895";"$ 485.888";"$ 0";"$ 101.750";"No";"No tiene";"No tiene";"No tiene";"01/01/2025";"31/12/2025";"No informa";"Sin observaciones";
"2025";"Junio";"Técnico";"ESPINOZA LOPEZ, VICTOR HILARIO";"Apoyo Administrativo";"12";"INGENIERO (A) EN RECURSOS HUMANOS";"Región Metropolitana de Santiago";"(186)";"$ 3.042.342";"$ 2.103.304";"$ 0";"$ 739.737";"Sí";"$ 305.467 : 30,00 hrs";"$ 61.094 : 5,00 hrs";"No tiene";"01/01/2025";"31/12/2025";"No informa";"Sin observaciones";
"2025";"Junio";"Médicos cirujanos, farmacéuticos, químico-farmacéuticos, bioquímicos, cirujano-dentistas";"ESPINOZA MALDONADO, RAUL ENRIQUE";"Atencion Clinica Medica";"44 Hrs.";"MEDICO CIRUJANO";"Región Metropolitana de Santiago";"(188)(186)";"$ 4.812.781";"$ 3.937.652";"$ 0";"$ 0";"No";"No tiene";"No tiene";"No tiene";"01/01/2025";"31/12/2025";"No informa";"Sin observaciones";
"2025";"Junio";"Médicos cirujanos, farmacéuticos, químico-farmacéuticos, bioquímicos, cirujano-dentistas";"ESPINOZA MORALES, DEYANIRA FERNANDA";"Medico PAO";"44 Hrs.";"MEDICO CIRUJANO";"Región Metropolitana de Santiago";"(01)";"$ 1.890.570";"$ 1.522.496";"$ 0";"$ 0";"No";"No tiene";"No tiene";"No tiene";"01/06/2025";"31/12/2025";"No informa";"Sin observaciones";
"2025";"Junio";"Profesional";"ESPINOZA PARRAGUEZ, LAURA ADRIANA";"Apoyo Administrativo";"5";"MATRON (A)";"Región Metropolitana de Santiago";"(186)";"$ 3.603.068";"$ 2.849.622";"$ 0";"$ 1.040.115";"No";"No tiene";"No tiene";"No tiene";"01/01/2025";"31/12/2025";"No informa";"REMUNERACION JUNIO 2025+PAGO LEY 19490-19937 CUOTA JUNIO";
"2025";"Junio";"Administrativo";"ESPINOZA PARRAO, FRESIA";"Secretaria";"13";"ADMINISTRATIVO";"Región Metropolitana de Santiago";"(186)";"$ 1.245.710";"$ 1.043.456";"$ 0";"$ 484.116";"Sí";"$ 164.879 : 27,00 hrs";"No tiene";"No tiene";"01/01/2025";"31/12/2025";"No informa";"REMUNERACION JUNIO 2025+PAGO LEY 19490-19937 CUOTA JUNIO+BONO ESCOLAR CUOTA JUNIO 2025";
"2025";"Junio";"Médicos cirujanos, farmacéuticos, químico-farmacéuticos, bioquímicos, cirujano-dentistas";"ESPINOZA POOL, CAROLINA HEIDY";"Atencion Clinica Medica";"22 Hrs.";"MEDICO CIRUJANO";"Región Metropolitana de Santiago";"(188)(86)(186)";"$ 2.690.668";"$ 2.355.499";"$ 0";"$ 0";"No";"No tiene";"No tiene";"No tiene";"01/01/2025";"31/12/2025";"No informa";"Sin observaciones";
"2025";"Junio";"Profesional";"ESPINOZA RETAMAL, GERARDO IGNACIO";"ATENCION CLINICA";"13";"ENFERMERA (O)";"Región Metropolitana de Santiago";"(203)(204)(186)";"$ 2.832.676";"$ 2.752.776";"$ 0";"$ 202.067";"Sí";"No tiene";"$ 125.827 : 11,00 hrs";"No tiene";"01/01/2025";"31/12/2025";"No informa";"REMUNERACION JUN.2025 + BONO ENF. Y OTROS PROF+PAGO TRIMESTRAL LEY 19.490 Y 19.937 PERIODO 06/2025";
"2025";"Junio";"Profesional";"ESPINOZA VERGARA, EVELYN VALESKA";"APOYO ADMINISTRATIVO";"13";"ADMINISTRADOR (A) PUBLICO";"Región Metropolitana de Santiago";"(186)";"$ 1.854.781";"$ 1.957.691";"$ 0";"$ 281.328";"No";"No tiene";"No tiene";"No tiene";"01/01/2025";"31/12/2025";"No informa";"REMUNERACION JUN.2025+BONO ESCOLAR CUOTA 03/2025+BONO ESCOLAR CUOTA 06/2025+PAGO TRIMESTRAL LEY 19.490 Y 19.937 PERIODO 06/2025";
"2025";"Junio";"Profesional";"EYZAGUIRRE ARZOLAS, LUIS HUMBERTO";"ATENCION CLINICA";"11";"KINESIOLOGO (A)";"Región Metropolitana de Santiago";"(203)(201)(204)(186)";"$ 4.764.690";"$ 5.226.123";"$ 0";"$ 627.695";"Sí";"$ 323.266 : 28,00 hrs";"$ 1.080.633 : 78,00 hrs";"No tiene";"01/01/2025";"31/12/2025";"No informa";"REMUNERACION JUN.2025 + BONO ENF. Y OTROS PROF+PAGO TRIMESTRAL LEY 19.490 Y 19.937 PERIODO 06/2025";
"2025";"Junio";"Auxiliar";"FALCON VISCARRA, JUAN ANDRES";"CONDUCTOR";"21";"AUXILIAR";"Región Metropolitana de Santiago";"(205)(202)(204)";"$ 1.533.553";"$ 1.582.950";"$ 0";"$ 170.738";"Sí";"$ 143.412 : 40,00 hrs";"$ 240.932 : 56,00 hrs";"No tiene";"01/01/2025";"31/12/2025";"No informa";"REMUNERACION JUN.2025+BONO ESCOLAR CUOTA 06/2025+PAGO TRIMESTRAL LEY 19.490 Y 19.937 PERIODO 06/2025";
"2025";"Junio";"Profesional";"FARFAN TORRES, KAREN PATRICIA";"Apoyo Administrativo";"5";"ENFERMERA (O)";"Región Metropolitana de Santiago";"(186)";"$ 3.423.468";"$ 2.715.713";"$ 0";"$ 566.049";"No";"No tiene";"No tiene";"No tiene";"01/01/2025";"31/12/2025";"No informa";"REMUNERACION JUNIO 2025+PAGO LEY 19490-19937 CUOTA JUNIO";
"2025";"Junio";"Técnico";"FARIAS ALCAINO, MAIRA FRANCISCA";"Atencion Clinica";"22";"TECNICO NIVEL SUPERIOR ENFERMERIA";"Región Metropolitana de Santiago";"(186)";"$ 794.819";"$ 613.798";"$ 0";"$ 117.688";"No";"No tiene";"No tiene";"No tiene";"01/01/2025";"31/12/2025";"No informa";"Sin observaciones";
"2025";"Junio";"Profesional";"FARIAS LOPEZ, MARJORIE NICOLE";"Atencion Clinica";"16";"ENFERMERA (O)";"Región Metropolitana de Santiago";"(01)";"$ 1.426.367";"$ 1.131.011";"$ 0";"$ 83.321";"No";"No tiene";"No tiene";"No tiene";"01/03/2025";"31/07/2025";"No informa";"Sin observaciones";
"2025";"Junio";"Administrativo";"FAUNDEZ MARTINEZ, MARISOL";"Apoyo Administrativo";"13";"ADMINISTRATIVO";"Región Metropolitana de Santiago";"(186)";"$ 1.031.574";"$ 841.352";"$ 0";"$ 484.116";"No";"No tiene";"No tiene";"No tiene";"01/01/2025";"31/12/2025";"No informa";"REMUNERACION JUNIO 2025+PAGO LEY 19490-19937 CUOTA JUNIO";
"2025";"Junio";"Médicos cirujanos, farmacéuticos, químico-farmacéuticos, bioquímicos, cirujano-dentistas";"FAUNDEZ TORO, FRANCISCA SOLEDAD";"Atencion Clinica Medica";"44 Hrs.";"MEDICO CIRUJANO";"Región Metropolitana de Santiago";"(86)(186)";"$ 3.397.946";"$ 2.699.039";"$ 0";"$ 0";"No";"No tiene";"No tiene";"No tiene";"01/01/2025";"31/12/2025";"No informa";"Sin observaciones";
"2025";"Junio";"Médicos cirujanos, farmacéuticos, químico-farmacéuticos, bioquímicos, cirujano-dentistas";"FERJ POLANCO, CAMILA IGNACIA";"Atencion Odontologica";"22 Hrs.";"CIRUJANO DENTISTA";"Región Metropolitana de Santiago";"(01)";"$ 945.285";"$ 779.954";"$ 0";"$ 0";"No";"No tiene";"No tiene";"No tiene";"10/02/2025";"31/07/2025";"No informa";"Sin observaciones";
"2025";"Junio";"Médicos cirujanos, farmacéuticos, químico-farmacéuticos, bioquímicos, cirujano-dentistas";"FERMIN ESCARAY, YARAESY DEYANIRA";"Atencion Clinica Medica";"44 Hrs.";"MEDICO CIRUJANO";"Región Metropolitana de Santiago";"(188)(186)";"$ 1.062.965";"$ 868.760";"$ 0";"$ 0";"No";"No tiene";"No tiene";"No tiene";"01/01/2025";"12/06/2025";"No informa";"Sin observaciones";
"2025";"Junio";"Auxiliar";"FERNANDEZ CASTRO, GUILLERMO VICTOR";"CONDUCTOR";"22";"AUXILIAR";"Región Metropolitana de Santiago";"(205)(202)(204)";"$ 1.240.150";"$ 1.154.916";"$ 0";"$ 141.734";"Sí";"$ 46.523 : 14,00 hrs";"$ 135.582 : 34,00 hrs";"No tiene";"01/01/2025";"31/12/2025";"No informa";"REMUNERACION JUN.2025+PAGO TRIMESTRAL LEY 19.490 Y 19.937 PERIODO 06/2025";
"2025";"Junio";"Médicos cirujanos, farmacéuticos, químico-farmacéuticos, bioquímicos, cirujano-dentistas";"FERNANDEZ FLORES, ESTEBAN NICOLAS";"Medico Becario Primario";"44 Hrs.";"MEDICO CIRUJANO";"Región Metropolitana de Santiago";"(01)";"$ 1.890.570";"$ 1.539.013";"$ 0";"$ 0";"No";"No tiene";"No tiene";"No tiene";"01/06/2025";"31/12/2025";"No informa";"Sin observaciones";
"2025";"Junio";"Profesional";"FERNANDEZ FUENTES, PAOLA JACQUELINE";"Atencion Clinica";"7";"KINESIOLOGO (A)";"Región Metropolitana de Santiago";"(01)";"$ 3.341.413";"$ 2.478.059";"$ 0";"$ 311.219";"No";"No tiene";"No tiene";"No tiene";"01/01/2025";"31/12/2025";"No informa";"Sin observaciones";
"2025";"Junio";"Profesional";"FERNANDEZ GUTIERREZ, ALVARO ORLANDO";"ATENCION CLINICA";"12";"ENFERMERA (O)";"Región Metropolitana de Santiago";"(203)(204)(186)";"$ 2.971.528";"$ 3.200.167";"$ 0";"$ 474.139";"No";"No tiene";"No tiene";"No tiene";"01/01/2025";"31/12/2025";"No informa";"REMUNERACION JUN.2025 + BONO ENF. Y OTROS PROF+PAGO TRIMESTRAL LEY 19.490 Y 19.937 PERIODO 06/2025";
"2025";"Junio";"Médicos cirujanos, farmacéuticos, químico-farmacéuticos, bioquímicos, cirujano-dentistas";"FERNANDEZ MORENO, DANIELA DEL CARMEN";"Atencion Clinica Medica";"44 Hrs.";"MEDICO CIRUJANO";"Región Metropolitana de Santiago";"(86)";"$ 2.948.378";"$ 2.355.335";"$ 0";"$ 0";"No";"No tiene";"No tiene";"No tiene";"01/01/2025";"31/12/2025";"No informa";"Sin observaciones";
"2025";"Junio";"Profesional";"FERNANDEZ NEIRA, ISAAC FERNANDO";"JEFE DE DEPARTAMENTO";"7";"CONTADOR (A) AUDITOR (A)";"Región Metropolitana de Santiago";"(186)";"$ 3.075.771";"$ 3.787.292";"$ 0";"$ 585.823";"No";"No tiene";"No tiene";"No tiene";"01/01/2025";"31/12/2025";"No informa";"REMUNERACION JUN.2025+PAGO TRIMESTRAL LEY 19.490 Y 19.937 PERIODO 06/2025";
"2025";"Junio";"Técnico";"FERNANDEZ SAN MARTIN, VERONICA SOLEDAD AUDOMIRA";"Atencion Clinica";"22";"TECNICO NIVEL SUPERIOR ENFERMERIA";"Región Metropolitana de Santiago";"(186)";"$ 813.323";"$ 616.744";"$ 0";"$ 131.608";"No";"No tiene";"No tiene";"No tiene";"01/01/2025";"31/12/2025";"No informa";"Sin observaciones";
"2025";"Junio";"Médicos cirujanos, farmacéuticos, químico-farmacéuticos, bioquímicos, cirujano-dentistas";"FERNANDEZ DAVILA SEPULVEDA, PIA ALEJANDRA";"Atencion Odontologica";"44 Hrs.";"CIRUJANO DENTISTA";"Región Metropolitana de Santiago";"(86)(220)(186)";"$ 7.510.175";"$ 6.013.055";"$ 0";"$ 0";"No";"No tiene";"No tiene";"No tiene";"01/01/2025";"31/12/2025";"No informa";"Sin observaciones";
"2025";"Junio";"Profesional";"FERRER HERNANDEZ, MARIA ESTHER";"Apoyo Administrativo";"8";"PSICOLOGO (A)";"Región Metropolitana de Santiago";"(186)";"$ 2.735.178";"$ 2.174.794";"$ 0";"$ 445.120";"No";"No tiene";"No tiene";"No tiene";"01/01/2025";"31/12/2025";"No informa";"REMUNERACION JUNIO 2025+PAGO LEY 19490-19937 CUOTA JUNIO+BONO ESCOLAR CUOTA JUNIO 2025";
"2025";"Junio";"Administrativo";"FICA CONTRERAS, YERTY NELLY";"Secretaria";"13";"ADMINISTRATIVO";"Región Metropolitana de Santiago";"(186)";"$ 1.270.463";"$ 935.823";"$ 0";"$ 250.422";"Sí";"$ 16.953 : 3,00 hrs";"No tiene";"No tiene";"01/01/2025";"31/12/2025";"No informa";"Sin observaciones";
"2025";"Junio";"Médicos cirujanos, farmacéuticos, químico-farmacéuticos, bioquímicos, cirujano-dentistas";"FIERRO FUENTES, VALERY NATASHA";"Atencion Clinica Medica";"22 Hrs.";"MEDICO CIRUJANO";"Región Metropolitana de Santiago";"(188)";"$ 1.057.677";"$ 872.688";"$ 0";"$ 0";"No";"No tiene";"No tiene";"No tiene";"01/01/2025";"31/07/2025";"No informa";"Sin observaciones";
"2025";"Junio";"Médicos cirujanos, farmacéuticos, químico-farmacéuticos, bioquímicos, cirujano-dentistas";"FIERRO FUENTES, VALERY NATASHA";"Atencion Clinica Medica";"22 Hrs.";"MEDICO CIRUJANO";"Región Metropolitana de Santiago";"(188)";"$ 1.057.677";"$ 840.017";"$ 0";"$ 0";"No";"No tiene";"No tiene";"No tiene";"01/01/2025";"31/07/2025";"No informa";"Sin observaciones";
"2025";"Junio";"Profesional";"FIGUEREDO ALMARZA, JOSE LUIS";"Jefe de Departamento";"5";"ENFERMERA (O)";"Región Metropolitana de Santiago";"(186)";"$ 3.513.167";"$ 2.766.913";"$ 0";"$ 1.408.047";"No";"No tiene";"No tiene";"No tiene";"01/01/2025";"31/12/2025";"No informa";"REMUNERACION JUNIO 2025+PAGO LEY 19490-19937 CUOTA JUNIO";
"2025";"Junio";"Técnico";"FIGUEROA ESPINOZA, DAMARIS GISSELLE";"ATENCION CLINICA";"22";"TECNICO NIVEL SUPERIOR ENFERMERIA";"Región Metropolitana de Santiago";"(01)";"$ 84.322";"$ 67.078";"$ 0";"$ 0";"No";"No tiene";"No tiene";"No tiene";"02/04/2025";"06/04/2025";"No informa";"REEMPLAZO ABR.2025 (02-03) (05-06)";
"2025";"Junio";"Médicos cirujanos, farmacéuticos, químico-farmacéuticos, bioquímicos, cirujano-dentistas";"FIGUEROA GALLEGUILLOS, TOMAS ALEJANDRO";"Medico Becario Primario";"44 Hrs.";"MEDICO CIRUJANO";"Región Metropolitana de Santiago";"(01)";"$ 2.819.587";"$ 2.323.903";"$ 0";"$ 0";"No";"No tiene";"No tiene";"No tiene";"07/04/2025";"06/04/2026";"No informa";"REMUNERACION JUNIO 2025";
"2025";"Junio";"Profesional";"FIGUEROA GODOY, DANNAHE ERIKA";"Atencion Clinica";"16";"PROFESIONAL";"Región Metropolitana de Santiago";"(01)";"$ 1.342.691";"$ 1.099.524";"$ 0";"$ 0";"No";"No tiene";"No tiene";"No tiene";"01/04/2025";"31/07/2025";"No informa";"Sin observaciones";
"2025";"Junio";"Técnico";"FIGUEROA MIRANDA, CAMILA ALMENDRA";"Atencion Clinica";"22";"TECNICO NIVEL SUPERIOR ENFERMERIA";"Región Metropolitana de Santiago";"(01)";"$ 712.258";"$ 712.258";"$ 0";"$ 0";"Sí";"$ 3.323 : 1,00 hrs";"No tiene";"No tiene";"09/01/2025";"07/07/2025";"No informa";"Sin observaciones";
"2025";"Junio";"Médicos cirujanos, farmacéuticos, químico-farmacéuticos, bioquímicos, cirujano-dentistas";"FIGUEROA MONTENEGRO, CAMILA ANDREA";"Atencion Clinica Medica";"44 Hrs.";"MEDICO CIRUJANO";"Región Metropolitana de Santiago";"(86)(186)";"$ 4.975.490";"$ 4.096.398";"$ 0";"$ 0";"Sí";"$ 173.745 : 15,00 hrs";"$ 1.403.799 : 101,00 hrs";"No tiene";"01/01/2025";"31/12/2025";"No informa";"Sin observaciones";
"2025";"Junio";"Profesional";"FIGUEROA OSSES, CLAUDIA ANDREA";"Apoyo Administrativo";"15";"ABOGADO (A)";"Región Metropolitana de Santiago";"(186)";"$ 1.513.123";"$ 1.224.352";"$ 0";"$ 136.943";"No";"No tiene";"No tiene";"No tiene";"01/01/2025";"31/12/2025";"No informa";"REMUNERACION JUNIO 2025+PAGO LEY 19490-19937 CUOTA JUNIO";
"2025";"Junio";"Técnico";"FIGUEROA SALAZAR, CAMILA NAHARA";"Atencion Clinica";"21";"TECNICO NIVEL SUPERIOR ENFERMERIA";"Región Metropolitana de Santiago";"(186)";"$ 806.687";"$ 620.323";"$ 0";"$ 126.975";"No";"No tiene";"No tiene";"No tiene";"01/01/2025";"31/12/2025";"No informa";"Sin observaciones";
"2025";"Junio";"Técnico";"FIGUEROA VILLEGAS, SOLANGE CAROLINE";"Atencion Clinica";"21";"TECNICO NIVEL SUPERIOR ENFERMERIA";"Región Metropolitana de Santiago";"(01)";"$ 788.888";"$ 600.951";"$ 0";"$ 120.148";"No";"No tiene";"No tiene";"No tiene";"01/01/2025";"31/12/2025";"No informa";"Sin observaciones";
"2025";"Junio";"Médicos cirujanos, farmacéuticos, químico-farmacéuticos, bioquímicos, cirujano-dentistas";"FIGUEROA ZAMORA, CARLOS FRANCISCO";"Atencion Clinica Medica";"22 Hrs.";"MEDICO CIRUJANO";"Región Metropolitana de Santiago";"(188)(186)";"$ 1.295.684";"$ 1.067.902";"$ 0";"$ 0";"No";"No tiene";"No tiene";"No tiene";"01/06/2025";"31/12/2025";"No informa";"Sin observaciones";
"2025";"Junio";"Médicos cirujanos, farmacéuticos, químico-farmacéuticos, bioquímicos, cirujano-dentistas";"FIGUEROA ZAMORA, CARLOS FRANCISCO";"Atencion Clinica Medica";"22 Hrs.";"MEDICO CIRUJANO";"Región Metropolitana de Santiago";"(188)(186)";"$ 1.295.684";"$ 1.026.870";"$ 0";"$ 0";"No";"No tiene";"No tiene";"No tiene";"01/06/2025";"31/12/2025";"No informa";"Sin observaciones";
"2025";"Junio";"Médicos cirujanos, farmacéuticos, químico-farmacéuticos, bioquímicos, cirujano-dentistas";"FLETE MEZA, JORGE LUIS";"Atencion Clinica Medica";"22 Hrs.";"MEDICO CIRUJANO";"Región Metropolitana de Santiago";"(01)";"$ 945.285";"$ 779.103";"$ 0";"$ 0";"No";"No tiene";"No tiene";"No tiene";"20/01/2025";"31/08/2025";"No informa";"Sin observaciones";
"2025";"Junio";"Profesional";"FLORES ESCOBAR, NATALY YESSICA";"ASISTENTE SOCIAL";"10";"ASISTENTE SOCIAL";"Región Metropolitana de Santiago";"(186)";"$ 2.635.804";"$ 1.986.711";"$ 0";"$ 251.282";"No";"No tiene";"No tiene";"No tiene";"01/01/2025";"31/12/2025";"No informa";"Sin observaciones";
"2025";"Junio";"Médicos cirujanos, farmacéuticos, químico-farmacéuticos, bioquímicos, cirujano-dentistas";"FLORES FERNANDEZ DAVILA, MARTIN ANDRES";"Atencion Odontologica";"44 Hrs.";"CIRUJANO DENTISTA";"Región Metropolitana de Santiago";"(86)";"$ 2.022.744";"$ 1.627.482";"$ 0";"$ 0";"No";"No tiene";"No tiene";"No tiene";"01/01/2025";"30/06/2025";"No informa";"Sin observaciones";
"2025";"Junio";"Auxiliar";"FLORES LEIVA, SEBASTIAN ADOLFO";"CONDUCTOR";"21";"AUXILIAR";"Región Metropolitana de Santiago";"(205)(202)(204)";"$ 1.145.090";"$ 1.355.987";"$ 0";"$ 193.802";"No";"No tiene";"No tiene";"No tiene";"01/01/2025";"31/12/2025";"No informa";"REMUNERACION JUN.2025+BONO ESCOLAR CUOTA 03/2025+BONO ESCOLAR CUOTA 06/2025+PAGO TRIMESTRAL LEY 19.490 Y 19.937 PERIODO 06/2025";
"2025";"Junio";"Médicos cirujanos, farmacéuticos, químico-farmacéuticos, bioquímicos, cirujano-dentistas";"FLORES MATURANA, ANDRES JAINS";"Atencion Clinica Medica";"44 Hrs.";"MEDICO CIRUJANO";"Región Metropolitana de Santiago";"(86)(186)";"$ 5.487.117";"$ 4.506.334";"$ 0";"$ 0";"No";"No tiene";"No tiene";"No tiene";"01/01/2025";"31/12/2025";"No informa";"Sin observaciones";
"2025";"Junio";"Profesional";"FLORES PAULLETTS, ANGIE ESMERALDA";"Atencion Clinica";"14";"PSICOLOGO (A)";"Región Metropolitana de Santiago";"(186)";"$ 1.808.793";"$ 1.395.801";"$ 0";"$ 178.543";"No";"No tiene";"No tiene";"No tiene";"01/01/2025";"31/12/2025";"No informa";"Sin observaciones";
"2025";"Junio";"Auxiliar";"FLORES PIZARRO, JOSE ANTONIO";"CONDUCTOR";"21";"AUXILIAR";"Región Metropolitana de Santiago";"(205)(202)(204)";"$ 1.145.090";"$ 1.195.736";"$ 0";"$ 193.802";"No";"No tiene";"No tiene";"No tiene";"01/01/2025";"31/12/2025";"No informa";"REMUNERACION JUN.2025+BONO ESCOLAR CUOTA 03/2025+BONO ESCOLAR CUOTA 06/2025+PAGO TRIMESTRAL LEY 19.490 Y 19.937 PERIODO 06/2025";
"2025";"Junio";"Profesional";"FLORES RUIZ, VALENTINA PAZ";"Apoyo Logistico";"13";"PSICOLOGO (A)";"Región Metropolitana de Santiago";"(01)";"$ 1.844.239";"$ 1.439.796";"$ 0";"$ 108.250";"No";"No tiene";"No tiene";"No tiene";"01/01/2025";"31/12/2025";"No informa";"Sin observaciones";
"2025";"Junio";"Administrativo";"FLORES SILVA, YOCELYN POLETT";"Apoyo Administrativo";"22";"ADMINISTRATIVO";"Región Metropolitana de Santiago";"(186)";"$ 818.363";"$ 641.979";"$ 0";"$ 117.688";"Sí";"$ 97.227 : 29,00 hrs";"No tiene";"No tiene";"01/01/2025";"31/12/2025";"No informa";"Sin observaciones";
"2025";"Junio";"Profesional";"FLORES VARGAS, CATALINA IGNACIA";"ATENCION CLINICA";"13";"ENFERMERA (O)";"Región Metropolitana de Santiago";"(01)";"$ 0";"$ 0";"$ 0";"$ 0";"No";"No tiene";"No tiene";"No tiene";"01/01/2025";"31/12/2025";"No informa";"PERMISO SIN GOCE DE SUELDO";
"2025";"Junio";"Administrativo";"FOLCH MONTIEL, DARLING PAULETTE";"APOYO ADMINISTRATIVO";"17";"ADMINISTRATIVO";"Región Metropolitana de Santiago";"(01)";"$ 1.146.875";"$ 1.355.840";"$ 0";"$ 156.526";"Sí";"$ 176.789 : 40,00 hrs";"$ 190.932 : 36,00 hrs";"No tiene";"01/01/2025";"31/12/2025";"No informa";"REMUNERACION JUN.2025+PAGO TRIMESTRAL LEY 19.490 Y 19.937 PERIODO 06/2025";
"2025";"Junio";"Profesional";"FONT ORTEGA, MARIA FRANCISCA";"Atencion Clinica";"15";"KINESIOLOGO (A)";"Región Metropolitana de Santiago";"(186)";"$ 968.901";"$ 687.110";"$ 0";"$ 203.028";"No";"No tiene";"No tiene";"No tiene";"01/01/2025";"31/12/2025";"No informa";"Sin observaciones";
"2025";"Junio";"Profesional";"FONT ORTEGA, MARIA FRANCISCA";"Atencion Clinica";"16";"KINESIOLOGO (A)";"Región Metropolitana de Santiago";"(186)";"$ 702.620";"$ 574.252";"$ 0";"$ 203.028";"No";"No tiene";"No tiene";"No tiene";"01/01/2025";"31/07/2025";"No informa";"Sin observaciones";
"2025";"Junio";"Médicos cirujanos, farmacéuticos, químico-farmacéuticos, bioquímicos, cirujano-dentistas";"FRANCAVILA HORMAZABAL, CARLA ANTONELLA";"Atencion Odontologica";"11 Hrs.";"CIRUJANO DENTISTA";"Región Metropolitana de Santiago";"(188)(186)";"$ 1.115.914";"$ 957.364";"$ 0";"$ 0";"No";"No tiene";"No tiene";"No tiene";"01/01/2025";"31/12/2025";"No informa";"Sin observaciones";
"2025";"Junio";"Médicos cirujanos, farmacéuticos, químico-farmacéuticos, bioquímicos, cirujano-dentistas";"FRANCAVILA HORMAZABAL, CARLA ANTONELLA";"Atencion Odontologica";"22 Hrs.";"CIRUJANO DENTISTA";"Región Metropolitana de Santiago";"(188)(186)";"$ 2.201.432";"$ 1.684.038";"$ 0";"$ 0";"No";"No tiene";"No tiene";"No tiene";"01/01/2025";"31/07/2025";"No informa";"Sin observaciones";
"2025";"Junio";"Profesional";"FRANCO PEÑA, CATALINA ANDREA";"Jefe de Departamento";"5";"KINESIOLOGO (A)";"Región Metropolitana de Santiago";"(36)(186)";"$ 4.023.468";"$ 3.263.668";"$ 0";"$ 948.132";"No";"No tiene";"No tiene";"No tiene";"01/01/2025";"31/12/2025";"No informa";"REMUNERACION JUNIO 2025+PAGO LEY 19490-19937 CUOTA JUNIO";
"2025";"Junio";"Profesional";"FREZ CANELO, RENATO ORLANDO";"Subdirector";"7";"KINESIOLOGO (A)";"Región Metropolitana de Santiago";"(186)";"$ 3.357.046";"$ 2.552.201";"$ 0";"$ 311.219";"No";"No tiene";"No tiene";"No tiene";"01/01/2025";"31/12/2025";"No informa";"Sin observaciones";
"2025";"Junio";"Administrativo";"FREZ CUADRA, CLAUDIA ELI";"Secretaria";"13";"ADMINISTRATIVO";"Región Metropolitana de Santiago";"(186)";"$ 1.209.071";"$ 1.008.283";"$ 0";"$ 511.360";"Sí";"$ 128.240 : 21,00 hrs";"No tiene";"No tiene";"01/01/2025";"31/12/2025";"No informa";"REMUNERACION JUNIO 2025+PAGO LEY 19490-19937 CUOTA JUNIO";
"2025";"Junio";"Médicos cirujanos, farmacéuticos, químico-farmacéuticos, bioquímicos, cirujano-dentistas";"FRIAS CUMSILLE, NATACHA PATRICIA";"Atencion Clinica Medica";"44 Hrs.";"MEDICO CIRUJANO";"Región Metropolitana de Santiago";"(86)(186)";"$ 3.397.946";"$ 2.699.039";"$ 0";"$ 0";"No";"No tiene";"No tiene";"No tiene";"01/01/2025";"31/12/2025";"No informa";"Sin observaciones";
"2025";"Junio";"Técnico";"FRIAS GODOY, FABIAN NICOLAS";"ATENCION CLINICA";"22";"TECNICO NIVEL SUPERIOR ENFERMERIA";"Región Metropolitana de Santiago";"(202)(204)(186)";"$ 1.420.174";"$ 1.274.525";"$ 0";"$ 136.644";"Sí";"$ 134.107 : 40,00 hrs";"$ 261.508 : 65,00 hrs";"No tiene";"01/01/2025";"31/12/2025";"No informa";"REMUNERACION JUN.2025+PAGO TRIMESTRAL LEY 19.490 PERIODO 03/2025+PAGO TRIMESTRAL LEY 19.490 Y 19.937 PERIODO 06/2025";
"2025";"Junio";"Profesional";"FUENTEALBA ALTAMIRANO, FRANCIA ALEXANDRA";"ATENCION CLINICA";"13";"ENFERMERA (O)";"Región Metropolitana de Santiago";"(01)";"$ 3.551.999";"$ 2.991.890";"$ 0";"$ 0";"Sí";"$ 255.835 : 27,00 hrs";"$ 1.538.801 : 206,00 hrs";"No tiene";"15/05/2025";"15/06/2025";"No informa";"SUPLENCIA MAY.2025 (15-31)+REEMPLAZO JUN.2025 (01-15)";
"2025";"Junio";"Médicos cirujanos, farmacéuticos, químico-farmacéuticos, bioquímicos, cirujano-dentistas";"FUENTEALBA ARCOS, JOSE LUIS";"Quimico Farmaceutico";"44 Hrs.";"QUIMICO FARMACEUTICO";"Región Metropolitana de Santiago";"(86)(186)";"$ 4.878.878";"$ 3.984.224";"$ 0";"$ 0";"No";"No tiene";"No tiene";"No tiene";"01/01/2025";"31/12/2025";"No informa";"Sin observaciones";
"2025";"Junio";"Médicos cirujanos, farmacéuticos, químico-farmacéuticos, bioquímicos, cirujano-dentistas";"FUENTES FLORES, JUAN DOMINGO";"Atencion Clinica Medica";"44 Hrs.";"MEDICO CIRUJANO";"Región Metropolitana de Santiago";"(01)";"$ 0";"$ 0";"$ 0";"$ 0";"No";"No tiene";"No tiene";"No tiene";"01/01/2025";"31/12/2025";"No informa";"PSGS DESDE 01/06/2025 AL 30/11/2025";
"2025";"Junio";"Administrativo";"FUENTES JUICA, MONICA SOLEDAD";"Apoyo Administrativo";"14";"ADMINISTRATIVO";"Región Metropolitana de Santiago";"(186)";"$ 1.265.013";"$ 1.082.150";"$ 0";"$ 331.074";"Sí";"$ 180.799 : 33,00 hrs";"$ 118.342 : 18,00 hrs";"No tiene";"01/01/2025";"31/12/2025";"No informa";"REMUNERACION JUNIO 2025+PAGO LEY 19490-19937 CUOTA JUNIO";
"2025";"Junio";"Médicos cirujanos, farmacéuticos, químico-farmacéuticos, bioquímicos, cirujano-dentistas";"FUENTES KAY, MARCO ANTONIO";"Atencion Clinica Medica";"44 Hrs.";"CIRUJANO DENTISTA";"Región Metropolitana de Santiago";"(01)";"$ 2.075.686";"$ 1.671.886";"$ 0";"$ 0";"No";"No tiene";"No tiene";"No tiene";"01/01/2025";"30/06/2025";"No informa";"Sin observaciones";
"2025";"Junio";"Auxiliar";"FUENTES LIZANA, MAURICIO SEBASTIAN";"CONDUCTOR";"22";"AUXILIAR";"Región Metropolitana de Santiago";"(205)(202)(204)";"$ 1.058.045";"$ 1.136.880";"$ 0";"$ 131.609";"No";"No tiene";"No tiene";"No tiene";"01/01/2025";"31/12/2025";"No informa";"REMUNERACION JUN.2025+PAGO TRIMESTRAL LEY 19.490 Y 19.937 PERIODO 06/2025";
"2025";"Junio";"Profesional";"FUENTES MARIVIL, NICOLAS ELIAS";"Apoyo Administrativo";"12";"ADMINISTRADOR (A) PUBLICO";"Región Metropolitana de Santiago";"(01)";"$ 1.906.087";"$ 1.545.301";"$ 0";"$ 0";"No";"No tiene";"No tiene";"No tiene";"01/03/2025";"31/12/2025";"No informa";"REMUNERACION JUNIO 2025";
"2025";"Junio";"Médicos cirujanos, farmacéuticos, químico-farmacéuticos, bioquímicos, cirujano-dentistas";"FUENTES MONTECINOS, VALENTINA MARIA";"Atencion Odontologica";"11 Hrs.";"CIRUJANO DENTISTA";"Región Metropolitana de Santiago";"(01)";"$ 472.643";"$ 389.978";"$ 0";"$ 0";"No";"No tiene";"No tiene";"No tiene";"01/01/2025";"30/06/2025";"No informa";"Sin observaciones";
"2025";"Junio";"Médicos cirujanos, farmacéuticos, químico-farmacéuticos, bioquímicos, cirujano-dentistas";"FUENTES MONTECINOS, VALENTINA MARIA";"Atencion Odontologica";"33 Hrs.";"CIRUJANO DENTISTA";"Región Metropolitana de Santiago";"(01)";"$ 1.417.929";"$ 1.144.680";"$ 0";"$ 0";"No";"No tiene";"No tiene";"No tiene";"01/01/2025";"30/06/2025";"No informa";"Sin observaciones";
"2025";"Junio";"Administrativo";"FUENTES ORELLANA, VERONICA JACQUELINE";"Apoyo Administrativo";"16";"ADMINISTRATIVO";"Región Metropolitana de Santiago";"(186)";"$ 1.482.578";"$ 1.187.958";"$ 0";"$ 197.311";"Sí";"$ 194.088 : 40,00 hrs";"$ 232.907 : 40,00 hrs";"No tiene";"01/01/2025";"31/12/2025";"No informa";"Sin observaciones";
"2025";"Junio";"Profesional";"FUENTES SOLAR, BARBARA ELISETTE";"Coordinador";"7";"MATRON (A)";"Región Metropolitana de Santiago";"(186)";"$ 4.595.723";"$ 3.509.995";"$ 0";"$ 738.380";"Sí";"$ 599.599 : 37,00 hrs";"$ 194.464 : 10,00 hrs";"No tiene";"01/01/2025";"31/12/2025";"No informa";"Sin observaciones";
"2025";"Junio";"Profesional";"FUENZALIDA RAMIREZ, YERKA MARLENE";"Atencion Clinica";"12";"NUTRICIONISTA";"Región Metropolitana de Santiago";"(01)";"$ 2.189.100";"$ 1.707.818";"$ 0";"$ 199.843";"Sí";"$ 20.580 : 2,00 hrs";"$ 61.739 : 5,00 hrs";"No tiene";"01/01/2025";"30/06/2025";"No informa";"Sin observaciones";
"2025";"Junio";"Técnico";"GABY CONTRERAS, BRIAN ARNALDO";"ATENCION CLINICA";"22";"TECNICO NIVEL SUPERIOR ENFERMERIA";"Región Metropolitana de Santiago";"(01)";"$ 1.549.014";"$ 1.234.164";"$ 0";"$ 0";"Sí";"$ 132.924 : 40,00 hrs";"$ 707.155 : 218,00 hrs";"No tiene";"07/05/2025";"30/06/2025";"No informa";"REMUNERACION JUN.2025+PAGO BONO MENSUAL";
"2025";"Junio";"Profesional";"GAC LABRA, MARCELO ESTEBAN";"Apoyo Administrativo";"5";"INGENIERO (A) COMERCIAL";"Región Metropolitana de Santiago";"(186)";"$ 3.513.167";"$ 2.766.913";"$ 0";"$ 1.316.064";"No";"No tiene";"No tiene";"No tiene";"01/01/2025";"31/12/2025";"No informa";"REMUNERACION JUNIO 2025+PAGO LEY 19490-19937 CUOTA JUNIO";
"2025";"Junio";"Auxiliar";"GAETE LUCO, MANUEL JULIO";"CONDUCTOR";"24";"AUXILIAR";"Región Metropolitana de Santiago";"(203)(204)(186)";"$ 963.994";"$ 840.824";"$ 0";"$ 93.823";"Sí";"$ 77.684 : 27,00 hrs";"$ 155.367 : 45,00 hrs";"No tiene";"01/01/2025";"31/12/2025";"No informa";"REMUNERACION JUN.2025+PAGO TRIMESTRAL LEY 19.937 PERIODO 06/2025";
"2025";"Junio";"Médicos cirujanos, farmacéuticos, químico-farmacéuticos, bioquímicos, cirujano-dentistas";"GAETE RIVERA, MARIA JOSE";"Quimico Farmaceutico";"44 Hrs.";"QUIMICO FARMACEUTICO";"Región Metropolitana de Santiago";"(186)";"$ 2.340.078";"$ 1.873.188";"$ 0";"$ 0";"No";"No tiene";"No tiene";"No tiene";"01/01/2025";"31/12/2025";"No informa";"Sin observaciones";
"2025";"Junio";"Profesional";"GAETE YAÑEZ, CECILIA MARGARITA";"Apoyo Administrativo";"5";"ENFERMERO (A) MATRON (A)";"Región Metropolitana de Santiago";"(186)";"$ 3.531.147";"$ 2.791.455";"$ 0";"$ 508.029";"No";"No tiene";"No tiene";"No tiene";"01/01/2025";"31/12/2025";"No informa";"REMUNERACION JUNIO 2025+PAGO LEY 19490-19937 CUOTA JUNIO";
"2025";"Junio";"Técnico";"GAJARDO BOLADOS, AGUSTIN ENRIQUE";"ATENCION CLINICA";"21";"TECNICO NIVEL SUPERIOR ENFERMERIA";"Región Metropolitana de Santiago";"(203)(204)(186)";"$ 956.890";"$ 936.352";"$ 0";"$ 141.994";"No";"No tiene";"No tiene";"No tiene";"01/01/2025";"31/12/2025";"No informa";"REMUNERACION JUN.2025+PAGO TRIMESTRAL LEY 19.490 Y 19.937 PERIODO 06/2025";
"2025";"Junio";"Técnico";"GAJARDO VILCHES, PATRICIA DEL CARMEN";"Atencion Clinica";"22";"TECNICO NIVEL SUPERIOR ENFERMERIA";"Región Metropolitana de Santiago";"(186)";"$ 813.323";"$ 616.744";"$ 0";"$ 131.608";"No";"No tiene";"No tiene";"No tiene";"01/01/2025";"31/12/2025";"No informa";"Sin observaciones";
"2025";"Junio";"Técnico";"GALARCE ABARCA, ANDREA CAROLINA";"Atencion Clinica";"20";"TECNICO NIVEL SUPERIOR ENFERMERIA";"Región Metropolitana de Santiago";"(01)";"$ 851.337";"$ 640.256";"$ 0";"$ 146.997";"No";"No tiene";"No tiene";"No tiene";"01/01/2025";"31/12/2025";"No informa";"Sin observaciones";
"2025";"Junio";"Administrativo";"GALARCE DUCHENS, CARLA ANDREA";"Apoyo Administrativo";"22";"ADMINISTRATIVO";"Región Metropolitana de Santiago";"(186)";"$ 944.001";"$ 753.681";"$ 0";"$ 141.733";"Sí";"$ 86.035 : 25,00 hrs";"$ 99.112 : 24,00 hrs";"No tiene";"01/01/2025";"31/12/2025";"No informa";"Sin observaciones";
"2025";"Junio";"Administrativo";"GALAZ LEIVA, DIANA PAULA";"APOYO ADMINISTRATIVO";"22";"ADMINISTRATIVO";"Región Metropolitana de Santiago";"(203)(204)(186)";"$ 839.699";"$ 962.962";"$ 0";"$ 117.689";"No";"No tiene";"No tiene";"No tiene";"01/01/2025";"31/12/2025";"No informa";"REMUNERACION JUN.2025+PAGO TRIMESTRAL LEY 19.490 Y 19.937 PERIODO 06/2025";
"2025";"Junio";"Administrativo";"GALAZ LORCA, YBSEN";"APOYO ADMINISTRATIVO";"13";"INGENIERO (A) EN ADMINISTRACION DE RECURSOS HUMANOS";"Región Metropolitana de Santiago";"(186)";"$ 1.752.969";"$ 2.522.462";"$ 0";"$ 480.473";"No";"No tiene";"No tiene";"No tiene";"01/01/2025";"31/12/2025";"No informa";"REMUNERACION JUN.2025+BONO ESCOLAR CUOTA 06/2025+PAGO TRIMESTRAL LEY 19.490 Y 19.937 PERIODO 06/2025";
"2025";"Junio";"Administrativo";"GALDAMES CALFUCURA, NINOSKA ALEJANDRA";"SECRETARIA";"22";"ADMINISTRATIVO";"Región Metropolitana de Santiago";"(01)";"$ 861.914";"$ 710.390";"$ 0";"$ 0";"No";"No tiene";"No tiene";"No tiene";"01/06/2025";"30/06/2025";"No informa";"REEMPLAZO JUN.2025 (01-30)";
"2025";"Junio";"Profesional";"GALDAMES PALMA, KATHERINE ODETTE";"ATENCION CLINICA";"9";"ENFERMERA (O)";"Región Metropolitana de Santiago";"(203)(204)(186)";"$ 5.083.525";"$ 5.248.143";"$ 0";"$ 531.058";"Sí";"$ 380.228 : 28,00 hrs";"$ 994.026 : 61,00 hrs";"No tiene";"01/01/2025";"31/12/2025";"No informa";"REMUNERACION JUN.2025 + BONO ENF. Y OTROS PROF+BONO ESCOLAR CUOTA 06/2025+PAGO TRIMESTRAL LEY 19.490 Y 19.937 PERIODO 06/2025";
"2025";"Junio";"Profesional";"GALDAMES POLANCO, DANIELA ISABEL";"Apoyo Administrativo";"11";"INGENIERO (A) EJECUCION ADMINISTRACION DE EMPRESAS";"Región Metropolitana de Santiago";"(01)";"$ 2.564.009";"$ 1.976.621";"$ 0";"$ 264.742";"Sí";"$ 89.704 : 8,00 hrs";"$ 134.556 : 10,00 hrs";"No tiene";"01/01/2025";"31/12/2025";"No informa";"Sin observaciones";
"2025";"Junio";"Técnico";"GALEAS MAULEN, TANIA ANDREA";"Atencion Clinica";"22";"TECNICO NIVEL SUPERIOR ENFERMERIA";"Región Metropolitana de Santiago";"(01)";"$ 779.418";"$ 596.415";"$ 0";"$ 111.361";"No";"No tiene";"No tiene";"No tiene";"01/01/2025";"30/06/2025";"No informa";"Sin observaciones";
"2025";"Junio";"Administrativo";"GALINDO CASTRO, LEONOR ALEJANDRA";"Apoyo Administrativo";"16";"INGENIERO (A) EN RECURSOS HUMANOS";"Región Metropolitana de Santiago";"(186)";"$ 1.771.630";"$ 1.320.934";"$ 0";"$ 304.264";"Sí";"$ 139.957 : 20,00 hrs";"No tiene";"No tiene";"01/01/2025";"31/12/2025";"No informa";"Sin observaciones";
"2025";"Junio";"Técnico";"GALINDO MADRID, CARLA DEL CARMEN";"Atencion Clinica";"22";"TECNICO NIVEL SUPERIOR ENFERMERIA";"Región Metropolitana de Santiago";"(186)";"$ 808.799";"$ 620.439";"$ 0";"$ 131.608";"No";"No tiene";"No tiene";"No tiene";"01/01/2025";"31/12/2025";"No informa";"Sin observaciones";
"2025";"Junio";"Técnico";"GALINDO PAINEQUIR, ANGELO STEPHANO";"Atencion Clinica";"21";"TECNICO NIVEL SUPERIOR ODONTOLOGIA";"Región Metropolitana de Santiago";"(186)";"$ 794.359";"$ 612.559";"$ 0";"$ 120.148";"No";"No tiene";"No tiene";"No tiene";"01/01/2025";"31/12/2025";"No informa";"Sin observaciones";
"2025";"Junio";"Profesional";"GALLARDO ALLENDE, RUBEN IGNACIO";"Atencion Clinica";"13";"TRABAJADOR (A) SOCIAL";"Región Metropolitana de Santiago";"(186)";"$ 2.066.994";"$ 1.562.337";"$ 0";"$ 230.933";"No";"No tiene";"No tiene";"No tiene";"01/01/2025";"31/12/2025";"No informa";"Sin observaciones";
"2025";"Junio";"Técnico";"GALLARDO ARAYA, CONSTANZA MORIELL";"Apoyo Administrativo";"21";"TECNICO NIVEL SUPERIOR RECURSOS HUMANOS";"Región Metropolitana de Santiago";"(186)";"$ 800.341";"$ 601.006";"$ 0";"$ 140.628";"No";"No tiene";"No tiene";"No tiene";"01/01/2025";"31/12/2025";"No informa";"Sin observaciones";
"2025";"Junio";"Médicos cirujanos, farmacéuticos, químico-farmacéuticos, bioquímicos, cirujano-dentistas";"GALLARDO BARRIA, ARTURO EFRAIN";"Atencion Clinica Medica";"44 Hrs.";"MEDICO CIRUJANO";"Región Metropolitana de Santiago";"(188)(186)";"$ 5.143.329";"$ 4.207.904";"$ 0";"$ 0";"No";"No tiene";"No tiene";"No tiene";"01/01/2025";"31/12/2025";"No informa";"Sin observaciones";
"2025";"Junio";"Técnico";"GALLARDO FUENTES, JONATHAN ALEXANDER";"ATENCION CLINICA";"22";"TECNICO NIVEL SUPERIOR ENFERMERIA";"Región Metropolitana de Santiago";"(202)(204)(186)";"$ 1.024.559";"$ 1.057.450";"$ 0";"$ 121.486";"No";"No tiene";"No tiene";"No tiene";"01/01/2025";"31/12/2025";"No informa";"REMUNERACION JUN.2025+PAGO TRIMESTRAL LEY 19.490 Y 19.937 PERIODO 06/2025";
"2025";"Junio";"Médicos cirujanos, farmacéuticos, químico-farmacéuticos, bioquímicos, cirujano-dentistas";"GALLARDO LEON, DANIEL";"Atencion Clinica Medica";"44 Hrs.";"MEDICO CIRUJANO";"Región Metropolitana de Santiago";"(186)(86)";"$ 3.323.009";"$ 2.662.693";"$ 0";"$ 0";"No";"No tiene";"No tiene";"No tiene";"01/01/2025";"31/12/2025";"No informa";"Sin observaciones";
"2025";"Junio";"Administrativo";"GALLARDO MUÑOZ, VANESSA ALEJANDRA";"Apoyo Administrativo";"22";"ADMINISTRATIVO";"Región Metropolitana de Santiago";"(186)";"$ 889.627";"$ 717.426";"$ 0";"$ 124.016";"Sí";"$ 125.143 : 37,00 hrs";"$ 32.470 : 8,00 hrs";"No tiene";"01/01/2025";"31/12/2025";"No informa";"Sin observaciones";
"2025";"Junio";"Administrativo";"GALLMETZER GONZALEZ, HANS JACOBO";"Apoyo Administrativo";"21";"ADMINISTRATIVO";"Región Metropolitana de Santiago";"(186)";"$ 785.297";"$ 591.225";"$ 0";"$ 141.993";"No";"No tiene";"No tiene";"No tiene";"01/01/2025";"31/12/2025";"No informa";"Sin observaciones";
"2025";"Junio";"Médicos cirujanos, farmacéuticos, químico-farmacéuticos, bioquímicos, cirujano-dentistas";"GALVEZ FLORES, JOAQUIN EDGARDO";"Medico Becario Primario";"44 Hrs.";"MEDICO CIRUJANO";"Región Metropolitana de Santiago";"(01)";"$ 2.819.587";"$ 2.326.441";"$ 0";"$ 0";"No";"No tiene";"No tiene";"No tiene";"07/04/2025";"06/04/2026";"No informa";"REMUNERACION JUNIO 2025";
"2025";"Junio";"Profesional";"GALVEZ GONZALEZ, JUAN ANDRES";"Jefe de Departamento Proyectos HUAP";"5";"ABOGADO (A)";"Región Metropolitana de Santiago";"(36)(186)";"$ 3.977.408";"$ 3.199.407";"$ 0";"$ 608.503";"No";"No tiene";"No tiene";"No tiene";"01/01/2025";"31/12/2025";"No informa";"REMUNERACION JUNIO 2025+PAGO LEY 19490-19937 CUOTA JUNIO";
"2025";"Junio";"Profesional";"GALVEZ GONZALEZ, MARCELO ADOLFO";"Atencion Clinica";"15";"KINESIOLOGO (A)";"Región Metropolitana de Santiago";"(186)";"$ 1.682.143";"$ 1.330.079";"$ 0";"$ 154.543";"Sí";"$ 8.007 : 1,00 hrs";"$ 48.037 : 5,00 hrs";"No tiene";"01/01/2025";"31/12/2025";"No informa";"Sin observaciones";
"2025";"Junio";"Profesional";"GALVEZ OROPEL, NICOLAS ANDRES";"Director Zonal";"5";"ENFERMERA (O)";"Región Metropolitana de Santiago";"(186)";"$ 4.097.196";"$ 3.216.219";"$ 0";"$ 563.650";"No";"No tiene";"No tiene";"No tiene";"01/01/2025";"31/12/2025";"No informa";"Sin observaciones";
"2025";"Junio";"Profesional";"GALVEZ PEREZ, CLAUDIO MARCELO";"ATENCION CLINICA";"13";"ENFERMERA (O)";"Región Metropolitana de Santiago";"(203)(204)(186)";"$ 2.720.186";"$ 2.818.499";"$ 0";"$ 292.275";"No";"No tiene";"No tiene";"No tiene";"01/01/2025";"31/12/2025";"No informa";"REMUNERACION JUN.2025 + BONO ENF. Y OTROS PROF+PAGO TRIMESTRAL LEY 19.490 Y 19.937 PERIODO 06/2025";
"2025";"Junio";"Profesional";"GAMBOA ROJO, VALERIA ESPERANZA";"Atencion Clinica";"15";"ENFERMERA (O)";"Región Metropolitana de Santiago";"(01)";"$ 1.617.655";"$ 1.239.936";"$ 0";"$ 154.543";"No";"No tiene";"No tiene";"No tiene";"01/01/2025";"31/12/2025";"No informa";"Sin observaciones";
"2025";"Junio";"Técnico";"GAMBOA VALENZUELA, ZUNILDA MARCELA";"ATENCION CLINICA";"22";"TECNICO NIVEL SUPERIOR ENFERMERIA";"Región Metropolitana de Santiago";"(203)(204)(186)";"$ 1.357.433";"$ 1.320.257";"$ 0";"$ 186.476";"Sí";"$ 106.683 : 31,00 hrs";"$ 359.281 : 87,00 hrs";"No tiene";"01/01/2025";"31/12/2025";"No informa";"REMUNERACION JUN.2025+BONO ESCOLAR CUOTA 06/2025+PAGO TRIMESTRAL LEY 19.490 Y 19.937 PERIODO 06/2025";
"2025";"Junio";"Profesional";"GARCES LUCERO, OLGA ISABEL";"Apoyo Administrativo";"10";"TECNICO NIVEL SUPERIOR EN TRABAJO SOCIAL";"Región Metropolitana de Santiago";"(01)";"$ 2.256.523";"$ 1.810.012";"$ 0";"$ 140.196";"No";"No tiene";"No tiene";"No tiene";"17/03/2025";"17/06/2025";"No informa";"REMUNERACION JUNIO 2025+PAGO LEY 19937 CUOTA JUNIO 2025+BONO ESCOLAR CUOTA JUNIO 2025";
"2025";"Junio";"Profesional";"GARCES MIRANDA, MARIA ESPERANZA";"Atencion Clinica";"16";"NUTRICIONISTA";"Región Metropolitana de Santiago";"(01)";"$ 1.583.370";"$ 1.330.576";"$ 0";"$ 0";"Sí";"$ 240.679 : 33,00 hrs";"No tiene";"No tiene";"01/01/2025";"30/06/2025";"No informa";"Sin observaciones";
"2025";"Junio";"Profesional";"GARCES VERGARA, CARLOS PATRICIO";"Atencion Clinica";"16";"PSICOLOGO (A)";"Región Metropolitana de Santiago";"(01)";"$ 1.342.691";"$ 1.342.691";"$ 0";"$ 0";"No";"No tiene";"No tiene";"No tiene";"18/03/2025";"07/07/2025";"No informa";"Sin observaciones";
"2025";"Junio";"Técnico";"GARCIA CABEZAS, MARCELA ISABEL";"Atencion Clinica";"22";"TECNICO NIVEL SUPERIOR ENFERMERIA";"Región Metropolitana de Santiago";"(186)(186)";"$ 701.015";"$ 578.407";"$ 0";"$ 0";"No";"No tiene";"No tiene";"No tiene";"01/01/2025";"12/06/2025";"No informa";"Sin observaciones";
"2025";"Junio";"Profesional";"GARCIA DUARTE, RODOLFO CRISTIAN";"Jefe de Departamento";"8";"KINESIOLOGO (A)";"Región Metropolitana de Santiago";"(186)";"$ 2.810.403";"$ 2.231.035";"$ 0";"$ 339.404";"No";"No tiene";"No tiene";"No tiene";"01/01/2025";"31/12/2025";"No informa";"REMUNERACION JUNIO 2025+PAGO LEY 19490-19937 CUOTA JUNIO";
"2025";"Junio";"Profesional";"GARCIA NAVARRO, DANIELLA CONSTANZA";"Atencion Clinica";"15";"KINESIOLOGO (A)";"Región Metropolitana de Santiago";"(186)";"$ 1.562.193";"$ 1.236.836";"$ 0";"$ 90.908";"No";"No tiene";"No tiene";"No tiene";"01/01/2025";"31/12/2025";"No informa";"Sin observaciones";
"2025";"Junio";"Técnico";"GARCIA OLEA, VERONICA JAVIERA";"Atencion Clinica";"22";"TECNICO NIVEL SUPERIOR ENFERMERIA";"Región Metropolitana de Santiago";"(01)";"$ 464.328";"$ 378.706";"$ 0";"$ 0";"No";"No tiene";"No tiene";"No tiene";"01/02/2025";"31/07/2025";"No informa";"Sin observaciones";
"2025";"Junio";"Profesional";"GARCIA SOTO, XIMENA BEATRIZ";"Apoyo Administrativo";"7";"INGENIERO (A) EJECUCION INDUSTRIAL";"Región Metropolitana de Santiago";"(186)";"$ 3.107.038";"$ 2.451.058";"$ 0";"$ 980.528";"No";"No tiene";"No tiene";"No tiene";"01/01/2025";"31/12/2025";"No informa";"REMUNERACION JUNIO 2025+PAGO LEY 19490-19937 CUOTA JUNIO";
"2025";"Junio";"Profesional";"GARCIA ULLOA, CONSTANZA NICOLE";"Apoyo Administrativo";"8";"ABOGADO (A)";"Región Metropolitana de Santiago";"(186)";"$ 2.691.755";"$ 2.148.087";"$ 0";"$ 283.764";"No";"No tiene";"No tiene";"No tiene";"01/01/2025";"31/12/2025";"No informa";"REMUNERACION JUNIO 2025+PAGO LEY 19490-19937 CUOTA JUNIO";
"2025";"Junio";"Técnico";"GARCIA WOLFF, JAVIER ARTURO";"ATENCION CLINICA";"22";"TECNICO NIVEL SUPERIOR ENFERMERIA";"Región Metropolitana de Santiago";"(202)(204)(186)";"$ 1.406.865";"$ 1.374.757";"$ 0";"$ 182.619";"Sí";"$ 54.589 : 16,00 hrs";"$ 311.157 : 76,00 hrs";"No tiene";"01/01/2025";"31/12/2025";"No informa";"REMUNERACION JUN.2025+BONO ESCOLAR CUOTA 03/2025+BONO ESCOLAR CUOTA 06/2025+PAGO TRIMESTRAL LEY 19.490 Y 19.937 PERIODO 06/2025+REGULARIZA PAGO HORAS EXTRAS MAY.2025 (0D - 07F)";
"2025";"Junio";"Médicos cirujanos, farmacéuticos, químico-farmacéuticos, bioquímicos, cirujano-dentistas";"GARCIAS FRANCO, SARA MARIA";"Atencion Odontologica";"22 Hrs.";"CIRUJANO DENTISTA";"Región Metropolitana de Santiago";"(188)(186)";"$ 2.531.998";"$ 2.214.124";"$ 0";"$ 0";"No";"No tiene";"No tiene";"No tiene";"01/01/2025";"31/12/2025";"No informa";"Sin observaciones";
"2025";"Junio";"Médicos cirujanos, farmacéuticos, químico-farmacéuticos, bioquímicos, cirujano-dentistas";"GARCIAS FRANCO, SARA MARIA";"Atencion Odontologica";"22 Hrs.";"CIRUJANO DENTISTA";"Región Metropolitana de Santiago";"(188)(186)";"$ 2.531.998";"$ 1.925.155";"$ 0";"$ 0";"No";"No tiene";"No tiene";"No tiene";"01/01/2025";"31/12/2025";"No informa";"Sin observaciones";
"2025";"Junio";"Auxiliar";"GARRIDO ARAYA, DANIEL ALFREDO";"CONDUCTOR";"21";"AUXILIAR";"Región Metropolitana de Santiago";"(205)(203)(204)";"$ 1.077.891";"$ 1.245.690";"$ 0";"$ 162.545";"Sí";"$ 50.194 : 14,00 hrs";"$ 43.024 : 10,00 hrs";"No tiene";"01/01/2025";"31/12/2025";"No informa";"REMUNERACION JUN.2025+BONO ESCOLAR CUOTA 06/2025+PAGO TRIMESTRAL LEY 19.490 Y 19.937 PERIODO 06/2025";
"2025";"Junio";"Profesional";"GARRIDO CASTRO, CRISTOPHER ABDON";"APOYO ADMINISTRATIVO";"11";"INGENIERO (A) ADMINISTRACION DE EMPRESAS";"Región Metropolitana de Santiago";"(186)";"$ 2.186.561";"$ 1.936.517";"$ 0";"$ 239.122";"No";"No tiene";"No tiene";"No tiene";"01/01/2025";"31/12/2025";"No informa";"REMUNERACION JUN.2025+PAGO TRIMESTRAL LEY 19.490 Y 19.937 PERIODO 06/2025";
"2025";"Junio";"Profesional";"GARRIDO CORDOVA, DANIELA PAZ";"Atencion Clinica";"16";"MATRON (A)";"Región Metropolitana de Santiago";"(186)";"$ 1.492.758";"$ 1.159.250";"$ 0";"$ 141.646";"No";"No tiene";"No tiene";"No tiene";"01/01/2025";"31/12/2025";"No informa";"Sin observaciones";
"2025";"Junio";"Profesional";"GARRIDO GOMEZ, MARISOL EUGENIA";"Director Zonal";"8";"NUTRICIONISTA";"Región Metropolitana de Santiago";"(01)";"$ 3.512.555";"$ 2.513.144";"$ 0";"$ 742.415";"No";"No tiene";"No tiene";"No tiene";"01/01/2025";"31/12/2025";"No informa";"Sin observaciones";
"2025";"Junio";"Administrativo";"GARRIDO JIMENEZ, MARIA ELENA";"Secretaria";"18";"ADMINISTRATIVO";"Región Metropolitana de Santiago";"(01)";"$ 745.945";"$ 608.318";"$ 0";"$ 141.668";"No";"No tiene";"No tiene";"No tiene";"01/01/2025";"31/12/2025";"No informa";"REMUNERACION JUNIO 2025+PAGO LEY 19937 CUOTA JUNIO 2025";
"2025";"Junio";"Administrativo";"GARRIDO MENDEZ, KEVIN CAMILO";"APOYO ADMINISTRATIVO";"22";"ADMINISTRATIVO";"Región Metropolitana de Santiago";"(203)(204)(186)";"$ 857.664";"$ 1.112.813";"$ 0";"$ 164.903";"No";"No tiene";"No tiene";"No tiene";"01/01/2025";"31/12/2025";"No informa";"REMUNERACION JUN.2025+BONO ESCOLAR CUOTA 03/2025+BONO ESCOLAR CUOTA 06/2025+PAGO TRIMESTRAL LEY 19.490 Y 19.937 PERIODO 06/2025";
"2025";"Junio";"Administrativo";"GARRIDO OLMEDO, XIMENA DEL ROSARIO";"Secretaria";"13";"ADMINISTRATIVO";"Región Metropolitana de Santiago";"(186)";"$ 1.119.726";"$ 939.647";"$ 0";"$ 234.723";"Sí";"$ 98.003 : 17,00 hrs";"No tiene";"No tiene";"01/01/2025";"31/12/2025";"No informa";"REMUNERACION JUNIO 2025+PAGO LEY 19490-19937 CUOTA JUNIO";
"2025";"Junio";"Técnico";"GARRIDO PALMA, CONSTANZA IRENE";"Atencion Clinica";"22";"TECNICO NIVEL SUPERIOR ENFERMERIA";"Región Metropolitana de Santiago";"(186)";"$ 1.034.831";"$ 852.602";"$ 0";"$ 121.485";"Sí";"$ 103.933 : 31,00 hrs";"$ 136.789 : 34,00 hrs";"No tiene";"01/01/2025";"31/12/2025";"No informa";"Sin observaciones";
"2025";"Junio";"Técnico";"GATICA ARANGUIZ, PABLO CESAR";"ATENCION CLINICA";"21";"TECNICO NIVEL SUPERIOR ENFERMERIA";"Región Metropolitana de Santiago";"(203)(204)(186)";"$ 964.297";"$ 751.363";"$ 0";"$ 163.838";"No";"No tiene";"No tiene";"No tiene";"01/01/2025";"31/12/2025";"No informa";"REMUNERACION JUN.2025+PAGO TRIMESTRAL LEY 19.490 Y 19.937 PERIODO 06/2025";
"2025";"Junio";"Profesional";"GATICA ARIAS, RICARDO MAURICIO";"Atencion Clinica";"15";"PSICOLOGO (A)";"Región Metropolitana de Santiago";"(186)";"$ 2.024.054";"$ 1.642.132";"$ 0";"$ 187.876";"Sí";"$ 201.377 : 25,00 hrs";"$ 154.657 : 16,00 hrs";"No tiene";"01/01/2025";"31/12/2025";"No informa";"Sin observaciones";
"2025";"Junio";"Profesional";"GATICA HALVORSEN, FRANCISCA CONSTANZA";"Atencion Clinica";"16";"ENFERMERA (O)";"Región Metropolitana de Santiago";"(186)";"$ 1.654.206";"$ 1.299.400";"$ 0";"$ 141.646";"Sí";"$ 161.448 : 22,00 hrs";"No tiene";"No tiene";"01/01/2025";"31/12/2025";"No informa";"Sin observaciones";
"2025";"Junio";"Profesional";"GATICA JIMENEZ, PATRICIO JAVIER";"ATENCION CLINICA";"13";"ENFERMERA (O)";"Región Metropolitana de Santiago";"(203)(204)(186)";"$ 2.733.523";"$ 2.772.430";"$ 0";"$ 310.317";"No";"No tiene";"No tiene";"No tiene";"01/01/2025";"31/12/2025";"No informa";"REMUNERACION JUN.2025 + BONO ENF. Y OTROS PROF+PAGO TRIMESTRAL LEY 19.490 Y 19.937 PERIODO 06/2025";
"2025";"Junio";"Profesional";"GEORGE TRONCOSO, PATRICIO GUILLERMO";"Apoyo Administrativo";"6";"INGENIERO (A) CIVIL ELECTRICISTA";"Región Metropolitana de Santiago";"(186)";"$ 3.221.961";"$ 2.537.291";"$ 0";"$ 196.891";"No";"No tiene";"No tiene";"No tiene";"01/01/2025";"31/12/2025";"No informa";"REMUNERACION JUNIO 2025+PAGO LEY 19937 CUOTA JUNIO 2025";
"2025";"Junio";"Administrativo";"GHREZ CONEJEROS, IVAN";"Apoyo Administrativo";"16";"ADMINISTRATIVO";"Región Metropolitana de Santiago";"(186)";"$ 1.008.821";"$ 847.511";"$ 0";"$ 191.074";"Sí";"No tiene";"$ 151.390 : 82,00 hrs";"No tiene";"01/01/2025";"31/12/2025";"No informa";"REMUNERACION JUNIO 2025+PAGO LEY 19490-19937 CUOTA JUNIO";
"2025";"Junio";"Profesional";"GILABERT NOVOA, ROSARIO DEL PILAR";"Apoyo Administrativo";"8";"ENFERMERA (O)";"Región Metropolitana de Santiago";"(01)";"$ 2.899.840";"$ 2.240.907";"$ 0";"$ 221.617";"No";"No tiene";"No tiene";"No tiene";"01/01/2025";"30/06/2025";"No informa";"Sin observaciones";
"2025";"Junio";"Profesional";"GODOY CABELLO, LYA CAROL";"Atencion Clinica";"15";"ENFERMERO (A) MATRON (A)";"Región Metropolitana de Santiago";"(186)";"$ 1.715.799";"$ 1.316.940";"$ 0";"$ 154.543";"No";"No tiene";"No tiene";"No tiene";"01/01/2025";"31/12/2025";"No informa";"Sin observaciones";
"2025";"Junio";"Profesional";"GODOY GALVEZ, MACARENA CATHERINA";"Apoyo Administrativo";"8";"NUTRICIONISTA";"Región Metropolitana de Santiago";"(01)";"$ 2.961.044";"$ 2.228.620";"$ 0";"$ 282.561";"No";"No tiene";"No tiene";"No tiene";"01/01/2025";"31/12/2025";"No informa";"Sin observaciones";
"2025";"Junio";"Profesional";"GODOY GUIÑEZ, GONZALO ANDRES";"Atencion Clinica";"12";"PSICOLOGO (A)";"Región Metropolitana de Santiago";"(186)";"$ 1.927.366";"$ 1.552.887";"$ 0";"$ 251.852";"No";"No tiene";"No tiene";"No tiene";"01/01/2025";"31/12/2025";"No informa";"REMUNERACION JUNIO 2025+PAGO LEY 19490-19937 CUOTA JUNIO";
"2025";"Junio";"Profesional";"GODOY QUIRINO, PAMELA ALEJANDRA";"Atencion Clinica";"14";"NUTRICIONISTA";"Región Metropolitana de Santiago";"(186)";"$ 1.984.823";"$ 1.531.640";"$ 0";"$ 264.509";"No";"No tiene";"No tiene";"No tiene";"01/01/2025";"31/12/2025";"No informa";"Sin observaciones";
"2025";"Junio";"Profesional";"GODOY SANCHEZ, ERNESTO";"Apoyo Administrativo";"15";"ABOGADO (A)";"Región Metropolitana de Santiago";"(186)";"$ 2.312.720";"$ 1.611.064";"$ 0";"$ 612.113";"Sí";"$ 159.541 : 19,00 hrs";"No tiene";"No tiene";"01/01/2025";"31/12/2025";"No informa";"Sin observaciones";
"2025";"Junio";"Profesional";"GODOY TAPIA, MARIA JOSE";"Atencion Clinica";"15";"NUTRICIONISTA";"Región Metropolitana de Santiago";"(01)";"$ 1.736.768";"$ 1.390.020";"$ 0";"$ 90.908";"Sí";"$ 183.020 : 23,00 hrs";"No tiene";"No tiene";"01/01/2025";"31/12/2025";"No informa";"Sin observaciones";
"2025";"Junio";"Profesional";"GOMEZ DIAZ, AGUSTIN IGNACIO";"Atencion Clinica";"15";"ENFERMERA (O)";"Región Metropolitana de Santiago";"(186)";"$ 1.715.799";"$ 1.316.940";"$ 0";"$ 154.543";"No";"No tiene";"No tiene";"No tiene";"01/01/2025";"31/12/2025";"No informa";"Sin observaciones";
"2025";"Junio";"Médicos cirujanos, farmacéuticos, químico-farmacéuticos, bioquímicos, cirujano-dentistas";"GOMEZ OLIVEROS, CATALINA SUSANA";"Atencion Odontologica";"44 Hrs.";"CIRUJANO DENTISTA";"Región Metropolitana de Santiago";"(188)(86)(220)(186)";"$ 6.531.702";"$ 5.329.151";"$ 0";"$ 0";"No";"No tiene";"No tiene";"No tiene";"01/01/2025";"31/12/2025";"No informa";"Sin observaciones";
"2025";"Junio";"Profesional";"GOMEZ PEREIRA, CLAUDIO ESTEBAN";"Desarrollo de Programas como Referente Intersectorial de SENAME";"12";"PSICOLOGO (A)";"Región Metropolitana de Santiago";"(01)";"$ 1.906.087";"$ 1.529.564";"$ 0";"$ 0";"No";"No tiene";"No tiene";"No tiene";"16/01/2025";"20/07/2025";"No informa";"REMUNERACION JUNIO 2025, REEMPLAZO";
"2025";"Junio";"Médicos cirujanos, farmacéuticos, químico-farmacéuticos, bioquímicos, cirujano-dentistas";"GOMEZ PEREZ, SEBASTIAN ENMANUEL";"Atencion Clinica Medica";"44 Hrs.";"MEDICO CIRUJANO";"Región Metropolitana de Santiago";"(86)";"$ 2.948.378";"$ 2.339.603";"$ 0";"$ 0";"No";"No tiene";"No tiene";"No tiene";"01/01/2025";"31/12/2025";"No informa";"Sin observaciones";
"2025";"Junio";"Médicos cirujanos, farmacéuticos, químico-farmacéuticos, bioquímicos, cirujano-dentistas";"GONZALEZ ABARZUA, DANIELA FERNANDA";"Atencion Clinica Medica";"44 Hrs.";"MÉDICOS CIRUJANOS, FARMACÉUTICOS, QUÍMICO-FARMACÉUTICOS, BIOQUÍMICOS, CIRUJANO-DENTISTAS";"Región Metropolitana de Santiago";"(86)";"$ 2.948.378";"$ 2.337.939";"$ 0";"$ 0";"No";"No tiene";"No tiene";"No tiene";"01/01/2025";"31/12/2025";"No informa";"Sin observaciones";
"2025";"Junio";"Profesional";"GONZALEZ BIZAMA, SOLANGE ALEJANDRA";"Atencion Clinica";"15";"TERAPEUTA OCUPACIONAL";"Región Metropolitana de Santiago";"(186)";"$ 1.626.100";"$ 1.246.562";"$ 0";"$ 154.543";"No";"No tiene";"No tiene";"No tiene";"01/01/2025";"31/12/2025";"No informa";"Sin observaciones";
"2025";"Junio";"Administrativo";"GONZALEZ CABRERA, CAMILO IVAN";"Apoyo Administrativo";"22";"ADMINISTRATIVO";"Región Metropolitana de Santiago";"(186)";"$ 739.639";"$ 556.522";"$ 0";"$ 131.608";"No";"No tiene";"No tiene";"No tiene";"01/01/2025";"31/12/2025";"No informa";"Sin observaciones";
"2025";"Junio";"Técnico";"GONZALEZ CASTRO, JAVIERA FRANCISCA";"Atencion Clinica";"22";"TECNICO NIVEL SUPERIOR ENFERMERIA";"Región Metropolitana de Santiago";"(01)";"$ 626.842";"$ 517.207";"$ 0";"$ 0";"No";"No tiene";"No tiene";"No tiene";"01/02/2025";"27/06/2025";"No informa";"Sin observaciones";
"2025";"Junio";"Administrativo";"GONZALEZ CONTRERAS, DAYANA ANDREA";"Apoyo Administrativo";"21";"ADMINISTRATIVO";"Región Metropolitana de Santiago";"(01)";"$ 757.888";"$ 583.398";"$ 0";"$ 120.148";"No";"No tiene";"No tiene";"No tiene";"01/01/2025";"31/12/2025";"No informa";"Sin observaciones";
"2025";"Junio";"Administrativo";"GONZALEZ GONZALEZ, ELIZABETH ANDREA";"APOYO ADMINISTRATIVO";"22";"ADMINISTRATIVO";"Región Metropolitana de Santiago";"(186)";"$ 633.542";"$ 799.033";"$ 0";"$ 117.689";"No";"No tiene";"No tiene";"No tiene";"01/01/2025";"31/12/2025";"No informa";"REMUNERACION JUN.2025+PAGO TRIMESTRAL LEY 19.490 Y 19.937 PERIODO 06/2025";
"2025";"Junio";"Profesional";"GONZALEZ GONZALEZ, PAOLA ARACELLI";"Apoyo Administrativo";"12";"INGENIERO (A) EJECUCION ADMINISTRACION DE EMPRESAS";"Región Metropolitana de Santiago";"(186)";"$ 2.017.065";"$ 1.619.748";"$ 0";"$ 621.759";"No";"No tiene";"No tiene";"No tiene";"01/01/2025";"31/12/2025";"No informa";"REMUNERACION JUNIO 2025+PAGO LEY 19490-19937 CUOTA JUNIO";
"2025";"Junio";"Profesional";"GONZALEZ GUIÑEZ, CLAUDIA ANDREA";"Apoyo Administrativo";"8";"PSICOLOGO (A)";"Región Metropolitana de Santiago";"(186)";"$ 2.735.178";"$ 2.193.673";"$ 0";"$ 445.120";"No";"No tiene";"No tiene";"No tiene";"01/01/2025";"31/12/2025";"No informa";"REMUNERACION JUNIO 2025+PAGO LEY 19490-19937 CUOTA JUNIO";
"2025";"Junio";"Técnico";"GONZALEZ GUTIERREZ, CAMILA MARGARITA";"Atencion Clinica";"21";"TECNICO NIVEL SUPERIOR ENFERMERIA";"Región Metropolitana de Santiago";"(186)";"$ 810.800";"$ 613.054";"$ 0";"$ 131.070";"No";"No tiene";"No tiene";"No tiene";"01/01/2025";"31/12/2025";"No informa";"Sin observaciones";
"2025";"Junio";"Técnico";"GONZALEZ LEIVA, RENEE FRANCISCA";"Atencion Clinica";"20";"TECNICO NIVEL SUPERIOR ENFERMERIA";"Región Metropolitana de Santiago";"(186)";"$ 848.430";"$ 650.761";"$ 0";"$ 138.273";"No";"No tiene";"No tiene";"No tiene";"01/01/2025";"31/12/2025";"No informa";"Sin observaciones";
"2025";"Junio";"Profesional";"GONZALEZ LYON, KARINA ANDREA";"Atencion Clinica";"13";"ASISTENTE SOCIAL";"Región Metropolitana de Santiago";"(186)";"$ 2.030.758";"$ 1.546.734";"$ 0";"$ 194.850";"No";"No tiene";"No tiene";"No tiene";"01/01/2025";"31/12/2025";"No informa";"Sin observaciones";
"2025";"Junio";"Profesional";"GONZALEZ MACHUCA, LORETO MARIANA";"Coordinador";"8";"QUIMICO FARMACEUTICO";"Región Metropolitana de Santiago";"(01)";"$ 1.338.642";"$ 1.085.269";"$ 0";"$ 0";"No";"No tiene";"No tiene";"No tiene";"01/01/2025";"15/06/2025";"No informa";"Sin observaciones";
"2025";"Junio";"Médicos cirujanos, farmacéuticos, químico-farmacéuticos, bioquímicos, cirujano-dentistas";"GONZALEZ MADARIAGA, BENJAMIN IVAN";"Medico Becario Primario";"44 Hrs.";"MEDICO CIRUJANO";"Región Metropolitana de Santiago";"(01)";"$ 3.480.717";"$ 2.854.624";"$ 0";"$ 0";"No";"No tiene";"No tiene";"No tiene";"06/05/2024";"05/05/2026";"No informa";"REMUNERACION JUNIO 2025";
"2025";"Junio";"Médicos cirujanos, farmacéuticos, químico-farmacéuticos, bioquímicos, cirujano-dentistas";"GONZALEZ MAITA, OSCAR ALEJANDRO";"Medico Becario Primario";"44 Hrs.";"MEDICO CIRUJANO";"Región Metropolitana de Santiago";"(01)";"$ 2.819.587";"$ 2.299.655";"$ 0";"$ 0";"No";"No tiene";"No tiene";"No tiene";"08/05/2025";"07/05/2026";"No informa";"Sin observaciones";
"2025";"Junio";"Administrativo";"GONZALEZ MARTINEZ, ALEJANDRO ANDRES";"Apoyo Administrativo";"16";"ADMINISTRATIVO";"Región Metropolitana de Santiago";"(186)";"$ 991.192";"$ 753.085";"$ 0";"$ 155.030";"Sí";"$ 9.343 : 2,00 hrs";"No tiene";"No tiene";"01/01/2025";"31/12/2025";"No informa";"Sin observaciones";
"2025";"Junio";"Técnico";"GONZALEZ NAVARRETE, NICOLE ANDREA";"Atencion Clinica";"22";"TECNICO NIVEL SUPERIOR ENFERMERIA";"Región Metropolitana de Santiago";"(186)";"$ 813.323";"$ 624.167";"$ 0";"$ 131.608";"No";"No tiene";"No tiene";"No tiene";"01/01/2025";"31/12/2025";"No informa";"Sin observaciones";
"2025";"Junio";"Técnico";"GONZALEZ NUÑEZ, JULIO JOSE";"Atencion Clinica";"18";"TECNICO NIVEL SUPERIOR ENFERMERIA";"Región Metropolitana de Santiago";"(186)";"$ 1.428.449";"$ 1.214.229";"$ 0";"$ 153.892";"Sí";"$ 148.691 : 35,00 hrs";"$ 341.564 : 67,00 hrs";"No tiene";"01/01/2025";"31/12/2025";"No informa";"Sin observaciones";
"2025";"Junio";"Profesional";"GONZALEZ OJEDA, XIMENA LORETO";"Atencion Clinica";"15";"PSICOLOGO (A)";"Región Metropolitana de Santiago";"(220)(186)";"$ 1.789.259";"$ 1.374.577";"$ 0";"$ 154.543";"No";"No tiene";"No tiene";"No tiene";"01/01/2025";"31/12/2025";"No informa";"Sin observaciones";
"2025";"Junio";"Técnico";"GONZALEZ ORTIZ, ARACELY BELEN";"Atencion Clinica";"22";"TECNICO NIVEL SUPERIOR ENFERMERIA";"Región Metropolitana de Santiago";"(01)";"$ 708.935";"$ 584.304";"$ 0";"$ 0";"No";"No tiene";"No tiene";"No tiene";"01/03/2025";"31/07/2025";"No informa";"Sin observaciones";
"2025";"Junio";"Médicos cirujanos, farmacéuticos, químico-farmacéuticos, bioquímicos, cirujano-dentistas";"GONZALEZ PEÑA, DIEGO ALEJANDRO";"Atencion Odontologica";"11 Hrs.";"CIRUJANO DENTISTA";"Región Metropolitana de Santiago";"(188)(186)";"$ 1.365.169";"$ 1.153.138";"$ 0";"$ 0";"No";"No tiene";"No tiene";"No tiene";"01/01/2025";"31/12/2025";"No informa";"Sin observaciones";
"2025";"Junio";"Médicos cirujanos, farmacéuticos, químico-farmacéuticos, bioquímicos, cirujano-dentistas";"GONZALEZ PEÑA, DIEGO ALEJANDRO";"Atencion Odontologica";"22 Hrs.";"CIRUJANO DENTISTA";"Región Metropolitana de Santiago";"(188)(186)";"$ 2.730.336";"$ 2.148.100";"$ 0";"$ 0";"No";"No tiene";"No tiene";"No tiene";"01/01/2025";"31/12/2025";"No informa";"Sin observaciones";
"2025";"Junio";"Profesional";"GONZALEZ PEREDO, CAMILA MONSERRAT";"Atencion Clinica";"15";"NUTRICIONISTA";"Región Metropolitana de Santiago";"(186)";"$ 1.724.928";"$ 1.371.535";"$ 0";"$ 163.634";"No";"No tiene";"No tiene";"No tiene";"01/01/2025";"31/12/2025";"No informa";"Sin observaciones";
"2025";"Junio";"Profesional";"GONZALEZ PINO, GUILLERMO JORGE";"Apoyo Administrativo";"5";"ABOGADO (A)";"Región Metropolitana de Santiago";"(186)";"$ 3.603.068";"$ 2.849.622";"$ 0";"$ 622.654";"No";"No tiene";"No tiene";"No tiene";"01/01/2025";"31/12/2025";"No informa";"REMUNERACION JUNIO 2025+PAGO LEY 19490-19937 CUOTA JUNIO";
"2025";"Junio";"Administrativo";"GONZALEZ QUINTEROS, MARITZA MARGARITA";"Apoyo Administrativo";"15";"ADMINISTRATIVO";"Región Metropolitana de Santiago";"(186)";"$ 1.460.851";"$ 1.182.453";"$ 0";"$ 357.098";"No";"No tiene";"No tiene";"No tiene";"01/01/2025";"31/12/2025";"No informa";"REMUNERACION JUNIO 2025+PAGO LEY 19490-19937 CUOTA JUNIO";
"2025";"Junio";"Médicos cirujanos, farmacéuticos, químico-farmacéuticos, bioquímicos, cirujano-dentistas";"GONZALEZ RODRIGUEZ, FELIPE ANDRES";"Atencion Clinica Medica";"44 Hrs.";"MEDICO CIRUJANO";"Región Metropolitana de Santiago";"(86)";"$ 2.948.378";"$ 2.357.776";"$ 0";"$ 0";"No";"No tiene";"No tiene";"No tiene";"01/01/2025";"31/12/2025";"No informa";"Sin observaciones";
"2025";"Junio";"Profesional";"GONZALEZ RUBIO, MAXIMILIANO ANDRES";"APOYO ADMINISTRATIVO";"10";"PSICOLOGO (A)";"Región Metropolitana de Santiago";"(186)";"$ 2.268.933";"$ 1.848.881";"$ 0";"$ 139.602";"No";"No tiene";"No tiene";"No tiene";"01/01/2025";"31/12/2025";"No informa";"REMUNERACION JUN.2025+PAGO TRIMESTRAL LEY 19.937 PERIODO 06/2025";
"2025";"Junio";"Profesional";"GONZALEZ SALDAÑA, FELIPE ANDRES";"Apoyo Administrativo";"7";"ARQUITECTO";"Región Metropolitana de Santiago";"(186)";"$ 3.091.404";"$ 2.441.210";"$ 0";"$ 527.034";"No";"No tiene";"No tiene";"No tiene";"01/01/2025";"31/12/2025";"No informa";"REMUNERACION JUNIO 2025+PAGO LEY 19490-19937 CUOTA JUNIO";
"2025";"Junio";"Técnico";"GONZALEZ SILVA, EVELYN DANIELA";"Atencion Clinica";"21";"TECNICO NIVEL SUPERIOR ENFERMERIA";"Región Metropolitana de Santiago";"(01)";"$ 788.888";"$ 608.049";"$ 0";"$ 120.148";"No";"No tiene";"No tiene";"No tiene";"01/01/2025";"31/12/2025";"No informa";"Sin observaciones";
"2025";"Junio";"Médicos cirujanos, farmacéuticos, químico-farmacéuticos, bioquímicos, cirujano-dentistas";"GONZALEZ STUARDO, ABEL ENRIQUE";"Atencion Clinica Medica";"44 Hrs.";"MEDICO CIRUJANO";"Región Metropolitana de Santiago";"(86)(186)";"$ 4.646.490";"$ 3.786.488";"$ 0";"$ 0";"Sí";"$ 264.999 : 21,00 hrs";"$ 802.579 : 53,00 hrs";"No tiene";"01/01/2025";"31/12/2025";"No informa";"Sin observaciones";
"2025";"Junio";"Profesional";"GONZALEZ UNDURRAGA, KEVIN ANDRES";"Atencion Clinica";"15";"KINESIOLOGO (A)";"Región Metropolitana de Santiago";"(186)";"$ 1.915.955";"$ 1.554.171";"$ 0";"$ 154.543";"Sí";"$ 104.081 : 13,00 hrs";"$ 96.075 : 10,00 hrs";"No tiene";"01/01/2025";"30/06/2025";"No informa";"Sin observaciones";
"2025";"Junio";"Profesional";"GONZALEZ VEGA, KAREN ALLINSON";"Atencion Clinica";"15";"TRABAJADOR (A) SOCIAL";"Región Metropolitana de Santiago";"(186)";"$ 1.747.824";"$ 1.380.070";"$ 0";"$ 154.543";"Sí";"$ 32.025 : 4,00 hrs";"No tiene";"No tiene";"01/01/2025";"31/12/2025";"No informa";"Sin observaciones";
"2025";"Junio";"Auxiliar";"GONZALEZ ZAVALA, MARCO ANTONIO";"Apoyo Logistico";"22";"AUXILIAR";"Región Metropolitana de Santiago";"(01)";"$ 694.214";"$ 526.777";"$ 0";"$ 111.361";"No";"No tiene";"No tiene";"No tiene";"01/01/2025";"31/12/2025";"No informa";"Sin observaciones";
"2025";"Junio";"Profesional";"GRADO ESCOBAR, NATHALIE DESIREE";"REFERENTE DE CUIDADOS INFANTILES";"10";"EDUCADOR (A) DE PARVULOS";"Región Metropolitana de Santiago";"(01)";"$ 2.256.523";"$ 1.807.630";"$ 0";"$ 0";"No";"No tiene";"No tiene";"No tiene";"01/01/2025";"31/12/2025";"No informa";"REMUNERACION JUNIO 2025";
"2025";"Junio";"Profesional";"GRANIFO ROUDERGUE, ANA MARIA";"Atencion Clinica";"12";"ENFERMERA (O)";"Región Metropolitana de Santiago";"(01)";"$ 2.593.145";"$ 2.030.129";"$ 0";"$ 274.294";"Sí";"$ 411.595 : 40,00 hrs";"No tiene";"No tiene";"01/01/2025";"31/12/2025";"No informa";"Sin observaciones";
"2025";"Junio";"Médicos cirujanos, farmacéuticos, químico-farmacéuticos, bioquímicos, cirujano-dentistas";"GREEN ALVAREZ, AMY SUSAN";"Atencion Odontologica";"44 Hrs.";"CIRUJANO DENTISTA";"Región Metropolitana de Santiago";"(186)";"$ 4.627.648";"$ 3.761.840";"$ 0";"$ 0";"No";"No tiene";"No tiene";"No tiene";"01/01/2025";"31/12/2025";"No informa";"Sin observaciones";
"2025";"Junio";"Administrativo";"GRILLE ORELLANA, MARICEL DEL CARMEN";"Apoyo Administrativo";"21";"ADMINISTRATIVO";"Región Metropolitana de Santiago";"(186)";"$ 958.674";"$ 773.696";"$ 0";"$ 120.148";"Sí";"$ 130.210 : 36,00 hrs";"$ 65.105 : 15,00 hrs";"No tiene";"01/01/2025";"31/12/2025";"No informa";"Sin observaciones";
"2025";"Junio";"Médicos cirujanos, farmacéuticos, químico-farmacéuticos, bioquímicos, cirujano-dentistas";"GROVE MAUREIRA, MARGARITA XIMENA";"JEFE DE DEPARTAMENTO";"22 Hrs.";"MEDICO CIRUJANO CON ESPECIALIDAD EN MEDICINA DE URGENCIA";"Región Metropolitana de Santiago";"(86)(186)";"$ 2.485.718";"$ 2.277.623";"$ 0";"$ 0";"No";"No tiene";"No tiene";"No tiene";"01/01/2025";"31/12/2025";"No informa";"REMUNERACION JUN.2025";
"2025";"Junio";"Administrativo";"GUAJARDO GUAJARDO, ANGELICA MARIA";"Apoyo Administrativo";"22";"ADMINISTRATIVO";"Región Metropolitana de Santiago";"(186)";"$ 856.935";"$ 684.148";"$ 0";"$ 111.361";"Sí";"$ 93.875 : 28,00 hrs";"$ 48.278 : 12,00 hrs";"No tiene";"01/01/2025";"31/12/2025";"No informa";"Sin observaciones";
"2025";"Junio";"Administrativo";"GUAJARDO POBLETE, DAISY ISABEL";"Apoyo Administrativo";"21";"ADMINISTRATIVO";"Región Metropolitana de Santiago";"(01)";"$ 779.826";"$ 585.577";"$ 0";"$ 141.993";"No";"No tiene";"No tiene";"No tiene";"01/01/2025";"31/12/2025";"No informa";"Sin observaciones";
"2025";"Junio";"Profesional";"GUAJARDO RETAMAL, FRANCISCA IGNACIA";"Atencion Clinica";"16";"ENFERMERA (O)";"Región Metropolitana de Santiago";"(01)";"$ 1.029.396";"$ 1.029.396";"$ 0";"$ 0";"No";"No tiene";"No tiene";"No tiene";"01/01/2025";"30/06/2025";"No informa";"Sin observaciones";
"2025";"Junio";"Administrativo";"GUALDRON CHACON, RONALD ALEJANDRO";"Apoyo Administrativo";"16";"ADMINISTRATIVO";"Región Metropolitana de Santiago";"(01)";"$ 1.061.928";"$ 828.574";"$ 0";"$ 155.030";"Sí";"$ 60.141 : 13,00 hrs";"$ 27.757 : 5,00 hrs";"No tiene";"01/01/2025";"31/12/2025";"No informa";"Sin observaciones";
"2025";"Junio";"Profesional";"GUAMAN BECKETT, GASTON ANDRES";"ATENCION CLINICA";"12";"KINESIOLOGO (A)";"Región Metropolitana de Santiago";"(203)(204)(186)";"$ 2.985.931";"$ 2.962.192";"$ 0";"$ 336.992";"No";"No tiene";"No tiene";"No tiene";"01/01/2025";"31/12/2025";"No informa";"REMUNERACION JUN.2025 + BONO ENF. Y OTROS PROF+PAGO TRIMESTRAL LEY 19.490 Y 19.937 PERIODO 06/2025";
"2025";"Junio";"Profesional";"GUERRA HEVIA, CARLA ANDREA";"Jefe de Departamento";"5";"PERIODISTA";"Región Metropolitana de Santiago";"(36)(186)";"$ 4.259.428";"$ 3.468.977";"$ 0";"$ 382.083";"No";"No tiene";"No tiene";"No tiene";"01/01/2025";"31/12/2025";"No informa";"REMUNERACION JUNIO 2025+PAGO LEY 19490-19937 CUOTA JUNIO";
"2025";"Junio";"Administrativo";"GUERRA LABRA, LUIS ALBERTO";"APOYO ADMINISTRATIVO";"13";"ADMINISTRATIVO";"Región Metropolitana de Santiago";"(186)";"$ 1.191.347";"$ 1.696.011";"$ 0";"$ 298.807";"Sí";"No tiene";"$ 171.237 : 25,00 hrs";"No tiene";"01/01/2025";"31/12/2025";"No informa";"REMUNERACION JUN.2025+BONO ESCOLAR CUOTA 03/2025+BONO ESCOLAR CUOTA 06/2025+PAGO TRIMESTRAL LEY 19.490 Y 19.937 PERIODO 06/2025";
"2025";"Junio";"Médicos cirujanos, farmacéuticos, químico-farmacéuticos, bioquímicos, cirujano-dentistas";"GUERRA MORALES, MARIA PAULA";"Atencion Clinica Medica";"44 Hrs.";"MEDICO CIRUJANO";"Región Metropolitana de Santiago";"(01)";"$ 1.827.551";"$ 1.472.984";"$ 0";"$ 0";"No";"No tiene";"No tiene";"No tiene";"02/06/2025";"31/07/2025";"No informa";"Sin observaciones";
"2025";"Junio";"Médicos cirujanos, farmacéuticos, químico-farmacéuticos, bioquímicos, cirujano-dentistas";"GUERRERO CRUZ, MARCELA PAZ";"Atencion Odontologica";"11 Hrs.";"CIRUJANO DENTISTA";"Región Metropolitana de Santiago";"(188)(186)";"$ 1.371.779";"$ 1.212.843";"$ 0";"$ 0";"No";"No tiene";"No tiene";"No tiene";"01/01/2025";"31/12/2025";"No informa";"Sin observaciones";
"2025";"Junio";"Médicos cirujanos, farmacéuticos, químico-farmacéuticos, bioquímicos, cirujano-dentistas";"GUERRERO DONOSO, IGNACIO ANTONIO";"Atencion Clinica Medica";"44 Hrs.";"MEDICO CIRUJANO";"Región Metropolitana de Santiago";"(86)";"$ 2.948.378";"$ 2.357.776";"$ 0";"$ 0";"No";"No tiene";"No tiene";"No tiene";"07/04/2025";"31/12/2025";"No informa";"Sin observaciones";
"2025";"Junio";"Médicos cirujanos, farmacéuticos, químico-farmacéuticos, bioquímicos, cirujano-dentistas";"GUERRERO VALENZUELA, LUCY CECILIA";"Atencion Clinica Medica";"22 Hrs.";"MEDICO CIRUJANO";"Región Metropolitana de Santiago";"(86)(188)(86)(186)";"$ 3.576.583";"$ 3.121.267";"$ 0";"$ 0";"No";"No tiene";"No tiene";"No tiene";"01/01/2025";"31/12/2025";"No informa";"Sin observaciones";
"2025";"Junio";"Técnico";"GUMERA HURTADO, LISSETTE GERALDINE";"Atencion Clinica";"21";"TECNICO NIVEL SUPERIOR ENFERMERIA";"Región Metropolitana de Santiago";"(202)(186)";"$ 1.197.380";"$ 924.272";"$ 0";"$ 126.975";"No";"No tiene";"No tiene";"No tiene";"01/01/2025";"31/12/2025";"No informa";"Sin observaciones";
"2025";"Junio";"Auxiliar";"GUTI GUTIERREZ, CLAUDIO ANDRES";"CONDUCTOR";"22";"AUXILIAR";"Región Metropolitana de Santiago";"(205)(202)(204)";"$ 1.066.283";"$ 1.064.707";"$ 0";"$ 170.478";"No";"No tiene";"No tiene";"No tiene";"01/01/2025";"31/12/2025";"No informa";"REMUNERACION JUN.2025+BONO ESCOLAR CUOTA 06/2025+PAGO TRIMESTRAL LEY 19.490 Y 19.937 PERIODO 06/2025";
"2025";"Junio";"Administrativo";"GUTIERREZ DELGADO, JUAN LUIS";"Apoyo Administrativo";"16";"ADMINISTRATIVO";"Región Metropolitana de Santiago";"(01)";"$ 1.655.715";"$ 1.264.022";"$ 0";"$ 239.065";"Sí";"$ 97.337 : 14,00 hrs";"No tiene";"No tiene";"01/01/2025";"31/12/2025";"No informa";"Sin observaciones";
"2025";"Junio";"Técnico";"GUTIERREZ FLORES, KATHERINE FERNANDA";"ATENCION CLINICA";"22";"TECNICO NIVEL SUPERIOR ENFERMERIA";"Región Metropolitana de Santiago";"(01)";"$ 546.304";"$ 485.082";"$ 0";"$ 0";"Sí";"No tiene";"$ 198.057 : 133,00 hrs";"No tiene";"16/06/2025";"30/06/2025";"No informa";"REEMPLAZO JUN.2025 (16-30)+PAGO BONO MENSUAL";
"2025";"Junio";"Técnico";"GUTIERREZ GONZALEZ, MARCELA SILVANA";"Atencion Clinica";"22";"TECNICO NIVEL SUPERIOR ENFERMERIA";"Región Metropolitana de Santiago";"(186)";"$ 790.296";"$ 602.999";"$ 0";"$ 117.688";"No";"No tiene";"No tiene";"No tiene";"01/01/2025";"31/12/2025";"No informa";"Sin observaciones";
"2025";"Junio";"Médicos cirujanos, farmacéuticos, químico-farmacéuticos, bioquímicos, cirujano-dentistas";"GUTIERREZ JIMENEZ, GRISET IRENE";"Atencion Odontologica";"22 Hrs.";"CIRUJANO DENTISTA";"Región Metropolitana de Santiago";"(188)(186)";"$ 2.232.916";"$ 1.919.868";"$ 0";"$ 0";"No";"No tiene";"No tiene";"No tiene";"01/01/2025";"31/12/2025";"No informa";"Sin observaciones";
"2025";"Junio";"Médicos cirujanos, farmacéuticos, químico-farmacéuticos, bioquímicos, cirujano-dentistas";"GUTIERREZ JIMENEZ, GRISET IRENE";"Atencion Odontologica";"22 Hrs.";"CIRUJANO DENTISTA";"Región Metropolitana de Santiago";"(188)(186)";"$ 2.232.916";"$ 1.710.348";"$ 0";"$ 0";"No";"No tiene";"No tiene";"No tiene";"01/01/2025";"31/12/2025";"No informa";"Sin observaciones";
"2025";"Junio";"Médicos cirujanos, farmacéuticos, químico-farmacéuticos, bioquímicos, cirujano-dentistas";"GUTIERREZ MARTINI, JEANNINA VIVIANA";"Atencion Odontologica";"11 Hrs.";"CIRUJANO DENTISTA";"Región Metropolitana de Santiago";"(188)(186)";"$ 1.342.029";"$ 1.184.558";"$ 0";"$ 0";"No";"No tiene";"No tiene";"No tiene";"01/01/2025";"31/12/2025";"No informa";"Sin observaciones";
"2025";"Junio";"Profesional";"GUTIERREZ ORELLANA, NATALIA ANDREA";"JEFE DE DEPARTAMENTO";"9";"INGENIERO (A) EJECUCION ADMINISTRACION DE EMPRESAS";"Región Metropolitana de Santiago";"(01)";"$ 2.549.650";"$ 3.099.450";"$ 0";"$ 465.859";"No";"No tiene";"No tiene";"No tiene";"01/01/2025";"31/12/2025";"No informa";"REMUNERACION JUN.2025+BONO ESCOLAR CUOTA 06/2025+PAGO TRIMESTRAL LEY 19.490 Y 19.937 PERIODO 06/2025";
"2025";"Junio";"Profesional";"GUTIERREZ ORTIZ, CLAUDIA GISELL";"Apoyo Administrativo";"15";"TECNOLOGO (A) EN INFORMATICA BIOMEDICA";"Región Metropolitana de Santiago";"(186)";"$ 1.847.271";"$ 1.393.028";"$ 0";"$ 236.361";"Sí";"$ 32.416 : 4,00 hrs";"No tiene";"No tiene";"01/01/2025";"31/12/2025";"No informa";"Sin observaciones";
"2025";"Junio";"Técnico";"GUTIERREZ PANDO, SEBASTIAN IGNACIO";"Atencion Clinica";"21";"TECNICO NIVEL SUPERIOR ENFERMERIA";"Región Metropolitana de Santiago";"(01)";"$ 788.888";"$ 608.049";"$ 0";"$ 120.148";"No";"No tiene";"No tiene";"No tiene";"01/01/2025";"31/12/2025";"No informa";"Sin observaciones";
"2025";"Junio";"Profesional";"GUTIERREZ PEÑA, LIDIA SOLANGE";"Atencion Clinica";"12";"ENFERMERA (O)";"Región Metropolitana de Santiago";"(01)";"$ 2.106.781";"$ 1.657.281";"$ 0";"$ 199.843";"No";"No tiene";"No tiene";"No tiene";"01/01/2025";"31/12/2025";"No informa";"Sin observaciones";
"2025";"Junio";"Médicos cirujanos, farmacéuticos, químico-farmacéuticos, bioquímicos, cirujano-dentistas";"GUTIERREZ RIESCO, MARIA DEL PILAR";"Atencion Clinica Medica";"44 Hrs.";"MÉDICOS CIRUJANOS, FARMACÉUTICOS, QUÍMICO-FARMACÉUTICOS, BIOQUÍMICOS, CIRUJANO-DENTISTAS";"Región Metropolitana de Santiago";"(86)";"$ 2.948.378";"$ 2.357.072";"$ 0";"$ 0";"No";"No tiene";"No tiene";"No tiene";"01/01/2025";"31/12/2025";"No informa";"Sin observaciones";
"2025";"Junio";"Profesional";"GUTIERREZ VERA, JOAQUIN ANTONIO";"Apoyo Administrativo";"13";"ADMINISTRADOR (A) PUBLICO";"Región Metropolitana de Santiago";"(01)";"$ 1.844.239";"$ 1.453.045";"$ 0";"$ 108.250";"No";"No tiene";"No tiene";"No tiene";"01/01/2025";"31/07/2025";"No informa";"Sin observaciones";
"2025";"Junio";"Profesional";"GUTIERREZ VILLARROEL, RODRIGO HERNAN";"ATENCION CLINICA";"13";"ENFERMERA (O)";"Región Metropolitana de Santiago";"(203)(204)(186)";"$ 2.720.186";"$ 2.740.073";"$ 0";"$ 256.192";"No";"No tiene";"No tiene";"No tiene";"01/01/2025";"31/12/2025";"No informa";"REMUNERACION JUN.2025 + BONO ENF. Y OTROS PROF+PAGO TRIMESTRAL LEY 19.490 Y 19.937 PERIODO 06/2025";
"2025";"Junio";"Médicos cirujanos, farmacéuticos, químico-farmacéuticos, bioquímicos, cirujano-dentistas";"GUZMAN FRANCO, FREDDY ADOLFO";"Medicina Familiar";"22 Hrs.";"MEDICO CIRUJANO";"Región Metropolitana de Santiago";"(188)(86)(186)";"$ 3.391.467";"$ 3.073.420";"$ 0";"$ 0";"No";"No tiene";"No tiene";"No tiene";"01/01/2025";"31/12/2025";"No informa";"Sin observaciones";
"2025";"Junio";"Médicos cirujanos, farmacéuticos, químico-farmacéuticos, bioquímicos, cirujano-dentistas";"GUZMAN FRANCO, FREDDY ADOLFO";"Medicina Familiar";"22 Hrs.";"MEDICO CIRUJANO";"Región Metropolitana de Santiago";"(188)(86)(186)";"$ 3.391.467";"$ 2.425.912";"$ 0";"$ 0";"No";"No tiene";"No tiene";"No tiene";"01/01/2025";"31/12/2025";"No informa";"Sin observaciones";
"2025";"Junio";"Médicos cirujanos, farmacéuticos, químico-farmacéuticos, bioquímicos, cirujano-dentistas";"GUZMAN FUENTES, CAMILA IGNACIA";"CIRUGIA GENERAL";"28 Hrs.";"MEDICO CIRUJANO";"Región Metropolitana de Santiago";"(194)(193)(198)";"$ 2.439.703";"$ 2.229.124";"$ 0";"$ 117.240";"No";"No tiene";"No tiene";"No tiene";"01/01/2025";"31/12/2025";"No informa";"REMUNERACION JUN.2025+PAGO TRIMESTRAL LEY 20.707 PERIODO 06/2025";
"2025";"Junio";"Profesional";"GUZMAN LEAL, JEVHI ANDREA";"Apoyo Administrativo";"7";"KINESIOLOGO (A)";"Región Metropolitana de Santiago";"(186)";"$ 3.652.471";"$ 2.878.035";"$ 0";"$ 280.707";"Sí";"$ 338.414 : 21,00 hrs";"$ 77.352 : 4,00 hrs";"No tiene";"01/01/2025";"31/12/2025";"No informa";"Sin observaciones";
"2025";"Junio";"Médicos cirujanos, farmacéuticos, químico-farmacéuticos, bioquímicos, cirujano-dentistas";"HANS DE OLIVEIRA BORSTELMANN, VICTOR";"Atencion Clinica Medica";"33 Hrs.";"MEDICO CIRUJANO";"Región Metropolitana de Santiago";"(01)";"$ 1.417.929";"$ 1.160.280";"$ 0";"$ 0";"No";"No tiene";"No tiene";"No tiene";"13/02/2025";"31/12/2025";"No informa";"Sin observaciones";
"2025";"Junio";"Profesional";"HENRIQUEZ ARIAS, CAROLINA VALESKA";"Atencion Clinica";"16";"ENFERMERA (O)";"Región Metropolitana de Santiago";"(01)";"$ 447.563";"$ 366.286";"$ 0";"$ 0";"No";"No tiene";"No tiene";"No tiene";"02/06/2025";"11/06/2025";"No informa";"Sin observaciones";
"2025";"Junio";"Administrativo";"HENRIQUEZ CARRASCO, JUDITH MARIA MAGDALENA";"Apoyo Administrativo";"21";"ADMINISTRATIVO";"Región Metropolitana de Santiago";"(186)";"$ 764.049";"$ 644.629";"$ 0";"$ 142.598";"Sí";"$ 110.406 : 30,00 hrs";"No tiene";"No tiene";"01/01/2025";"31/12/2025";"No informa";"REMUNERACION JUNIO 2025+PAGO LEY 19490-19937 CUOTA JUNIO";
"2025";"Junio";"Técnico";"HENRIQUEZ ROJAS, ANNABELLA PATRICIA";"Atencion Clinica";"21";"TECNICO NIVEL SUPERIOR ODONTOLOGIA";"Región Metropolitana de Santiago";"(186)";"$ 806.687";"$ 620.323";"$ 0";"$ 126.975";"No";"No tiene";"No tiene";"No tiene";"01/01/2025";"31/12/2025";"No informa";"Sin observaciones";
"2025";"Junio";"Médicos cirujanos, farmacéuticos, químico-farmacéuticos, bioquímicos, cirujano-dentistas";"HENRIQUEZ TOLEDO, CAMILA CONSTANZA";"Atencion Clinica Medica";"44 Hrs.";"MEDICO CIRUJANO";"Región Metropolitana de Santiago";"(86)";"$ 2.948.378";"$ 2.357.559";"$ 0";"$ 0";"No";"No tiene";"No tiene";"No tiene";"01/01/2025";"31/12/2025";"No informa";"Sin observaciones";
"2025";"Junio";"Profesional";"HENRIQUEZ VALDES, NICOLAS IGNACIO";"ATENCION CLINICA";"13";"KINESIOLOGO (A)";"Región Metropolitana de Santiago";"(203)(204)(186)";"$ 2.849.278";"$ 2.536.698";"$ 0";"$ 230.934";"Sí";"$ 115.755 : 12,00 hrs";"No tiene";"No tiene";"01/01/2025";"31/12/2025";"No informa";"REMUNERACION JUN.2025 + BONO ENF. Y OTROS PROF+PAGO TRIMESTRAL LEY 19.490 Y 19.937 PERIODO 06/2025";
"2025";"Junio";"Administrativo";"HENRIQUEZ VENEGAS, MARIA SALOME";"Secretaria";"22";"ADMINISTRATIVO";"Región Metropolitana de Santiago";"(186)";"$ 725.659";"$ 550.171";"$ 0";"$ 117.688";"No";"No tiene";"No tiene";"No tiene";"01/01/2025";"31/12/2025";"No informa";"Sin observaciones";
"2025";"Junio";"Profesional";"HERNANDEZ DUQUE, DANIELA ANDREA";"Apoyo Administrativo";"13";"PSICOLOGO (A)";"Región Metropolitana de Santiago";"(01)";"$ 1.863.190";"$ 1.455.811";"$ 0";"$ 108.250";"Sí";"$ 18.951 : 2,00 hrs";"No tiene";"No tiene";"01/01/2025";"31/12/2025";"No informa";"Sin observaciones";
"2025";"Junio";"Médicos cirujanos, farmacéuticos, químico-farmacéuticos, bioquímicos, cirujano-dentistas";"HERNANDEZ GAETE, PRISCILLA ALEJANDRA";"Atencion Odontologica";"22 Hrs.";"CIRUJANO DENTISTA";"Región Metropolitana de Santiago";"(01)";"$ 945.285";"$ 945.285";"$ 0";"$ 0";"No";"No tiene";"No tiene";"No tiene";"03/02/2025";"27/07/2025";"No informa";"Sin observaciones";
"2025";"Junio";"Administrativo";"HERNANDEZ HERRERA, JOSE ABEL";"Apoyo Administrativo";"16";"ADMINISTRATIVO";"Región Metropolitana de Santiago";"(186)";"$ 1.151.494";"$ 993.563";"$ 0";"$ 385.686";"Sí";"$ 192.280 : 40,00 hrs";"$ 109.600 : 19,00 hrs";"No tiene";"01/01/2025";"31/12/2025";"No informa";"REMUNERACION JUNIO 2025+PAGO LEY 19490-19937 CUOTA JUNIO+BONO ESCOLAR CUOTA JUNIO 2025";
"2025";"Junio";"Auxiliar";"HERNANDEZ JARA, CHRISTOPHER ENRIQUE";"Apoyo Logistico";"24";"AUXILIAR";"Región Metropolitana de Santiago";"(01)";"$ 1.216.508";"$ 1.059.245";"$ 0";"$ 93.822";"Sí";"No tiene";"$ 584.575 : 220,00 hrs";"No tiene";"01/01/2025";"30/06/2025";"No informa";"Sin observaciones";
"2025";"Junio";"Técnico";"HERNANDEZ LIZAMA, MARGARITA ALICIA";"Atencion Clinica";"20";"TECNICO NIVEL SUPERIOR ENFERMERIA";"Región Metropolitana de Santiago";"(186)";"$ 871.573";"$ 651.365";"$ 0";"$ 161.318";"No";"No tiene";"No tiene";"No tiene";"01/01/2025";"31/12/2025";"No informa";"Sin observaciones";
"2025";"Junio";"Médicos cirujanos, farmacéuticos, químico-farmacéuticos, bioquímicos, cirujano-dentistas";"HERNANDEZ LLANCAO, ANTONIO ISAAC";"Atencion Clinica Medica";"44 Hrs.";"MEDICO CIRUJANO";"Región Metropolitana de Santiago";"(188)";"$ 70.512";"$ 58.116";"$ 0";"$ 0";"No";"No tiene";"No tiene";"No tiene";"01/01/2025";"01/06/2025";"No informa";"Sin observaciones";
"2025";"Junio";"Médicos cirujanos, farmacéuticos, químico-farmacéuticos, bioquímicos, cirujano-dentistas";"HERNANDEZ LUZARDO, ANDRES ALEJANDRO";"Atencion Clinica Medica";"44 Hrs.";"MEDICO CIRUJANO";"Región Metropolitana de Santiago";"(188)(186)";"$ 2.525.190";"$ 2.036.538";"$ 0";"$ 0";"No";"No tiene";"No tiene";"No tiene";"01/01/2025";"31/12/2025";"No informa";"Sin observaciones";
"2025";"Junio";"Profesional";"HERNANDEZ MOYANO, CARLA ANGELINA";"Atencion Clinica";"16";"TERAPEUTA OCUPACIONAL";"Región Metropolitana de Santiago";"(01)";"$ 1.357.278";"$ 1.357.278";"$ 0";"$ 0";"Sí";"$ 14.587 : 2,00 hrs";"No tiene";"No tiene";"25/02/2025";"13/07/2025";"No informa";"Sin observaciones";
"2025";"Junio";"Administrativo";"HERNANDEZ QUINTANA, TAMARA ANDREA";"Apoyo Administrativo";"21";"ADMINISTRATIVO";"Región Metropolitana de Santiago";"(186)";"$ 858.877";"$ 677.963";"$ 0";"$ 126.975";"Sí";"$ 83.190 : 23,00 hrs";"No tiene";"No tiene";"01/01/2025";"31/12/2025";"No informa";"Sin observaciones";
"2025";"Junio";"Profesional";"HERNANDEZ ROMAN, MIRELA CONSTANZA";"Atencion Clinica";"12";"TECNOLOGO (A) MEDICO";"Región Metropolitana de Santiago";"(186)";"$ 2.117.420";"$ 1.490.529";"$ 0";"$ 199.843";"Sí";"$ 10.351 : 1,00 hrs";"No tiene";"No tiene";"01/01/2025";"31/12/2025";"No informa";"Sin observaciones";
"2025";"Junio";"Técnico";"HERNANDEZ VILLAR, CESAR ANTONIO";"ATENCION CLINICA";"18";"TECNICO NIVEL SUPERIOR ENFERMERIA";"Región Metropolitana de Santiago";"(201)(202)(204)(186)";"$ 1.647.920";"$ 1.479.103";"$ 0";"$ 349.463";"Sí";"$ 67.795 : 15,00 hrs";"$ 119.318 : 22,00 hrs";"No tiene";"01/01/2025";"31/12/2025";"No informa";"REMUNERACION JUN.2025+PAGO TRIMESTRAL LEY 19.490 Y 19.937 PERIODO 06/2025";
"2025";"Junio";"Auxiliar";"HERRERA CHAVEZ, MARIO ALEJANDRO";"CONDUCTOR";"24";"AUXILIAR";"Región Metropolitana de Santiago";"(01)";"$ 966.060";"$ 818.589";"$ 0";"$ 0";"Sí";"$ 39.196 : 14,00 hrs";"$ 329.244 : 142,00 hrs";"No tiene";"20/01/2025";"30/06/2025";"No informa";"REMUNERACION JUN.2025+PAGO BONO MENSUAL";
"2025";"Junio";"Administrativo";"HERRERA DURAN, ANITA MARIA";"SECRETARIA";"13";"ADMINISTRATIVO";"Región Metropolitana de Santiago";"(186)";"$ 992.170";"$ 1.283.766";"$ 0";"$ 250.423";"No";"No tiene";"No tiene";"No tiene";"01/01/2025";"31/12/2025";"No informa";"REMUNERACION JUN.2025+PAGO TRIMESTRAL LEY 19.490 Y 19.937 PERIODO 06/2025";
"2025";"Junio";"Profesional";"HERRERA FUENTES, SEBASTIAN PATRICIO";"Apoyo Administrativo";"13";"INGENIERO (A) PREVENCION DE RIESGOS Y MEDIO AMBIENTE";"Región Metropolitana de Santiago";"(01)";"$ 1.844.239";"$ 1.439.796";"$ 0";"$ 108.250";"No";"No tiene";"No tiene";"No tiene";"01/01/2025";"31/12/2025";"No informa";"Sin observaciones";
"2025";"Junio";"Médicos cirujanos, farmacéuticos, químico-farmacéuticos, bioquímicos, cirujano-dentistas";"HERRERA HERRERA, JOSEFA CONSTANZA";"Medico Becario Primario";"44 Hrs.";"MEDICO CIRUJANO";"Región Metropolitana de Santiago";"(01)";"$ 3.480.717";"$ 2.877.724";"$ 0";"$ 0";"No";"No tiene";"No tiene";"No tiene";"06/05/2024";"05/05/2026";"No informa";"REMUNERACION JUNIO 2025";
"2025";"Junio";"Profesional";"HERRERA MENESES, WALESKA ALEJANDRA";"Atencion Clinica";"16";"ENFERMERA (O)";"Región Metropolitana de Santiago";"(01)";"$ 1.718.100";"$ 1.400.530";"$ 0";"$ 83.321";"Sí";"$ 291.733 : 40,00 hrs";"No tiene";"No tiene";"01/01/2025";"30/06/2025";"No informa";"Sin observaciones";
"2025";"Junio";"Médicos cirujanos, farmacéuticos, químico-farmacéuticos, bioquímicos, cirujano-dentistas";"HERRERA MORI, ANTONELLA MIROSLAVA";"Atencion Clinica Medica";"44 Hrs.";"MEDICO CIRUJANO";"Región Metropolitana de Santiago";"(86)(186)";"$ 3.397.946";"$ 2.699.318";"$ 0";"$ 0";"No";"No tiene";"No tiene";"No tiene";"01/01/2025";"31/12/2025";"No informa";"Sin observaciones";
"2025";"Junio";"Profesional";"HERRERA PALLEROS, MICHEL DANGELO";"Atencion Clinica";"15";"KINESIOLOGO (A)";"Región Metropolitana de Santiago";"(01)";"$ 1.553.748";"$ 1.217.150";"$ 0";"$ 90.908";"No";"No tiene";"No tiene";"No tiene";"01/01/2025";"31/12/2025";"No informa";"Sin observaciones";
"2025";"Junio";"Técnico";"HERRERA ROMERO, CAMILA CONSTANZA";"Apoyo Administrativo";"16";"TECNICO NIVEL SUPERIOR ENFERMERIA";"Región Metropolitana de Santiago";"(186)";"$ 1.047.764";"$ 794.342";"$ 0";"$ 197.311";"No";"No tiene";"No tiene";"No tiene";"01/01/2025";"31/12/2025";"No informa";"Sin observaciones";
"2025";"Junio";"Profesional";"HERRERA SALGADO, ROCIO BERENICE";"Apoyo Administrativo";"8";"INGENIERO (A) CIVIL INDUSTRIAL";"Región Metropolitana de Santiago";"(186)";"$ 2.975.519";"$ 2.273.476";"$ 0";"$ 282.561";"No";"No tiene";"No tiene";"No tiene";"01/01/2025";"31/12/2025";"No informa";"Sin observaciones";
"2025";"Junio";"Profesional";"HERRERA TORRES, ALVARO RODRIGO";"Apoyo Administrativo";"12";"RELACIONADOR (A) PUBLICO";"Región Metropolitana de Santiago";"(186)";"$ 2.117.420";"$ 1.612.584";"$ 0";"$ 199.843";"No";"No tiene";"No tiene";"No tiene";"01/01/2025";"31/12/2025";"No informa";"Sin observaciones";
"2025";"Junio";"Administrativo";"HERRERA VALDES, SARA HERMINIA";"Apoyo Administrativo";"21";"ADMINISTRATIVO";"Región Metropolitana de Santiago";"(186)";"$ 807.210";"$ 603.978";"$ 0";"$ 152.916";"No";"No tiene";"No tiene";"No tiene";"01/01/2025";"31/12/2025";"No informa";"Sin observaciones";
"2025";"Junio";"Técnico";"HERWITTE MORA, ESCARLET DENEY";"Atencion Clinica";"22";"TECNICO NIVEL MEDIO ENFERMERIA";"Región Metropolitana de Santiago";"(186)";"$ 759.296";"$ 577.663";"$ 0";"$ 117.688";"No";"No tiene";"No tiene";"No tiene";"01/01/2025";"31/12/2025";"No informa";"Sin observaciones";
"2025";"Junio";"Médicos cirujanos, farmacéuticos, químico-farmacéuticos, bioquímicos, cirujano-dentistas";"HEYERMANN GAJARDO, BEATRIZ EUGENIA";"Medicina de Urgencia";"44 Hrs.";"MEDICO CIRUJANO";"Región Metropolitana de Santiago";"(86)(186)";"$ 4.720.206";"$ 3.846.972";"$ 0";"$ 0";"No";"No tiene";"No tiene";"No tiene";"01/01/2025";"31/12/2025";"No informa";"REMUNERACION JUNIO 2025";
"2025";"Junio";"Profesional";"HIDALGO FERNANDEZ, HUGO STARSKY";"Apoyo Administrativo";"7";"TECNOLOGO (A) MEDICO";"Región Metropolitana de Santiago";"(186)";"$ 3.075.771";"$ 2.434.490";"$ 0";"$ 496.393";"No";"No tiene";"No tiene";"No tiene";"01/01/2025";"31/12/2025";"No informa";"REMUNERACION JUNIO 2025+PAGO LEY 19490-19937 CUOTA JUNIO";
"2025";"Junio";"Administrativo";"HIDALGO GARRIDO, CAROLINA DEL CARMEN";"Apoyo Administrativo";"22";"ADMINISTRATIVO";"Región Metropolitana de Santiago";"(186)";"$ 718.105";"$ 553.374";"$ 0";"$ 111.361";"Sí";"$ 3.323 : 1,00 hrs";"No tiene";"No tiene";"01/01/2025";"31/12/2025";"No informa";"Sin observaciones";
"2025";"Junio";"Profesional";"HIDALGO NOCETTI, NELSON ANDRES";"Atencion Clinica";"12";"KINESIOLOGO (A)";"Región Metropolitana de Santiago";"(01)";"$ 2.342.053";"$ 1.807.232";"$ 0";"$ 211.598";"Sí";"$ 133.768 : 13,00 hrs";"No tiene";"No tiene";"01/01/2025";"31/12/2025";"No informa";"Sin observaciones";
"2025";"Junio";"Profesional";"HIDALGO OPAZO, JUDITH ALEXANDRA";"Apoyo Administrativo";"8";"TECNOLOGO (A) MEDICO";"Región Metropolitana de Santiago";"(186)";"$ 2.691.755";"$ 2.164.979";"$ 0";"$ 395.044";"No";"No tiene";"No tiene";"No tiene";"01/01/2025";"31/12/2025";"No informa";"REMUNERACION JUNIO 2025+PAGO LEY 19490-19937 CUOTA JUNIO";
"2025";"Junio";"Técnico";"HIGUERA SEPULVEDA, KESIA BELEN";"Atencion Clinica";"22";"TECNICO NIVEL SUPERIOR ENFERMERIA";"Región Metropolitana de Santiago";"(186)";"$ 888.383";"$ 699.227";"$ 0";"$ 131.608";"Sí";"$ 75.060 : 22,00 hrs";"No tiene";"No tiene";"01/01/2025";"31/12/2025";"No informa";"Sin observaciones";
"2025";"Junio";"Profesional";"HIGUERA VARGAS, CARLOS ALBERTO";"Atencion Clinica";"12";"TERAPEUTA OCUPACIONAL";"Región Metropolitana de Santiago";"(186)";"$ 2.480.665";"$ 1.958.484";"$ 0";"$ 250.784";"Sí";"No tiene";"$ 201.109 : 16,00 hrs";"No tiene";"01/01/2025";"31/12/2025";"No informa";"Sin observaciones";
"2025";"Junio";"Técnico";"HIGUERAS MIÑO, DIGNA LISETTE";"ATENCION CLINICA";"22";"TECNICO NIVEL SUPER ENFERMERIA";"Región Metropolitana de Santiago";"(01)";"$ 1.070.488";"$ 927.566";"$ 0";"$ 0";"Sí";"$ 93.047 : 28,00 hrs";"$ 268.506 : 152,00 hrs";"No tiene";"01/01/2025";"30/06/2025";"No informa";"REMUNERACION JUN.2025+PAGO BONO MENSUAL";
"2025";"Junio";"Profesional";"HINOJOSA BAEZA, CAMILA JAVIERA";"Atencion Clinica";"16";"MATRON (A)";"Región Metropolitana de Santiago";"(186)";"$ 1.448.131";"$ 1.143.879";"$ 0";"$ 97.208";"No";"No tiene";"No tiene";"No tiene";"01/01/2025";"31/07/2025";"No informa";"Sin observaciones";
"2025";"Junio";"Técnico";"HINOJOSA TRUJILLO, JOSELYN NOEMI";"ATENCION CLINICA";"22";"TECNICO NIVEL SUPERIOR ENFERMERIA";"Región Metropolitana de Santiago";"(202)";"$ 1.070.481";"$ 867.997";"$ 0";"$ 0";"No";"No tiene";"No tiene";"No tiene";"01/03/2025";"31/08/2025";"No informa";"REMUNERACION JUN.2025";
"2025";"Junio";"Profesional";"HOLUIGUE MIRANDA, CAROLINA ANDREA";"Apoyo Administrativo";"7";"PSICOLOGO (A)";"Región Metropolitana de Santiago";"(186)";"$ 3.620.562";"$ 2.686.194";"$ 0";"$ 573.618";"No";"No tiene";"No tiene";"No tiene";"01/01/2025";"31/12/2025";"No informa";"Sin observaciones";
"2025";"Junio";"Médicos cirujanos, farmacéuticos, químico-farmacéuticos, bioquímicos, cirujano-dentistas";"HONORATO LABARCA, FLORENCIA BLANQUITA";"Medico Becario Primario";"44 Hrs.";"MEDICO CIRUJANO";"Región Metropolitana de Santiago";"(01)";"$ 2.819.587";"$ 2.323.903";"$ 0";"$ 0";"No";"No tiene";"No tiene";"No tiene";"08/05/2024";"07/05/2026";"No informa";"REMUNERACION JUNIO 2025";
"2025";"Junio";"Administrativo";"HORMAZABAL OPAZO, SYLVIA ANGELICA";"APOYO ADMINISTRATIVO";"22";"ADMINISTRATIVO";"Región Metropolitana de Santiago";"(203)(204)(186)";"$ 853.545";"$ 892.800";"$ 0";"$ 131.609";"No";"No tiene";"No tiene";"No tiene";"01/01/2025";"31/12/2025";"No informa";"REMUNERACION JUN.2025+PAGO TRIMESTRAL LEY 19.490 Y 19.937 PERIODO 06/2025";
"2025";"Junio";"Profesional";"HORMAZABAL PARRA, JAVIERA CONSTANZA";"Atencion Clinica";"16";"MATRON (A)";"Región Metropolitana de Santiago";"(01)";"$ 1.342.691";"$ 1.099.524";"$ 0";"$ 0";"No";"No tiene";"No tiene";"No tiene";"01/01/2025";"31/07/2025";"No informa";"Sin observaciones";
"2025";"Junio";"Profesional";"HORMAZABAL ROMERO, PEDRO ALEJANDRO";"Atencion Clinica";"15";"KINESIOLOGO (A)";"Región Metropolitana de Santiago";"(186)";"$ 2.214.745";"$ 1.815.637";"$ 0";"$ 212.119";"Sí";"$ 171.208 : 21,00 hrs";"$ 244.582 : 25,00 hrs";"No tiene";"01/01/2025";"31/12/2025";"No informa";"Sin observaciones";
"2025";"Junio";"Administrativo";"HUAQUIN HUAQUIN, JOSUE DAVID";"Apoyo Administrativo";"21";"ADMINISTRATIVO";"Región Metropolitana de Santiago";"(01)";"$ 1.065.817";"$ 841.561";"$ 0";"$ 191.144";"Sí";"$ 129.071 : 36,00 hrs";"$ 107.559 : 25,00 hrs";"No tiene";"01/01/2025";"31/12/2025";"No informa";"Sin observaciones";
"2025";"Junio";"Técnico";"HUEICHALEO HUAIQUIMAN, MARIA ELENA";"Atencion Clinica";"20";"TECNICO NIVEL SUPERIOR ODONTOLOGIA";"Región Metropolitana de Santiago";"(186)";"$ 851.323";"$ 642.278";"$ 0";"$ 141.154";"No";"No tiene";"No tiene";"No tiene";"01/01/2025";"31/12/2025";"No informa";"Sin observaciones";
"2025";"Junio";"Técnico";"HUENUPE HUEICHAPAN, CAROLINA ANTONIA";"Atencion Clinica";"22";"TECNICO NIVEL SUPERIOR ENFERMERIA";"Región Metropolitana de Santiago";"(01)";"$ 696.491";"$ 696.491";"$ 0";"$ 0";"No";"No tiene";"No tiene";"No tiene";"28/04/2025";"08/07/2025";"No informa";"Sin observaciones";
"2025";"Junio";"Técnico";"HUERAMAN HUAICHAPAN, MARIA TERESA";"Atencion Clinica";"21";"TECNICO NIVEL SUPERIOR ODONTOLOGIA";"Región Metropolitana de Santiago";"(186)";"$ 806.687";"$ 611.207";"$ 0";"$ 126.975";"No";"No tiene";"No tiene";"No tiene";"01/01/2025";"31/12/2025";"No informa";"Sin observaciones";
"2025";"Junio";"Profesional";"HUERTA ALLENDES, NADIA BELEN";"Atencion Clinica";"16";"EDUCADOR (A) DE PARVULOS";"Región Metropolitana de Santiago";"(01)";"$ 1.342.696";"$ 1.342.696";"$ 0";"$ 0";"No";"No tiene";"No tiene";"No tiene";"22/03/2025";"30/06/2025";"No informa";"Sin observaciones";
"2025";"Junio";"Auxiliar";"HUERTA GARCIA, FREDERIK ALBERTO";"CONDUCTOR";"22";"AUXILIAR";"Región Metropolitana de Santiago";"(205)(202)(204)";"$ 1.058.045";"$ 843.841";"$ 0";"$ 117.689";"No";"No tiene";"No tiene";"No tiene";"01/01/2025";"31/12/2025";"No informa";"REMUNERACION JUN.2025+PAGO TRIMESTRAL LEY 19.490 Y 19.937 PERIODO 06/2025";
"2025";"Junio";"Técnico";"HUILCAL CISTERNA, MARCELA PAZ";"Atencion Clinica";"20";"TECNICO NIVEL SUPERIOR ENFERMERIA";"Región Metropolitana de Santiago";"(186)";"$ 871.573";"$ 661.749";"$ 0";"$ 161.318";"No";"No tiene";"No tiene";"No tiene";"01/01/2025";"31/12/2025";"No informa";"Sin observaciones";
"2025";"Junio";"Administrativo";"HURTADO MONTAÑO, LAURA";"APOYO ADMINISTRATIVO";"22";"TECNICO NIVEL SUPERIOR ENFERMERIA";"Región Metropolitana de Santiago";"(203)(204)(186)";"$ 888.664";"$ 1.038.957";"$ 0";"$ 131.609";"No";"No tiene";"No tiene";"No tiene";"01/01/2025";"31/12/2025";"No informa";"REMUNERACION JUN.2025+PAGO TRIMESTRAL LEY 19.490 Y 19.937 PERIODO 06/2025";
"2025";"Junio";"Administrativo";"IBACACHE CONTRERAS, NICOLE ANDREA";"APOYO ADMINISTRATIVO";"22";"ADMINISTRATIVO";"Región Metropolitana de Santiago";"(01)";"$ 723.175";"$ 657.966";"$ 0";"$ 0";"Sí";"$ 46.523 : 14,00 hrs";"$ 305.725 : 154,00 hrs";"No tiene";"30/05/2025";"16/06/2025";"No informa";"REEMPLAZO MAY.2025 (30-31)+SUPLENCIA JUN.2025 (01-16)+PAGO BONO MENSUAL";
"2025";"Junio";"Administrativo";"IBACACHE HUIRCAN, JUAN CARLOS";"Apoyo Administrativo";"22";"ADMINISTRATIVO";"Región Metropolitana de Santiago";"(01)";"$ 710.258";"$ 540.915";"$ 0";"$ 111.361";"No";"No tiene";"No tiene";"No tiene";"01/01/2025";"31/12/2025";"No informa";"Sin observaciones";
"2025";"Junio";"Auxiliar";"IBACACHE RIVAS, MARCELO DEL CARMEN";"CONDUCTOR";"22";"AUXILIAR";"Región Metropolitana de Santiago";"(205)(202)(204)";"$ 1.383.167";"$ 1.343.559";"$ 0";"$ 131.064";"Sí";"$ 132.924 : 40,00 hrs";"$ 167.484 : 42,00 hrs";"No tiene";"01/01/2025";"30/06/2025";"No informa";"REMUNERACION JUN.2025+BONO ESCOLAR CUOTA 06/2025+PAGO CARGAS FAMILIARES RETROACTIVO+PAGO TRIMESTRAL LEY 19.490 Y 19.937 PERIODO 06/2025";
"2025";"Junio";"Profesional";"IBAÑEZ MUÑOZ, ALVARO SEBASTIAN";"Atencion Clinica";"15";"TERAPEUTA OCUPACIONAL";"Región Metropolitana de Santiago";"(186)";"$ 1.899.490";"$ 1.492.766";"$ 0";"$ 242.422";"Sí";"No tiene";"$ 86.995 : 9,00 hrs";"No tiene";"01/01/2025";"31/12/2025";"No informa";"Sin observaciones";
"2025";"Junio";"Técnico";"IBARRA CONTRERAS, KATHERIN LESLIE";"Atencion Clinica";"21";"TECNICO NIVEL SUPERIOR ENFERMERIA";"Región Metropolitana de Santiago";"(186)";"$ 810.800";"$ 622.277";"$ 0";"$ 131.070";"No";"No tiene";"No tiene";"No tiene";"01/01/2025";"31/12/2025";"No informa";"Sin observaciones";
"2025";"Junio";"Técnico";"IBARRA ECHEVERRIA, JUANA BERNARDA DEL CARMEN";"Atencion Clinica";"22";"TECNICO DE ODONTOLOGIA";"Región Metropolitana de Santiago";"(186)";"$ 823.490";"$ 619.481";"$ 0";"$ 141.733";"No";"No tiene";"No tiene";"No tiene";"01/01/2025";"31/12/2025";"No informa";"Sin observaciones";
"2025";"Junio";"Técnico";"IBARRA LARA, MARIA ANGELICA";"Atencion Clinica";"21";"TECNICO PARAMEDICO";"Región Metropolitana de Santiago";"(186)";"$ 777.070";"$ 586.314";"$ 0";"$ 133.801";"No";"No tiene";"No tiene";"No tiene";"01/01/2025";"31/12/2025";"No informa";"Sin observaciones";
"2025";"Junio";"Auxiliar";"IBARRA TAMAYO, CRISTIAN ANDRES";"CONDUCTOR";"24";"AUXILIAR";"Región Metropolitana de Santiago";"(205)(202)(204)(186)";"$ 935.750";"$ 478.500";"$ 0";"$ 120.476";"No";"No tiene";"No tiene";"No tiene";"01/01/2025";"31/12/2025";"No informa";"REMUNERACION JUN.2025+PAGO TRIMESTRAL LEY 19.490 Y 19.937 PERIODO 06/2025";
"2025";"Junio";"Profesional";"IGLESIAS VALDIVIA, SANDY FANNY";"Apoyo Administrativo";"5";"ASISTENTE SOCIAL";"Región Metropolitana de Santiago";"(186)";"$ 4.115.176";"$ 3.231.750";"$ 0";"$ 563.650";"No";"No tiene";"No tiene";"No tiene";"01/01/2025";"31/12/2025";"No informa";"Sin observaciones";
"2025";"Junio";"Médicos cirujanos, farmacéuticos, químico-farmacéuticos, bioquímicos, cirujano-dentistas";"ILLANES HORMAZABAL, EDUARDO IGNACIO";"CIRUGIA GENERAL";"28 Hrs.";"MEDICO CIRUJANO";"Región Metropolitana de Santiago";"(194)(193)(198)";"$ 2.439.703";"$ 2.269.514";"$ 0";"$ 117.240";"No";"No tiene";"No tiene";"No tiene";"01/01/2025";"30/06/2025";"No informa";"REMUNERACION JUN.2025+PAGO TRIMESTRAL LEY 20.707 PERIODO 06/2025";
"2025";"Junio";"Técnico";"INOSTROZA HIDALGO, ISABEL CRISTINA";"ATENCION CLINICA";"21";"TECNICO NIVEL SUPERIOR ENFERMERIA";"Región Metropolitana de Santiago";"(203)(204)(186)";"$ 1.402.296";"$ 1.558.071";"$ 0";"$ 163.838";"Sí";"$ 148.474 : 40,00 hrs";"$ 289.525 : 65,00 hrs";"No tiene";"01/01/2025";"31/12/2025";"No informa";"REMUNERACION JUN.2025+PAGO TRIMESTRAL LEY 19.490 Y 19.937 PERIODO 06/2025";
"2025";"Junio";"Médicos cirujanos, farmacéuticos, químico-farmacéuticos, bioquímicos, cirujano-dentistas";"INTURIAS ALVAREZ, CAMILA FERNANDA";"Atencion Odontologica";"11 Hrs.";"CIRUJANO DENTISTA";"Región Metropolitana de Santiago";"(188)(186)";"$ 1.105.860";"$ 905.036";"$ 0";"$ 0";"No";"No tiene";"No tiene";"No tiene";"01/01/2025";"31/12/2025";"No informa";"Sin observaciones";
"2025";"Junio";"Auxiliar";"IRIARTE DI SILVESTRI, ANDRES NICOLAS";"CONDUCTOR";"22";"AUXILIAR";"Región Metropolitana de Santiago";"(205)(202)(204)";"$ 1.665.507";"$ 1.414.514";"$ 0";"$ 117.689";"Sí";"$ 132.924 : 40,00 hrs";"$ 474.538 : 119,00 hrs";"No tiene";"01/01/2025";"30/06/2025";"No informa";"REMUNERACION JUN.2025+PAGO TRIMESTRAL LEY 19.490 Y 19.937 PERIODO 06/2025";
"2025";"Junio";"Médicos cirujanos, farmacéuticos, químico-farmacéuticos, bioquímicos, cirujano-dentistas";"IRRAZABAL ALBORNOZ, JORGE ANDRES";"Atencion Clinica Medica";"44 Hrs.";"MEDICO CIRUJANO";"Región Metropolitana de Santiago";"(86)(186)";"$ 5.401.116";"$ 4.335.120";"$ 0";"$ 0";"No";"No tiene";"No tiene";"No tiene";"01/01/2025";"31/12/2025";"No informa";"Sin observaciones";
"2025";"Junio";"Profesional";"IRRIBARREN ORREGO, KARLA PIA FRANCESCA";"Atencion Clinica";"14";"NUTRICIONISTA";"Región Metropolitana de Santiago";"(186)";"$ 2.358.713";"$ 1.914.480";"$ 0";"$ 231.445";"Sí";"$ 298.788 : 34,00 hrs";"$ 126.545 : 12,00 hrs";"No tiene";"01/01/2025";"31/12/2025";"No informa";"Sin observaciones";
"2025";"Junio";"Administrativo";"JAÑA FERRADA, MARIA JOSE";"APOYO ADMINISTRATIVO";"22";"TECNICO NIVEL MEDIO ADMINISTRACION";"Región Metropolitana de Santiago";"(01)";"$ 583.589";"$ 556.297";"$ 0";"$ 26.462";"No";"No tiene";"No tiene";"No tiene";"01/06/2025";"26/06/2025";"No informa";"REEMPLAZO JUN.2025 (01-26)+BONO ESCOLAR CUOTA 06/2025+PAGO BONO MENSUAL+PAGO TRIMESTRAL LEY 19.490 PERIODO 06/2025";
"2025";"Junio";"Médicos cirujanos, farmacéuticos, químico-farmacéuticos, bioquímicos, cirujano-dentistas";"JAQUE VILLASECA, TYRON ALEXANDER";"Atencion Odontologica";"44 Hrs.";"CIRUJANO DENTISTA";"Región Metropolitana de Santiago";"(86)(186)";"$ 5.196.220";"$ 4.258.724";"$ 0";"$ 0";"No";"No tiene";"No tiene";"No tiene";"01/01/2025";"31/12/2025";"No informa";"REMUNERACION JUNIO 2025";
"2025";"Junio";"Profesional";"JARA ABELLO, MARIA CAMILA BELEN";"Atencion Clinica";"15";"NUTRICIONISTA";"Región Metropolitana de Santiago";"(01)";"$ 1.625.365";"$ 1.282.905";"$ 0";"$ 90.908";"Sí";"$ 71.617 : 9,00 hrs";"No tiene";"No tiene";"01/01/2025";"31/12/2025";"No informa";"Sin observaciones";
"2025";"Junio";"Profesional";"JARA BOBADILLA, MARIA JOSE";"ATENCION CLINICA";"12";"GRADO DE MAGISTER EN EDUCACION Y CIENCIAS DE LA SALUD";"Región Metropolitana de Santiago";"(203)(204)(186)";"$ 3.689.605";"$ 3.658.213";"$ 0";"$ 474.139";"Sí";"$ 423.900 : 40,00 hrs";"$ 279.774 : 22,00 hrs";"No tiene";"01/01/2025";"31/12/2025";"No informa";"REMUNERACION JUN.2025 + BONO ENF. Y OTROS PROF+PAGO TRIMESTRAL LEY 19.490 Y 19.937 PERIODO 06/2025";
"2025";"Junio";"Profesional";"JARA GUERRA, EVELYN ANDREA";"Atencion Clinica";"15";"ENFERMERA (O)";"Región Metropolitana de Santiago";"(186)";"$ 1.979.186";"$ 1.418.084";"$ 0";"$ 399.995";"No";"No tiene";"No tiene";"No tiene";"01/01/2025";"31/12/2025";"No informa";"Sin observaciones";
"2025";"Junio";"Médicos cirujanos, farmacéuticos, químico-farmacéuticos, bioquímicos, cirujano-dentistas";"JARA NAVARRETE, PAULINA JANETT";"Atencion Clinica Medica";"44 Hrs.";"MEDICO CIRUJANO";"Región Metropolitana de Santiago";"(188)(86)(186)";"$ 5.460.672";"$ 4.504.288";"$ 0";"$ 0";"No";"No tiene";"No tiene";"No tiene";"01/01/2025";"31/12/2025";"No informa";"Sin observaciones";
"2025";"Junio";"Profesional";"JARA RIQUELME, JONATHAN RODRIGO";"Atencion Clinica";"15";"ENFERMERA (O)";"Región Metropolitana de Santiago";"(01)";"$ 1.655.851";"$ 1.289.361";"$ 0";"$ 154.543";"Sí";"No tiene";"$ 38.196 : 4,00 hrs";"No tiene";"01/01/2025";"31/12/2025";"No informa";"Sin observaciones";
"2025";"Junio";"Profesional";"JARA SEPULVEDA, PATRICIA ANGELICA";"Jefe de Unidad";"6";"INGENIERO (A) COMERCIAL";"Región Metropolitana de Santiago";"(186)";"$ 3.311.660";"$ 2.610.538";"$ 0";"$ 879.449";"No";"No tiene";"No tiene";"No tiene";"01/01/2025";"31/12/2025";"No informa";"REMUNERACION JUNIO 2025+PAGO LEY 19490-19937 CUOTA JUNIO";
"2025";"Junio";"Profesional";"JARA ULLOA, CONSTANZA CYNTHIA MELINA";"Atencion Clinica";"8";"ENFERMERA (O)";"Región Metropolitana de Santiago";"(01)";"$ 2.951.342";"$ 2.260.775";"$ 0";"$ 272.900";"No";"No tiene";"No tiene";"No tiene";"01/01/2025";"30/06/2025";"No informa";"Sin observaciones";
"2025";"Junio";"Médicos cirujanos, farmacéuticos, químico-farmacéuticos, bioquímicos, cirujano-dentistas";"JARA VERA, HELLEN VANESA";"Atencion Clinica";"22 Hrs.";"CIRUJANO DENTISTA";"Región Metropolitana de Santiago";"(01)";"$ 945.285";"$ 779.954";"$ 0";"$ 0";"No";"No tiene";"No tiene";"No tiene";"01/01/2025";"31/12/2025";"No informa";"REMUNERACION JUNIO 2025";
"2025";"Junio";"Profesional";"JARAMILLO ESPINOZA, CONSTANZA ISABEL";"Atencion Clinica";"12";"ENFERMERA (O)";"Región Metropolitana de Santiago";"(01)";"$ 2.087.105";"$ 1.613.425";"$ 0";"$ 180.251";"No";"No tiene";"No tiene";"No tiene";"01/01/2025";"31/12/2025";"No informa";"Sin observaciones";
"2025";"Junio";"Técnico";"JARAMILLO LEYTON, INES ISABEL";"Atencion Clinica";"20";"TECNICO NIVEL SUPERIOR ENFERMERIA";"Región Metropolitana de Santiago";"(186)";"$ 909.735";"$ 691.675";"$ 0";"$ 161.318";"Sí";"$ 38.162 : 10,00 hrs";"No tiene";"No tiene";"01/01/2025";"31/12/2025";"No informa";"Sin observaciones";
"2025";"Junio";"Profesional";"JAUREGUI QUEZADA, MAGALY DEL ROSARIO";"Atencion Clinica";"15";"PROFESIONAL";"Región Metropolitana de Santiago";"(01)";"$ 1.553.748";"$ 1.218.975";"$ 0";"$ 90.908";"No";"No tiene";"No tiene";"No tiene";"01/01/2025";"31/12/2025";"No informa";"Sin observaciones";
"2025";"Junio";"Médicos cirujanos, farmacéuticos, químico-farmacéuticos, bioquímicos, cirujano-dentistas";"JELDES AGUERO, JAVIERA CATALINA";"Atencion Odontologica";"22 Hrs.";"CIRUJANO DENTISTA";"Región Metropolitana de Santiago";"(188)(86)";"$ 1.143.596";"$ 908.650";"$ 0";"$ 0";"No";"No tiene";"No tiene";"No tiene";"01/01/2025";"31/12/2025";"No informa";"Sin observaciones";
"2025";"Junio";"Médicos cirujanos, farmacéuticos, químico-farmacéuticos, bioquímicos, cirujano-dentistas";"JELDES AGUERO, JAVIERA CATALINA";"Atencion Odontologica";"22 Hrs.";"CIRUJANO DENTISTA";"Región Metropolitana de Santiago";"(86)";"$ 1.011.373";"$ 833.574";"$ 0";"$ 0";"No";"No tiene";"No tiene";"No tiene";"01/01/2025";"31/12/2025";"No informa";"Sin observaciones";
"2025";"Junio";"Administrativo";"JENSEN BRIEBA, MATIAS IGNACIO";"Atencion Clinica";"22";"ADMINISTRATIVO";"Región Metropolitana de Santiago";"(01)";"$ 636.387";"$ 516.583";"$ 0";"$ 0";"No";"No tiene";"No tiene";"No tiene";"10/03/2025";"29/06/2025";"No informa";"Sin observaciones";
"2025";"Junio";"Médicos cirujanos, farmacéuticos, químico-farmacéuticos, bioquímicos, cirujano-dentistas";"JEREZ PEREZ, CLAUDIO ALEXANDER";"CIRUGIA GENERAL";"28 Hrs.";"MEDICO CIRUJANO";"Región Metropolitana de Santiago";"(194)(193)(198)(186)";"$ 3.006.420";"$ 2.766.893";"$ 0";"$ 155.954";"No";"No tiene";"No tiene";"No tiene";"01/01/2025";"31/12/2025";"No informa";"REMUNERACION JUN.2025+PAGO TRIMESTRAL LEY 20.707 PERIODO 06/2025";
"2025";"Junio";"Médicos cirujanos, farmacéuticos, químico-farmacéuticos, bioquímicos, cirujano-dentistas";"JEREZ RIOS, MARIA PILAR";"Atencion Odontologica";"44 Hrs.";"CIRUJANO DENTISTA";"Región Metropolitana de Santiago";"(86)(186)";"$ 5.116.884";"$ 4.210.676";"$ 0";"$ 0";"No";"No tiene";"No tiene";"No tiene";"01/01/2025";"31/12/2025";"No informa";"Sin observaciones";
"2025";"Junio";"Profesional";"JEREZ TORO, CLAUDIO ANDRES";"ATENCION CLINICA";"10";"KINESIOLOGO (A)";"Región Metropolitana de Santiago";"(203)(201)(204)(186)";"$ 3.641.909";"$ 4.327.579";"$ 0";"$ 595.633";"No";"No tiene";"No tiene";"No tiene";"01/01/2025";"31/12/2025";"No informa";"REMUNERACION JUN.2025 + BONO ENF. Y OTROS PROF+PAGO TRIMESTRAL LEY 19.490 Y 19.937 PERIODO 06/2025";
"2025";"Junio";"Administrativo";"JIL PIZARRO, VIRGINIA ANDREA";"Secretaria";"13";"ADMINISTRATIVO";"Región Metropolitana de Santiago";"(01)";"$ 1.703.713";"$ 1.370.947";"$ 0";"$ 425.298";"No";"No tiene";"No tiene";"No tiene";"01/01/2025";"31/12/2025";"No informa";"REMUNERACION JUNIO 2025+PAGO LEY 19490-19937 CUOTA JUNIO+BONO ESCOLAR CUOTA JUNIO 2025";
"2025";"Junio";"Médicos cirujanos, farmacéuticos, químico-farmacéuticos, bioquímicos, cirujano-dentistas";"JIMENEZ BELLO, MIGUEL ANGEL";"Atencion Odontologica";"44 Hrs.";"MÉDICOS CIRUJANOS, FARMACÉUTICOS, QUÍMICO-FARMACÉUTICOS, BIOQUÍMICOS, CIRUJANO-DENTISTAS";"Región Metropolitana de Santiago";"(188)(186)";"$ 4.879.213";"$ 3.979.444";"$ 0";"$ 0";"No";"No tiene";"No tiene";"No tiene";"01/01/2025";"31/12/2025";"No informa";"Sin observaciones";
"2025";"Junio";"Técnico";"JIMENEZ MENDEZ, NATARY FERNANDA";"ATENCION CLINICA";"22";"TECNICO NIVEL SUPERIOR ENFERMERIA";"Región Metropolitana de Santiago";"(202)(204)";"$ 1.372.513";"$ 1.145.901";"$ 0";"$ 0";"Sí";"$ 132.924 : 40,00 hrs";"$ 223.312 : 56,00 hrs";"No tiene";"01/01/2025";"31/12/2025";"No informa";"REMUNERACION JUN.2025";
"2025";"Junio";"Técnico";"JIMENEZ RIVAS, ADRIANA DE LAS MERCEDES";"Atencion Clinica";"22";"TÉCNICO";"Región Metropolitana de Santiago";"(01)";"$ 708.935";"$ 708.935";"$ 0";"$ 0";"No";"No tiene";"No tiene";"No tiene";"01/01/2025";"06/08/2025";"No informa";"Sin observaciones";
"2025";"Junio";"Médicos cirujanos, farmacéuticos, químico-farmacéuticos, bioquímicos, cirujano-dentistas";"JIMENEZ ZENTENO, CAROLINA";"Atencion Clinica Medica";"44 Hrs.";"MEDICO CIRUJANO";"Región Metropolitana de Santiago";"(86)";"$ 2.948.378";"$ 2.357.776";"$ 0";"$ 0";"No";"No tiene";"No tiene";"No tiene";"07/04/2025";"31/12/2025";"No informa";"Sin observaciones";
"2025";"Junio";"Profesional";"JOFRE ALQUINTA, BARBARA CAMILA";"Atencion Clinica";"15";"EDUCADOR (A) DE PARVULOS";"Región Metropolitana de Santiago";"(186)";"$ 1.724.928";"$ 1.333.775";"$ 0";"$ 163.634";"No";"No tiene";"No tiene";"No tiene";"01/01/2025";"31/12/2025";"No informa";"Sin observaciones";
"2025";"Junio";"Profesional";"JORDAN RUIZ, TAMARA FRANCISCA";"Coordinador";"8";"PSICOLOGO (A)";"Región Metropolitana de Santiago";"(186)";"$ 3.241.049";"$ 2.426.515";"$ 0";"$ 443.233";"No";"No tiene";"No tiene";"No tiene";"01/01/2025";"31/12/2025";"No informa";"Sin observaciones";
"2025";"Junio";"Médicos cirujanos, farmacéuticos, químico-farmacéuticos, bioquímicos, cirujano-dentistas";"KAUFMANN ISENSEE, SOFIA RAQUEL";"Medico Becario Primario";"44 Hrs.";"MEDICO CIRUJANO";"Región Metropolitana de Santiago";"(01)";"$ 2.819.587";"$ 2.326.441";"$ 0";"$ 0";"No";"No tiene";"No tiene";"No tiene";"07/04/2025";"06/04/2026";"No informa";"REMUNERACION JUNIO 2025";
"2025";"Junio";"Médicos cirujanos, farmacéuticos, químico-farmacéuticos, bioquímicos, cirujano-dentistas";"KREMSER RUIZ, INGRID ROSMARY";"Atencion Clinica Medica";"44 Hrs.";"MEDICO CIRUJANO";"Región Metropolitana de Santiago";"(86)(188)(86)(186)";"$ 6.716.819";"$ 5.142.565";"$ 0";"$ 0";"No";"No tiene";"No tiene";"No tiene";"01/01/2025";"31/12/2025";"No informa";"Sin observaciones";
"2025";"Junio";"Profesional";"KSINSKI ARMAS, ANDREA";"Atencion Clinica";"15";"PSICOLOGO (A)";"Región Metropolitana de Santiago";"(186)";"$ 1.700.811";"$ 1.321.768";"$ 0";"$ 212.119";"No";"No tiene";"No tiene";"No tiene";"01/01/2025";"31/12/2025";"No informa";"Sin observaciones";
"2025";"Junio";"Administrativo";"LABARCA MOYA, CARLOS ENRIQUE";"Apoyo Administrativo";"22";"ADMINISTRATIVO";"Región Metropolitana de Santiago";"(186)";"$ 999.751";"$ 810.575";"$ 0";"$ 141.733";"Sí";"$ 137.655 : 40,00 hrs";"$ 103.242 : 25,00 hrs";"No tiene";"01/01/2025";"31/12/2025";"No informa";"Sin observaciones";
"2025";"Junio";"Profesional";"LABARCA MOYA, FRANCISCO JAVIER";"Atencion Clinica";"15";"ENFERMERA (O)";"Región Metropolitana de Santiago";"(186)";"$ 1.984.148";"$ 1.407.004";"$ 0";"$ 454.540";"Sí";"No tiene";"$ 48.330 : 5,00 hrs";"No tiene";"01/01/2025";"31/12/2025";"No informa";"Sin observaciones";
"2025";"Junio";"Profesional";"LABRA CALLEJAS, CLAUDIA LORENA";"Apoyo Administrativo";"8";"INGENIERO (A) EJECUCION ADMINISTRACION";"Región Metropolitana de Santiago";"(186)";"$ 2.839.352";"$ 2.253.605";"$ 0";"$ 817.908";"No";"No tiene";"No tiene";"No tiene";"01/01/2025";"31/12/2025";"No informa";"REMUNERACION JUNIO 2025+PAGO LEY 19490-19937 CUOTA JUNIO";
"2025";"Junio";"Profesional";"LABRA RODRIGUEZ, MARIA ORFELINA";"ATENCION CLINICA";"13";"ENFERMERA (O)";"Región Metropolitana de Santiago";"(203)(204)(186)";"$ 2.706.849";"$ 2.492.726";"$ 0";"$ 144.334";"No";"No tiene";"No tiene";"No tiene";"01/01/2025";"31/12/2025";"No informa";"REMUNERACION JUN.2025 + BONO ENF. Y OTROS PROF+PAGO TRIMESTRAL LEY 19.490 Y 19.937 PERIODO 06/2025";
"2025";"Junio";"Médicos cirujanos, farmacéuticos, químico-farmacéuticos, bioquímicos, cirujano-dentistas";"LABRIN FERNANDEZ, CONSTANZA ANTONIA";"Atencion Clinica Medica";"44 Hrs.";"MEDICO CIRUJANO";"Región Metropolitana de Santiago";"(86)";"$ 2.948.378";"$ 2.355.335";"$ 0";"$ 0";"No";"No tiene";"No tiene";"No tiene";"01/01/2025";"31/12/2025";"No informa";"Sin observaciones";
"2025";"Junio";"Profesional";"LAGOS VERDUGO, MARJORIE LISSETTE";"Atencion Clinica";"16";"PSICOLOGO (A)";"Región Metropolitana de Santiago";"(186)";"$ 1.492.758";"$ 1.159.250";"$ 0";"$ 141.646";"No";"No tiene";"No tiene";"No tiene";"01/01/2025";"31/12/2025";"No informa";"Sin observaciones";
"2025";"Junio";"Auxiliar";"LARA AGUILAR, DANIEL SEGUNDO";"CONDUCTOR";"20";"AUXILIAR";"Región Metropolitana de Santiago";"(205)(201)(202)(204)(186)";"$ 1.362.372";"$ 1.482.733";"$ 0";"$ 295.270";"No";"No tiene";"No tiene";"No tiene";"01/01/2025";"31/12/2025";"No informa";"REMUNERACION JUN.2025+PAGO TRIMESTRAL LEY 19.490 Y 19.937 PERIODO 06/2025";
"2025";"Junio";"Administrativo";"LARA ARRIAGADA, MARJORIE KATHINA";"Apoyo Administrativo";"21";"ADMINISTRATIVO";"Región Metropolitana de Santiago";"(186)";"$ 770.215";"$ 583.199";"$ 0";"$ 126.975";"No";"No tiene";"No tiene";"No tiene";"01/01/2025";"31/12/2025";"No informa";"Sin observaciones";
"2025";"Junio";"Profesional";"LARA HEWSTONE, JOCELYN AMANDA";"Atencion Clinica";"9";"PROFESIONAL";"Región Metropolitana de Santiago";"(186)";"$ 2.626.482";"$ 2.057.328";"$ 0";"$ 152.482";"No";"No tiene";"No tiene";"No tiene";"01/01/2025";"31/12/2025";"No informa";"Sin observaciones";
"2025";"Junio";"Profesional";"LARA PIÑA, JENNIFER DINA";"Atencion Clinica";"15";"KINESIOLOGO (A)";"Región Metropolitana de Santiago";"(186)";"$ 1.907.652";"$ 1.495.628";"$ 0";"$ 242.422";"Sí";"No tiene";"$ 78.266 : 8,00 hrs";"No tiene";"01/01/2025";"31/12/2025";"No informa";"Sin observaciones";
"2025";"Junio";"Técnico";"LARA SALVATIERRA, MARIELA CAROLINE";"Atencion Clinica";"22";"TECNICO NIVEL SUPERIOR ENFERMERIA";"Región Metropolitana de Santiago";"(202)";"$ 1.130.609";"$ 897.718";"$ 0";"$ 117.688";"Sí";"$ 23.261 : 7,00 hrs";"$ 19.939 : 5,00 hrs";"No tiene";"01/01/2025";"31/12/2025";"No informa";"Sin observaciones";
"2025";"Junio";"Auxiliar";"LARA STEPHENS, CRISTIAN RODRIGO";"CONDUCTOR";"21";"AUXILIAR";"Región Metropolitana de Santiago";"(205)(202)(204)";"$ 1.706.014";"$ 1.731.719";"$ 0";"$ 152.917";"Sí";"$ 143.412 : 40,00 hrs";"$ 421.631 : 98,00 hrs";"No tiene";"01/01/2025";"31/12/2025";"No informa";"REMUNERACION JUN.2025+PAGO TRIMESTRAL LEY 19.490 Y 19.937 PERIODO 06/2025";
"2025";"Junio";"Profesional";"LARENAS MIRANDA, PAULO";"ATENCION CLINICA";"13";"ENFERMERA (O)";"Región Metropolitana de Santiago";"(203)(204)(186)";"$ 3.469.436";"$ 3.272.201";"$ 0";"$ 184.026";"Sí";"$ 247.841 : 26,00 hrs";"$ 514.746 : 45,00 hrs";"No tiene";"01/01/2025";"31/12/2025";"No informa";"REMUNERACION JUN.2025 + BONO ENF. Y OTROS PROF+PAGO TRIMESTRAL LEY 19.490 Y 19.937 PERIODO 06/2025";
"2025";"Junio";"Técnico";"LAVENA TORRES, ANDREA ALEJANDRA";"Atencion Clinica";"22";"TECNICO NIVEL SUPERIOR ENFERMERIA";"Región Metropolitana de Santiago";"(186)";"$ 953.236";"$ 764.197";"$ 0";"$ 117.688";"Sí";"$ 130.754 : 39,00 hrs";"$ 32.186 : 8,00 hrs";"No tiene";"01/01/2025";"31/12/2025";"No informa";"Sin observaciones";
"2025";"Junio";"Profesional";"LAVIGNE PLAZA, RICARDO ESTEBAN";"Apoyo Administrativo";"8";"ABOGADO (A)";"Región Metropolitana de Santiago";"(186)";"$ 2.691.755";"$ 2.141.330";"$ 0";"$ 283.764";"No";"No tiene";"No tiene";"No tiene";"01/03/2025";"31/12/2025";"No informa";"REMUNERACION JUNIO 2025+PAGO LEY 19490-19937 CUOTA JUNIO";
"2025";"Junio";"Profesional";"LAVIN SANDOVAL, NICOLE THALIA";"Atencion Clinica";"15";"ENFERMERA (O)";"Región Metropolitana de Santiago";"(186)";"$ 2.028.013";"$ 1.678.304";"$ 0";"$ 154.543";"Sí";"$ 248.193 : 31,00 hrs";"$ 153.720 : 16,00 hrs";"No tiene";"01/01/2025";"31/12/2025";"No informa";"Sin observaciones";
"2025";"Junio";"Profesional";"LAZCANO HAFEMANN, PAULA ANDREA";"Apoyo Administrativo";"8";"NUTRICIONISTA";"Región Metropolitana de Santiago";"(186)";"$ 2.735.178";"$ 2.179.207";"$ 0";"$ 673.244";"No";"No tiene";"No tiene";"No tiene";"01/01/2025";"31/12/2025";"No informa";"REMUNERACION JUNIO 2025+PAGO LEY 19490-19937 CUOTA JUNIO+BONO ESCOLAR CUOTA JUNIO 2025";
"2025";"Junio";"Profesional";"LAZO CHACON, VALENTINA PASCAL";"Apoyo Administrativo";"8";"ABOGADO (A)";"Región Metropolitana de Santiago";"(186)";"$ 2.691.755";"$ 2.163.798";"$ 0";"$ 283.764";"No";"No tiene";"No tiene";"No tiene";"01/01/2025";"31/12/2025";"No informa";"REMUNERACION JUNIO 2025+PAGO LEY 19490-19937 CUOTA JUNIO";
"2025";"Junio";"Técnico";"LAZO NAVARRETE, MARA VALENTINA";"Atencion Clinica";"22";"TECNICO NIVEL SUPERIOR ODONTOLOGIA";"Región Metropolitana de Santiago";"(186)";"$ 794.819";"$ 613.798";"$ 0";"$ 117.688";"No";"No tiene";"No tiene";"No tiene";"01/01/2025";"06/07/2025";"No informa";"Sin observaciones";
"2025";"Junio";"Profesional";"LAZO VALDENEGRO, ARACELIS ELENA";"Apoyo Administrativo";"10";"PSICOLOGO (A)";"Región Metropolitana de Santiago";"(186)";"$ 2.558.671";"$ 1.980.935";"$ 0";"$ 288.510";"No";"No tiene";"No tiene";"No tiene";"01/01/2025";"31/12/2025";"No informa";"Sin observaciones";
"2025";"Junio";"Auxiliar";"LEAL AGUILAR, MARIO ENRIQUE";"CONDUCTOR";"24";"AUXILIAR";"Región Metropolitana de Santiago";"(01)";"$ 1.028.369";"$ 881.674";"$ 0";"$ 40.887";"Sí";"$ 72.792 : 26,00 hrs";"$ 351.641 : 166,00 hrs";"No tiene";"01/01/2025";"30/06/2025";"No informa";"REMUNERACION JUN.2025+BONO ESCOLAR CUOTA 03/2025+BONO ESCOLAR CUOTA 06/2025+PAGO BONO MENSUAL+PAGO CARGAS FAMILIARES RETROACTIVO";
"2025";"Junio";"Médicos cirujanos, farmacéuticos, químico-farmacéuticos, bioquímicos, cirujano-dentistas";"LEAL GEOFFROY, ALICIA CATALINA";"Atencion Odontologica";"22 Hrs.";"CIRUJANO DENTISTA";"Región Metropolitana de Santiago";"(01)";"$ 945.285";"$ 779.954";"$ 0";"$ 0";"No";"No tiene";"No tiene";"No tiene";"01/01/2025";"30/06/2025";"No informa";"Sin observaciones";
"2025";"Junio";"Médicos cirujanos, farmacéuticos, químico-farmacéuticos, bioquímicos, cirujano-dentistas";"LEAL SALINAS, CATALINA";"Atencion Clinica Medica";"44 Hrs.";"MEDICO CIRUJANO";"Región Metropolitana de Santiago";"(86)";"$ 2.948.378";"$ 2.360.572";"$ 0";"$ 0";"No";"No tiene";"No tiene";"No tiene";"01/01/2025";"31/12/2025";"No informa";"Sin observaciones";
"2025";"Junio";"Profesional";"LEAL VALENZUELA, GABRIELA ANDREA";"Atencion Clinica";"12";"NUTRICIONISTA";"Región Metropolitana de Santiago";"(01)";"$ 2.516.148";"$ 1.984.891";"$ 0";"$ 274.294";"Sí";"$ 72.029 : 7,00 hrs";"$ 172.870 : 14,00 hrs";"No tiene";"01/01/2025";"31/12/2025";"No informa";"Sin observaciones";
"2025";"Junio";"Médicos cirujanos, farmacéuticos, químico-farmacéuticos, bioquímicos, cirujano-dentistas";"LEDEZMA ROJAS, PAULINA CONSTANZA";"Atencion Odontologica";"22 Hrs.";"CIRUJANO DENTISTA";"Región Metropolitana de Santiago";"(188)(186)";"$ 2.479.826";"$ 1.981.498";"$ 0";"$ 0";"No";"No tiene";"No tiene";"No tiene";"01/01/2025";"31/12/2025";"No informa";"Sin observaciones";
"2025";"Junio";"Profesional";"LEFEVRE CABRERA, STEPHANIE MICHELLE";"Atencion Clinica";"16";"FONOAUDIOLOGO (A)";"Región Metropolitana de Santiago";"(01)";"$ 1.874.403";"$ 1.547.015";"$ 0";"$ 141.646";"Sí";"$ 284.439 : 39,00 hrs";"$ 105.024 : 12,00 hrs";"No tiene";"01/01/2025";"31/12/2025";"No informa";"Sin observaciones";
"2025";"Junio";"Administrativo";"LEIVA ALVAREZ, ISABEL JANET";"Apoyo Administrativo";"22";"ADMINISTRATIVO";"Región Metropolitana de Santiago";"(01)";"$ 730.592";"$ 549.128";"$ 0";"$ 131.608";"No";"No tiene";"No tiene";"No tiene";"01/01/2025";"31/12/2025";"No informa";"Sin observaciones";
"2025";"Junio";"Profesional";"LEIVA GONZALEZ, JUAN ANTONIO";"Apoyo Administrativo";"6";"CONTADOR (A) AUDITOR (A)";"Región Metropolitana de Santiago";"(186)";"$ 3.289.805";"$ 2.614.226";"$ 0";"$ 459.413";"No";"No tiene";"No tiene";"No tiene";"01/01/2025";"31/12/2025";"No informa";"REMUNERACION JUNIO 2025+PAGO LEY 19490-19937 CUOTA JUNIO";
"2025";"Junio";"Técnico";"LEIVA GONZALEZ, SELMA ELIZABETH";"Atencion Clinica";"21";"TECNICO NIVEL SUPERIOR ENFERMERIA";"Región Metropolitana de Santiago";"(186)";"$ 872.278";"$ 795.999";"$ 0";"$ 126.975";"Sí";"$ 72.339 : 20,00 hrs";"No tiene";"No tiene";"01/01/2025";"31/12/2025";"No informa";"Sin observaciones";
"2025";"Junio";"Profesional";"LEIVA MENDEZ, SOFIA VALENTINA";"Apoyo Administrativo";"15";"TERAPEUTA OCUPACIONAL";"Región Metropolitana de Santiago";"(01)";"$ 1.462.453";"$ 1.186.141";"$ 0";"$ 0";"No";"No tiene";"No tiene";"No tiene";"01/05/2025";"31/07/2025";"No informa";"Sin observaciones";
"2025";"Junio";"Profesional";"LEON CUBILLOS, ALVARO FRANCISCO";"ATENCION CLINICA";"11";"ENFERMERA (O)";"Región Metropolitana de Santiago";"(203)(201)(204)(186)";"$ 3.684.057";"$ 4.426.110";"$ 0";"$ 627.695";"Sí";"$ 46.181 : 4,00 hrs";"$ 277.085 : 20,00 hrs";"No tiene";"01/01/2025";"31/12/2025";"No informa";"REMUNERACION JUN.2025 + BONO ENF. Y OTROS PROF+PAGO TRIMESTRAL LEY 19.490 Y 19.937 PERIODO 06/2025";
"2025";"Junio";"Médicos cirujanos, farmacéuticos, químico-farmacéuticos, bioquímicos, cirujano-dentistas";"LEON MANRIQUEZ, DIEGO RICARDO";"Medico PAO";"44 Hrs.";"MEDICO CIRUJANO";"Región Metropolitana de Santiago";"(01)";"$ 1.890.570";"$ 1.537.113";"$ 0";"$ 0";"No";"No tiene";"No tiene";"No tiene";"01/06/2025";"31/12/2025";"No informa";"Sin observaciones";
"2025";"Junio";"Médicos cirujanos, farmacéuticos, químico-farmacéuticos, bioquímicos, cirujano-dentistas";"LEON NAVARRO, SAMUEL AARON";"Atencion Odontologica";"22 Hrs.";"CIRUJANO DENTISTA";"Región Metropolitana de Santiago";"(188)(186)";"$ 1.399.789";"$ 1.078.687";"$ 0";"$ 0";"No";"No tiene";"No tiene";"No tiene";"01/01/2025";"31/12/2025";"No informa";"Sin observaciones";
"2025";"Junio";"Médicos cirujanos, farmacéuticos, químico-farmacéuticos, bioquímicos, cirujano-dentistas";"LEON NAVARRO, SAMUEL AARON";"Atencion Odontologica";"22 Hrs.";"CIRUJANO DENTISTA";"Región Metropolitana de Santiago";"(188)(186)";"$ 1.399.789";"$ 1.141.668";"$ 0";"$ 0";"No";"No tiene";"No tiene";"No tiene";"01/01/2025";"31/12/2025";"No informa";"Sin observaciones";
"2025";"Junio";"Profesional";"LESCOT VIEYRA, KAREN ANDREA";"Atencion Clinica";"15";"PSICOLOGO (A)";"Región Metropolitana de Santiago";"(01)";"$ 1.617.655";"$ 1.276.643";"$ 0";"$ 154.543";"No";"No tiene";"No tiene";"No tiene";"01/01/2025";"31/12/2025";"No informa";"Sin observaciones";
"2025";"Junio";"Profesional";"LETELIER SANZANA, ALEJANDRO";"Apoyo Administrativo";"5";"QUIMICO FARMACEUTICO";"Región Metropolitana de Santiago";"(186)";"$ 3.567.308";"$ 2.844.001";"$ 0";"$ 679.259";"No";"No tiene";"No tiene";"No tiene";"01/01/2025";"31/12/2025";"No informa";"REMUNERACION JUNIO 2025+PAGO LEY 19490-19937 CUOTA JUNIO";
"2025";"Junio";"Médicos cirujanos, farmacéuticos, químico-farmacéuticos, bioquímicos, cirujano-dentistas";"LIBERONA ROJAS, ANDRES IGNACIO";"Medico Becario Primario";"44 Hrs.";"MEDICO CIRUJANO";"Región Metropolitana de Santiago";"(01)";"$ 2.819.587";"$ 2.326.441";"$ 0";"$ 0";"No";"No tiene";"No tiene";"No tiene";"07/04/2025";"06/04/2026";"No informa";"REMUNERACION JUNIO 2025";
"2025";"Junio";"Auxiliar";"LIPPI SEPULVEDA, VICTOR MANUEL";"CONDUCTOR";"24";"TECNICO NIVEL SUPERIOR ENFERMERIA";"Región Metropolitana de Santiago";"(01)";"$ 1.133.022";"$ 962.361";"$ 0";"$ 0";"Sí";"$ 39.196 : 14,00 hrs";"$ 329.244 : 142,00 hrs";"No tiene";"20/05/2025";"30/06/2025";"No informa";"REEMPLAZO MAY.2025 (20-31)+REEMPLAZO JUN.2025 (01-30)";
"2025";"Junio";"Administrativo";"LIRA DIAZ, VICTOR HUGO";"Apoyo Administrativo";"16";"ADMINISTRATIVO";"Región Metropolitana de Santiago";"(01)";"$ 1.566.583";"$ 1.200.952";"$ 0";"$ 211.700";"No";"No tiene";"No tiene";"No tiene";"01/01/2025";"31/07/2025";"No informa";"Sin observaciones";
"2025";"Junio";"Administrativo";"LIRA PIZARRO, ALLISON DENISSE";"Apoyo Administrativo";"22";"ADMINISTRATIVO";"Región Metropolitana de Santiago";"(186)";"$ 821.397";"$ 657.510";"$ 0";"$ 111.361";"Sí";"$ 70.406 : 21,00 hrs";"$ 36.209 : 9,00 hrs";"No tiene";"01/01/2025";"31/12/2025";"No informa";"Sin observaciones";
"2025";"Junio";"Técnico";"LIZAMA NUÑEZ, DANIELA GRACE";"Atencion Clinica";"22";"TECNICO NIVEL SUPERIOR RECURSOS HUMANOS";"Región Metropolitana de Santiago";"(186)";"$ 813.323";"$ 616.744";"$ 0";"$ 131.608";"No";"No tiene";"No tiene";"No tiene";"01/01/2025";"31/12/2025";"No informa";"Sin observaciones";
"2025";"Junio";"Profesional";"LIZANA TORRES, SERGIO FRANCISCO";"Apoyo Administrativo";"6";"ADMINISTRADOR (A) PUBLICO";"Región Metropolitana de Santiago";"(186)";"$ 3.379.504";"$ 2.655.886";"$ 0";"$ 1.135.407";"No";"No tiene";"No tiene";"No tiene";"01/01/2025";"31/12/2025";"No informa";"REMUNERACION JUNIO 2025+PAGO LEY 19490-19937 CUOTA JUNIO";
"2025";"Junio";"Administrativo";"LLANCAMAN HUICHAQUEO, VIVIANA DEL PILAR";"Apoyo Administrativo";"22";"ADMINISTRATIVO";"Región Metropolitana de Santiago";"(186)";"$ 721.136";"$ 546.475";"$ 0";"$ 117.688";"No";"No tiene";"No tiene";"No tiene";"01/01/2025";"31/12/2025";"No informa";"Sin observaciones";
"2025";"Junio";"Médicos cirujanos, farmacéuticos, químico-farmacéuticos, bioquímicos, cirujano-dentistas";"LLANILLOS LEON, JEAN PAUL";"Medico Becario Primario";"44 Hrs.";"MEDICO CIRUJANO";"Región Metropolitana de Santiago";"(01)";"$ 3.480.717";"$ 2.854.624";"$ 0";"$ 0";"No";"No tiene";"No tiene";"No tiene";"08/05/2024";"07/05/2026";"No informa";"REMUNERACION JUNIO 2025";
"2025";"Junio";"Técnico";"LLANOS CATALAN, DANIELA ELIZABETH";"ATENCION CLINICA";"22";"TECNICO NIVEL SUPERIOR ENFERMERIA";"Región Metropolitana de Santiago";"(203)(204)(186)";"$ 877.621";"$ 947.501";"$ 0";"$ 130.344";"No";"No tiene";"No tiene";"No tiene";"01/01/2025";"31/12/2025";"No informa";"REMUNERACION JUN.2025+PAGO TRIMESTRAL LEY 19.490 Y 19.937 PERIODO 06/2025";
"2025";"Junio";"Médicos cirujanos, farmacéuticos, químico-farmacéuticos, bioquímicos, cirujano-dentistas";"LLANTEN AROCA, PAMELA";"Atencion Clinica Medica";"44 Hrs.";"MEDICO CIRUJANO";"Región Metropolitana de Santiago";"(86)(186)";"$ 5.857.350";"$ 4.794.333";"$ 0";"$ 0";"No";"No tiene";"No tiene";"No tiene";"01/01/2025";"31/12/2025";"No informa";"Sin observaciones";
"2025";"Junio";"Profesional";"LOBOS AEDO, ROSARIO ANDREA";"Apoyo Administrativo";"10";"PSICOLOGO (A)";"Región Metropolitana de Santiago";"(186)";"$ 2.268.933";"$ 1.819.503";"$ 0";"$ 289.738";"No";"No tiene";"No tiene";"No tiene";"01/01/2025";"31/12/2025";"No informa";"REMUNERACION JUNIO 2025+PAGO LEY 19490-19937 CUOTA JUNIO+BONO ESCOLAR CUOTA JUNIO 2025";
"2025";"Junio";"Técnico";"LOBOS YAÑEZ, NICOLE ARACELI";"APOYO ADMINISTRATIVO";"21";"TECNICO NIVEL SUPERIOR ASISTENTE JURIDICO";"Región Metropolitana de Santiago";"(01)";"$ 697.136";"$ 575.206";"$ 0";"$ 0";"No";"No tiene";"No tiene";"No tiene";"01/06/2025";"31/08/2025";"No informa";"REMUNERACION JUN.2025+PAGO BONO MENSUAL";
"2025";"Junio";"Administrativo";"LOPEZ ANGUITA, CECILIA";"Apoyo Administrativo";"15";"ADMINISTRATIVO";"Región Metropolitana de Santiago";"(186)";"$ 1.469.296";"$ 1.187.567";"$ 0";"$ 687.415";"No";"No tiene";"No tiene";"No tiene";"01/01/2025";"31/12/2025";"No informa";"REMUNERACION JUNIO 2025+PAGO LEY 19490-19937 CUOTA JUNIO";
"2025";"Junio";"Médicos cirujanos, farmacéuticos, químico-farmacéuticos, bioquímicos, cirujano-dentistas";"LOPEZ ARAVENA, ESTEBAN IGNACIO";"Atencion Clinica Medica";"44 Hrs.";"MEDICO CIRUJANO";"Región Metropolitana de Santiago";"(86)";"$ 2.948.378";"$ 2.355.335";"$ 0";"$ 0";"No";"No tiene";"No tiene";"No tiene";"01/01/2025";"31/12/2025";"No informa";"Sin observaciones";
"2025";"Junio";"Profesional";"LOPEZ GONZALEZ, ALVARO ANTONIO";"Apoyo Administrativo";"8";"INGENIERO (A) EN COMPUTACION E INFORMATICA";"Región Metropolitana de Santiago";"(186)";"$ 3.232.138";"$ 2.411.761";"$ 0";"$ 448.773";"No";"No tiene";"No tiene";"No tiene";"01/01/2025";"31/12/2025";"No informa";"Sin observaciones";
"2025";"Junio";"Auxiliar";"LOPEZ MARIN, JUAN CARLOS";"Apoyo Logistico";"24";"AUXILIAR";"Región Metropolitana de Santiago";"(202)(186)";"$ 947.619";"$ 728.002";"$ 0";"$ 131.137";"No";"No tiene";"No tiene";"No tiene";"01/01/2025";"31/12/2025";"No informa";"Sin observaciones";
"2025";"Junio";"Técnico";"LOPEZ NORIEGA, HENYEL YUSCETT";"Atencion Clinica";"22";"TECNICO NIVEL SUPERIOR ENFERMERIA";"Región Metropolitana de Santiago";"(01)";"$ 510.762";"$ 510.762";"$ 0";"$ 0";"No";"No tiene";"No tiene";"No tiene";"09/06/2025";"06/07/2025";"No informa";"Sin observaciones";
"2025";"Junio";"Médicos cirujanos, farmacéuticos, químico-farmacéuticos, bioquímicos, cirujano-dentistas";"LOPEZ PARDO, MATIAS NICOLAS";"MEDICO CIRUJANO CON ESPECIALIDAD EN MEDICINA DE URGENCIA";"22 Hrs.";"MEDICO CIRUJANO CON ESPECIALIDAD EN MEDICINA DE URGENCIA";"Región Metropolitana de Santiago";"(01)";"$ 945.285";"$ 829.538";"$ 0";"$ 0";"No";"No tiene";"No tiene";"No tiene";"01/06/2025";"31/12/2025";"No informa";"REMUNERACION JUN.2025";
"2025";"Junio";"Profesional";"LOPEZ PEREZ, JOSE ARTURO";"Director Zonal";"5";"INGENIERO (A) COMERCIAL";"Región Metropolitana de Santiago";"(186)";"$ 4.975.154";"$ 3.741.357";"$ 0";"$ 1.402.078";"No";"No tiene";"No tiene";"No tiene";"01/01/2025";"31/12/2025";"No informa";"Sin observaciones";
"2025";"Junio";"Técnico";"LOPEZ REYES, CARLA DE LAS MERCEDES";"Atencion Clinica";"22";"TECNICO NIVEL SUPERIOR ENFERMERIA";"Región Metropolitana de Santiago";"(01)";"$ 779.418";"$ 597.516";"$ 0";"$ 111.361";"No";"No tiene";"No tiene";"No tiene";"01/01/2025";"31/07/2025";"No informa";"Sin observaciones";
"2025";"Junio";"Médicos cirujanos, farmacéuticos, químico-farmacéuticos, bioquímicos, cirujano-dentistas";"LOPEZ RODRIGUEZ, LYA";"Atencion Odontologica";"11 Hrs.";"CIRUJANO DENTISTA";"Región Metropolitana de Santiago";"(188)(186)";"$ 1.136.944";"$ 936.731";"$ 0";"$ 0";"No";"No tiene";"No tiene";"No tiene";"01/01/2025";"31/12/2025";"No informa";"Sin observaciones";
"2025";"Junio";"Médicos cirujanos, farmacéuticos, químico-farmacéuticos, bioquímicos, cirujano-dentistas";"LOPEZ SAN MARTIN, CAMILA ELIZABETH";"Atencion Clinica Medica";"44 Hrs.";"MEDICO CIRUJANO";"Región Metropolitana de Santiago";"(186)(86)";"$ 3.308.024";"$ 2.628.041";"$ 0";"$ 0";"No";"No tiene";"No tiene";"No tiene";"01/01/2025";"31/12/2025";"No informa";"Sin observaciones";
"2025";"Junio";"Médicos cirujanos, farmacéuticos, químico-farmacéuticos, bioquímicos, cirujano-dentistas";"LOPEZ VERGARA, JAVIERA PAZ";"Atencion Odontologica";"22 Hrs.";"CIRUJANO DENTISTA";"Región Metropolitana de Santiago";"(188)(186)";"$ 2.492.414";"$ 1.988.644";"$ 0";"$ 0";"No";"No tiene";"No tiene";"No tiene";"01/01/2025";"31/12/2025";"No informa";"Sin observaciones";
"2025";"Junio";"Administrativo";"LORCA DOÑAS, ANDREA DENISSE";"Apoyo Administrativo";"21";"ADMINISTRATIVO";"Región Metropolitana de Santiago";"(01)";"$ 845.772";"$ 658.026";"$ 0";"$ 126.975";"Sí";"$ 25.097 : 7,00 hrs";"$ 55.931 : 13,00 hrs";"No tiene";"01/01/2025";"31/12/2025";"No informa";"Sin observaciones";
"2025";"Junio";"Profesional";"LORCA LORCA, CRISTIAN ESTEBAN";"Apoyo Administrativo";"13";"CONTADOR (A) AUDITOR (A)";"Región Metropolitana de Santiago";"(01)";"$ 1.863.190";"$ 1.455.811";"$ 0";"$ 108.250";"Sí";"$ 18.951 : 2,00 hrs";"No tiene";"No tiene";"01/01/2025";"31/07/2025";"No informa";"Sin observaciones";
"2025";"Junio";"Auxiliar";"LORCA PONCE, JOHN MAURICIO";"Chofer";"19";"AUXILIAR";"Región Metropolitana de Santiago";"(205)(202)(186)";"$ 1.559.093";"$ 1.218.197";"$ 0";"$ 159.225";"Sí";"$ 45.420 : 11,00 hrs";"$ 104.052 : 21,00 hrs";"No tiene";"01/01/2025";"31/12/2025";"No informa";"Sin observaciones";
"2025";"Junio";"Profesional";"LOYOLA ROJAS, DANIELA ANDREA";"ATENCION CLINICA";"13";"ENFERMERA (O)";"Región Metropolitana de Santiago";"(203)(204)(186)";"$ 2.733.523";"$ 2.502.168";"$ 0";"$ 256.192";"No";"No tiene";"No tiene";"No tiene";"01/01/2025";"31/12/2025";"No informa";"REMUNERACION JUN.2025 + BONO ENF. Y OTROS PROF+PAGO TRIMESTRAL LEY 19.490 Y 19.937 PERIODO 06/2025";
"2025";"Junio";"Técnico";"LOYOLA SEPULVEDA, ROSA GABRIELA";"Atencion Clinica";"22";"TECNICO NIVEL SUPERIOR ENFERMERIA";"Región Metropolitana de Santiago";"(186)";"$ 813.323";"$ 617.929";"$ 0";"$ 131.608";"No";"No tiene";"No tiene";"No tiene";"01/01/2025";"31/12/2025";"No informa";"Sin observaciones";
"2025";"Junio";"Técnico";"LUNA ARENAS, SORAYA PAZ";"ATENCION CLINICA";"22";"TECNICO NIVEL SUPERIOR ENFERMERIA";"Región Metropolitana de Santiago";"(202)(204)";"$ 1.220.303";"$ 882.627";"$ 0";"$ 117.689";"Sí";"$ 93.047 : 28,00 hrs";"$ 79.754 : 20,00 hrs";"No tiene";"01/01/2025";"31/12/2025";"No informa";"REMUNERACION JUN.2025+PAGO TRIMESTRAL LEY 19.490 Y 19.937 PERIODO 06/2025";
"2025";"Junio";"Profesional";"MACHUCA ARAYA, KARLA ANDREA";"Apoyo Administrativo";"15";"EDUCADOR (A) DE PARVULOS";"Región Metropolitana de Santiago";"(186)";"$ 1.649.761";"$ 1.260.709";"$ 0";"$ 169.695";"No";"No tiene";"No tiene";"No tiene";"01/01/2025";"31/12/2025";"No informa";"Sin observaciones";
"2025";"Junio";"Profesional";"MACHUCA FERRAN, JAVIERA PAS";"Apoyo Administrativo";"15";"TECNOLOGO (A) EN INFORMATICA BIOMEDICA";"Región Metropolitana de Santiago";"(186)";"$ 1.733.682";"$ 1.353.542";"$ 0";"$ 139.392";"Sí";"$ 16.208 : 2,00 hrs";"No tiene";"No tiene";"01/01/2025";"31/12/2025";"No informa";"Sin observaciones";
"2025";"Junio";"Profesional";"MACHUCA FLORES, VALENTINA DE JESUS";"Atencion Clinica";"15";"MATRON (A)";"Región Metropolitana de Santiago";"(186)";"$ 1.626.100";"$ 1.246.562";"$ 0";"$ 154.543";"No";"No tiene";"No tiene";"No tiene";"01/01/2025";"31/12/2025";"No informa";"Sin observaciones";
"2025";"Junio";"Profesional";"MACIAS CHAVEZ, MANUEL HUMBERTO";"ATENCION CLINICA";"13";"ENFERMERA (O)";"Región Metropolitana de Santiago";"(01)";"$ 2.456.941";"$ 1.854.208";"$ 0";"$ 0";"Sí";"No tiene";"$ 610.214 : 125,00 hrs";"No tiene";"29/05/2025";"30/06/2025";"No informa";"SUPLENCIA MAY.2025 (29-31)+REEMPLAZO JUN.2025 (01-30)";
"2025";"Junio";"Profesional";"MADRID AGUAYO, LINCOLN ROBERTO";"Apoyo Logistico";"6";"INGENIERO (A) CIVIL";"Región Metropolitana de Santiago";"(186)";"$ 3.683.025";"$ 2.827.307";"$ 0";"$ 312.324";"No";"No tiene";"No tiene";"No tiene";"01/01/2025";"31/12/2025";"No informa";"Sin observaciones";
"2025";"Junio";"Técnico";"MADRID TILLERIAS, ANA KARINA";"Atencion Clinica";"22";"TECNICO NIVEL SUPERIOR RECURSOS HUMANOS";"Región Metropolitana de Santiago";"(202)(186)";"$ 1.136.397";"$ 866.594";"$ 0";"$ 141.733";"No";"No tiene";"No tiene";"No tiene";"01/01/2025";"31/12/2025";"No informa";"Sin observaciones";
"2025";"Junio";"Auxiliar";"MAGNANI VASQUEZ, ALDO JAVIER";"CONDUCTOR";"24";"AUXILIAR";"Región Metropolitana de Santiago";"(205)";"$ 1.174.898";"$ 1.246.290";"$ 0";"$ 93.823";"Sí";"$ 111.988 : 40,00 hrs";"$ 452.430 : 170,00 hrs";"No tiene";"01/01/2025";"30/06/2025";"No informa";"REMUNERACION JUN.2025+PAGO TRIMESTRAL LEY 19.937 PERIODO 06/2025";
"2025";"Junio";"Médicos cirujanos, farmacéuticos, químico-farmacéuticos, bioquímicos, cirujano-dentistas";"MALDONADO GONZALEZ, EDUARDO ANDRES";"Atencion Clinica Medica";"44 Hrs.";"MEDICO CIRUJANO";"Región Metropolitana de Santiago";"(86)(186)";"$ 5.385.973";"$ 4.422.861";"$ 0";"$ 0";"Sí";"$ 277.618 : 22,00 hrs";"$ 1.529.443 : 101,00 hrs";"No tiene";"01/01/2025";"31/12/2025";"No informa";"Sin observaciones";
"2025";"Junio";"Profesional";"MALDONADO IRARRAZAVAL, CRISTIAN ADOLFO";"Apoyo Administrativo";"8";"CONSTRUCTOR (A) CIVIL";"Región Metropolitana de Santiago";"(01)";"$ 2.677.280";"$ 2.128.972";"$ 0";"$ 166.921";"No";"No tiene";"No tiene";"No tiene";"01/01/2025";"31/12/2025";"No informa";"REMUNERACION JUNIO 2025+PAGO LEY 19937 CUOTA JUNIO 2025";
"2025";"Junio";"Técnico";"MALDONADO VALENZUELA, TANIA ANDREINA";"Atencion Clinica";"21";"TECNICO NIVEL SUPERIOR ENFERMERIA";"Región Metropolitana de Santiago";"(01)";"$ 788.888";"$ 602.082";"$ 0";"$ 120.148";"No";"No tiene";"No tiene";"No tiene";"01/01/2025";"31/12/2025";"No informa";"Sin observaciones";
"2025";"Junio";"Profesional";"MALLEA GUTIERREZ, MICHELLE FERNANDA";"Atencion Clinica";"13";"PSICOLOGO (A)";"Región Metropolitana de Santiago";"(01)";"$ 867.766";"$ 707.662";"$ 0";"$ 54.125";"No";"No tiene";"No tiene";"No tiene";"01/05/2025";"31/08/2025";"No informa";"Sin observaciones";
"2025";"Junio";"Profesional";"MALLEA GUTIERREZ, MICHELLE FERNANDA";"Atencion Clinica";"13";"PSICOLOGO (A)";"Región Metropolitana de Santiago";"(01)";"$ 922.121";"$ 709.053";"$ 0";"$ 54.125";"No";"No tiene";"No tiene";"No tiene";"01/01/2025";"31/12/2025";"No informa";"Sin observaciones";
"2025";"Junio";"Profesional";"MALO PAINEN, DAISY PAMELA";"Atencion Clinica";"12";"ENFERMERA UNIVERSITARIA";"Región Metropolitana de Santiago";"(01)";"$ 1.906.087";"$ 1.532.675";"$ 0";"$ 0";"No";"No tiene";"No tiene";"No tiene";"01/01/2025";"31/12/2025";"No informa";"Sin observaciones";
"2025";"Junio";"Profesional";"MANCILLA ACEVEDO, GONZALO ALEXIS";"Atencion Clinica";"16";"PROFESIONAL";"Región Metropolitana de Santiago";"(01)";"$ 313.296";"$ 258.218";"$ 0";"$ 0";"No";"No tiene";"No tiene";"No tiene";"01/06/2025";"07/06/2025";"No informa";"Sin observaciones";
"2025";"Junio";"Profesional";"MANCILLA ACEVEDO, GONZALO ALEXIS";"Atencion Clinica";"16";"PROFESIONAL";"Región Metropolitana de Santiago";"(01)";"$ 179.025";"$ 147.552";"$ 0";"$ 0";"No";"No tiene";"No tiene";"No tiene";"10/06/2025";"13/06/2025";"No informa";"Sin observaciones";
"2025";"Junio";"Profesional";"MANCILLA ACEVEDO, GONZALO ALEXIS";"Atencion Clinica";"16";"PROFESIONAL";"Región Metropolitana de Santiago";"(01)";"$ 671.348";"$ 552.105";"$ 0";"$ 0";"No";"No tiene";"No tiene";"No tiene";"16/06/2025";"30/06/2025";"No informa";"Sin observaciones";
"2025";"Junio";"Técnico";"MANCILLA FUENTEALBA, SEBASTIAN ANDRES";"Atencion Clinica";"18";"TECNICO NIVEL SUPERIOR ENFERMERIA";"Región Metropolitana de Santiago";"(01)";"$ 918.613";"$ 707.626";"$ 0";"$ 141.067";"No";"No tiene";"No tiene";"No tiene";"01/01/2025";"31/12/2025";"No informa";"Sin observaciones";
"2025";"Junio";"Médicos cirujanos, farmacéuticos, químico-farmacéuticos, bioquímicos, cirujano-dentistas";"MANDIOLA MOSTO, CATALINA PAZ";"Medico Becario Primario";"44 Hrs.";"MEDICO CIRUJANO";"Región Metropolitana de Santiago";"(01)";"$ 2.819.587";"$ 2.323.903";"$ 0";"$ 0";"No";"No tiene";"No tiene";"No tiene";"07/04/2025";"06/04/2026";"No informa";"REMUNERACION JUNIO 2025";
"2025";"Junio";"Médicos cirujanos, farmacéuticos, químico-farmacéuticos, bioquímicos, cirujano-dentistas";"MANDUJANO MUÑOZ, ISIDORA FERNANDA";"Medico Becario Primario";"44 Hrs.";"MEDICO CIRUJANO";"Región Metropolitana de Santiago";"(01)";"$ 2.819.587";"$ 2.326.441";"$ 0";"$ 0";"No";"No tiene";"No tiene";"No tiene";"07/04/2025";"06/04/2026";"No informa";"REMUNERACION JUNIO 2025";
"2025";"Junio";"Administrativo";"MANQUE CORTES, GLORIA EDITH";"Apoyo Administrativo";"22";"TECNICO NIVEL SUPERIOR ENFERMERIA";"Región Metropolitana de Santiago";"(01)";"$ 658.331";"$ 542.596";"$ 0";"$ 0";"No";"No tiene";"No tiene";"No tiene";"01/01/2025";"31/07/2025";"No informa";"Sin observaciones";
"2025";"Junio";"Profesional";"MANRIQUEZ DROGUETT, ANGELA ESTER";"Apoyo Administrativo";"7";"ABOGADO (A)";"Región Metropolitana de Santiago";"(186)";"$ 3.440.090";"$ 2.569.796";"$ 0";"$ 378.344";"No";"No tiene";"No tiene";"No tiene";"01/01/2025";"31/12/2025";"No informa";"Sin observaciones";
"2025";"Junio";"Profesional";"MANRIQUEZ TORRES, EVELYN ANDREA";"Atencion Clinica";"15";"ENFERMERA (O)";"Región Metropolitana de Santiago";"(186)";"$ 1.937.493";"$ 1.363.582";"$ 0";"$ 439.388";"No";"No tiene";"No tiene";"No tiene";"01/01/2025";"31/12/2025";"No informa";"Sin observaciones";
"2025";"Junio";"Técnico";"MANRIQUEZ ZUÑIGA, TAMARA ANGELICA";"Atencion Clinica";"21";"TECNICO NIVEL SUPERIOR ENFERMERIA";"Región Metropolitana de Santiago";"(186)";"$ 806.687";"$ 613.008";"$ 0";"$ 126.975";"No";"No tiene";"No tiene";"No tiene";"01/01/2025";"31/12/2025";"No informa";"Sin observaciones";
"2025";"Junio";"Profesional";"MANZO PINILLA, JENNIFER GIANCARLA";"Atencion Clinica";"12";"ENFERMERA (O)";"Región Metropolitana de Santiago";"(01)";"$ 2.024.142";"$ 1.574.776";"$ 0";"$ 117.555";"No";"No tiene";"No tiene";"No tiene";"01/01/2025";"31/12/2025";"No informa";"Sin observaciones";
"2025";"Junio";"Profesional";"MARAMBIO CARREÑO, CRISTIAN ANDRES";"ATENCION CLINICA";"12";"KINESIOLOGO (A)";"Región Metropolitana de Santiago";"(203)(204)(186)";"$ 5.075.758";"$ 4.976.232";"$ 0";"$ 313.480";"Sí";"$ 169.560 : 16,00 hrs";"$ 1.920.267 : 151,00 hrs";"No tiene";"01/01/2025";"31/12/2025";"No informa";"REMUNERACION JUN.2025 + BONO ENF. Y OTROS PROF+PAGO TRIMESTRAL LEY 19.490 Y 19.937 PERIODO 06/2025";
"2025";"Junio";"Médicos cirujanos, farmacéuticos, químico-farmacéuticos, bioquímicos, cirujano-dentistas";"MARAMBIO GOLDMAN, LISETTE VANESSA";"Quimico Farmaceutico";"44 Hrs.";"QUIMICO FARMACEUTICO";"Región Metropolitana de Santiago";"(01)";"$ 1.890.570";"$ 1.521.091";"$ 0";"$ 0";"No";"No tiene";"No tiene";"No tiene";"01/01/2025";"31/07/2025";"No informa";"Sin observaciones";
"2025";"Junio";"Médicos cirujanos, farmacéuticos, químico-farmacéuticos, bioquímicos, cirujano-dentistas";"MARAMBIO JAÑA, PATRICIO RODRIGO";"Atencion Clinica Medica";"44 Hrs.";"MEDICO CIRUJANO";"Región Metropolitana de Santiago";"(86)(186)";"$ 3.397.946";"$ 2.699.039";"$ 0";"$ 0";"No";"No tiene";"No tiene";"No tiene";"01/01/2025";"31/12/2025";"No informa";"Sin observaciones";
"2025";"Junio";"Profesional";"MARAMBIO YAÑEZ, ANTONIO ANDRES";"Atencion Clinica";"12";"TERAPEUTA EN ACTIVIDAD FISICA";"Región Metropolitana de Santiago";"(01)";"$ 2.496.401";"$ 1.943.626";"$ 0";"$ 211.598";"Sí";"$ 226.378 : 22,00 hrs";"$ 61.739 : 5,00 hrs";"No tiene";"01/01/2025";"31/12/2025";"No informa";"Sin observaciones";
"2025";"Junio";"Profesional";"MARCHANT CABRERA, CAROLINA BELEN DE RITA";"APOYO ADMINISTRATIVO";"12";"PSICOLOGO";"Región Metropolitana de Santiago";"(01)";"$ 1.906.087";"$ 1.355.772";"$ 0";"$ 0";"No";"No tiene";"No tiene";"No tiene";"01/01/2025";"31/12/2025";"No informa";"REMUNERACION JUN.2025";
"2025";"Junio";"Administrativo";"MARCHANT MORA, MACARENA EUGENIA";"Apoyo Administrativo";"22";"ADMINISTRATIVO";"Región Metropolitana de Santiago";"(186)";"$ 732.014";"$ 551.390";"$ 0";"$ 124.016";"No";"No tiene";"No tiene";"No tiene";"01/01/2025";"31/12/2025";"No informa";"Sin observaciones";
"2025";"Junio";"Técnico";"MARCHANT SAAVEDRA, DANIELA ANDREA";"Atencion Clinica";"21";"TECNICO NIVEL SUPERIOR ENFERMERIA";"Región Metropolitana de Santiago";"(186)";"$ 819.014";"$ 618.750";"$ 0";"$ 133.801";"No";"No tiene";"No tiene";"No tiene";"01/01/2025";"31/12/2025";"No informa";"Sin observaciones";
"2025";"Junio";"Auxiliar";"MARDONES CASTRO, CRISTOPHER GREGORY";"Apoyo Logistico";"23";"AUXILIAR";"Región Metropolitana de Santiago";"(01)";"$ 922.270";"$ 768.263";"$ 0";"$ 101.750";"Sí";"$ 118.415 : 39,00 hrs";"$ 163.960 : 45,00 hrs";"No tiene";"01/01/2025";"31/12/2025";"No informa";"Sin observaciones";
"2025";"Junio";"Auxiliar";"MARDONES VERA, ADRIAN ALFREDO";"CONDUCTOR";"22";"INGENIERO (A) EN ADMINISTRACION";"Región Metropolitana de Santiago";"(205)(202)(204)";"$ 1.531.878";"$ 1.521.218";"$ 0";"$ 127.782";"Sí";"$ 90.908 : 25,00 hrs";"$ 52.363 : 12,00 hrs";"No tiene";"01/01/2025";"31/07/2025";"No informa";"REMUNERACION JUN.2025+PAGO TRIMESTRAL LEY 19.937 PERIODO 06/2025";
"2025";"Junio";"Médicos cirujanos, farmacéuticos, químico-farmacéuticos, bioquímicos, cirujano-dentistas";"MARDONES VIDAL, CAMILA FRANCISCA";"CIRUGIA GENERAL";"28 Hrs.";"MEDICO CIRUJANO";"Región Metropolitana de Santiago";"(194)(193)(198)";"$ 2.439.703";"$ 2.266.961";"$ 0";"$ 117.240";"No";"No tiene";"No tiene";"No tiene";"01/01/2025";"31/12/2025";"No informa";"REMUNERACION JUN.2025+PAGO TRIMESTRAL LEY 20.707 PERIODO 06/2025";
"2025";"Junio";"Profesional";"MARILAO SALINAS, CAROLINA IVONNE";"Atencion Clinica";"15";"PROFESOR (A)";"Región Metropolitana de Santiago";"(186)";"$ 1.831.030";"$ 1.433.505";"$ 0";"$ 212.119";"Sí";"$ 40.520 : 5,00 hrs";"No tiene";"No tiene";"01/01/2025";"31/12/2025";"No informa";"Sin observaciones";
"2025";"Junio";"Profesional";"MARILLAN CUBILLOS, SEBASTIAN ENRIQUE";"Atencion Clinica";"15";"PROFESOR (A)";"Región Metropolitana de Santiago";"(01)";"$ 1.553.748";"$ 1.214.153";"$ 0";"$ 90.908";"No";"No tiene";"No tiene";"No tiene";"01/01/2025";"31/12/2025";"No informa";"Sin observaciones";
"2025";"Junio";"Profesional";"MARIN CALDERON, LUCIA FRANCISCA DEL CARMEN";"Atencion Clinica";"15";"TRABAJADOR (A) SOCIAL";"Región Metropolitana de Santiago";"(186)";"$ 1.724.244";"$ 1.323.567";"$ 0";"$ 154.543";"No";"No tiene";"No tiene";"No tiene";"01/01/2025";"31/12/2025";"No informa";"Sin observaciones";
"2025";"Junio";"Técnico";"MARIN CONTRERAS, PAMELA LUZ";"ATENCION CLINICA";"22";"TECNICO NIVEL MEDIO ENFERMERIA";"Región Metropolitana de Santiago";"(203)(204)";"$ 832.774";"$ 805.784";"$ 0";"$ 132.061";"No";"No tiene";"No tiene";"No tiene";"01/01/2025";"31/12/2025";"No informa";"REMUNERACION JUN.2025+BONO ESCOLAR CUOTA 06/2025+PAGO TRIMESTRAL LEY 19.490 Y 19.937 PERIODO 06/2025";
"2025";"Junio";"Profesional";"MARIN GONZALEZ, EMILI ANDREA";"ATENCION CLINICA";"13";"ENFERMERA (O)";"Región Metropolitana de Santiago";"(203)(204)(186)";"$ 3.808.393";"$ 3.667.081";"$ 0";"$ 266.956";"Sí";"$ 164.955 : 17,00 hrs";"$ 896.579 : 77,00 hrs";"No tiene";"01/01/2025";"31/12/2025";"No informa";"REMUNERACION JUN.2025 + BONO ENF. Y OTROS PROF+BONO ESCOLAR CUOTA 06/2025+PAGO TRIMESTRAL LEY 19.490 Y 19.937 PERIODO 06/2025";
"2025";"Junio";"Técnico";"MARIN PALMA, NICOLAS ALEJANDRO";"ATENCION CLINICA";"21";"TECNICO NIVEL SUPERIOR ENFERMERIA";"Región Metropolitana de Santiago";"(203)(204)(186)";"$ 1.148.261";"$ 1.265.934";"$ 0";"$ 141.994";"Sí";"$ 103.046 : 28,00 hrs";"$ 88.325 : 20,00 hrs";"No tiene";"01/01/2025";"31/12/2025";"No informa";"REMUNERACION JUN.2025+PAGO TRIMESTRAL LEY 19.490 Y 19.937 PERIODO 06/2025";
"2025";"Junio";"Profesional";"MARQUEZ HERNANDEZ, ALEX WALDO DEL PILAR";"Apoyo Administrativo";"5";"CONTADOR (A) PUBLICO";"Región Metropolitana de Santiago";"(186)";"$ 3.549.127";"$ 2.799.679";"$ 0";"$ 396.234";"No";"No tiene";"No tiene";"No tiene";"01/01/2025";"31/12/2025";"No informa";"REMUNERACION JUNIO 2025+PAGO LEY 19490-19937 CUOTA JUNIO";
"2025";"Junio";"Administrativo";"MARQUEZ ORTIZ, DORIS SOLANGE";"Apoyo Administrativo";"21";"ADMINISTRATIVO";"Región Metropolitana de Santiago";"(01)";"$ 757.888";"$ 583.398";"$ 0";"$ 120.148";"No";"No tiene";"No tiene";"No tiene";"01/01/2025";"31/12/2025";"No informa";"Sin observaciones";
"2025";"Junio";"Administrativo";"MARTINEZ ACUÑA, OSCAR MAURICIO";"Apoyo Administrativo";"16";"ADMINISTRATIVO";"Región Metropolitana de Santiago";"(186)";"$ 1.230.531";"$ 861.192";"$ 0";"$ 384.051";"Sí";"$ 18.686 : 4,00 hrs";"No tiene";"No tiene";"01/01/2025";"31/12/2025";"No informa";"Sin observaciones";
"2025";"Junio";"Técnico";"MARTINEZ CARCAMO, OSVALDO FELIX";"Atencion Clinica";"21";"TECNICO NIVEL SUPERIOR ENFERMERIA";"Región Metropolitana de Santiago";"(01)";"$ 795.744";"$ 604.064";"$ 0";"$ 126.975";"No";"No tiene";"No tiene";"No tiene";"01/01/2025";"31/12/2025";"No informa";"Sin observaciones";
"2025";"Junio";"Profesional";"MARTINEZ CARREÑO, PAMELA JESUS";"Apoyo Administrativo";"8";"ENFERMERA (O)";"Región Metropolitana de Santiago";"(186)";"$ 3.125.747";"$ 2.369.051";"$ 0";"$ 432.152";"No";"No tiene";"No tiene";"No tiene";"01/01/2025";"31/12/2025";"No informa";"Sin observaciones";
"2025";"Junio";"Técnico";"MARTINEZ CONTRERAS, NICOLE HAILIN";"ATENCION CLINICA";"22";"TECNICO NIVEL SUPERIOR ENFERMERIA";"Región Metropolitana de Santiago";"(01)";"$ 226.363";"$ 205.114";"$ 0";"$ 0";"Sí";"$ 33.231 : 10,00 hrs";"$ 87.730 : 22,00 hrs";"No tiene";"16/05/2025";"28/05/2025";"No informa";"REEMPLAZO MAY.2025 (16) (21-22) (24) (28)";
"2025";"Junio";"Profesional";"MARTINEZ COVARRUBIAS, NATALIA ANDREA";"Atencion Clinica";"16";"ENFERMERA (O)";"Región Metropolitana de Santiago";"(01)";"$ 1.477.420";"$ 1.171.158";"$ 0";"$ 83.321";"Sí";"$ 51.053 : 7,00 hrs";"No tiene";"No tiene";"01/01/2025";"31/08/2025";"No informa";"Sin observaciones";
"2025";"Junio";"Técnico";"MARTINEZ ESCOBAR, JOSE LUIS";"Apoyo Administrativo";"12";"CONTADOR (A) GENERAL";"Región Metropolitana de Santiago";"(186)";"$ 2.028.651";"$ 1.625.528";"$ 0";"$ 944.085";"No";"No tiene";"No tiene";"No tiene";"01/01/2025";"31/12/2025";"No informa";"REMUNERACION JUNIO 2025+PAGO LEY 19490-19937 CUOTA JUNIO";
"2025";"Junio";"Profesional";"MARTINEZ JADUE, FRANCISCA SOFIA";"Atencion Clinica";"14";"NUTRICIONISTA";"Región Metropolitana de Santiago";"(186)";"$ 1.933.380";"$ 1.504.640";"$ 0";"$ 231.445";"No";"No tiene";"No tiene";"No tiene";"01/01/2025";"31/12/2025";"No informa";"Sin observaciones";
"2025";"Junio";"Técnico";"MARTINEZ MALLEA, BARBARA NICOLE";"Atencion Clinica";"21";"TECNICO NIVEL SUPERIOR ODONTOLOGIA";"Región Metropolitana de Santiago";"(01)";"$ 788.888";"$ 608.049";"$ 0";"$ 120.148";"No";"No tiene";"No tiene";"No tiene";"01/01/2025";"31/12/2025";"No informa";"Sin observaciones";
"2025";"Junio";"Profesional";"MARTINEZ MUGA, SEBASTIAN IGNACIO";"Atencion Clinica";"13";"KINESIOLOGO (A)";"Región Metropolitana de Santiago";"(01)";"$ 2.503.726";"$ 2.063.905";"$ 0";"$ 108.250";"Sí";"$ 341.113 : 36,00 hrs";"$ 318.373 : 28,00 hrs";"No tiene";"01/01/2025";"31/12/2025";"No informa";"Sin observaciones";
"2025";"Junio";"Profesional";"MARTINEZ MUÑOZ, SUDY VALERIA";"Atencion Clinica";"12";"NUTRICIONISTA";"Región Metropolitana de Santiago";"(01)";"$ 2.249.445";"$ 1.764.246";"$ 0";"$ 211.598";"Sí";"$ 41.160 : 4,00 hrs";"No tiene";"No tiene";"01/01/2025";"31/12/2025";"No informa";"Sin observaciones";
"2025";"Junio";"Técnico";"MARTINEZ NUÑEZ, SANDRA PAOLA";"Atencion Clinica";"20";"TECNICO PARAMEDICO";"Región Metropolitana de Santiago";"(186)";"$ 883.145";"$ 658.771";"$ 0";"$ 172.841";"No";"No tiene";"No tiene";"No tiene";"01/01/2025";"31/12/2025";"No informa";"Sin observaciones";
"2025";"Junio";"Técnico";"MARTINEZ RIVERO, SERGIO IGNACIO";"Atencion Clinica";"21";"TECNICO NIVEL SUPERIOR ENFERMERIA";"Región Metropolitana de Santiago";"(186)";"$ 806.687";"$ 620.323";"$ 0";"$ 126.975";"No";"No tiene";"No tiene";"No tiene";"01/01/2025";"31/12/2025";"No informa";"Sin observaciones";
"2025";"Junio";"Técnico";"MARTINEZ ROMERO, DEISY IRENE";"Atencion Clinica";"22";"TECNICO NIVEL SUPERIOR ENFERMERIA";"Región Metropolitana de Santiago";"(186)";"$ 805.698";"$ 611.382";"$ 0";"$ 124.016";"No";"No tiene";"No tiene";"No tiene";"01/01/2025";"31/12/2025";"No informa";"Sin observaciones";
"2025";"Junio";"Administrativo";"MARTINEZ RUBILAR, MARIA CRISTINA";"Apoyo Administrativo";"13";"ADMINISTRATIVO";"Región Metropolitana de Santiago";"(186)";"$ 1.752.969";"$ 1.412.537";"$ 0";"$ 864.773";"No";"No tiene";"No tiene";"No tiene";"01/01/2025";"31/12/2025";"No informa";"REMUNERACION JUNIO 2025+PAGO LEY 19490-19937 CUOTA JUNIO";
"2025";"Junio";"Profesional";"MARTINEZ SAAVEDRA, CATALINA ANDREA";"Apoyo Administrativo";"12";"PSICOLOGO (A)";"Región Metropolitana de Santiago";"(186)";"$ 1.916.726";"$ 1.555.016";"$ 0";"$ 118.055";"No";"No tiene";"No tiene";"No tiene";"01/01/2025";"31/12/2025";"No informa";"REMUNERACION JUNIO 2025+PAGO LEY 19937 CUOTA JUNIO 2025";
"2025";"Junio";"Técnico";"MARTINEZ SALAS, CINDY VICTORIA";"Atencion Clinica";"22";"TECNICO NIVEL SUPERIOR ENFERMERIA";"Región Metropolitana de Santiago";"(01)";"$ 779.418";"$ 597.516";"$ 0";"$ 111.361";"No";"No tiene";"No tiene";"No tiene";"01/01/2025";"31/07/2025";"No informa";"Sin observaciones";
"2025";"Junio";"Médicos cirujanos, farmacéuticos, químico-farmacéuticos, bioquímicos, cirujano-dentistas";"MARTINEZ VERDEJO, CONSTANZA";"Atencion Odontologica";"44 Hrs.";"CIRUJANO DENTISTA";"Región Metropolitana de Santiago";"(188)(86)(186)";"$ 3.133.413";"$ 2.475.750";"$ 0";"$ 0";"No";"No tiene";"No tiene";"No tiene";"01/01/2025";"31/12/2025";"No informa";"Sin observaciones";
"2025";"Junio";"Profesional";"MARURI CASTILLO, PAULA ANDREA";"Apoyo Administrativo";"12";"RELACIONADOR (A) PUBLICO";"Región Metropolitana de Santiago";"(186)";"$ 1.916.726";"$ 1.541.478";"$ 0";"$ 137.731";"No";"No tiene";"No tiene";"No tiene";"01/01/2025";"31/12/2025";"No informa";"REMUNERACION JUNIO 2025+PAGO LEY 19490-19937 CUOTA JUNIO";
"2025";"Junio";"Administrativo";"MATURANA ESCOBAR, YAZMIN DANIELA";"Secretaria";"22";"ADMINISTRATIVO";"Región Metropolitana de Santiago";"(186)";"$ 744.163";"$ 558.508";"$ 0";"$ 131.608";"No";"No tiene";"No tiene";"No tiene";"01/01/2025";"31/12/2025";"No informa";"Sin observaciones";
"2025";"Junio";"Profesional";"MATURANA GARCIA, MARCELA PAZ";"Apoyo Administrativo";"7";"ENFERMERO (A) MATRON (A)";"Región Metropolitana de Santiago";"(186)";"$ 3.107.038";"$ 2.452.959";"$ 0";"$ 588.317";"No";"No tiene";"No tiene";"No tiene";"01/01/2025";"31/12/2025";"No informa";"REMUNERACION JUNIO 2025+PAGO LEY 19490-19937 CUOTA JUNIO";
"2025";"Junio";"Auxiliar";"MATURANA PACHECO, VICTOR HUGO";"CONDUCTOR";"22";"AUXILIAR";"Región Metropolitana de Santiago";"(205)(203)(204)";"$ 936.542";"$ 914.315";"$ 0";"$ 117.689";"No";"No tiene";"No tiene";"No tiene";"01/01/2025";"30/06/2025";"No informa";"REMUNERACION JUN.2025+PAGO TRIMESTRAL LEY 19.490 Y 19.937 PERIODO 06/2025";
"2025";"Junio";"Profesional";"MATURANA SILVA, MICHELLE MARGARITA";"Atencion Clinica";"16";"TERAPEUTA OCUPACIONAL";"Región Metropolitana de Santiago";"(01)";"$ 1.342.691";"$ 1.090.631";"$ 0";"$ 0";"No";"No tiene";"No tiene";"No tiene";"01/01/2025";"30/06/2025";"No informa";"Sin observaciones";
"2025";"Junio";"Profesional";"MAULEN SIERRA, MARCELA JUDITH";"JEFE DE DEPARTAMENTO";"5";"PERIODISTA";"Región Metropolitana de Santiago";"(01)";"$ 3.495.187";"$ 4.205.647";"$ 0";"$ 563.651";"No";"No tiene";"No tiene";"No tiene";"01/01/2025";"31/12/2025";"No informa";"REMUNERACION JUN.2025+PAGO TRIMESTRAL LEY 19.490 Y 19.937 PERIODO 06/2025";
"2025";"Junio";"Médicos cirujanos, farmacéuticos, químico-farmacéuticos, bioquímicos, cirujano-dentistas";"MAYANZ SALAS, SEBASTIAN DAVID";"Medicina Legal";"22 Hrs.";"MEDICO CIRUJANO";"Región Metropolitana de Santiago";"(86)(186)";"$ 2.994.788";"$ 2.374.051";"$ 0";"$ 0";"No";"No tiene";"No tiene";"No tiene";"01/01/2025";"31/12/2025";"No informa";"REMUNERACION JUNIO 2025";
"2025";"Junio";"Profesional";"MAZRY ANDRADE, VALENTINA NICOLE";"Subdirector";"8";"NUTRICIONISTA";"Región Metropolitana de Santiago";"(186)";"$ 3.396.841";"$ 2.495.544";"$ 0";"$ 598.365";"No";"No tiene";"No tiene";"No tiene";"01/01/2025";"31/12/2025";"No informa";"Sin observaciones";
"2025";"Junio";"Auxiliar";"MECATO URIBE, CLAUDIO ALEXIS";"CONDUCTOR";"22";"AUXILIAR";"Región Metropolitana de Santiago";"(205)(202)(204)";"$ 1.240.150";"$ 1.107.692";"$ 0";"$ 131.609";"Sí";"$ 46.523 : 14,00 hrs";"$ 135.582 : 34,00 hrs";"No tiene";"01/01/2025";"31/12/2025";"No informa";"REMUNERACION JUN.2025+PAGO TRIMESTRAL LEY 19.490 Y 19.937 PERIODO 06/2025";
"2025";"Junio";"Médicos cirujanos, farmacéuticos, químico-farmacéuticos, bioquímicos, cirujano-dentistas";"MEDEL TORRES, JAVIER ALEJANDRO";"Quimico Farmaceutico";"44 Hrs.";"QUIMICO FARMACEUTICO";"Región Metropolitana de Santiago";"(86)(186)";"$ 5.254.558";"$ 4.304.117";"$ 0";"$ 0";"No";"No tiene";"No tiene";"No tiene";"01/01/2025";"31/12/2025";"No informa";"REMUNERACION JUNIO 2025";
"2025";"Junio";"Médicos cirujanos, farmacéuticos, químico-farmacéuticos, bioquímicos, cirujano-dentistas";"MEDINA DIAZ, JEANETTE IVONNE";"Medicina Familiar";"44 Hrs.";"MEDICO CIRUJANO";"Región Metropolitana de Santiago";"(86)(188)(86)(186)";"$ 6.835.822";"$ 5.255.353";"$ 0";"$ 0";"No";"No tiene";"No tiene";"No tiene";"01/01/2025";"31/12/2025";"No informa";"Sin observaciones";
"2025";"Junio";"Técnico";"MEDINA FERNANDEZ, KATHERINE ROMINA";"ATENCION CLINICA";"22";"ENFERMERA (O)";"Región Metropolitana de Santiago";"(202)(204)(186)";"$ 1.357.243";"$ 1.537.647";"$ 0";"$ 206.340";"No";"No tiene";"No tiene";"No tiene";"01/01/2025";"31/12/2025";"No informa";"REMUNERACION JUN.2025+BONO ESCOLAR CUOTA 03/2025+BONO ESCOLAR CUOTA 06/2025+PAGO TRIMESTRAL LEY 19.490 Y 19.937 PERIODO 06/2025";
"2025";"Junio";"Profesional";"MEDINA GALAZ, MARCELA ROXANA";"Apoyo Administrativo";"8";"INGENIERO (A) EN GESTION AMBIENTAL";"Región Metropolitana de Santiago";"(186)";"$ 2.975.519";"$ 2.270.408";"$ 0";"$ 282.561";"No";"No tiene";"No tiene";"No tiene";"01/01/2025";"31/12/2025";"No informa";"Sin observaciones";
"2025";"Junio";"Médicos cirujanos, farmacéuticos, químico-farmacéuticos, bioquímicos, cirujano-dentistas";"MEDINA IBARRA, YASMIN BELEN";"Atencion Clinica Medica";"22 Hrs.";"MEDICO CIRUJANO";"Región Metropolitana de Santiago";"(188)";"$ 1.037.843";"$ 824.961";"$ 0";"$ 0";"No";"No tiene";"No tiene";"No tiene";"10/04/2025";"30/06/2025";"No informa";"Sin observaciones";
"2025";"Junio";"Médicos cirujanos, farmacéuticos, químico-farmacéuticos, bioquímicos, cirujano-dentistas";"MEDINA IBARRA, YASMIN BELEN";"Atencion Clinica Medica";"22 Hrs.";"MEDICO CIRUJANO";"Región Metropolitana de Santiago";"(188)";"$ 1.037.843";"$ 856.323";"$ 0";"$ 0";"No";"No tiene";"No tiene";"No tiene";"10/04/2025";"30/06/2025";"No informa";"Sin observaciones";
"2025";"Junio";"Médicos cirujanos, farmacéuticos, químico-farmacéuticos, bioquímicos, cirujano-dentistas";"MEDINA SALCEDO, MARISELA SORANGELY";"Atencion Clinica Medica";"44 Hrs.";"MEDICO CIRUJANO";"Región Metropolitana de Santiago";"(01)";"$ 1.890.570";"$ 1.534.657";"$ 0";"$ 0";"No";"No tiene";"No tiene";"No tiene";"01/01/2025";"30/06/2025";"No informa";"Sin observaciones";
"2025";"Junio";"Profesional";"MEDRANO ZUÑIGA, SEBASTIAN IGNACIO";"Atencion Clinica";"15";"PSICOLOGO (A)";"Región Metropolitana de Santiago";"(01)";"$ 1.553.748";"$ 1.228.637";"$ 0";"$ 90.908";"No";"No tiene";"No tiene";"No tiene";"01/01/2025";"31/12/2025";"No informa";"Sin observaciones";
"2025";"Junio";"Médicos cirujanos, farmacéuticos, químico-farmacéuticos, bioquímicos, cirujano-dentistas";"MEISTER GUZMAN, GUIDO ALEXANDER";"Atencion Odontologica";"22 Hrs.";"CIRUJANO DENTISTA";"Región Metropolitana de Santiago";"(188)(186)";"$ 2.241.100";"$ 1.797.895";"$ 0";"$ 0";"No";"No tiene";"No tiene";"No tiene";"01/01/2025";"31/12/2025";"No informa";"Sin observaciones";
"2025";"Junio";"Técnico";"MEJIAS FIGUEROA, MONICA DEL CARMEN";"Atencion Clinica";"21";"TECNICO PARAMEDICO";"Región Metropolitana de Santiago";"(186)";"$ 823.118";"$ 633.354";"$ 0";"$ 126.975";"Sí";"$ 47.431 : 13,00 hrs";"No tiene";"No tiene";"01/01/2025";"31/12/2025";"No informa";"Sin observaciones";
"2025";"Junio";"Profesional";"MEJIAS MIRANDA, SINDY ALICIA";"Jefe de Departamento";"5";"INGENIERO (A) EJECUCION EN INFORMATICA";"Región Metropolitana de Santiago";"(186)";"$ 3.513.167";"$ 2.794.191";"$ 0";"$ 764.166";"No";"No tiene";"No tiene";"No tiene";"01/01/2025";"31/12/2025";"No informa";"REMUNERACION JUNIO 2025+PAGO LEY 19490-19937 CUOTA JUNIO";
"2025";"Junio";"Administrativo";"MELGAREJO CHARRIE, DANIELA VICTORIA";"Apoyo Administrativo";"21";"ADMINISTRATIVO";"Región Metropolitana de Santiago";"(186)";"$ 785.297";"$ 597.425";"$ 0";"$ 141.993";"No";"No tiene";"No tiene";"No tiene";"01/01/2025";"31/12/2025";"No informa";"Sin observaciones";
"2025";"Junio";"Profesional";"MELLA TAPIA, MARIA BELEN";"Atencion Clinica";"16";"ENFERMERA (O)";"Región Metropolitana de Santiago";"(01)";"$ 1.342.691";"$ 1.092.049";"$ 0";"$ 0";"No";"No tiene";"No tiene";"No tiene";"01/01/2025";"31/07/2025";"No informa";"Sin observaciones";
"2025";"Junio";"Médicos cirujanos, farmacéuticos, químico-farmacéuticos, bioquímicos, cirujano-dentistas";"MELLADO SALVATIERRA, FERNANDO VICENTE";"Quimico Farmaceutico";"22 Hrs.";"QUIMICO FARMACEUTICO";"Región Metropolitana de Santiago";"(01)";"$ 945.285";"$ 754.702";"$ 0";"$ 0";"No";"No tiene";"No tiene";"No tiene";"12/05/2025";"06/08/2025";"No informa";"Sin observaciones";
"2025";"Junio";"Médicos cirujanos, farmacéuticos, químico-farmacéuticos, bioquímicos, cirujano-dentistas";"MELLADO SALVATIERRA, FERNANDO VICENTE";"Quimico Farmaceutico";"22 Hrs.";"QUIMICO FARMACEUTICO";"Región Metropolitana de Santiago";"(01)";"$ 945.285";"$ 779.954";"$ 0";"$ 0";"No";"No tiene";"No tiene";"No tiene";"12/05/2025";"06/08/2025";"No informa";"Sin observaciones";
"2025";"Junio";"Profesional";"MENA CONCHA, JUAN ANTONIO";"APOYO ADMINISTRATIVO";"10";"ENFERMERA (O)";"Región Metropolitana de Santiago";"(186)";"$ 3.388.027";"$ 3.569.505";"$ 0";"$ 614.247";"Sí";"$ 497.398 : 40,00 hrs";"$ 596.877 : 40,00 hrs";"No tiene";"01/01/2025";"31/12/2025";"No informa";"REMUNERACION JUN.2025+PAGO TRIMESTRAL LEY 19.490 Y 19.937 PERIODO 06/2025";
"2025";"Junio";"Médicos cirujanos, farmacéuticos, químico-farmacéuticos, bioquímicos, cirujano-dentistas";"MENA LORCA, CARLOS FRANCISCO";"Atencion Odontologica";"11 Hrs.";"CIRUJANO DENTISTA";"Región Metropolitana de Santiago";"(186)";"$ 3.440.986";"$ 2.887.229";"$ 0";"$ 0";"No";"No tiene";"No tiene";"No tiene";"01/01/2025";"31/12/2025";"No informa";"Sin observaciones";
"2025";"Junio";"Profesional";"MENAS PEÑA, JEANNETTE IVONNE";"Apoyo Administrativo";"9";"INGENIERO (A) EJECUCION ADMINISTRACION";"Región Metropolitana de Santiago";"(186)";"$ 3.200.345";"$ 2.333.635";"$ 0";"$ 634.594";"No";"No tiene";"No tiene";"No tiene";"01/01/2025";"31/12/2025";"No informa";"Sin observaciones";
"2025";"Junio";"Administrativo";"MENDEZ CORTES, MARCOS PATRICIO";"APOYO ADMINISTRATIVO";"22";"ADMINISTRATIVO";"Región Metropolitana de Santiago";"(01)";"$ 874.332";"$ 759.189";"$ 0";"$ 0";"Sí";"$ 36.554 : 11,00 hrs";"$ 179.447 : 109,00 hrs";"No tiene";"01/04/2025";"30/06/2025";"No informa";"REMUNERACION JUN.2025+PAGO BONO MENSUAL";
"2025";"Junio";"Profesional";"MENDEZ DEL RIO, DENISSE CHARLOT";"Atencion Clinica";"15";"NUTRICIONISTA";"Región Metropolitana de Santiago";"(186)";"$ 1.790.510";"$ 1.412.245";"$ 0";"$ 212.119";"No";"No tiene";"No tiene";"No tiene";"01/01/2025";"31/12/2025";"No informa";"Sin observaciones";
"2025";"Junio";"Administrativo";"MENDEZ ELGUETA, ISIDORA PATRICIA";"APOYO ADMINISTRATIVO";"22";"ADMINISTRATIVO";"Región Metropolitana de Santiago";"(01)";"$ 1.090.276";"$ 922.525";"$ 0";"$ 0";"Sí";"No tiene";"$ 228.362 : 109,00 hrs";"No tiene";"01/04/2025";"30/06/2025";"No informa";"REMUNERACION JUN.2025";
"2025";"Junio";"Administrativo";"MENDEZ MEDINA, ALEXANDRA PAZ";"Apoyo Administrativo";"21";"ADMINISTRATIVO";"Región Metropolitana de Santiago";"(186)";"$ 782.984";"$ 602.070";"$ 0";"$ 126.975";"Sí";"$ 7.297 : 2,00 hrs";"No tiene";"No tiene";"01/01/2025";"31/12/2025";"No informa";"Sin observaciones";
"2025";"Junio";"Médicos cirujanos, farmacéuticos, químico-farmacéuticos, bioquímicos, cirujano-dentistas";"MENDEZ SEPULVEDA, CONSTANZA BELEN";"Atencion Clinica Medica";"44 Hrs.";"MÉDICOS CIRUJANOS, FARMACÉUTICOS, QUÍMICO-FARMACÉUTICOS, BIOQUÍMICOS, CIRUJANO-DENTISTAS";"Región Metropolitana de Santiago";"(86)";"$ 2.948.378";"$ 2.336.619";"$ 0";"$ 0";"No";"No tiene";"No tiene";"No tiene";"01/01/2025";"31/12/2025";"No informa";"Sin observaciones";
"2025";"Junio";"Médicos cirujanos, farmacéuticos, químico-farmacéuticos, bioquímicos, cirujano-dentistas";"MENDOZA FUENTES, PAULA ANTONIETA";"CIRUGIA GENERAL";"22 Hrs.";"MEDICO CIRUJANO";"Región Metropolitana de Santiago";"(01)";"$ 924.696";"$ 754.181";"$ 0";"$ 0";"No";"No tiene";"No tiene";"No tiene";"01/05/2025";"31/07/2025";"No informa";"REMUNERACION JUN.2025";
"2025";"Junio";"Médicos cirujanos, farmacéuticos, químico-farmacéuticos, bioquímicos, cirujano-dentistas";"MENDOZA FUENTES, PAULA ANTONIETA";"CIRUGIA GENERAL";"28 Hrs.";"MEDICO CIRUJANO";"Región Metropolitana de Santiago";"(194)(193)(198)";"$ 2.439.703";"$ 1.627.073";"$ 0";"$ 117.240";"No";"No tiene";"No tiene";"No tiene";"01/01/2025";"31/12/2025";"No informa";"REMUNERACION JUN.2025+PAGO TRIMESTRAL LEY 20.707 PERIODO 06/2025";
"2025";"Junio";"Médicos cirujanos, farmacéuticos, químico-farmacéuticos, bioquímicos, cirujano-dentistas";"MENDOZA MEDINA, MARIA MARINES";"Atencion Odontologica";"44 Hrs.";"CIRUJANO DENTISTA";"Región Metropolitana de Santiago";"(188)(186)";"$ 4.283.860";"$ 3.464.165";"$ 0";"$ 0";"No";"No tiene";"No tiene";"No tiene";"01/01/2025";"31/12/2025";"No informa";"Sin observaciones";
"2025";"Junio";"Auxiliar";"MENESES AZUA, ALEX RAMON";"CONDUCTOR";"22";"AUXILIAR";"Región Metropolitana de Santiago";"(205)(202)(204)";"$ 1.272.552";"$ 1.222.383";"$ 0";"$ 131.116";"Sí";"$ 80.157 : 26,00 hrs";"$ 130.231 : 34,00 hrs";"No tiene";"01/01/2025";"31/07/2025";"No informa";"REMUNERACION JUN.2025+PAGO TRIMESTRAL LEY 19.490 Y 19.937 PERIODO 06/2025+REGULARIZA PAGO HORAS EXTRAS MAY.2025 (14D - 10F)";
"2025";"Junio";"Administrativo";"MENESES MUÑOZ, CAROLINA ANDREA";"Secretaria";"17";"ADMINISTRATIVO";"Región Metropolitana de Santiago";"(186)";"$ 817.624";"$ 679.376";"$ 0";"$ 175.785";"Sí";"$ 31.231 : 7,00 hrs";"No tiene";"No tiene";"01/01/2025";"31/12/2025";"No informa";"REMUNERACION JUNIO 2025+PAGO LEY 19490-19937 CUOTA JUNIO";
"2025";"Junio";"Técnico";"MERCADO MUÑOZ, RUTH NOEMI";"Atencion Clinica";"20";"TECNICO NIVEL SUPERIOR ODONTOLOGIA";"Región Metropolitana de Santiago";"(01)";"$ 831.003";"$ 634.155";"$ 0";"$ 126.750";"No";"No tiene";"No tiene";"No tiene";"01/01/2025";"31/12/2025";"No informa";"Sin observaciones";
"2025";"Junio";"Auxiliar";"MERINO CELIS, MAURICIO ANDRES";"CONDUCTOR";"22";"AUXILIAR";"Región Metropolitana de Santiago";"(205)(202)(204)(186)";"$ 1.251.394";"$ 1.054.203";"$ 0";"$ 124.016";"Sí";"$ 80.464 : 24,00 hrs";"$ 104.603 : 26,00 hrs";"No tiene";"01/01/2025";"31/08/2025";"No informa";"REMUNERACION JUN.2025+PAGO TRIMESTRAL LEY 19.490 Y 19.937 PERIODO 06/2025";
"2025";"Junio";"Profesional";"MERIÑO MARTINEZ, JAVIERA CONSTANZA";"Atencion Clinica";"15";"FONOAUDIOLOGO (A)";"Región Metropolitana de Santiago";"(01)";"$ 1.462.453";"$ 1.194.284";"$ 0";"$ 0";"No";"No tiene";"No tiene";"No tiene";"01/05/2025";"31/07/2025";"No informa";"Sin observaciones";
"2025";"Junio";"Técnico";"MERY GATICA, KAROL LAURA";"Atencion Clinica";"21";"TECNICO NIVEL SUPERIOR RECURSOS HUMANOS";"Región Metropolitana de Santiago";"(186)";"$ 801.215";"$ 606.638";"$ 0";"$ 126.975";"No";"No tiene";"No tiene";"No tiene";"01/01/2025";"31/12/2025";"No informa";"Sin observaciones";
"2025";"Junio";"Médicos cirujanos, farmacéuticos, químico-farmacéuticos, bioquímicos, cirujano-dentistas";"MESA DOMINGUEZ, LISBELYS";"Atencion Clinica Medica";"44 Hrs.";"MEDICO CIRUJANO";"Región Metropolitana de Santiago";"(86)(186)";"$ 3.397.946";"$ 2.696.504";"$ 0";"$ 0";"No";"No tiene";"No tiene";"No tiene";"01/01/2025";"31/12/2025";"No informa";"Sin observaciones";
"2025";"Junio";"Profesional";"MESINA GONZALEZ, PAULA NOEMI";"Atencion Clinica";"15";"ENFERMERA (O)";"Región Metropolitana de Santiago";"(186)";"$ 1.914.353";"$ 1.543.368";"$ 0";"$ 154.543";"Sí";"$ 112.088 : 14,00 hrs";"$ 86.467 : 9,00 hrs";"No tiene";"01/01/2025";"31/12/2025";"No informa";"Sin observaciones";
"2025";"Junio";"Técnico";"MEZA BARRERA, NATALIA NICOLE";"ATENCION CLINICA";"21";"TECNICO NIVEL SUPERIOR ENFERMERIA";"Región Metropolitana de Santiago";"(203)(204)(186)";"$ 1.238.497";"$ 1.129.289";"$ 0";"$ 163.838";"Sí";"$ 92.005 : 25,00 hrs";"$ 185.483 : 42,00 hrs";"No tiene";"01/01/2025";"31/12/2025";"No informa";"REMUNERACION JUN.2025+PAGO TRIMESTRAL LEY 19.490 Y 19.937 PERIODO 06/2025";
"2025";"Junio";"Auxiliar";"MEZA GONZALEZ, MAXIMO ARTURO";"Chofer";"19";"AUXILIAR";"Región Metropolitana de Santiago";"(205)(186)";"$ 1.805.496";"$ 1.485.727";"$ 0";"$ 234.244";"Sí";"$ 166.612 : 40,00 hrs";"$ 589.805 : 118,00 hrs";"No tiene";"01/01/2025";"31/12/2025";"No informa";"Sin observaciones";
"2025";"Junio";"Profesional";"MEZA GUERRERO, MARIA ANDREA";"ATENCION CLINICA";"13";"ENFERMERA (O)";"Región Metropolitana de Santiago";"(203)(204)(186)";"$ 3.172.801";"$ 2.544.777";"$ 0";"$ 212.770";"Sí";"$ 326.036 : 34,00 hrs";"$ 126.579 : 11,00 hrs";"No tiene";"01/01/2025";"31/12/2025";"No informa";"REMUNERACION JUN.2025 + BONO ENF. Y OTROS PROF+BONO ESCOLAR CUOTA 03/2025+BONO ESCOLAR CUOTA 06/2025+PAGO TRIMESTRAL LEY 19.490 Y 19.937 PERIODO 06/2025";
"2025";"Junio";"Profesional";"MEZA MATURANA, CATALINA PAZ";"Atencion Clinica";"16";"MATRON (A)";"Región Metropolitana de Santiago";"(01)";"$ 1.342.691";"$ 1.099.524";"$ 0";"$ 0";"No";"No tiene";"No tiene";"No tiene";"01/01/2025";"30/06/2025";"No informa";"Sin observaciones";
"2025";"Junio";"Profesional";"MEZA SANDOVAL, PATRICIO ALEJANDRO";"Apoyo Administrativo";"7";"PERIODISTA";"Región Metropolitana de Santiago";"(186)";"$ 3.091.404";"$ 2.441.323";"$ 0";"$ 330.928";"No";"No tiene";"No tiene";"No tiene";"01/01/2025";"31/12/2025";"No informa";"REMUNERACION JUNIO 2025+PAGO LEY 19490-19937 CUOTA JUNIO";
"2025";"Junio";"Técnico";"MEZA TORRES, CONSTANZA LISSET";"ATENCION CLINICA";"21";"TECNICO NIVEL SUPERIOR ENFERMERIA";"Región Metropolitana de Santiago";"(203)(204)(186)";"$ 968.416";"$ 1.139.570";"$ 0";"$ 156.366";"No";"No tiene";"No tiene";"No tiene";"01/01/2025";"31/12/2025";"No informa";"REMUNERACION JUN.2025+BONO ESCOLAR CUOTA 06/2025+PAGO TRIMESTRAL LEY 19.490 Y 19.937 PERIODO 06/2025";
"2025";"Junio";"Médicos cirujanos, farmacéuticos, químico-farmacéuticos, bioquímicos, cirujano-dentistas";"MEZA VASQUEZ, FRANCISCO JAVIER";"Atencion Odontologica";"33 Hrs.";"CIRUJANO DENTISTA";"Región Metropolitana de Santiago";"(186)";"$ 3.044.309";"$ 2.417.245";"$ 0";"$ 0";"No";"No tiene";"No tiene";"No tiene";"01/01/2025";"31/07/2025";"No informa";"Sin observaciones";
"2025";"Junio";"Médicos cirujanos, farmacéuticos, químico-farmacéuticos, bioquímicos, cirujano-dentistas";"MEZA VASQUEZ, FRANCISCO JAVIER";"Atencion Odontologica";"11 Hrs.";"CIRUJANO DENTISTA";"Región Metropolitana de Santiago";"(186)";"$ 1.014.770";"$ 857.299";"$ 0";"$ 0";"No";"No tiene";"No tiene";"No tiene";"01/01/2025";"31/07/2025";"No informa";"Sin observaciones";
"2025";"Junio";"Técnico";"MILLAN CONTRERAS, DANIELA CONSTANZA";"Atencion Clinica";"22";"TECNICO NIVEL SUPERIOR ENFERMERIA";"Región Metropolitana de Santiago";"(01)";"$ 208.947";"$ 170.773";"$ 0";"$ 0";"No";"No tiene";"No tiene";"No tiene";"05/06/2025";"13/06/2025";"No informa";"Sin observaciones";
"2025";"Junio";"Médicos cirujanos, farmacéuticos, químico-farmacéuticos, bioquímicos, cirujano-dentistas";"MILLAN GUTIERREZ, MARIA LORETO";"Atencion Odontologica";"33 Hrs.";"CIRUJANO DENTISTA";"Región Metropolitana de Santiago";"(188)(86)(186)";"$ 3.788.080";"$ 3.027.691";"$ 0";"$ 0";"No";"No tiene";"No tiene";"No tiene";"01/01/2025";"31/12/2025";"No informa";"Sin observaciones";
"2025";"Junio";"Médicos cirujanos, farmacéuticos, químico-farmacéuticos, bioquímicos, cirujano-dentistas";"MILLAN GUTIERREZ, MARIA LORETO";"Atencion Odontologica";"11 Hrs.";"CIRUJANO DENTISTA";"Región Metropolitana de Santiago";"(188)(86)(186)";"$ 1.262.693";"$ 1.105.222";"$ 0";"$ 0";"No";"No tiene";"No tiene";"No tiene";"01/01/2025";"31/12/2025";"No informa";"Sin observaciones";
"2025";"Junio";"Profesional";"MILLAS OSORIO, CRISTIAN ALEJANDRO";"ATENCION CLINICA";"13";"ENFERMERA (O)";"Región Metropolitana de Santiago";"(203)(204)(186)";"$ 2.706.849";"$ 2.567.422";"$ 0";"$ 184.026";"No";"No tiene";"No tiene";"No tiene";"01/01/2025";"31/12/2025";"No informa";"REMUNERACION JUN.2025 + BONO ENF. Y OTROS PROF+PAGO TRIMESTRAL LEY 19.490 Y 19.937 PERIODO 06/2025";
"2025";"Junio";"Profesional";"MINGO FUENTES, FERNANDA IGNACIA MACARENA";"Atencion Clinica";"12";"MATRON (A)";"Región Metropolitana de Santiago";"(01)";"$ 2.263.187";"$ 1.754.387";"$ 0";"$ 199.843";"Sí";"$ 82.319 : 8,00 hrs";"$ 74.087 : 6,00 hrs";"No tiene";"01/01/2025";"30/06/2025";"No informa";"Sin observaciones";
"2025";"Junio";"Médicos cirujanos, farmacéuticos, químico-farmacéuticos, bioquímicos, cirujano-dentistas";"MIQUEL CABIB, MARIA PAZ";"Atencion Odontologica";"22 Hrs.";"CIRUJANO DENTISTA";"Región Metropolitana de Santiago";"(01)";"$ 945.285";"$ 773.621";"$ 0";"$ 0";"No";"No tiene";"No tiene";"No tiene";"01/01/2025";"30/06/2025";"No informa";"Sin observaciones";
"2025";"Junio";"Administrativo";"MIRANDA FIGUEROA, MARISOL JEANNETTE";"Apoyo Administrativo";"22";"ADMINISTRATIVO";"Región Metropolitana de Santiago";"(186)";"$ 729.041";"$ 551.823";"$ 0";"$ 117.688";"Sí";"$ 3.382 : 1,00 hrs";"No tiene";"No tiene";"01/01/2025";"31/12/2025";"No informa";"Sin observaciones";
"2025";"Junio";"Auxiliar";"MIRANDA SEREY, MIGUEL ANGEL";"CONDUCTOR";"24";"TECNICO NIVEL SUPERIOR ENFERMERIA";"Región Metropolitana de Santiago";"(205)(202)(204)(186)";"$ 966.750";"$ 903.317";"$ 0";"$ 110.880";"No";"No tiene";"No tiene";"No tiene";"01/01/2025";"31/12/2025";"No informa";"REMUNERACION JUN.2025+PAGO TRIMESTRAL LEY 19.490 Y 19.937 PERIODO 06/2025";
"2025";"Junio";"Administrativo";"MIRANDA VARGAS, ANGGY YUSHIRO";"Apoyo Administrativo";"16";"ADMINISTRATIVO";"Región Metropolitana de Santiago";"(01)";"$ 855.350";"$ 704.366";"$ 0";"$ 0";"Sí";"$ 37.009 : 8,00 hrs";"No tiene";"No tiene";"16/01/2025";"31/07/2025";"No informa";"Sin observaciones";
"2025";"Junio";"Profesional";"MOLINA ARCOS, JUAN PABLO";"Apoyo Administrativo";"7";"PERIODISTA";"Región Metropolitana de Santiago";"(186)";"$ 3.001.705";"$ 2.374.518";"$ 0";"$ 275.774";"No";"No tiene";"No tiene";"No tiene";"01/01/2025";"31/12/2025";"No informa";"REMUNERACION JUNIO 2025+PAGO LEY 19490-19937 CUOTA JUNIO";
"2025";"Junio";"Profesional";"MOLINA CABRERA, SONIA MAREN";"Director Zonal";"5";"ENFERMERA (O)";"Región Metropolitana de Santiago";"(186)";"$ 4.942.318";"$ 3.764.761";"$ 0";"$ 1.218.892";"Sí";"$ 133.150 : 7,00 hrs";"No tiene";"No tiene";"01/01/2025";"31/12/2025";"No informa";"Sin observaciones";
"2025";"Junio";"Profesional";"MOLINA CARTES, KAMILA PAZ";"Atencion Clinica";"12";"KINESIOLOGO (A)";"Región Metropolitana de Santiago";"(186)";"$ 2.447.510";"$ 1.868.624";"$ 0";"$ 274.294";"Sí";"$ 165.622 : 16,00 hrs";"No tiene";"No tiene";"01/01/2025";"31/12/2025";"No informa";"Sin observaciones";
"2025";"Junio";"Profesional";"MOLINA DOTTE, NICOLAS CRISTOBAL";"Apoyo Administrativo";"5";"INGENIERO (A) COMERCIAL";"Región Metropolitana de Santiago";"(186)";"$ 3.585.087";"$ 2.841.960";"$ 0";"$ 622.654";"No";"No tiene";"No tiene";"No tiene";"01/01/2025";"31/12/2025";"No informa";"REMUNERACION JUNIO 2025+PAGO LEY 19490-19937 CUOTA JUNIO";
"2025";"Junio";"Profesional";"MOLINA GUZMAN, KARINA JOHANNA";"Apoyo Administrativo";"8";"ENFERMERA (O)";"Región Metropolitana de Santiago";"(186)";"$ 2.839.352";"$ 2.253.605";"$ 0";"$ 534.144";"No";"No tiene";"No tiene";"No tiene";"01/01/2025";"31/12/2025";"No informa";"REMUNERACION JUNIO 2025+PAGO LEY 19490-19937 CUOTA JUNIO";
"2025";"Junio";"Profesional";"MOLINA MORALES, FERNANDA ANDREA";"Jefe de Unidad";"10";"TECNOLOGO (A) EN INFORMATICA BIOMEDICA";"Región Metropolitana de Santiago";"(186)";"$ 2.358.632";"$ 1.904.060";"$ 0";"$ 299.084";"No";"No tiene";"No tiene";"No tiene";"01/01/2025";"31/12/2025";"No informa";"REMUNERACION JUNIO 2025+PAGO LEY 19490-19937 CUOTA JUNIO";
"2025";"Junio";"Profesional";"MOLINA MUÑOZ, JOANA LESLIE";"Apoyo Administrativo";"7";"KINESIOLOGO (A)";"Región Metropolitana de Santiago";"(186)";"$ 3.107.038";"$ 2.455.917";"$ 0";"$ 900.860";"No";"No tiene";"No tiene";"No tiene";"01/01/2025";"31/12/2025";"No informa";"REMUNERACION JUNIO 2025+PAGO LEY 19490-19937 CUOTA JUNIO";
"2025";"Junio";"Técnico";"MOLINA NEIRA, RODRIGO GUILLERMO";"ATENCION CLINICA";"21";"TECNICO NIVEL SUPERIOR ENFERMERIA";"Región Metropolitana de Santiago";"(203)(204)(186)";"$ 956.890";"$ 770.838";"$ 0";"$ 141.994";"No";"No tiene";"No tiene";"No tiene";"01/01/2025";"31/12/2025";"No informa";"REMUNERACION JUN.2025+PAGO TRIMESTRAL LEY 19.490 Y 19.937 PERIODO 06/2025";
"2025";"Junio";"Médicos cirujanos, farmacéuticos, químico-farmacéuticos, bioquímicos, cirujano-dentistas";"MOLINA SILVESTRE, ELENA ALEXANDRA";"Atencion Clinica Medica";"22 Hrs.";"MEDICO CIRUJANO";"Región Metropolitana de Santiago";"(188)(186)";"$ 2.455.785";"$ 2.013.480";"$ 0";"$ 0";"No";"No tiene";"No tiene";"No tiene";"01/01/2025";"31/12/2025";"No informa";"Sin observaciones";
"2025";"Junio";"Médicos cirujanos, farmacéuticos, químico-farmacéuticos, bioquímicos, cirujano-dentistas";"MOLINA SILVESTRE, ELENA ALEXANDRA";"Atencion Clinica Medica";"22 Hrs.";"MEDICO CIRUJANO";"Región Metropolitana de Santiago";"(188)(186)";"$ 2.455.785";"$ 2.335.117";"$ 0";"$ 0";"No";"No tiene";"No tiene";"No tiene";"01/01/2025";"31/12/2025";"No informa";"Sin observaciones";
"2025";"Junio";"Profesional";"MOLINA SOTO, MARIA DE LOS ANGELES";"Jefe de Departamento";"6";"INGENIERO (A) EN ADMINISTRACION DE RECURSOS HUMANOS";"Región Metropolitana de Santiago";"(186)";"$ 3.556.676";"$ 2.719.830";"$ 0";"$ 333.296";"No";"No tiene";"No tiene";"No tiene";"01/01/2025";"31/12/2025";"No informa";"Sin observaciones";
"2025";"Junio";"Administrativo";"MONSALVE ALVAREZ, FERNANDA PAZ";"Apoyo Administrativo";"20";"ADMINISTRATIVO";"Región Metropolitana de Santiago";"(186)";"$ 748.847";"$ 623.651";"$ 0";"$ 141.754";"Sí";"$ 57.243 : 15,00 hrs";"No tiene";"No tiene";"01/01/2025";"31/12/2025";"No informa";"REMUNERACION JUNIO 2025+PAGO LEY 19490-19937 CUOTA JUNIO+BONO ESCOLAR CUOTA JUNIO 2025";
"2025";"Junio";"Médicos cirujanos, farmacéuticos, químico-farmacéuticos, bioquímicos, cirujano-dentistas";"MONTERO LLORCA, CAMILA";"Atencion Odontologica";"22 Hrs.";"CIRUJANO DENTISTA";"Región Metropolitana de Santiago";"(188)(86)(186)";"$ 2.518.774";"$ 1.936.533";"$ 0";"$ 0";"No";"No tiene";"No tiene";"No tiene";"01/01/2025";"31/12/2025";"No informa";"Sin observaciones";
"2025";"Junio";"Médicos cirujanos, farmacéuticos, químico-farmacéuticos, bioquímicos, cirujano-dentistas";"MONTES MORALES, EDISON ALEJANDRO";"MEDICO CIRUJANO CON ESPECIALIDAD EN MEDICINA DE URGENCIA";"22 Hrs.";"MEDICO CIRUJANO CON ESPECIALIDAD EN MEDICINA DE URGENCIA";"Región Metropolitana de Santiago";"(186)";"$ 2.690.669";"$ 2.437.483";"$ 0";"$ 0";"No";"No tiene";"No tiene";"No tiene";"01/01/2025";"31/12/2025";"No informa";"REMUNERACION JUN.2025";
"2025";"Junio";"Administrativo";"MONTIEL FONTEÑO, SOLEDAD ANDREA";"APOYO ADMINISTRATIVO";"13";"ADMINISTRADOR (A) PUBLICO";"Región Metropolitana de Santiago";"(186)";"$ 2.344.807";"$ 3.684.615";"$ 0";"$ 769.351";"Sí";"$ 344.621 : 37,00 hrs";"$ 257.068 : 23,00 hrs";"No tiene";"01/01/2025";"31/12/2025";"No informa";"REMUNERACION JUN.2025+PAGO TRIMESTRAL LEY 19.490 Y 19.937 PERIODO 06/2025";
"2025";"Junio";"Auxiliar";"MONTOYA FLORES, CLAUDIO PATRICIO";"Apoyo Logistico";"21";"AUXILIAR";"Región Metropolitana de Santiago";"(01)";"$ 1.189.039";"$ 1.055.210";"$ 0";"$ 0";"Sí";"$ 143.412 : 40,00 hrs";"$ 348.491 : 81,00 hrs";"No tiene";"01/01/2025";"31/12/2025";"No informa";"Sin observaciones";
"2025";"Junio";"Médicos cirujanos, farmacéuticos, químico-farmacéuticos, bioquímicos, cirujano-dentistas";"MONTOYA RONCANCIO, VANESSA LIZETH";"Atencion Clinica Medica";"22 Hrs.";"MEDICO CIRUJANO";"Región Metropolitana de Santiago";"(01)";"$ 945.285";"$ 773.621";"$ 0";"$ 0";"No";"No tiene";"No tiene";"No tiene";"08/04/2025";"31/12/2025";"No informa";"REMUNERACION JUNIO 2025";
"2025";"Junio";"Médicos cirujanos, farmacéuticos, químico-farmacéuticos, bioquímicos, cirujano-dentistas";"MONTOYA VARGAS, LUCIA DE LOS ANGELES";"Medicina Familiar";"22 Hrs.";"MEDICO CIRUJANO";"Región Metropolitana de Santiago";"(86)(188)(86)(186)";"$ 3.285.686";"$ 2.967.812";"$ 0";"$ 0";"No";"No tiene";"No tiene";"No tiene";"01/01/2025";"31/12/2025";"No informa";"Sin observaciones";
"2025";"Junio";"Médicos cirujanos, farmacéuticos, químico-farmacéuticos, bioquímicos, cirujano-dentistas";"MONZON TAPIA, CRISTOBAL FELIPE";"Quimico Farmaceutico";"44 Hrs.";"QUIMICO FARMACEUTICO";"Región Metropolitana de Santiago";"(186)";"$ 2.340.138";"$ 1.888.874";"$ 0";"$ 0";"No";"No tiene";"No tiene";"No tiene";"01/01/2025";"30/06/2025";"No informa";"Sin observaciones";
"2025";"Junio";"Profesional";"MORA FRAILE, MARGARITA SOFIA";"Apoyo Administrativo";"6";"ASISTENTE SOCIAL";"Región Metropolitana de Santiago";"(186)";"$ 4.105.789";"$ 3.185.739";"$ 0";"$ 790.762";"No";"No tiene";"No tiene";"No tiene";"01/01/2025";"31/12/2025";"No informa";"Sin observaciones";
"2025";"Junio";"Médicos cirujanos, farmacéuticos, químico-farmacéuticos, bioquímicos, cirujano-dentistas";"MORA RIVAS, DANIELA ANDREA";"Atencion Clinica Medica";"44 Hrs.";"MEDICO CIRUJANO";"Región Metropolitana de Santiago";"(86)";"$ 2.948.378";"$ 2.357.776";"$ 0";"$ 0";"No";"No tiene";"No tiene";"No tiene";"01/01/2025";"31/12/2025";"No informa";"Sin observaciones";
"2025";"Junio";"Médicos cirujanos, farmacéuticos, químico-farmacéuticos, bioquímicos, cirujano-dentistas";"MORA UBE, VICTOR TELMO";"Atencion Clinica Medica";"44 Hrs.";"MEDICO CIRUJANO";"Región Metropolitana de Santiago";"(188)(186)";"$ 4.429.309";"$ 3.590.277";"$ 0";"$ 0";"No";"No tiene";"No tiene";"No tiene";"01/01/2025";"31/12/2025";"No informa";"Sin observaciones";
"2025";"Junio";"Técnico";"MORAGA HERMOSILLA, TATIANA PAOLA";"Atencion Clinica";"21";"ENFERMERA (O)";"Región Metropolitana de Santiago";"(186)";"$ 1.132.238";"$ 854.473";"$ 0";"$ 187.025";"No";"No tiene";"No tiene";"No tiene";"01/01/2025";"31/12/2025";"No informa";"Sin observaciones";
"2025";"Junio";"Profesional";"MORAGA MIRANDA, FABIAN ALEJANDRO";"APOYO ADMINISTRATIVO";"11";"CONSTRUCTOR (A) CIVIL";"Región Metropolitana de Santiago";"(01)";"$ 2.073.880";"$ 1.377.163";"$ 0";"$ 0";"No";"No tiene";"No tiene";"No tiene";"01/01/2025";"31/12/2025";"No informa";"REMUNERACION JUN.2025";
"2025";"Junio";"Auxiliar";"MORAGA MORAGA, CRISTIAN LEONARDO";"CONDUCTOR";"22";"AUXILIAR";"Región Metropolitana de Santiago";"(205)(203)(204)";"$ 1.126.327";"$ 921.970";"$ 0";"$ 131.609";"Sí";"$ 93.047 : 28,00 hrs";"$ 123.619 : 31,00 hrs";"No tiene";"01/01/2025";"31/12/2025";"No informa";"REMUNERACION JUN.2025+PAGO TRIMESTRAL LEY 19.490 Y 19.937 PERIODO 06/2025";
"2025";"Junio";"Técnico";"MORAGA OYARCE, GLORIA ALEJANDRA";"Atencion Clinica";"21";"TECNICO NIVEL SUPERIOR ENFERMERIA";"Región Metropolitana de Santiago";"(186)";"$ 837.762";"$ 656.893";"$ 0";"$ 120.148";"Sí";"$ 43.403 : 12,00 hrs";"No tiene";"No tiene";"01/01/2025";"31/12/2025";"No informa";"Sin observaciones";
"2025";"Junio";"Auxiliar";"MORAGA SANDOVAL, JASMIN SOLEDAD";"Apoyo Logistico";"23";"AUXILIAR";"Región Metropolitana de Santiago";"(01)";"$ 0";"$ 0";"$ 0";"$ 0";"No";"No tiene";"No tiene";"No tiene";"01/01/2025";"31/12/2025";"No informa";"PSGS DESDE 01/03/2025 AL 30/09/2025";
"2025";"Junio";"Auxiliar";"MORALES BERRIOS, WALDO IGNACIO";"Apoyo Logistico";"23";"AUXILIAR";"Región Metropolitana de Santiago";"(01)";"$ 1.131.508";"$ 977.443";"$ 0";"$ 107.532";"Sí";"$ 121.451 : 40,00 hrs";"$ 364.355 : 100,00 hrs";"No tiene";"01/01/2025";"31/12/2025";"No informa";"Sin observaciones";
"2025";"Junio";"Médicos cirujanos, farmacéuticos, químico-farmacéuticos, bioquímicos, cirujano-dentistas";"MORALES CASTRO, VALENTINA ALEJANDRA";"Atencion Odontologica";"22 Hrs.";"CIRUJANO DENTISTA";"Región Metropolitana de Santiago";"(188)(86)(186)";"$ 1.348.540";"$ 1.111.466";"$ 0";"$ 0";"No";"No tiene";"No tiene";"No tiene";"01/01/2025";"31/12/2025";"No informa";"Sin observaciones";
"2025";"Junio";"Médicos cirujanos, farmacéuticos, químico-farmacéuticos, bioquímicos, cirujano-dentistas";"MORALES CASTRO, VALENTINA ALEJANDRA";"Atencion Odontologica";"22 Hrs.";"CIRUJANO DENTISTA";"Región Metropolitana de Santiago";"(188)(86)(186)";"$ 1.348.540";"$ 1.053.317";"$ 0";"$ 0";"No";"No tiene";"No tiene";"No tiene";"01/01/2025";"31/12/2025";"No informa";"Sin observaciones";
"2025";"Junio";"Técnico";"MORALES FERRADA, PAMELA ANDREA";"ATENCION CLINICA";"22";"TECNICO NIVEL SUPERIOR ENFERMERIA";"Región Metropolitana de Santiago";"(203)(204)(186)";"$ 895.588";"$ 1.021.212";"$ 0";"$ 131.609";"No";"No tiene";"No tiene";"No tiene";"01/01/2025";"31/12/2025";"No informa";"REMUNERACION JUN.2025+PAGO TRIMESTRAL LEY 19.490 Y 19.937 PERIODO 06/2025";
"2025";"Junio";"Profesional";"MORALES GOMEZ, FRANCISCO GABRIEL";"Apoyo Administrativo";"7";"INGENIERO (A) CONSTRUCTOR";"Región Metropolitana de Santiago";"(186)";"$ 2.954.803";"$ 2.337.042";"$ 0";"$ 183.849";"No";"No tiene";"No tiene";"No tiene";"01/01/2025";"31/12/2025";"No informa";"REMUNERACION JUNIO 2025+PAGO LEY 19937 CUOTA JUNIO 2025";
"2025";"Junio";"Profesional";"MORALES OLGUIN, KATERINE VERONICA";"Atencion Clinica";"16";"TRABAJADOR (A) SOCIAL";"Región Metropolitana de Santiago";"(01)";"$ 1.214.186";"$ 1.214.186";"$ 0";"$ 0";"Sí";"No tiene";"$ 140.032 : 16,00 hrs";"No tiene";"27/05/2025";"24/06/2025";"No informa";"Sin observaciones";
"2025";"Junio";"Técnico";"MORALES OPAZO, JOCELYN";"Atencion Clinica";"22";"TECNICO NIVEL SUPERIOR ENFERMERIA";"Región Metropolitana de Santiago";"(01)";"$ 696.491";"$ 569.241";"$ 0";"$ 0";"No";"No tiene";"No tiene";"No tiene";"01/01/2025";"31/12/2025";"No informa";"Sin observaciones";
"2025";"Junio";"Técnico";"MORALES PACHECO, MAGDALENA DEL TRANSITO";"ATENCION CLINICA";"22";"TECNICO NIVEL SUPERIOR ENFERMERIA";"Región Metropolitana de Santiago";"(203)(204)(186)";"$ 895.588";"$ 1.057.741";"$ 0";"$ 182.619";"No";"No tiene";"No tiene";"No tiene";"01/01/2025";"31/12/2025";"No informa";"REMUNERACION JUN.2025+BONO ESCOLAR CUOTA 03/2025+BONO ESCOLAR CUOTA 06/2025+PAGO TRIMESTRAL LEY 19.490 Y 19.937 PERIODO 06/2025";
"2025";"Junio";"Profesional";"MORAN ALBORNOZ, CRISTIAN ANDRES";"Apoyo Administrativo";"8";"CONTADOR (A) AUDITOR (A)";"Región Metropolitana de Santiago";"(01)";"$ 2.677.280";"$ 2.132.776";"$ 0";"$ 0";"No";"No tiene";"No tiene";"No tiene";"24/03/2025";"31/12/2025";"No informa";"REMUNERACION JUNIO 2025";
"2025";"Junio";"Médicos cirujanos, farmacéuticos, químico-farmacéuticos, bioquímicos, cirujano-dentistas";"MORAN MARTINEZ, JIMENA PAZ";"Atencion Odontologica";"22 Hrs.";"CIRUJANO DENTISTA";"Región Metropolitana de Santiago";"(188)(86)(186)";"$ 2.506.636";"$ 1.952.555";"$ 0";"$ 0";"No";"No tiene";"No tiene";"No tiene";"01/01/2025";"31/12/2025";"No informa";"Sin observaciones";
"2025";"Junio";"Médicos cirujanos, farmacéuticos, químico-farmacéuticos, bioquímicos, cirujano-dentistas";"MORAN MARTINEZ, JIMENA PAZ";"Atencion Odontologica";"11 Hrs.";"CIRUJANO DENTISTA";"Región Metropolitana de Santiago";"(188)(86)(186)";"$ 1.253.317";"$ 1.041.401";"$ 0";"$ 0";"No";"No tiene";"No tiene";"No tiene";"01/01/2025";"31/12/2025";"No informa";"Sin observaciones";
"2025";"Junio";"Técnico";"MORENO AGUILERA, JAIME EDUARDO";"Atencion Clinica";"22";"TECNICO NIVEL SUPERIOR ODONTOLOGIA";"Región Metropolitana de Santiago";"(01)";"$ 779.418";"$ 594.712";"$ 0";"$ 111.361";"No";"No tiene";"No tiene";"No tiene";"01/01/2025";"30/06/2025";"No informa";"Sin observaciones";
"2025";"Junio";"Auxiliar";"MORENO BECERRA, CLAUDIO ADRIAN";"CONDUCTOR";"24";"AUXILIAR";"Región Metropolitana de Santiago";"(205)(202)(204)(186)";"$ 1.262.610";"$ 1.116.300";"$ 0";"$ 93.823";"Sí";"$ 90.417 : 32,00 hrs";"$ 250.906 : 74,00 hrs";"No tiene";"01/01/2025";"31/12/2025";"No informa";"REMUNERACION JUN.2025+PAGO TRIMESTRAL LEY 19.937 PERIODO 06/2025";
"2025";"Junio";"Técnico";"MORENO CORONADO, FRELLA ALICIA";"Atencion Clinica";"22";"TECNICO NIVEL SUPERIOR ENFERMERIA";"Región Metropolitana de Santiago";"(186)";"$ 807.528";"$ 619.833";"$ 0";"$ 130.343";"No";"No tiene";"No tiene";"No tiene";"01/01/2025";"31/12/2025";"No informa";"Sin observaciones";
"2025";"Junio";"Profesional";"MORENO MUNOZ, MARIA EDITH";"Atencion Clinica";"12";"ENFERMERA (O)";"Región Metropolitana de Santiago";"(186)";"$ 2.489.748";"$ 1.821.952";"$ 0";"$ 407.524";"Sí";"$ 42.144 : 4,00 hrs";"No tiene";"No tiene";"01/01/2025";"31/12/2025";"No informa";"Sin observaciones";
"2025";"Junio";"Profesional";"MORENO SAJURIA, MARIA JOSE";"Jefe de Departamento";"5";"SOCIOLOGO (A)";"Región Metropolitana de Santiago";"(186)";"$ 3.513.167";"$ 2.794.191";"$ 0";"$ 764.166";"No";"No tiene";"No tiene";"No tiene";"01/01/2025";"31/12/2025";"No informa";"REMUNERACION JUNIO 2025+PAGO LEY 19490-19937 CUOTA JUNIO";
"2025";"Junio";"Administrativo";"MORENO YAÑEZ, CLAUDIA ANDREA";"Apoyo Administrativo";"22";"ADMINISTRATIVO";"Región Metropolitana de Santiago";"(186)";"$ 912.113";"$ 734.544";"$ 0";"$ 121.485";"Sí";"$ 101.467 : 30,00 hrs";"$ 81.174 : 20,00 hrs";"No tiene";"01/01/2025";"31/12/2025";"No informa";"Sin observaciones";
"2025";"Junio";"Profesional";"MORESCO MIÑO, MARIO ANDRES";"Apoyo Administrativo";"10";"INGENIERO (A) EJECUCION ADMINISTRACION DE NEGOCIOS";"Región Metropolitana de Santiago";"(186)";"$ 2.268.933";"$ 1.832.397";"$ 0";"$ 327.124";"No";"No tiene";"No tiene";"No tiene";"01/01/2025";"31/12/2025";"No informa";"REMUNERACION JUNIO 2025+PAGO LEY 19490-19937 CUOTA JUNIO+BONO ESCOLAR CUOTA JUNIO 2025";
"2025";"Junio";"Médicos cirujanos, farmacéuticos, químico-farmacéuticos, bioquímicos, cirujano-dentistas";"MORLANS HUAQUIN, XIMENA PATRICIA";"Medicina Interna";"11 Hrs.";"MEDICO CIRUJANO";"Región Metropolitana de Santiago";"(86)(186)";"$ 1.378.180";"$ 1.272.548";"$ 0";"$ 0";"No";"No tiene";"No tiene";"No tiene";"01/01/2025";"31/12/2025";"No informa";"REMUNERACION JUNIO 2025";
"2025";"Junio";"Profesional";"MOYA LAVIN, PAULINA SOLEDAD";"Atencion Clinica";"15";"ENFERMERA (O)";"Región Metropolitana de Santiago";"(01)";"$ 1.568.964";"$ 1.234.369";"$ 0";"$ 106.059";"No";"No tiene";"No tiene";"No tiene";"01/01/2025";"31/12/2025";"No informa";"Sin observaciones";
"2025";"Junio";"Profesional";"MOYA URIBE, JOSE BRUNO";"Apoyo Administrativo";"6";"CONTADOR (A) AUDITOR (A)";"Región Metropolitana de Santiago";"(186)";"$ 3.379.504";"$ 2.660.789";"$ 0";"$ 708.809";"No";"No tiene";"No tiene";"No tiene";"01/01/2025";"31/12/2025";"No informa";"REMUNERACION JUNIO 2025+PAGO LEY 19490-19937 CUOTA JUNIO";
"2025";"Junio";"Médicos cirujanos, farmacéuticos, químico-farmacéuticos, bioquímicos, cirujano-dentistas";"MUJICA ROJAS, AMPARO";"Atencion Odontologica";"11 Hrs.";"CIRUJANO DENTISTA";"Región Metropolitana de Santiago";"(01)";"$ 1.087.079";"$ 1.087.079";"$ 0";"$ 0";"No";"No tiene";"No tiene";"No tiene";"01/01/2025";"01/07/2025";"No informa";"Sin observaciones";
"2025";"Junio";"Médicos cirujanos, farmacéuticos, químico-farmacéuticos, bioquímicos, cirujano-dentistas";"MUJICA ROJAS, AMPARO";"Atencion Odontologica";"22 Hrs.";"CIRUJANO DENTISTA";"Región Metropolitana de Santiago";"(01)";"$ 535.661";"$ 535.661";"$ 0";"$ 0";"No";"No tiene";"No tiene";"No tiene";"01/01/2025";"01/07/2025";"No informa";"Sin observaciones";
"2025";"Junio";"Médicos cirujanos, farmacéuticos, químico-farmacéuticos, bioquímicos, cirujano-dentistas";"MUJICA ROJAS, AMPARO";"Atencion Odontologica";"11 Hrs.";"CIRUJANO DENTISTA";"Región Metropolitana de Santiago";"(01)";"$ 267.831";"$ 267.831";"$ 0";"$ 0";"No";"No tiene";"No tiene";"No tiene";"26/05/2025";"30/06/2025";"No informa";"Sin observaciones";
"2025";"Junio";"Profesional";"MULLER SALAZAR, FRANCISCA XIMENA";"Atencion Clinica";"15";"NUTRICIONISTA";"Región Metropolitana de Santiago";"(186)";"$ 1.634.545";"$ 1.302.722";"$ 0";"$ 154.543";"No";"No tiene";"No tiene";"No tiene";"01/01/2025";"31/12/2025";"No informa";"Sin observaciones";
"2025";"Junio";"Médicos cirujanos, farmacéuticos, químico-farmacéuticos, bioquímicos, cirujano-dentistas";"MUNIZAGA FERNANDEZ, DIANA YENIFER";"Atencion Clinica Medica";"44 Hrs.";"MÉDICOS CIRUJANOS, FARMACÉUTICOS, QUÍMICO-FARMACÉUTICOS, BIOQUÍMICOS, CIRUJANO-DENTISTAS";"Región Metropolitana de Santiago";"(86)";"$ 2.948.378";"$ 2.339.603";"$ 0";"$ 0";"No";"No tiene";"No tiene";"No tiene";"01/01/2025";"31/12/2025";"No informa";"Sin observaciones";
"2025";"Junio";"Administrativo";"MUNOZ TOLEDO, ORIANA INES";"Apoyo Administrativo";"13";"ADMINISTRATIVO";"Región Metropolitana de Santiago";"(186)";"$ 1.021.723";"$ 835.054";"$ 0";"$ 456.871";"No";"No tiene";"No tiene";"No tiene";"01/01/2025";"31/12/2025";"No informa";"REMUNERACION JUNIO 2025+PAGO LEY 19490-19937 CUOTA JUNIO";
"2025";"Junio";"Técnico";"MUÑOZ ASTORGA, DANITZA DE LAS NIEVES";"Atencion Clinica";"22";"TECNICO NIVEL SUPERIOR ENFERMERIA";"Región Metropolitana de Santiago";"(186)";"$ 783.942";"$ 601.219";"$ 0";"$ 111.361";"No";"No tiene";"No tiene";"No tiene";"01/01/2025";"30/06/2025";"No informa";"Sin observaciones";
"2025";"Junio";"Técnico";"MUÑOZ BARRIENTOS, CATHERINE ANDREA";"Atencion Clinica";"21";"TECNICO NIVEL SUPERIOR ENFERMERIA";"Región Metropolitana de Santiago";"(01)";"$ 788.888";"$ 608.049";"$ 0";"$ 120.148";"No";"No tiene";"No tiene";"No tiene";"01/01/2025";"30/06/2025";"No informa";"Sin observaciones";
"2025";"Junio";"Auxiliar";"MUÑOZ CAMPILLAY, PABLO ARTURO";"CONDUCTOR";"24";"TECNICO NIVEL SUPERIOR ENFERMERIA";"Región Metropolitana de Santiago";"(205)(202)(204)(186)";"$ 1.205.060";"$ 992.861";"$ 0";"$ 109.815";"Sí";"$ 116.120 : 40,00 hrs";"$ 114.959 : 33,00 hrs";"No tiene";"01/01/2025";"31/12/2025";"No informa";"REMUNERACION JUN.2025+PAGO TRIMESTRAL LEY 19.490 Y 19.937 PERIODO 06/2025";
"2025";"Junio";"Técnico";"MUÑOZ CAMPOS, MARISEL ALEJANDRA";"ATENCION CLINICA";"22";"AUXILIAR PARAMEDICO DE ENFERMERIA";"Región Metropolitana de Santiago";"(203)(204)(186)";"$ 846.621";"$ 793.164";"$ 0";"$ 111.361";"No";"No tiene";"No tiene";"No tiene";"01/01/2025";"31/12/2025";"No informa";"REMUNERACION JUN.2025+PAGO TRIMESTRAL LEY 19.937 PERIODO 06/2025";
"2025";"Junio";"Profesional";"MUÑOZ DELGADO, MARJORIE SCARLET";"Atencion Clinica";"16";"ENFERMERA (O)";"Región Metropolitana de Santiago";"(01)";"$ 1.342.691";"$ 1.090.631";"$ 0";"$ 0";"No";"No tiene";"No tiene";"No tiene";"01/01/2025";"31/12/2025";"No informa";"Sin observaciones";
"2025";"Junio";"Profesional";"MUÑOZ DIAZ, DENNIS PRISCILLA";"Atencion Clinica";"15";"NUTRICIONISTA";"Región Metropolitana de Santiago";"(186)";"$ 1.812.495";"$ 1.351.296";"$ 0";"$ 242.422";"No";"No tiene";"No tiene";"No tiene";"01/01/2025";"31/12/2025";"No informa";"Sin observaciones";
"2025";"Junio";"Profesional";"MUÑOZ ESCALONA, MARIA VICTORIA";"Atencion Clinica";"14";"NUTRICIONISTA";"Región Metropolitana de Santiago";"(01)";"$ 1.862.012";"$ 1.460.030";"$ 0";"$ 178.543";"No";"No tiene";"No tiene";"No tiene";"01/01/2025";"31/12/2025";"No informa";"Sin observaciones";
"2025";"Junio";"Profesional";"MUÑOZ GALLARDO, MICHAEL ANTONIO";"Subdirector";"5";"INGENIERO (A) COMERCIAL";"Región Metropolitana de Santiago";"(186)";"$ 3.947.063";"$ 3.077.133";"$ 0";"$ 521.375";"No";"No tiene";"No tiene";"No tiene";"01/01/2025";"31/12/2025";"No informa";"Sin observaciones";
"2025";"Junio";"Médicos cirujanos, farmacéuticos, químico-farmacéuticos, bioquímicos, cirujano-dentistas";"MUÑOZ GATICA, IVAN ANDRES";"Atencion Clinica Medica";"44 Hrs.";"MEDICO CIRUJANO";"Región Metropolitana de Santiago";"(86)(186)";"$ 4.013.010";"$ 3.256.902";"$ 0";"$ 0";"Sí";"$ 100.952 : 8,00 hrs";"$ 333.146 : 22,00 hrs";"No tiene";"01/01/2025";"31/07/2025";"No informa";"Sin observaciones";
"2025";"Junio";"Profesional";"MUÑOZ GOMEZ, ALEJANDRA CECILIA";"Atencion Clinica";"13";"PROFESIONAL";"Región Metropolitana de Santiago";"(01)";"$ 2.155.582";"$ 1.594.383";"$ 0";"$ 342.791";"Sí";"$ 75.803 : 8,00 hrs";"No tiene";"No tiene";"01/01/2025";"31/12/2025";"No informa";"Sin observaciones";
"2025";"Junio";"Técnico";"MUÑOZ JAQUE, FELIPE SEBASTIAN";"Atencion Clinica";"22";"TECNICO NIVEL SUPERIOR ODONTOLOGIA";"Región Metropolitana de Santiago";"(186)";"$ 805.698";"$ 613.279";"$ 0";"$ 124.016";"No";"No tiene";"No tiene";"No tiene";"01/01/2025";"31/12/2025";"No informa";"Sin observaciones";
"2025";"Junio";"Profesional";"MUÑOZ JIMENEZ, FRANCISCA BELEN";"Atencion Clinica";"15";"TERAPEUTA OCUPACIONAL";"Región Metropolitana de Santiago";"(186)";"$ 1.798.955";"$ 1.417.815";"$ 0";"$ 212.119";"No";"No tiene";"No tiene";"No tiene";"01/01/2025";"31/12/2025";"No informa";"Sin observaciones";
"2025";"Junio";"Administrativo";"MUÑOZ LAVOZ, JAIME ANDRES";"Apoyo Administrativo";"22";"ADMINISTRATIVO";"Región Metropolitana de Santiago";"(186)";"$ 756.530";"$ 585.664";"$ 0";"$ 121.485";"Sí";"$ 27.058 : 8,00 hrs";"No tiene";"No tiene";"01/01/2025";"31/12/2025";"No informa";"Sin observaciones";
"2025";"Junio";"Profesional";"MUÑOZ LAZO, DAMARI ANDREA";"Atencion Clinica";"15";"ASISTENTE SOCIAL";"Región Metropolitana de Santiago";"(186)";"$ 1.724.244";"$ 1.337.030";"$ 0";"$ 154.543";"No";"No tiene";"No tiene";"No tiene";"01/01/2025";"31/12/2025";"No informa";"Sin observaciones";
"2025";"Junio";"Administrativo";"MUÑOZ MUÑOZ, PAMELA ALEJANDRA";"Apoyo Administrativo";"22";"ADMINISTRATIVO";"Región Metropolitana de Santiago";"(186)";"$ 736.538";"$ 563.541";"$ 0";"$ 124.016";"No";"No tiene";"No tiene";"No tiene";"01/01/2025";"31/12/2025";"No informa";"Sin observaciones";
"2025";"Junio";"Auxiliar";"MUÑOZ MUÑOZ, RODRIGO DE LA CRUZ";"CONDUCTOR";"24";"TECNICO NIVEL SUPERIOR ENFERMERIA";"Región Metropolitana de Santiago";"(205)(202)(204)(186)";"$ 952.287";"$ 945.685";"$ 0";"$ 93.823";"No";"No tiene";"No tiene";"No tiene";"01/01/2025";"31/12/2025";"No informa";"REMUNERACION JUN.2025+PAGO TRIMESTRAL LEY 19.937 PERIODO 06/2025";
"2025";"Junio";"Administrativo";"MUÑOZ MUÑOZ, SIMONA YENNY";"APOYO ADMINISTRATIVO";"22";"TECNICO NIVEL SUPERIOR ENFERMERIA";"Región Metropolitana de Santiago";"(203)(204)";"$ 876.810";"$ 744.802";"$ 0";"$ 14.372";"No";"No tiene";"No tiene";"No tiene";"01/01/2025";"31/08/2025";"No informa";"REMUNERACION JUN.2025+BONO ESCOLAR CUOTA 06/2025";
"2025";"Junio";"Administrativo";"MUÑOZ NEIRA, CAROLINA ANDREA";"Apoyo Administrativo";"16";"ADMINISTRATIVO";"Región Metropolitana de Santiago";"(186)";"$ 1.262.147";"$ 936.411";"$ 0";"$ 292.443";"Sí";"$ 23.809 : 5,00 hrs";"$ 102.855 : 18,00 hrs";"No tiene";"01/01/2025";"31/12/2025";"No informa";"Sin observaciones";
"2025";"Junio";"Administrativo";"MUÑOZ OLGUIN, MARIA SOLEDAD";"Apoyo Administrativo";"21";"ADMINISTRATIVO";"Región Metropolitana de Santiago";"(186)";"$ 796.266";"$ 593.160";"$ 0";"$ 152.916";"No";"No tiene";"No tiene";"No tiene";"01/01/2025";"31/12/2025";"No informa";"Sin observaciones";
"2025";"Junio";"Técnico";"MUÑOZ ORELLANA, ISABEL MARGARITA";"Atencion Clinica";"21";"TECNICO NIVEL SUPERIOR ENFERMERIA";"Región Metropolitana de Santiago";"(186)";"$ 806.687";"$ 614.174";"$ 0";"$ 126.975";"No";"No tiene";"No tiene";"No tiene";"01/01/2025";"31/12/2025";"No informa";"Sin observaciones";
"2025";"Junio";"Auxiliar";"MUÑOZ OTTH, CRISTIAN MANUEL";"Chofer";"17";"AUXILIAR";"Región Metropolitana de Santiago";"(186)";"$ 1.125.644";"$ 979.811";"$ 0";"$ 202.830";"Sí";"$ 186.836 : 40,00 hrs";"$ 112.101 : 20,00 hrs";"No tiene";"01/01/2025";"31/12/2025";"No informa";"REMUNERACION JUNIO 2025+PAGO LEY 19490-19937 CUOTA JUNIO";
"2025";"Junio";"Administrativo";"MUÑOZ OTTH, GLORIA MYRIAM";"Secretaria";"13";"ADMINISTRATIVO";"Región Metropolitana de Santiago";"(186)";"$ 1.762.820";"$ 1.417.390";"$ 0";"$ 425.298";"No";"No tiene";"No tiene";"No tiene";"01/01/2025";"31/12/2025";"No informa";"REMUNERACION JUNIO 2025+PAGO LEY 19490-19937 CUOTA JUNIO";
"2025";"Junio";"Técnico";"MUÑOZ PAREDES, PABLO ANDRES";"Atencion Clinica";"21";"TECNICO NIVEL SUPERIOR ENFERMERIA";"Región Metropolitana de Santiago";"(186)";"$ 806.687";"$ 620.323";"$ 0";"$ 126.975";"No";"No tiene";"No tiene";"No tiene";"01/01/2025";"22/06/2025";"No informa";"Sin observaciones";
"2025";"Junio";"Médicos cirujanos, farmacéuticos, químico-farmacéuticos, bioquímicos, cirujano-dentistas";"MUÑOZ PARRA, JAIME ANDRES";"Atencion Odontologica";"44 Hrs.";"CIRUJANO DENTISTA";"Región Metropolitana de Santiago";"(188)(86)(186)";"$ 5.275.555";"$ 4.327.349";"$ 0";"$ 0";"No";"No tiene";"No tiene";"No tiene";"01/01/2025";"31/12/2025";"No informa";"Sin observaciones";
"2025";"Junio";"Profesional";"MUÑOZ RIVEROS, LUIS ANDRES";"Apoyo Administrativo";"9";"INGENIERO (A) CONSTRUCTOR";"Región Metropolitana de Santiago";"(01)";"$ 2.459.951";"$ 1.984.157";"$ 0";"$ 153.131";"No";"No tiene";"No tiene";"No tiene";"01/01/2025";"31/12/2025";"No informa";"REMUNERACION JUNIO 2025+PAGO LEY 19937 CUOTA JUNIO 2025";
"2025";"Junio";"Técnico";"MUÑOZ ROSSEL, MARIBEL ANDREA";"Atencion Clinica";"22";"TECNICO NIVEL SUPERIOR ODONTOLOGIA";"Región Metropolitana de Santiago";"(01)";"$ 708.935";"$ 584.304";"$ 0";"$ 0";"No";"No tiene";"No tiene";"No tiene";"01/01/2025";"30/06/2025";"No informa";"Sin observaciones";
"2025";"Junio";"Médicos cirujanos, farmacéuticos, químico-farmacéuticos, bioquímicos, cirujano-dentistas";"MUÑOZ RUBIO, PAULETTE ALEJANDRA";"Atencion Odontologica";"11 Hrs.";"CIRUJANO DENTISTA";"Región Metropolitana de Santiago";"(01)";"$ 472.643";"$ 389.553";"$ 0";"$ 0";"No";"No tiene";"No tiene";"No tiene";"01/01/2025";"30/06/2025";"No informa";"Sin observaciones";
"2025";"Junio";"Médicos cirujanos, farmacéuticos, químico-farmacéuticos, bioquímicos, cirujano-dentistas";"MUÑOZ RUBIO, PAULETTE ALEJANDRA";"Atencion Odontologica";"33 Hrs.";"CIRUJANO DENTISTA";"Región Metropolitana de Santiago";"(01)";"$ 1.417.929";"$ 1.143.472";"$ 0";"$ 0";"No";"No tiene";"No tiene";"No tiene";"01/01/2025";"30/06/2025";"No informa";"Sin observaciones";
"2025";"Junio";"Técnico";"MUÑOZ SALDIVIA, MICHAEL ANDRES";"ATENCION CLINICA";"22";"AUXILIAR PARAMEDICO DE ENFERMERIA";"Región Metropolitana de Santiago";"(202)(204)(186)";"$ 1.385.443";"$ 1.273.924";"$ 0";"$ 124.016";"Sí";"$ 68.236 : 20,00 hrs";"$ 302.969 : 74,00 hrs";"No tiene";"01/01/2025";"31/12/2025";"No informa";"REMUNERACION JUN.2025+PAGO TRIMESTRAL LEY 19.490 Y 19.937 PERIODO 06/2025";
"2025";"Junio";"Técnico";"MUÑOZ VALENZUELA, XIMENA DE LOURDES";"ATENCION CLINICA";"22";"TECNICO NIVEL SUPERIOR ENFERMERIA";"Región Metropolitana de Santiago";"(203)(204)(186)";"$ 877.621";"$ 795.216";"$ 0";"$ 117.689";"No";"No tiene";"No tiene";"No tiene";"01/01/2025";"31/12/2025";"No informa";"REMUNERACION JUN.2025+PAGO TRIMESTRAL LEY 19.490 Y 19.937 PERIODO 06/2025";
"2025";"Junio";"Profesional";"MUÑOZ VEGA, LETICIA CAROLINA";"APOYO ADMINISTRATIVO";"15";"ASISTENTE SOCIAL";"Región Metropolitana de Santiago";"(186)";"$ 1.577.488";"$ 1.721.943";"$ 0";"$ 193.937";"No";"No tiene";"No tiene";"No tiene";"01/01/2025";"31/12/2025";"No informa";"REMUNERACION JUN.2025+PAGO TRIMESTRAL LEY 19.490 Y 19.937 PERIODO 06/2025";
"2025";"Junio";"Médicos cirujanos, farmacéuticos, químico-farmacéuticos, bioquímicos, cirujano-dentistas";"MUÑOZ VENEGAS, DIEGO FELIPE";"Atencion Clinica Medica";"44 Hrs.";"MEDICO CIRUJANO";"Región Metropolitana de Santiago";"(86)(186)";"$ 3.578.912";"$ 2.827.399";"$ 0";"$ 0";"No";"No tiene";"No tiene";"No tiene";"01/01/2025";"11/09/2025";"No informa";"Sin observaciones";
"2025";"Junio";"Técnico";"MUÑOZ VERDUGO, YASNA PAMELA";"ATENCION CLINICA";"22";"TECNICO NIVEL SUPERIOR ENFERMERIA";"Región Metropolitana de Santiago";"(202)(204)(186)";"$ 1.032.838";"$ 864.572";"$ 0";"$ 131.609";"No";"No tiene";"No tiene";"No tiene";"01/01/2025";"31/12/2025";"No informa";"REMUNERACION JUN.2025+PAGO TRIMESTRAL LEY 19.490 Y 19.937 PERIODO 06/2025";
"2025";"Junio";"Auxiliar";"MUÑOZ VIDAL, JUAN CARLOS";"CONDUCTOR";"21";"TECNICO NIVEL SUPERIOR ENFERMERIA";"Región Metropolitana de Santiago";"(205)(202)(204)";"$ 1.508.622";"$ 1.244.310";"$ 0";"$ 167.289";"Sí";"$ 143.412 : 40,00 hrs";"$ 185.001 : 43,00 hrs";"No tiene";"01/01/2025";"31/12/2025";"No informa";"REMUNERACION JUN.2025+BONO ESCOLAR CUOTA 06/2025+PAGO TRIMESTRAL LEY 19.490 Y 19.937 PERIODO 06/2025";
"2025";"Junio";"Médicos cirujanos, farmacéuticos, químico-farmacéuticos, bioquímicos, cirujano-dentistas";"MURA LEAL, CAMILA EUGENIA";"Quimico Farmaceutico";"22 Hrs.";"QUIMICO FARMACEUTICO";"Región Metropolitana de Santiago";"(188)(186)";"$ 2.212.429";"$ 1.897.485";"$ 0";"$ 0";"No";"No tiene";"No tiene";"No tiene";"01/01/2025";"31/12/2025";"No informa";"Sin observaciones";
"2025";"Junio";"Médicos cirujanos, farmacéuticos, químico-farmacéuticos, bioquímicos, cirujano-dentistas";"MURA LEAL, CAMILA EUGENIA";"Quimico Farmaceutico";"22 Hrs.";"QUIMICO FARMACEUTICO";"Región Metropolitana de Santiago";"(188)(186)";"$ 2.212.429";"$ 1.694.009";"$ 0";"$ 0";"No";"No tiene";"No tiene";"No tiene";"01/01/2025";"31/12/2025";"No informa";"Sin observaciones";
"2025";"Junio";"Médicos cirujanos, farmacéuticos, químico-farmacéuticos, bioquímicos, cirujano-dentistas";"MURIEL GONZALEZ, INGEBORTH JOVHANKA";"Atencion Clinica Medica";"11 Hrs.";"MEDICO CIRUJANO";"Región Metropolitana de Santiago";"(188)(186)";"$ 1.092.360";"$ 1.012.476";"$ 0";"$ 0";"No";"No tiene";"No tiene";"No tiene";"01/01/2025";"31/12/2025";"No informa";"Sin observaciones";
"2025";"Junio";"Profesional";"MURILLO HERRERA, RICHARD ESTEBAN";"Apoyo Administrativo";"15";"INGENIERO (A) FINANCIERO";"Región Metropolitana de Santiago";"(186)";"$ 1.808.785";"$ 1.491.297";"$ 0";"$ 90.908";"Sí";"$ 112.087 : 14,00 hrs";"$ 134.505 : 14,00 hrs";"No tiene";"01/01/2025";"31/07/2025";"No informa";"Sin observaciones";
"2025";"Junio";"Profesional";"MUSARE GUERRATY, INES VERONICA";"Atencion Clinica";"16";"ASISTENTE SOCIAL";"Región Metropolitana de Santiago";"(01)";"$ 1.342.691";"$ 1.090.631";"$ 0";"$ 0";"No";"No tiene";"No tiene";"No tiene";"01/01/2025";"30/06/2025";"No informa";"Sin observaciones";
"2025";"Junio";"Profesional";"NAHUEL INGLES, LILIANA LORETO";"Apoyo Administrativo";"7";"TERAPEUTA OCUPACIONAL";"Región Metropolitana de Santiago";"(186)";"$ 3.569.411";"$ 2.690.964";"$ 0";"$ 475.981";"No";"No tiene";"No tiene";"No tiene";"01/01/2025";"31/12/2025";"No informa";"Sin observaciones";
"2025";"Junio";"Profesional";"NAIN CARES, PAMELA DEL CARMEN";"Atencion Clinica";"14";"ASISTENTE SOCIAL";"Región Metropolitana de Santiago";"(186)";"$ 1.924.259";"$ 1.447.438";"$ 0";"$ 231.445";"No";"No tiene";"No tiene";"No tiene";"01/01/2025";"31/12/2025";"No informa";"Sin observaciones";
"2025";"Junio";"Médicos cirujanos, farmacéuticos, químico-farmacéuticos, bioquímicos, cirujano-dentistas";"NALEGACH ARZOLA, CATALINA PAZ";"Atencion Clinica Medica";"44 Hrs.";"MEDICO CIRUJANO";"Región Metropolitana de Santiago";"(86)(186)";"$ 3.397.946";"$ 2.699.318";"$ 0";"$ 0";"No";"No tiene";"No tiene";"No tiene";"01/01/2025";"31/12/2025";"No informa";"Sin observaciones";
"2025";"Junio";"Auxiliar";"NARANJO CARRASCO, LUIS ESTEBAN";"Chofer";"20";"AUXILIAR";"Región Metropolitana de Santiago";"(01)";"$ 710.400";"$ 581.392";"$ 0";"$ 0";"No";"No tiene";"No tiene";"No tiene";"01/03/2025";"30/06/2025";"No informa";"REMUNERACION JUNIO 2025";
"2025";"Junio";"Técnico";"NARANJO QUEZADA, POLLET MARITZA";"Atencion Clinica";"22";"TECNICO NIVEL SUPERIOR ODONTOLOGIA";"Región Metropolitana de Santiago";"(186)";"$ 875.993";"$ 694.972";"$ 0";"$ 117.688";"Sí";"No tiene";"$ 81.174 : 20,00 hrs";"No tiene";"01/01/2025";"31/12/2025";"No informa";"Sin observaciones";
"2025";"Junio";"Profesional";"NAVARRETE ARAVENA, VERONICA EDITH";"Jefe de Departamento";"3";"INGENIERO (A) COMERCIAL";"Región Metropolitana de Santiago";"(186)";"$ 4.131.744";"$ 3.332.883";"$ 0";"$ 1.102.395";"No";"No tiene";"No tiene";"No tiene";"01/01/2025";"31/12/2025";"No informa";"REMUNERACION JUNIO 2025+PAGO LEY 19490-19937 CUOTA JUNIO";
"2025";"Junio";"Auxiliar";"NAVARRETE HERNANDEZ, MARIO ANDRES";"Chofer";"19";"AUXILIAR";"Región Metropolitana de Santiago";"(205)(186)";"$ 1.569.819";"$ 1.290.098";"$ 0";"$ 183.721";"Sí";"$ 116.628 : 28,00 hrs";"$ 454.850 : 91,00 hrs";"No tiene";"01/01/2025";"31/12/2025";"No informa";"Sin observaciones";
"2025";"Junio";"Profesional";"NAVARRETE LASTRA, SAMANTHA SERENA";"Atencion Clinica";"15";"ENFERMERA (O)";"Región Metropolitana de Santiago";"(01)";"$ 1.601.492";"$ 1.274.471";"$ 0";"$ 90.908";"Sí";"$ 47.744 : 6,00 hrs";"No tiene";"No tiene";"01/01/2025";"31/12/2025";"No informa";"Sin observaciones";
"2025";"Junio";"Auxiliar";"NAVARRO MALDONADO, JUAN EDUARDO";"Chofer";"19";"AUXILIAR";"Región Metropolitana de Santiago";"(205)";"$ 1.574.016";"$ 1.218.683";"$ 0";"$ 146.977";"Sí";"$ 92.469 : 23,00 hrs";"$ 723.670 : 150,00 hrs";"No tiene";"01/01/2025";"31/12/2025";"No informa";"Sin observaciones";
"2025";"Junio";"Auxiliar";"NAVARRO SAGAL, JOSE ANTONIO";"CONDUCTOR";"24";"AUXILIAR";"Región Metropolitana de Santiago";"(205)(202)(204)(186)";"$ 936.895";"$ 811.209";"$ 0";"$ 93.823";"No";"No tiene";"No tiene";"No tiene";"01/01/2025";"31/12/2025";"No informa";"REMUNERACION JUN.2025+PAGO TRIMESTRAL LEY 19.937 PERIODO 06/2025";
"2025";"Junio";"Médicos cirujanos, farmacéuticos, químico-farmacéuticos, bioquímicos, cirujano-dentistas";"NAVARRO SEPULVEDA, MARCIA DANIELA";"CIRUGIA GENERAL";"28 Hrs.";"MEDICO CIRUJANO";"Región Metropolitana de Santiago";"(194)(193)(198)";"$ 2.439.703";"$ 2.182.841";"$ 0";"$ 117.240";"No";"No tiene";"No tiene";"No tiene";"01/01/2025";"31/12/2025";"No informa";"REMUNERACION JUN.2025+PAGO TRIMESTRAL LEY 20.707 PERIODO 06/2025";
"2025";"Junio";"Técnico";"NEIRA ECHEVERRIA, CRISTIAN JAVIER";"ATENCION CLINICA";"22";"TECNICO NIVEL SUPERIOR ENFERMERIA";"Región Metropolitana de Santiago";"(01)";"$ 523.720";"$ 523.720";"$ 0";"$ 0";"Sí";"$ 132.924 : 40,00 hrs";"$ 390.796 : 98,00 hrs";"No tiene";"01/05/2025";"31/05/2025";"No informa";"PAGO HORAS EXTRAS JUN.2025 (40D - 98F)";
"2025";"Junio";"Administrativo";"NEIRA HERRERA, JORGE ORLANDO";"Apoyo Administrativo";"19";"TECNICO NIVEL MEDIO CONTABILIDAD";"Región Metropolitana de Santiago";"(186)";"$ 931.598";"$ 798.410";"$ 0";"$ 135.302";"Sí";"$ 121.698 : 30,00 hrs";"$ 87.623 : 18,00 hrs";"No tiene";"01/01/2025";"31/12/2025";"No informa";"REMUNERACION JUNIO 2025+PAGO LEY 19937 CUOTA JUNIO 2025";
"2025";"Junio";"Profesional";"NEIRA MOLINA, NATALIA ISADORA";"Apoyo Administrativo";"10";"PSICOLOGO (A)";"Región Metropolitana de Santiago";"(186)";"$ 2.268.933";"$ 1.833.479";"$ 0";"$ 238.333";"No";"No tiene";"No tiene";"No tiene";"01/01/2025";"31/12/2025";"No informa";"REMUNERACION JUNIO 2025+PAGO LEY 19490-19937 CUOTA JUNIO";
"2025";"Junio";"Administrativo";"NEIRA YAÑEZ, INES DEL CAMEN";"Apoyo Administrativo";"22";"ADMINISTRATIVO";"Región Metropolitana de Santiago";"(186)";"$ 744.163";"$ 673.686";"$ 0";"$ 131.608";"No";"No tiene";"No tiene";"No tiene";"01/01/2025";"31/12/2025";"No informa";"Sin observaciones";
"2025";"Junio";"Profesional";"NOCHES MIRANDA, ROMINA VARINYA";"Atencion Clinica";"15";"PSICOLOGO (A)";"Región Metropolitana de Santiago";"(186)";"$ 1.724.244";"$ 1.362.122";"$ 0";"$ 154.543";"No";"No tiene";"No tiene";"No tiene";"01/01/2025";"31/12/2025";"No informa";"Sin observaciones";
"2025";"Junio";"Profesional";"NORAMBUENA CANALES, CRISTOFER IGNACIO";"Atencion Clinica";"15";"FONOAUDIOLOGO (A)";"Región Metropolitana de Santiago";"(01)";"$ 1.462.453";"$ 1.182.210";"$ 0";"$ 0";"No";"No tiene";"No tiene";"No tiene";"01/02/2025";"30/06/2025";"No informa";"Sin observaciones";
"2025";"Junio";"Administrativo";"NORAMBUENA LEIVA, BERNARDITA ALEJANDRA";"Apoyo Administrativo";"16";"INGENIERO (A) EN RECURSOS HUMANOS";"Región Metropolitana de Santiago";"(186)";"$ 1.766.266";"$ 1.314.414";"$ 0";"$ 304.264";"Sí";"$ 126.775 : 18,00 hrs";"No tiene";"No tiene";"01/01/2025";"31/12/2025";"No informa";"Sin observaciones";
"2025";"Junio";"Profesional";"NORAMBUENA MOYANO, PATRICIA ARLETTE";"ATENCION CLINICA";"11";"KINESIOLOGO (A)";"Región Metropolitana de Santiago";"(203)(201)(204)(186)";"$ 3.344.401";"$ 4.398.899";"$ 0";"$ 738.716";"No";"No tiene";"No tiene";"No tiene";"01/01/2025";"30/06/2025";"No informa";"REMUNERACION JUN.2025 + BONO ENF. Y OTROS PROF+PAGO TRIMESTRAL LEY 19.490 Y 19.937 PERIODO 06/2025";
"2025";"Junio";"Técnico";"NORAMBUENA VARGAS, FERNANDA ANDREA";"Atencion Clinica";"22";"TECNICO NIVEL SUPERIOR ENFERMERIA";"Región Metropolitana de Santiago";"(186)";"$ 794.819";"$ 606.696";"$ 0";"$ 117.688";"No";"No tiene";"No tiene";"No tiene";"01/01/2025";"31/12/2025";"No informa";"Sin observaciones";
"2025";"Junio";"Médicos cirujanos, farmacéuticos, químico-farmacéuticos, bioquímicos, cirujano-dentistas";"NOVOA ALFARO, ENRIQUE JESUS";"Quimico Farmaceutico";"44 Hrs.";"QUIMICO FARMACEUTICO";"Región Metropolitana de Santiago";"(86)(186)";"$ 6.425.922";"$ 5.229.213";"$ 0";"$ 0";"No";"No tiene";"No tiene";"No tiene";"01/01/2025";"31/12/2025";"No informa";"Sin observaciones";
"2025";"Junio";"Técnico";"NUÑEZ ESPINOZA, MELANY CATALINA";"Atencion Clinica";"22";"TECNICO NIVEL MEDIO ENFERMERIA";"Región Metropolitana de Santiago";"(01)";"$ 708.935";"$ 584.942";"$ 0";"$ 0";"No";"No tiene";"No tiene";"No tiene";"01/01/2025";"31/07/2025";"No informa";"Sin observaciones";
"2025";"Junio";"Administrativo";"NUÑEZ FLORES, KARINA SOLEDAD";"Apoyo Administrativo";"22";"ADMINISTRATIVO";"Región Metropolitana de Santiago";"(186)";"$ 725.659";"$ 548.441";"$ 0";"$ 117.688";"No";"No tiene";"No tiene";"No tiene";"01/01/2025";"31/12/2025";"No informa";"Sin observaciones";
"2025";"Junio";"Administrativo";"NUÑEZ PIZARRO, JULIO ALEJANDRO";"Apoyo Administrativo";"21";"ADMINISTRATIVO";"Región Metropolitana de Santiago";"(186)";"$ 882.006";"$ 677.891";"$ 0";"$ 152.916";"Sí";"$ 58.378 : 16,00 hrs";"$ 21.891 : 5,00 hrs";"No tiene";"01/01/2025";"31/12/2025";"No informa";"Sin observaciones";
"2025";"Junio";"Profesional";"NUÑEZ ROJAS, CONSTANZA FRANCISCA";"Apoyo Administrativo";"10";"ADMINISTRADOR (A) PUBLICO";"Región Metropolitana de Santiago";"(186)";"$ 2.268.933";"$ 1.813.664";"$ 0";"$ 299.084";"No";"No tiene";"No tiene";"No tiene";"01/01/2025";"31/12/2025";"No informa";"REMUNERACION JUNIO 2025+PAGO LEY 19490-19937 CUOTA JUNIO+BONO ESCOLAR CUOTA JUNIO 2025";
"2025";"Junio";"Administrativo";"NUÑEZ VEGA, LISBET ANAHI BERENICE";"APOYO ADMINISTRATIVO";"22";"ADMINISTRATIVO";"Región Metropolitana de Santiago";"(186)";"$ 625.030";"$ 726.972";"$ 0";"$ 117.689";"No";"No tiene";"No tiene";"No tiene";"01/01/2025";"31/12/2025";"No informa";"REMUNERACION JUN.2025+PAGO TRIMESTRAL LEY 19.490 Y 19.937 PERIODO 06/2025";
"2025";"Junio";"Técnico";"OBREGON HERNANDEZ, FRANCISCO JAVIER";"Apoyo Administrativo";"12";"TECNICO NIVEL MEDIO INFORMATICA";"Región Metropolitana de Santiago";"(186)";"$ 1.922.254";"$ 1.543.611";"$ 0";"$ 398.528";"No";"No tiene";"No tiene";"No tiene";"01/01/2025";"31/12/2025";"No informa";"REMUNERACION JUNIO 2025+PAGO LEY 19490-19937 CUOTA JUNIO";
"2025";"Junio";"Médicos cirujanos, farmacéuticos, químico-farmacéuticos, bioquímicos, cirujano-dentistas";"OCAÑA LOPEZ, ROCIO DEL PILAR";"Atencion Clinica Medica";"33 Hrs.";"MEDICO CIRUJANO";"Región Metropolitana de Santiago";"(188)(186)";"$ 3.688.910";"$ 2.928.597";"$ 0";"$ 0";"No";"No tiene";"No tiene";"No tiene";"01/01/2025";"31/12/2025";"No informa";"Sin observaciones";
"2025";"Junio";"Profesional";"OCARANZA CACERES, JENNYFER CAROLINA";"Atencion Clinica";"15";"TRABAJADOR (A) SOCIAL";"Región Metropolitana de Santiago";"(186)";"$ 1.724.244";"$ 1.337.030";"$ 0";"$ 154.543";"No";"No tiene";"No tiene";"No tiene";"01/01/2025";"31/12/2025";"No informa";"Sin observaciones";
"2025";"Junio";"Profesional";"OCARANZA VASQUEZ, PAULA ANDREA";"Apoyo Administrativo";"8";"ENFERMERA (O)";"Región Metropolitana de Santiago";"(186)";"$ 2.824.877";"$ 2.243.756";"$ 0";"$ 445.120";"No";"No tiene";"No tiene";"No tiene";"01/01/2025";"31/12/2025";"No informa";"REMUNERACION JUNIO 2025+PAGO LEY 19490-19937 CUOTA JUNIO";
"2025";"Junio";"Médicos cirujanos, farmacéuticos, químico-farmacéuticos, bioquímicos, cirujano-dentistas";"OJEDA CONTRERAS, VALENTINA FERNANDA";"Atencion Clinica Medica";"44 Hrs.";"MEDICO CIRUJANO";"Región Metropolitana de Santiago";"(86)(186)";"$ 4.477.445";"$ 3.665.589";"$ 0";"$ 0";"Sí";"$ 231.660 : 20,00 hrs";"$ 847.839 : 61,00 hrs";"No tiene";"01/01/2025";"31/12/2025";"No informa";"Sin observaciones";
"2025";"Junio";"Administrativo";"OJEDA GONZALEZ, SOLEDAD CONSUELO";"Apoyo Administrativo";"21";"PROFESOR (A)";"Región Metropolitana de Santiago";"(186)";"$ 1.096.637";"$ 828.655";"$ 0";"$ 187.025";"Sí";"$ 12.239 : 3,00 hrs";"No tiene";"No tiene";"01/01/2025";"31/12/2025";"No informa";"Sin observaciones";
"2025";"Junio";"Técnico";"OJEDA MENDOZA, CRISTOPHER ALEJANDRO";"ATENCION CLINICA";"22";"TECNICO NIVEL SUPERIOR ENFERMERIA";"Región Metropolitana de Santiago";"(202)(204)(186)";"$ 1.418.317";"$ 1.511.504";"$ 0";"$ 141.734";"Sí";"$ 137.655 : 40,00 hrs";"$ 231.261 : 56,00 hrs";"No tiene";"01/01/2025";"31/12/2025";"No informa";"REMUNERACION JUN.2025+PAGO TRIMESTRAL LEY 19.490 Y 19.937 PERIODO 06/2025";
"2025";"Junio";"Médicos cirujanos, farmacéuticos, químico-farmacéuticos, bioquímicos, cirujano-dentistas";"OJEDA REINO, MARIA JOSE";"Atencion Clinica Medica";"44 Hrs.";"MEDICO CIRUJANO";"Región Metropolitana de Santiago";"(86)";"$ 2.948.378";"$ 2.341.312";"$ 0";"$ 0";"No";"No tiene";"No tiene";"No tiene";"01/01/2025";"31/12/2025";"No informa";"Sin observaciones";
"2025";"Junio";"Profesional";"OJEDA ZAMORANO, VICENTE HERIBERTO";"Apoyo Administrativo";"8";"TECNOLOGO (A) EN INFORMATICA BIOMEDICA";"Región Metropolitana de Santiago";"(186)";"$ 2.781.454";"$ 2.214.837";"$ 0";"$ 489.632";"No";"No tiene";"No tiene";"No tiene";"01/01/2025";"31/12/2025";"No informa";"REMUNERACION JUNIO 2025+PAGO LEY 19490-19937 CUOTA JUNIO";
"2025";"Junio";"Profesional";"OLATE SAAVEDRA, NICOLE ANDREA";"Atencion Clinica";"13";"ENFERMERA (O)";"Región Metropolitana de Santiago";"(01)";"$ 2.334.093";"$ 1.866.299";"$ 0";"$ 184.025";"Sí";"$ 198.983 : 21,00 hrs";"$ 125.075 : 11,00 hrs";"No tiene";"01/01/2025";"31/12/2025";"No informa";"Sin observaciones";
"2025";"Junio";"Técnico";"OLAVARRIA MAYORGA, PAMELA DEL CARMEN";"Atencion Clinica";"20";"TECNICO NIVEL SUPERIOR ENFERMERIA";"Región Metropolitana de Santiago";"(186)";"$ 871.573";"$ 653.513";"$ 0";"$ 161.318";"No";"No tiene";"No tiene";"No tiene";"01/01/2025";"31/12/2025";"No informa";"Sin observaciones";
"2025";"Junio";"Administrativo";"OLEA GAETE, ROSA HORTENSIA";"Apoyo Administrativo";"22";"ADMINISTRATIVO";"Región Metropolitana de Santiago";"(186)";"$ 629.554";"$ 516.916";"$ 0";"$ 142.336";"No";"No tiene";"No tiene";"No tiene";"01/01/2025";"31/12/2025";"No informa";"REMUNERACION JUNIO 2025+PAGO LEY 19490-19937 CUOTA JUNIO+BONO ESCOLAR CUOTA JUNIO 2025";
"2025";"Junio";"Médicos cirujanos, farmacéuticos, químico-farmacéuticos, bioquímicos, cirujano-dentistas";"OLGUIN FUENTEALBA, FABIOLA BEATRIZ";"Atencion Clinica Medica";"44 Hrs.";"MEDICO CIRUJANO";"Región Metropolitana de Santiago";"(86)(186)";"$ 3.397.946";"$ 2.699.039";"$ 0";"$ 0";"No";"No tiene";"No tiene";"No tiene";"01/01/2025";"31/12/2025";"No informa";"Sin observaciones";
"2025";"Junio";"Médicos cirujanos, farmacéuticos, químico-farmacéuticos, bioquímicos, cirujano-dentistas";"OLIVA FUENTEALBA, MIRTHA PAMELA";"Atencion Clinica Medica";"44 Hrs.";"MEDICO CIRUJANO";"Región Metropolitana de Santiago";"(86)(188)(86)(186)";"$ 6.068.912";"$ 4.664.794";"$ 0";"$ 0";"No";"No tiene";"No tiene";"No tiene";"01/01/2025";"31/12/2025";"No informa";"Sin observaciones";
"2025";"Junio";"Profesional";"OLIVA GONZALEZ, ROBERTO ENRIQUE";"Atencion Clinica";"16";"MATRON (A)";"Región Metropolitana de Santiago";"(186)";"$ 1.516.762";"$ 1.174.771";"$ 0";"$ 149.978";"No";"No tiene";"No tiene";"No tiene";"01/01/2025";"31/12/2025";"No informa";"Sin observaciones";
"2025";"Junio";"Médicos cirujanos, farmacéuticos, químico-farmacéuticos, bioquímicos, cirujano-dentistas";"OLIVARES PEMJEAN, ARTURO LINDOR";"Medicina Interna";"11 Hrs.";"MEDICO CIRUJANO";"Región Metropolitana de Santiago";"(186)";"$ 1.211.364";"$ 1.155.596";"$ 0";"$ 0";"No";"No tiene";"No tiene";"No tiene";"01/01/2025";"31/12/2025";"No informa";"REMUNERACION JUNIO 2025";
"2025";"Junio";"Médicos cirujanos, farmacéuticos, químico-farmacéuticos, bioquímicos, cirujano-dentistas";"OLIVARES PEMJEAN, ARTURO LINDOR";"Medicina Interna";"11 Hrs.";"MEDICO CIRUJANO";"Región Metropolitana de Santiago";"(86)(186)";"$ 1.343.590";"$ 1.281.734";"$ 0";"$ 0";"No";"No tiene";"No tiene";"No tiene";"01/01/2025";"31/12/2025";"No informa";"REMUNERACION JUNIO 2025";
"2025";"Junio";"Médicos cirujanos, farmacéuticos, químico-farmacéuticos, bioquímicos, cirujano-dentistas";"OLIVARES PEMJEAN, ARTURO LINDOR";"Medicina Interna";"22 Hrs.";"MEDICO CIRUJANO";"Región Metropolitana de Santiago";"(86)(186)";"$ 2.687.180";"$ 2.179.550";"$ 0";"$ 0";"No";"No tiene";"No tiene";"No tiene";"01/01/2025";"31/12/2025";"No informa";"REMUNERACION JUNIO 2025";
"2025";"Junio";"Profesional";"OLIVARES PINO, SERGIO JOSE";"Atencion Clinica";"15";"PSICOLOGO (A)";"Región Metropolitana de Santiago";"(01)";"$ 1.626.784";"$ 1.275.065";"$ 0";"$ 163.634";"No";"No tiene";"No tiene";"No tiene";"01/01/2025";"31/12/2025";"No informa";"Sin observaciones";
"2025";"Junio";"Administrativo";"OLIVAREZ RAMIREZ, GISSELLE ANGELICA";"Apoyo Administrativo";"22";"ADMINISTRATIVO";"Región Metropolitana de Santiago";"(186)";"$ 739.639";"$ 554.718";"$ 0";"$ 131.608";"No";"No tiene";"No tiene";"No tiene";"01/01/2025";"31/12/2025";"No informa";"Sin observaciones";
"2025";"Junio";"Profesional";"OÑATE CHAVEZ, ANDREA PATRICIA";"Atencion Clinica";"16";"ENFERMERA (O)";"Región Metropolitana de Santiago";"(186)";"$ 1.678.880";"$ 1.309.055";"$ 0";"$ 141.646";"Sí";"No tiene";"$ 88.605 : 10,00 hrs";"No tiene";"01/01/2025";"31/12/2025";"No informa";"Sin observaciones";
"2025";"Junio";"Técnico";"OÑATE RIVEROS, CAMILA LISENIA";"Atencion Clinica";"22";"TECNICO NIVEL SUPERIOR ENFERMERIA";"Región Metropolitana de Santiago";"(01)";"$ 708.935";"$ 584.304";"$ 0";"$ 0";"No";"No tiene";"No tiene";"No tiene";"01/02/2025";"30/06/2025";"No informa";"Sin observaciones";
"2025";"Junio";"Profesional";"OPAZO TORREJON, MARIA FERNANDA";"ATENCION CLINICA";"13";"ENFERMERA (O)";"Región Metropolitana de Santiago";"(203)(204)(186)";"$ 3.597.170";"$ 3.486.030";"$ 0";"$ 274.233";"Sí";"$ 295.503 : 31,00 hrs";"$ 594.818 : 52,00 hrs";"No tiene";"01/01/2025";"31/12/2025";"No informa";"REMUNERACION JUN.2025 + BONO ENF. Y OTROS PROF+PAGO TRIMESTRAL LEY 19.490 Y 19.937 PERIODO 06/2025";
"2025";"Junio";"Técnico";"OPAZO TRUJILLO, LISSETTE VALERIA";"Atencion Clinica";"22";"TECNICO NIVEL SUPERIOR ENFERMERIA";"Región Metropolitana de Santiago";"(186)";"$ 790.296";"$ 601.152";"$ 0";"$ 117.688";"No";"No tiene";"No tiene";"No tiene";"01/01/2025";"31/12/2025";"No informa";"Sin observaciones";
"2025";"Junio";"Profesional";"OPORTO GONZALEZ, MARCELO SEBASTIAN";"Apoyo Logistico";"15";"BIOQUIMICO (A)";"Región Metropolitana de Santiago";"(01)";"$ 1.745.737";"$ 1.466.236";"$ 0";"$ 0";"Sí";"$ 159.148 : 20,00 hrs";"$ 124.136 : 13,00 hrs";"No tiene";"01/01/2025";"31/07/2025";"No informa";"Sin observaciones";
"2025";"Junio";"Profesional";"OPORTO GONZALEZ, TRINIDAD DEL CARMEN";"Jefe de Unidad";"10";"PSICOLOGO (A)";"Región Metropolitana de Santiago";"(186)";"$ 2.507.266";"$ 1.902.352";"$ 0";"$ 237.322";"No";"No tiene";"No tiene";"No tiene";"01/01/2025";"31/12/2025";"No informa";"Sin observaciones";
"2025";"Junio";"Médicos cirujanos, farmacéuticos, químico-farmacéuticos, bioquímicos, cirujano-dentistas";"ORCHARD MEYER RACHNER, MICHAEL ALEXANDER";"Atencion Odontologica";"22 Hrs.";"CIRUJANO DENTISTA";"Región Metropolitana de Santiago";"(01)";"$ 945.285";"$ 945.285";"$ 0";"$ 0";"No";"No tiene";"No tiene";"No tiene";"20/03/2025";"13/09/2025";"No informa";"Sin observaciones";
"2025";"Junio";"Administrativo";"ORELLANA BARRA, ANA MARIA";"Apoyo Administrativo";"22";"ADMINISTRATIVO";"Región Metropolitana de Santiago";"(186)";"$ 721.136";"$ 544.752";"$ 0";"$ 117.688";"No";"No tiene";"No tiene";"No tiene";"01/01/2025";"31/12/2025";"No informa";"Sin observaciones";
"2025";"Junio";"Técnico";"ORELLANA CAMPOS, MARIA JOSE";"Atencion Clinica";"21";"TECNICO NIVEL SUPERIOR ENFERMERIA";"Región Metropolitana de Santiago";"(01)";"$ 788.888";"$ 608.976";"$ 0";"$ 120.148";"No";"No tiene";"No tiene";"No tiene";"01/01/2025";"31/12/2025";"No informa";"Sin observaciones";
"2025";"Junio";"Médicos cirujanos, farmacéuticos, químico-farmacéuticos, bioquímicos, cirujano-dentistas";"ORELLANA CONTRERAS, ANDREA VERONICA";"Atencion Odontologica";"11 Hrs.";"CIRUJANO DENTISTA";"Región Metropolitana de Santiago";"(186)";"$ 1.014.770";"$ 858.244";"$ 0";"$ 0";"No";"No tiene";"No tiene";"No tiene";"01/01/2025";"30/06/2025";"No informa";"Sin observaciones";
"2025";"Junio";"Médicos cirujanos, farmacéuticos, químico-farmacéuticos, bioquímicos, cirujano-dentistas";"ORELLANA CONTRERAS, ANDREA VERONICA";"Atencion Odontologica";"33 Hrs.";"CIRUJANO DENTISTA";"Región Metropolitana de Santiago";"(186)";"$ 3.044.231";"$ 2.419.717";"$ 0";"$ 0";"No";"No tiene";"No tiene";"No tiene";"01/01/2025";"31/12/2025";"No informa";"Sin observaciones";
"2025";"Junio";"Técnico";"ORELLANA FARIÑA, DANIELA CATALINA BELEN";"Atencion Clinica";"22";"TECNICO NIVEL SUPERIOR ENFERMERIA";"Región Metropolitana de Santiago";"(186)";"$ 1.049.922";"$ 806.810";"$ 0";"$ 144.708";"No";"No tiene";"No tiene";"No tiene";"01/01/2025";"30/06/2025";"No informa";"Sin observaciones";
"2025";"Junio";"Profesional";"ORELLANA SOBARZO, CLAUDIA ALEJANDRA";"Apoyo Administrativo";"8";"ENFERMERA (O)";"Región Metropolitana de Santiago";"(186)";"$ 2.824.877";"$ 2.245.510";"$ 0";"$ 534.144";"No";"No tiene";"No tiene";"No tiene";"01/01/2025";"31/12/2025";"No informa";"REMUNERACION JUNIO 2025+PAGO LEY 19490-19937 CUOTA JUNIO";
"2025";"Junio";"Técnico";"ORELLANA TRONCOSO, MARIA LUISA";"Atencion Clinica";"22";"TECNICO NIVEL SUPERIOR ENFERMERIA";"Región Metropolitana de Santiago";"(186)";"$ 823.490";"$ 628.992";"$ 0";"$ 141.733";"No";"No tiene";"No tiene";"No tiene";"01/01/2025";"31/12/2025";"No informa";"Sin observaciones";
"2025";"Junio";"Profesional";"ORELLANA VAN HASSELT, MAGDALENA ESTER";"Atencion Clinica";"15";"TERAPEUTA OCUPACIONAL";"Región Metropolitana de Santiago";"(186)";"$ 1.861.340";"$ 1.466.004";"$ 0";"$ 187.877";"Sí";"$ 144.992 : 18,00 hrs";"$ 48.330 : 5,00 hrs";"No tiene";"01/01/2025";"31/12/2025";"No informa";"Sin observaciones";
"2025";"Junio";"Técnico";"ORELLANA VERAGUA, MAURO JOSE";"Atencion Clinica";"22";"TECNICO NIVEL SUPERIOR ENFERMERIA";"Región Metropolitana de Santiago";"(01)";"$ 603.625";"$ 497.508";"$ 0";"$ 0";"No";"No tiene";"No tiene";"No tiene";"03/06/2025";"28/06/2025";"No informa";"Sin observaciones";
"2025";"Junio";"Administrativo";"ORMAZABAL VIDAL, JORGE MARCELO";"Apoyo Administrativo";"21";"INGENIERO (A) EN RECURSOS HUMANOS";"Región Metropolitana de Santiago";"(186)";"$ 1.101.302";"$ 830.914";"$ 0";"$ 194.219";"No";"No tiene";"No tiene";"No tiene";"01/01/2025";"31/12/2025";"No informa";"Sin observaciones";
"2025";"Junio";"Profesional";"ORTEGA AVILA, ANTONIA SARIAH";"GESTION MATERIAS RELACIONADAS CON EMERGENCIAS Y CATASTROFES S.S.M.C.";"10";"ENFERMERA (O)";"Región Metropolitana de Santiago";"(01)";"$ 2.256.523";"$ 1.822.879";"$ 0";"$ 0";"No";"No tiene";"No tiene";"No tiene";"07/08/2024";"31/12/2025";"No informa";"REMUNERACION JUNIO 2025";
"2025";"Junio";"Técnico";"ORTEGA BELTRAN, ANNIE ELIZABETH";"Atencion Clinica";"22";"TECNICO NIVEL SUPERIOR ENFERMERIA";"Región Metropolitana de Santiago";"(186)";"$ 783.942";"$ 600.112";"$ 0";"$ 111.361";"No";"No tiene";"No tiene";"No tiene";"01/01/2025";"31/12/2025";"No informa";"Sin observaciones";
"2025";"Junio";"Profesional";"ORTEGA CONTRERAS, KATHERINE PAULETTE";"Atencion Clinica";"16";"PSICOLOGO (A)";"Región Metropolitana de Santiago";"(01)";"$ 1.342.691";"$ 1.100.685";"$ 0";"$ 0";"No";"No tiene";"No tiene";"No tiene";"01/01/2025";"30/06/2025";"No informa";"Sin observaciones";
"2025";"Junio";"Auxiliar";"ORTIZ MARIÑAN, JONATHAN JAIME";"Chofer";"19";"AUXILIAR";"Región Metropolitana de Santiago";"(205)(202)";"$ 1.730.811";"$ 1.378.118";"$ 0";"$ 171.473";"Sí";"$ 40.204 : 10,00 hrs";"$ 299.117 : 62,00 hrs";"No tiene";"01/01/2025";"31/12/2025";"No informa";"Sin observaciones";
"2025";"Junio";"Técnico";"ORTIZ PASTENE, PAULA ANDREA";"ATENCION CLINICA";"21";"ENFERMERA (O)";"Región Metropolitana de Santiago";"(203)(204)(186)";"$ 1.304.659";"$ 1.354.612";"$ 0";"$ 230.171";"Sí";"$ 8.349 : 2,00 hrs";"$ 55.103 : 11,00 hrs";"No tiene";"01/01/2025";"31/12/2025";"No informa";"REMUNERACION JUN.2025+BONO ESCOLAR CUOTA 06/2025+PAGO TRIMESTRAL LEY 19.490 Y 19.937 PERIODO 06/2025+REGULARIZA PAGO HORAS EXTRAS MAY.2025 (02D - 11F)";
"2025";"Junio";"Técnico";"ORTIZ RAMIREZ, SEBASTIAN IGNACIO";"ATENCION CLINICA";"22";"TECNICO NIVEL SUPERIOR ENFERMERIA";"Región Metropolitana de Santiago";"(202)(204)(186)";"$ 1.049.401";"$ 1.002.103";"$ 0";"$ 141.734";"No";"No tiene";"No tiene";"No tiene";"01/01/2025";"31/12/2025";"No informa";"REMUNERACION JUN.2025+PAGO TRIMESTRAL LEY 19.490 Y 19.937 PERIODO 06/2025";
"2025";"Junio";"Auxiliar";"ORTIZ ROJAS, DAVID ANTONIO";"CONDUCTOR";"21";"AUXILIAR";"Región Metropolitana de Santiago";"(205)(202)(204)";"$ 1.140.971";"$ 1.306.940";"$ 0";"$ 191.145";"No";"No tiene";"No tiene";"No tiene";"01/01/2025";"31/12/2025";"No informa";"REMUNERACION JUN.2025+PAGO TRIMESTRAL LEY 19.490 Y 19.937 PERIODO 06/2025";
"2025";"Junio";"Profesional";"ORTIZ TORRES, EDITH ELIZABETH";"APOYO ADMINISTRATIVO";"7";"CONTADOR (A) PUBLICO (A) AUDITOR";"Región Metropolitana de Santiago";"(186)";"$ 2.825.489";"$ 3.503.494";"$ 0";"$ 488.186";"No";"No tiene";"No tiene";"No tiene";"01/01/2025";"31/12/2025";"No informa";"REMUNERACION JUN.2025+PAGO TRIMESTRAL LEY 19.490 Y 19.937 PERIODO 06/2025";
"2025";"Junio";"Profesional";"ORZEGOW TRZEWIK, ANDREA MIRIAM";"Apoyo Administrativo";"9";"PERIODISTA";"Región Metropolitana de Santiago";"(186)";"$ 2.589.853";"$ 2.071.565";"$ 0";"$ 398.140";"No";"No tiene";"No tiene";"No tiene";"01/01/2025";"31/12/2025";"No informa";"REMUNERACION JUNIO 2025+PAGO LEY 19490-19937 CUOTA JUNIO";
"2025";"Junio";"Técnico";"OSORES BARACATT, SILVIA ANGELICA";"ATENCION CLINICA";"22";"TECNICO NIVEL SUPERIOR ENFERMERIA";"Región Metropolitana de Santiago";"(202)(204)(186)";"$ 1.032.838";"$ 1.126.388";"$ 0";"$ 124.016";"No";"No tiene";"No tiene";"No tiene";"01/01/2025";"31/12/2025";"No informa";"REMUNERACION JUN.2025+PAGO TRIMESTRAL LEY 19.490 Y 19.937 PERIODO 06/2025";
"2025";"Junio";"Auxiliar";"OSORIO MOYA, EDUARDO CLAUDIO";"CONDUCTOR";"22";"AUXILIAR";"Región Metropolitana de Santiago";"(205)(202)(204)";"$ 1.386.630";"$ 1.067.566";"$ 0";"$ 213.381";"Sí";"$ 132.924 : 40,00 hrs";"$ 187.423 : 47,00 hrs";"No tiene";"01/01/2025";"31/12/2025";"No informa";"REMUNERACION JUN.2025+BONO ESCOLAR CUOTA 03/2025+BONO ESCOLAR CUOTA 06/2025+PAGO TRIMESTRAL LEY 19.490 Y 19.937 PERIODO 06/2025";
"2025";"Junio";"Profesional";"OSORIO MUÑOZ, CAMILA ALEJANDRA";"Atencion Clinica";"15";"NUTRICIONISTA";"Región Metropolitana de Santiago";"(01)";"$ 0";"$ 0";"$ 0";"$ 0";"No";"No tiene";"No tiene";"No tiene";"01/01/2025";"31/12/2025";"No informa";"PSGS DESDE 01/03/2025 AL 27/08/2025";
"2025";"Junio";"Técnico";"OSORIO SOTO, IBANIA LISETTE";"ATENCION CLINICA";"21";"TECNICO NIVEL SUPERIOR ENFERMERIA";"Región Metropolitana de Santiago";"(186)";"$ 690.114";"$ 748.231";"$ 0";"$ 85.337";"No";"No tiene";"No tiene";"No tiene";"01/01/2025";"31/12/2025";"No informa";"REMUNERACION JUN.2025+PAGO TRIMESTRAL LEY 19.937 PERIODO 06/2025";
"2025";"Junio";"Técnico";"OSSES CONTRERAS, PAOLA TERESA";"ATENCION CLINICA";"22";"TECNICO NIVEL SUPERIOR ENFERMERIA";"Región Metropolitana de Santiago";"(202)(204)(186)";"$ 1.216.953";"$ 1.150.492";"$ 0";"$ 159.088";"Sí";"$ 94.703 : 28,00 hrs";"$ 81.174 : 20,00 hrs";"No tiene";"01/01/2025";"31/12/2025";"No informa";"REMUNERACION JUN.2025+BONO ESCOLAR CUOTA 06/2025+PAGO TRIMESTRAL LEY 19.490 Y 19.937 PERIODO 06/2025";
"2025";"Junio";"Técnico";"OSSES PARADA, OSVALDO ALFONSO";"Atencion Clinica";"22";"TECNICO NIVEL SUPERIOR ENFERMERIA";"Región Metropolitana de Santiago";"(186)";"$ 813.323";"$ 614.915";"$ 0";"$ 131.608";"No";"No tiene";"No tiene";"No tiene";"01/01/2025";"31/12/2025";"No informa";"Sin observaciones";
"2025";"Junio";"Profesional";"OSSES RODRIGUEZ, FRANCISCO ALEJANDRO";"ATENCION CLINICA";"12";"ENFERMERA (O)";"Región Metropolitana de Santiago";"(01)";"$ 3.349.913";"$ 3.296.147";"$ 0";"$ 344.828";"Sí";"$ 10.536 : 1,00 hrs";"$ 278.150 : 22,00 hrs";"No tiene";"01/01/2025";"31/12/2025";"No informa";"REMUNERACION JUN.2025 + BONO ENF. Y OTROS PROF+PAGO TRIMESTRAL LEY 19.490 Y 19.937 PERIODO 06/2025";
"2025";"Junio";"Técnico";"OTAROLA ACEVEDO, BRISA ESTEFANI";"Atencion Clinica";"21";"TECNICO NIVEL SUPERIOR ENFERMERIA";"Región Metropolitana de Santiago";"(01)";"$ 788.888";"$ 608.976";"$ 0";"$ 120.148";"No";"No tiene";"No tiene";"No tiene";"01/01/2025";"30/06/2025";"No informa";"Sin observaciones";
"2025";"Junio";"Técnico";"OTAROLA ARAYA, CAMILA FERNANDA";"Atencion Clinica";"22";"TECNICO NIVEL SUPERIOR ODONTOLOGIA";"Región Metropolitana de Santiago";"(01)";"$ 779.418";"$ 603.324";"$ 0";"$ 111.361";"No";"No tiene";"No tiene";"No tiene";"01/01/2025";"31/12/2025";"No informa";"Sin observaciones";
"2025";"Junio";"Administrativo";"OTAROLA GUERRERO, NELLY";"Secretaria";"13";"ADMINISTRATIVO";"Región Metropolitana de Santiago";"(186)";"$ 1.762.820";"$ 1.417.221";"$ 0";"$ 772.625";"No";"No tiene";"No tiene";"No tiene";"01/01/2025";"31/12/2025";"No informa";"REMUNERACION JUNIO 2025+PAGO LEY 19490-19937 CUOTA JUNIO+BONO ESCOLAR CUOTA JUNIO 2025";
"2025";"Junio";"Técnico";"OTAROLA PUENTES, KARIME SOLANGE";"Atencion Clinica";"22";"TECNICO NIVEL SUPERIOR ENFERMERIA";"Región Metropolitana de Santiago";"(186)";"$ 783.942";"$ 598.402";"$ 0";"$ 111.361";"No";"No tiene";"No tiene";"No tiene";"01/01/2025";"31/12/2025";"No informa";"Sin observaciones";
"2025";"Junio";"Administrativo";"OTAROLA ULLOA, CAMILA ARACELY";"Apoyo Administrativo";"14";"ADMINISTRATIVO";"Región Metropolitana de Santiago";"(01)";"$ 1.563.539";"$ 1.274.265";"$ 0";"$ 285.714";"No";"No tiene";"No tiene";"No tiene";"01/01/2025";"31/12/2025";"No informa";"REMUNERACION JUNIO 2025+PAGO LEY 19937 CUOTA JUNIO 2025+BONO ESCOLAR CUOTA JUNIO 2025";
"2025";"Junio";"Médicos cirujanos, farmacéuticos, químico-farmacéuticos, bioquímicos, cirujano-dentistas";"OVANDO MELGAR, MARIA JOSE";"Atencion Clinica Medica";"11 Hrs.";"MEDICO CIRUJANO";"Región Metropolitana de Santiago";"(188)(186)";"$ 664.354";"$ 543.707";"$ 0";"$ 0";"No";"No tiene";"No tiene";"No tiene";"01/01/2025";"31/12/2025";"No informa";"Sin observaciones";
"2025";"Junio";"Médicos cirujanos, farmacéuticos, químico-farmacéuticos, bioquímicos, cirujano-dentistas";"OVANDO MELGAR, MARIA JOSE";"Atencion Clinica Medica";"22 Hrs.";"MEDICO CIRUJANO";"Región Metropolitana de Santiago";"(188)(186)";"$ 1.328.708";"$ 1.059.314";"$ 0";"$ 0";"No";"No tiene";"No tiene";"No tiene";"01/01/2025";"31/12/2025";"No informa";"Sin observaciones";
"2025";"Junio";"Profesional";"OYARCE BRIONES, ESTEFANIA NATALY";"Atencion Clinica";"14";"NUTRICIONISTA";"Región Metropolitana de Santiago";"(186)";"$ 2.388.969";"$ 1.937.553";"$ 0";"$ 231.445";"Sí";"$ 296.995 : 34,00 hrs";"$ 167.715 : 16,00 hrs";"No tiene";"01/01/2025";"31/12/2025";"No informa";"Sin observaciones";
"2025";"Junio";"Profesional";"OYARCE GARAY, JOSE LUIS";"Apoyo Administrativo";"11";"PERIODISTA";"Región Metropolitana de Santiago";"(186)";"$ 2.246.949";"$ 1.738.573";"$ 0";"$ 149.451";"No";"No tiene";"No tiene";"No tiene";"01/01/2025";"31/12/2025";"No informa";"Sin observaciones";
"2025";"Junio";"Técnico";"OYARCE VALENZUELA, LIDIA ALEJANDRA";"Atencion Clinica";"20";"AUXILIAR PARAMEDICO DE ODONTOLOGIA";"Región Metropolitana de Santiago";"(186)";"$ 813.090";"$ 615.696";"$ 0";"$ 133.951";"No";"No tiene";"No tiene";"No tiene";"01/01/2025";"31/12/2025";"No informa";"Sin observaciones";
"2025";"Junio";"Profesional";"OYARZO RIOS, IGNACIO MELVIN";"Apoyo Administrativo";"9";"INGENIERO (A) ADMINISTRACION DE EMPRESAS";"Región Metropolitana de Santiago";"(186)";"$ 2.965.663";"$ 2.170.941";"$ 0";"$ 360.874";"No";"No tiene";"No tiene";"No tiene";"01/01/2025";"31/12/2025";"No informa";"Sin observaciones";
"2025";"Junio";"Técnico";"PACHA TOLEDO, CAMILA PAZ";"Atencion Clinica";"21";"TECNICO NIVEL SUPERIOR ENFERMERIA";"Región Metropolitana de Santiago";"(01)";"$ 827.241";"$ 624.332";"$ 0";"$ 141.993";"No";"No tiene";"No tiene";"No tiene";"01/01/2025";"31/12/2025";"No informa";"Sin observaciones";
"2025";"Junio";"Profesional";"PACHECO ESPINOZA, ROMINA ESTEFANIA";"Atencion Clinica";"15";"MATRON (A)";"Región Metropolitana de Santiago";"(186)";"$ 1.748.293";"$ 1.374.014";"$ 0";"$ 115.150";"Sí";"$ 72.056 : 9,00 hrs";"No tiene";"No tiene";"01/01/2025";"31/12/2025";"No informa";"Sin observaciones";
"2025";"Junio";"Administrativo";"PACHECO HERNANDEZ, MARCO ANDRES";"APOYO ADMINISTRATIVO";"22";"ADMINISTRATIVO";"Región Metropolitana de Santiago";"(203)(204)(186)";"$ 882.613";"$ 875.919";"$ 0";"$ 117.689";"Sí";"$ 6.705 : 2,00 hrs";"$ 36.209 : 9,00 hrs";"No tiene";"01/01/2025";"31/12/2025";"No informa";"REMUNERACION JUN.2025+PAGO TRIMESTRAL LEY 19.490 Y 19.937 PERIODO 06/2025";
"2025";"Junio";"Médicos cirujanos, farmacéuticos, químico-farmacéuticos, bioquímicos, cirujano-dentistas";"PADILLA CARO, FELIPE ANTONIO";"Medico PAO";"44 Hrs.";"MÉDICOS CIRUJANOS, FARMACÉUTICOS, QUÍMICO-FARMACÉUTICOS, BIOQUÍMICOS, CIRUJANO-DENTISTAS";"Región Metropolitana de Santiago";"(86)(188)(86)(186)";"$ 6.016.021";"$ 4.624.302";"$ 0";"$ 0";"No";"No tiene";"No tiene";"No tiene";"01/01/2025";"31/12/2025";"No informa";"Sin observaciones";
"2025";"Junio";"Médicos cirujanos, farmacéuticos, químico-farmacéuticos, bioquímicos, cirujano-dentistas";"PADILLA TORO, GABRIELA MILLARAY";"Medico PAO";"44 Hrs.";"MEDICO CIRUJANO";"Región Metropolitana de Santiago";"(01)";"$ 1.890.570";"$ 1.539.012";"$ 0";"$ 0";"No";"No tiene";"No tiene";"No tiene";"01/06/2025";"31/12/2025";"No informa";"Sin observaciones";
"2025";"Junio";"Técnico";"PAILLACAN MARIMAN, DANIA TERESA";"Atencion Clinica";"22";"TECNICO NIVEL SUPERIOR ODONTOLOGIA";"Región Metropolitana de Santiago";"(186)";"$ 804.276";"$ 609.350";"$ 0";"$ 131.608";"No";"No tiene";"No tiene";"No tiene";"01/01/2025";"31/12/2025";"No informa";"Sin observaciones";
"2025";"Junio";"Profesional";"PAINEO AVILA, PAULINA ALEJANDRA";"Atencion Clinica";"15";"ENFERMERA (O)";"Región Metropolitana de Santiago";"(186)";"$ 1.700.811";"$ 1.280.434";"$ 0";"$ 212.119";"No";"No tiene";"No tiene";"No tiene";"01/01/2025";"31/12/2025";"No informa";"Sin observaciones";
"2025";"Junio";"Médicos cirujanos, farmacéuticos, químico-farmacéuticos, bioquímicos, cirujano-dentistas";"PAIVA BRAHM, CAMILA ANDREA";"Medico Becario Primario";"44 Hrs.";"MEDICO CIRUJANO";"Región Metropolitana de Santiago";"(01)";"$ 1.890.570";"$ 1.537.383";"$ 0";"$ 0";"No";"No tiene";"No tiene";"No tiene";"01/06/2025";"31/12/2025";"No informa";"Sin observaciones";
"2025";"Junio";"Médicos cirujanos, farmacéuticos, químico-farmacéuticos, bioquímicos, cirujano-dentistas";"PALACIOS LORCA, KARLA DENISSE";"Quimico Farmaceutico";"44 Hrs.";"QUIMICO (A)";"Región Metropolitana de Santiago";"(01)";"$ 1.890.570";"$ 1.890.570";"$ 0";"$ 0";"No";"No tiene";"No tiene";"No tiene";"01/01/2025";"30/06/2025";"No informa";"Sin observaciones";
"2025";"Junio";"Profesional";"PALACIOS ORTIZ, WALESKA ANDREA";"Atencion Clinica";"13";"MATRON (A)";"Región Metropolitana de Santiago";"(186)";"$ 2.124.974";"$ 1.660.938";"$ 0";"$ 288.666";"No";"No tiene";"No tiene";"No tiene";"01/01/2025";"31/12/2025";"No informa";"Sin observaciones";
"2025";"Junio";"Técnico";"PALACIOS PEREZ, CRISTIAN ANTONIO";"ATENCION CLINICA";"21";"TECNICO NIVEL SUPERIOR ENFERMERIA";"Región Metropolitana de Santiago";"(203)(204)(186)";"$ 1.013.565";"$ 1.146.531";"$ 0";"$ 140.629";"Sí";"$ 3.680 : 1,00 hrs";"$ 52.995 : 12,00 hrs";"No tiene";"01/01/2025";"31/12/2025";"No informa";"REMUNERACION JUN.2025+PAGO TRIMESTRAL LEY 19.490 Y 19.937 PERIODO 06/2025";
"2025";"Junio";"Administrativo";"PALACIOS QUIROZ, VALESKA DEL CARMEN";"SECRETARIA";"15";"ADMINISTRATIVO";"Región Metropolitana de Santiago";"(186)";"$ 993.602";"$ 1.131.092";"$ 0";"$ 225.356";"Sí";"$ 45.702 : 9,00 hrs";"$ 48.749 : 8,00 hrs";"No tiene";"01/01/2025";"31/12/2025";"No informa";"REMUNERACION JUN.2025+PAGO TRIMESTRAL LEY 19.490 Y 19.937 PERIODO 06/2025+REGULARIZA PAGO HORAS EXTRAS ABR.2025 (09D - 08F)";
"2025";"Junio";"Profesional";"PALACIOS VASQUEZ, MARIA PAZ";"JEFE DE DEPARTAMENTO";"6";"ABOGADO (A)";"Región Metropolitana de Santiago";"(186)";"$ 3.272.844";"$ 3.750.650";"$ 0";"$ 522.818";"No";"No tiene";"No tiene";"No tiene";"01/01/2025";"31/12/2025";"No informa";"REMUNERACION JUN.2025+PAGO TRIMESTRAL LEY 19.490 Y 19.937 PERIODO 06/2025";
"2025";"Junio";"Profesional";"PALAPE VILCHES, DANIELA  ANDREA";"ATENCION CLINICA";"13";"ENFERMERA (O)";"Región Metropolitana de Santiago";"(203)(204)(186)";"$ 2.720.186";"$ 2.859.292";"$ 0";"$ 288.666";"No";"No tiene";"No tiene";"No tiene";"01/01/2025";"31/12/2025";"No informa";"REMUNERACION JUN.2025 + BONO ENF. Y OTROS PROF+PAGO TRIMESTRAL LEY 19.490 Y 19.937 PERIODO 06/2025";
"2025";"Junio";"Profesional";"PALMA CACHICH, TATIANA";"PSICOLOGO";"5";"PSICOLOGO";"Región Metropolitana de Santiago";"(186)";"$ 3.423.468";"$ 2.693.981";"$ 0";"$ 438.688";"No";"No tiene";"No tiene";"No tiene";"01/01/2025";"31/12/2025";"No informa";"REMUNERACION JUNIO 2025+PAGO LEY 19490-19937 CUOTA JUNIO";
"2025";"Junio";"Profesional";"PALMA FLORES, CLAUDIA ANDREA";"Apoyo Administrativo";"12";"PSICOLOGO (A)";"Región Metropolitana de Santiago";"(186)";"$ 1.916.726";"$ 1.537.894";"$ 0";"$ 137.731";"No";"No tiene";"No tiene";"No tiene";"01/01/2025";"31/12/2025";"No informa";"REMUNERACION JUNIO 2025+PAGO LEY 19490-19937 CUOTA JUNIO+BONO ESCOLAR CUOTA JUNIO 2025";
"2025";"Junio";"Médicos cirujanos, farmacéuticos, químico-farmacéuticos, bioquímicos, cirujano-dentistas";"PALMA MARTINEZ, KARLA SIHOMARA";"Atencion Odontologica";"44 Hrs.";"CIRUJANO DENTISTA";"Región Metropolitana de Santiago";"(01)";"$ 1.890.570";"$ 1.533.024";"$ 0";"$ 0";"No";"No tiene";"No tiene";"No tiene";"01/01/2025";"31/12/2025";"No informa";"Sin observaciones";
"2025";"Junio";"Profesional";"PALMA OSORIO, SOLANGE AYLIN";"Atencion Clinica";"13";"ASISTENTE SOCIAL";"Región Metropolitana de Santiago";"(186)";"$ 2.088.736";"$ 1.584.578";"$ 0";"$ 252.583";"No";"No tiene";"No tiene";"No tiene";"01/01/2025";"31/12/2025";"No informa";"Sin observaciones";
"2025";"Junio";"Auxiliar";"PALMA PACHECO, JOAN DANIEL";"CONDUCTOR";"22";"AUXILIAR";"Región Metropolitana de Santiago";"(205)(202)(204)";"$ 1.402.580";"$ 1.504.834";"$ 0";"$ 140.105";"Sí";"$ 13.292 : 4,00 hrs";"$ 323.005 : 81,00 hrs";"No tiene";"01/01/2025";"31/12/2025";"No informa";"REMUNERACION JUN.2025+BONO ESCOLAR CUOTA 06/2025+PAGO TRIMESTRAL LEY 19.937 PERIODO 06/2025";
"2025";"Junio";"Profesional";"PALMA PEREZ, PAULO JAVIER ANDRES";"Atencion Clinica";"15";"KINESIOLOGO (A)";"Región Metropolitana de Santiago";"(220)(186)";"$ 1.824.085";"$ 1.399.171";"$ 0";"$ 193.937";"Sí";"No tiene";"$ 68.073 : 7,00 hrs";"No tiene";"01/01/2025";"31/12/2025";"No informa";"Sin observaciones";
"2025";"Junio";"Profesional";"PALMA RIVERA, ROMINA PAZ";"Atencion Clinica";"13";"ENFERMERA (O)";"Región Metropolitana de Santiago";"(01)";"$ 1.735.528";"$ 1.411.849";"$ 0";"$ 0";"No";"No tiene";"No tiene";"No tiene";"01/01/2025";"31/12/2025";"No informa";"Sin observaciones";
"2025";"Junio";"Profesional";"PALOMINO PIZARRO, TANIA ANDREA";"Atencion Clinica";"15";"ENFERMERA (O)";"Región Metropolitana de Santiago";"(186)";"$ 1.829.386";"$ 1.364.522";"$ 0";"$ 242.422";"No";"No tiene";"No tiene";"No tiene";"01/01/2025";"31/12/2025";"No informa";"Sin observaciones";
"2025";"Junio";"Técnico";"PAÑICU GODOY, LETICIA EDITH";"Atencion Clinica";"20";"TECNICO NIVEL SUPERIOR RECURSOS HUMANOS";"Región Metropolitana de Santiago";"(186)";"$ 871.573";"$ 651.365";"$ 0";"$ 161.318";"No";"No tiene";"No tiene";"No tiene";"01/01/2025";"31/12/2025";"No informa";"Sin observaciones";
"2025";"Junio";"Técnico";"PAÑINAO AGUIRRE, MARCELO JAVIER";"Atencion Clinica";"22";"TECNICO NIVEL SUPERIOR ODONTOLOGIA";"Región Metropolitana de Santiago";"(186)";"$ 794.819";"$ 613.798";"$ 0";"$ 117.688";"No";"No tiene";"No tiene";"No tiene";"01/01/2025";"31/12/2025";"No informa";"Sin observaciones";
"2025";"Junio";"Profesional";"PARADA BUSTAMANTE, CARLOS FELIPE";"ATENCION CLINICA";"13";"ENFERMERA (O)";"Región Metropolitana de Santiago";"(203)(204)(186)";"$ 2.952.997";"$ 3.030.975";"$ 0";"$ 303.038";"Sí";"$ 116.439 : 12,00 hrs";"No tiene";"No tiene";"01/01/2025";"31/12/2025";"No informa";"REMUNERACION JUN.2025 + BONO ENF. Y OTROS PROF+BONO ESCOLAR CUOTA 06/2025+PAGO TRIMESTRAL LEY 19.490 Y 19.937 PERIODO 06/2025";
"2025";"Junio";"Técnico";"PARADA CABRERA, MIREYA DEL CARMEN";"Atencion Clinica";"22";"TECNICO NIVEL SUPERIOR ENFERMERIA";"Región Metropolitana de Santiago";"(186)";"$ 828.002";"$ 637.294";"$ 0";"$ 117.688";"Sí";"No tiene";"$ 28.659 : 7,00 hrs";"No tiene";"01/01/2025";"31/12/2025";"No informa";"Sin observaciones";
"2025";"Junio";"Médicos cirujanos, farmacéuticos, químico-farmacéuticos, bioquímicos, cirujano-dentistas";"PARADA HERRERA, VALENTINA PAZ";"Atencion Clinica Medica";"44 Hrs.";"MEDICO CIRUJANO";"Región Metropolitana de Santiago";"(86)(186)";"$ 4.462.251";"$ 3.627.121";"$ 0";"$ 0";"Sí";"$ 201.904 : 16,00 hrs";"$ 681.435 : 45,00 hrs";"No tiene";"01/01/2025";"31/12/2025";"No informa";"Sin observaciones";
"2025";"Junio";"Profesional";"PARADA MANZUR, NICOLAS ANDRES";"Coordinador";"7";"KINESIOLOGO (A)";"Región Metropolitana de Santiago";"(186)";"$ 3.460.701";"$ 2.579.296";"$ 0";"$ 488.185";"No";"No tiene";"No tiene";"No tiene";"01/01/2025";"31/12/2025";"No informa";"Sin observaciones";
"2025";"Junio";"Técnico";"PARADA MORALES, VIVIANA ELENA";"ATENCION CLINICA";"21";"TECNICO NIVEL SUPERIOR ENFERMERIA";"Región Metropolitana de Santiago";"(203)(204)(186)";"$ 956.890";"$ 1.084.973";"$ 0";"$ 141.994";"No";"No tiene";"No tiene";"No tiene";"01/01/2025";"31/12/2025";"No informa";"REMUNERACION JUN.2025+PAGO TRIMESTRAL LEY 19.490 Y 19.937 PERIODO 06/2025";
"2025";"Junio";"Profesional";"PAREDES CRUZAT, DIANA GISELLE";"Apoyo Administrativo";"8";"INGENIERO (A) EJECUCION EN INFORMATICA";"Región Metropolitana de Santiago";"(186)";"$ 2.810.403";"$ 2.236.442";"$ 0";"$ 356.096";"No";"No tiene";"No tiene";"No tiene";"01/01/2025";"31/12/2025";"No informa";"REMUNERACION JUNIO 2025+PAGO LEY 19490-19937 CUOTA JUNIO+BONO ESCOLAR CUOTA JUNIO 2025";
"2025";"Junio";"Profesional";"PAREDES MARTINEZ, ERICK ALEXIS";"Apoyo Administrativo";"8";"CONTADOR (A) AUDITOR (A)";"Región Metropolitana de Santiago";"(01)";"$ 2.677.280";"$ 2.153.058";"$ 0";"$ 0";"No";"No tiene";"No tiene";"No tiene";"24/03/2025";"31/12/2025";"No informa";"REMUNERACION JUNIO 2025";
"2025";"Junio";"Profesional";"PAREDES PINTO, DANIELA ALEJANDRA";"Apoyo Logistico";"7";"TECNOLOGO (A) EN INFORMATICA BIOMEDICA";"Región Metropolitana de Santiago";"(186)";"$ 3.632.819";"$ 2.717.663";"$ 0";"$ 585.822";"No";"No tiene";"No tiene";"No tiene";"01/01/2025";"31/12/2025";"No informa";"Sin observaciones";
"2025";"Junio";"Médicos cirujanos, farmacéuticos, químico-farmacéuticos, bioquímicos, cirujano-dentistas";"PARRA AGURTO, GONZALO JOSE";"Medico Becario Primario";"44 Hrs.";"MEDICO CIRUJANO";"Región Metropolitana de Santiago";"(01)";"$ 2.819.587";"$ 2.326.441";"$ 0";"$ 0";"No";"No tiene";"No tiene";"No tiene";"07/04/2025";"06/04/2026";"No informa";"REMUNERACION JUNIO 2025";
"2025";"Junio";"Profesional";"PARRA GONZALEZ, CLAUDIA DEL CARMEN";"Atencion Clinica";"15";"ENFERMERA (O)";"Región Metropolitana de Santiago";"(186)";"$ 1.759.999";"$ 1.290.503";"$ 0";"$ 287.875";"No";"No tiene";"No tiene";"No tiene";"01/01/2025";"31/12/2025";"No informa";"Sin observaciones";
"2025";"Junio";"Profesional";"PARRA MENDEZ, DANIELA ANDREA";"Atencion Clinica";"12";"NUTRICIONISTA";"Región Metropolitana de Santiago";"(186)";"$ 2.281.888";"$ 1.766.889";"$ 0";"$ 274.294";"No";"No tiene";"No tiene";"No tiene";"01/01/2025";"31/12/2025";"No informa";"Sin observaciones";
"2025";"Junio";"Técnico";"PARRA SEPULVEDA, CATALINA ANDREA";"Atencion Clinica";"22";"TECNICO NIVEL SUPERIOR ENFERMERIA";"Región Metropolitana de Santiago";"(01)";"$ 785.772";"$ 606.341";"$ 0";"$ 117.688";"No";"No tiene";"No tiene";"No tiene";"01/01/2025";"31/12/2025";"No informa";"Sin observaciones";
"2025";"Junio";"Técnico";"PARRA SUAZO, EDITA DEL CARMEN";"ATENCION CLINICA";"21";"TECNICO NIVEL SUPERIOR ENFERMERIA";"Región Metropolitana de Santiago";"(203)(204)(186)";"$ 1.075.317";"$ 1.249.402";"$ 0";"$ 215.648";"Sí";"No tiene";"$ 106.901 : 24,00 hrs";"No tiene";"01/01/2025";"31/12/2025";"No informa";"REMUNERACION JUN.2025+BONO ESCOLAR CUOTA 03/2025+BONO ESCOLAR CUOTA 06/2025+PAGO TRIMESTRAL LEY 19.490 Y 19.937 PERIODO 06/2025";
"2025";"Junio";"Auxiliar";"PASTENE ROA, FRANCISCO JAVIER";"Apoyo Logistico";"24";"AUXILIAR";"Región Metropolitana de Santiago";"(186)";"$ 914.182";"$ 766.666";"$ 0";"$ 99.152";"Sí";"$ 59.336 : 21,00 hrs";"$ 213.609 : 63,00 hrs";"No tiene";"01/01/2025";"31/12/2025";"No informa";"Sin observaciones";
"2025";"Junio";"Profesional";"PASTRAN MALDONADO, VANESSA MARIA";"Apoyo Administrativo";"8";"KINESIOLOGO (A)";"Región Metropolitana de Santiago";"(186)";"$ 2.691.755";"$ 2.150.616";"$ 0";"$ 411.736";"No";"No tiene";"No tiene";"No tiene";"01/01/2025";"31/12/2025";"No informa";"REMUNERACION JUNIO 2025+PAGO LEY 19490-19937 CUOTA JUNIO";
"2025";"Junio";"Profesional";"PASTRIAN RONDA, ARTURO ALEJANDRO";"Coordinador";"7";"ADMINISTRADOR (A) PUBLICO";"Región Metropolitana de Santiago";"(01)";"$ 4.201.359";"$ 3.093.171";"$ 0";"$ 1.055.701";"No";"No tiene";"No tiene";"No tiene";"01/01/2025";"31/12/2025";"No informa";"Sin observaciones";
"2025";"Junio";"Médicos cirujanos, farmacéuticos, químico-farmacéuticos, bioquímicos, cirujano-dentistas";"PATIÑO DURAN, FRANCISCO JAVIER";"Quimico Farmaceutico";"44 Hrs.";"QUIMICO FARMACEUTICO";"Región Metropolitana de Santiago";"(188)(186)";"$ 4.349.974";"$ 3.521.652";"$ 0";"$ 0";"No";"No tiene";"No tiene";"No tiene";"01/01/2025";"31/12/2025";"No informa";"Sin observaciones";
"2025";"Junio";"Profesional";"PAVEZ ACEVEDO, ELISEO EMMANUEL";"Apoyo Administrativo";"11";"ABOGADO (A)";"Región Metropolitana de Santiago";"(01)";"$ 2.202.526";"$ 1.737.192";"$ 0";"$ 128.101";"No";"No tiene";"No tiene";"No tiene";"01/01/2025";"31/12/2025";"No informa";"Sin observaciones";
"2025";"Junio";"Técnico";"PAVEZ CAMPOS, VALERIA ISABEL";"Atencion Clinica";"21";"TÉCNICO";"Región Metropolitana de Santiago";"(01)";"$ 788.888";"$ 608.049";"$ 0";"$ 120.148";"No";"No tiene";"No tiene";"No tiene";"01/01/2025";"31/12/2025";"No informa";"Sin observaciones";
"2025";"Junio";"Profesional";"PAVEZ STUARDO, FABIOLA ESTER";"Apoyo Administrativo";"7";"INGENIERO (A) EJECUCION EN COMPUTACION";"Región Metropolitana de Santiago";"(186)";"$ 3.001.705";"$ 2.374.242";"$ 0";"$ 490.264";"No";"No tiene";"No tiene";"No tiene";"01/01/2025";"31/12/2025";"No informa";"REMUNERACION JUNIO 2025+PAGO LEY 19490-19937 CUOTA JUNIO+BONO ESCOLAR CUOTA JUNIO 2025";
"2025";"Junio";"Médicos cirujanos, farmacéuticos, químico-farmacéuticos, bioquímicos, cirujano-dentistas";"PAZ ROLDAN, MESIAS MARCELO";"Atencion Clinica Medica";"44 Hrs.";"MEDICO CIRUJANO";"Región Metropolitana de Santiago";"(186)(188)(186)";"$ 5.066.629";"$ 4.146.859";"$ 0";"$ 0";"No";"No tiene";"No tiene";"No tiene";"01/01/2025";"31/12/2025";"No informa";"Sin observaciones";
"2025";"Junio";"Profesional";"PEÑA BRICEÑO, IGNACIO JAVIER";"Apoyo Administrativo";"6";"PERIODISTA";"Región Metropolitana de Santiago";"(186)";"$ 3.345.583";"$ 2.630.623";"$ 0";"$ 406.909";"No";"No tiene";"No tiene";"No tiene";"01/01/2025";"31/12/2025";"No informa";"REMUNERACION JUNIO 2025+PAGO LEY 19490-19937 CUOTA JUNIO";
"2025";"Junio";"Profesional";"PEÑA CONTRERAS, LUZ SARA";"Atencion Clinica";"15";"ASISTENTE SOCIAL";"Región Metropolitana de Santiago";"(186)";"$ 1.977.511";"$ 1.428.836";"$ 0";"$ 415.146";"No";"No tiene";"No tiene";"No tiene";"01/01/2025";"31/12/2025";"No informa";"Sin observaciones";
"2025";"Junio";"Profesional";"PEÑA FERNANDEZ, KAREN ANDREA";"Apoyo Administrativo";"7";"MATRON (A)";"Región Metropolitana de Santiago";"(186)";"$ 3.415.053";"$ 2.561.150";"$ 0";"$ 427.162";"No";"No tiene";"No tiene";"No tiene";"01/01/2025";"31/12/2025";"No informa";"Sin observaciones";
"2025";"Junio";"Médicos cirujanos, farmacéuticos, químico-farmacéuticos, bioquímicos, cirujano-dentistas";"PEÑA GUERRERO, PAOLA ROSSANA";"Atencion Clinica Medica";"22 Hrs.";"MEDICO CIRUJANO";"Región Metropolitana de Santiago";"(188)(186)";"$ 2.531.998";"$ 1.949.937";"$ 0";"$ 0";"No";"No tiene";"No tiene";"No tiene";"01/01/2025";"31/12/2025";"No informa";"Sin observaciones";
"2025";"Junio";"Médicos cirujanos, farmacéuticos, químico-farmacéuticos, bioquímicos, cirujano-dentistas";"PEÑA GUERRERO, PAOLA ROSSANA";"Atencion Clinica Medica";"11 Hrs.";"MEDICO CIRUJANO";"Región Metropolitana de Santiago";"(188)(186)";"$ 1.265.998";"$ 1.108.511";"$ 0";"$ 0";"No";"No tiene";"No tiene";"No tiene";"01/01/2025";"31/12/2025";"No informa";"Sin observaciones";
"2025";"Junio";"Médicos cirujanos, farmacéuticos, químico-farmacéuticos, bioquímicos, cirujano-dentistas";"PEÑA GUERRERO, PAOLA ROSSANA";"Atencion Clinica Medica";"11 Hrs.";"MEDICO CIRUJANO";"Región Metropolitana de Santiago";"(186)";"$ 1.074.271";"$ 940.635";"$ 0";"$ 0";"No";"No tiene";"No tiene";"No tiene";"01/01/2025";"31/07/2025";"No informa";"Sin observaciones";
"2025";"Junio";"Técnico";"PEÑA PEREZ, PAULA IRENE";"Atencion Clinica";"22";"TECNICO NIVEL SUPERIOR ENFERMERIA";"Región Metropolitana de Santiago";"(186)";"$ 812.052";"$ 623.561";"$ 0";"$ 130.343";"No";"No tiene";"No tiene";"No tiene";"01/01/2025";"31/12/2025";"No informa";"Sin observaciones";
"2025";"Junio";"Profesional";"PEÑA ULLOA, JOCELYNE ANDREA";"Apoyo Administrativo";"8";"CONTADOR (A) AUDITOR (A)";"Región Metropolitana de Santiago";"(186)";"$ 3.262.216";"$ 2.442.087";"$ 0";"$ 421.071";"No";"No tiene";"No tiene";"No tiene";"01/01/2025";"30/06/2025";"No informa";"Sin observaciones";
"2025";"Junio";"Profesional";"PEÑAILILLO CEBALLOS, DANIEL";"ATENCION CLINICA";"13";"ENFERMERA (O)";"Región Metropolitana de Santiago";"(203)(204)(186)";"$ 3.072.888";"$ 3.203.804";"$ 0";"$ 346.401";"Sí";"No tiene";"$ 326.029 : 28,00 hrs";"No tiene";"01/01/2025";"31/12/2025";"No informa";"REMUNERACION JUN.2025 + BONO ENF. Y OTROS PROF+PAGO TRIMESTRAL LEY 19.490 Y 19.937 PERIODO 06/2025";
"2025";"Junio";"Profesional";"PEÑAILILLO RODRIGUEZ, DENISSE PAULINA";"Atencion Clinica";"12";"NUTRICIONISTA";"Región Metropolitana de Santiago";"(01)";"$ 2.362.633";"$ 1.826.989";"$ 0";"$ 211.598";"Sí";"$ 154.348 : 15,00 hrs";"No tiene";"No tiene";"01/01/2025";"31/12/2025";"No informa";"Sin observaciones";
"2025";"Junio";"Técnico";"PEÑAILILLO TREJO, MIXY KATHERINNE";"Atencion Clinica";"20";"TECNICO NIVEL SUPERIOR ENFERMERIA";"Región Metropolitana de Santiago";"(01)";"$ 1.445.880";"$ 1.132.271";"$ 0";"$ 221.954";"Sí";"$ 149.475 : 33,00 hrs";"$ 108.709 : 20,00 hrs";"No tiene";"01/01/2025";"31/12/2025";"No informa";"Sin observaciones";
"2025";"Junio";"Administrativo";"PEÑALBA TUDELA, JOCELYN MARIANELA";"APOYO ADMINISTRATIVO";"17";"ADMINISTRADOR (A) DE EMPRESAS";"Región Metropolitana de Santiago";"(186)";"$ 1.772.804";"$ 1.900.644";"$ 0";"$ 313.412";"Sí";"$ 259.532 : 40,00 hrs";"$ 280.294 : 36,00 hrs";"No tiene";"01/01/2025";"31/12/2025";"No informa";"REMUNERACION JUN.2025+BONO ESCOLAR CUOTA 06/2025+PAGO TRIMESTRAL LEY 19.490 Y 19.937 PERIODO 06/2025";
"2025";"Junio";"Profesional";"PEÑALOZA FARIAS, KAREN JEANNETTE";"Apoyo Administrativo";"8";"KINESIOLOGO (A)";"Región Metropolitana de Santiago";"(186)";"$ 2.781.454";"$ 2.214.837";"$ 0";"$ 433.992";"No";"No tiene";"No tiene";"No tiene";"01/01/2025";"31/12/2025";"No informa";"REMUNERACION JUNIO 2025+PAGO LEY 19490-19937 CUOTA JUNIO";
"2025";"Junio";"Profesional";"PEÑALOZA MUÑOZ, MARIA ELISA";"Apoyo Administrativo";"9";"TRABAJADOR (A) SOCIAL";"Región Metropolitana de Santiago";"(186)";"$ 2.589.853";"$ 2.067.338";"$ 0";"$ 178.653";"No";"No tiene";"No tiene";"No tiene";"01/01/2025";"31/12/2025";"No informa";"REMUNERACION JUNIO 2025+PAGO LEY 19490-19937 CUOTA JUNIO";
"2025";"Junio";"Médicos cirujanos, farmacéuticos, químico-farmacéuticos, bioquímicos, cirujano-dentistas";"PENEIPIL VALENZUELA, MARIA PAZ";"Atencion Clinica Medica";"44 Hrs.";"MEDICO CIRUJANO";"Región Metropolitana de Santiago";"(188)(186)";"$ 5.103.661";"$ 4.173.591";"$ 0";"$ 0";"No";"No tiene";"No tiene";"No tiene";"01/01/2025";"31/12/2025";"No informa";"Sin observaciones";
"2025";"Junio";"Médicos cirujanos, farmacéuticos, químico-farmacéuticos, bioquímicos, cirujano-dentistas";"PEPE TAPIA, JOSE NICOLAS";"CIRUGIA GENERAL";"28 Hrs.";"MEDICO CIRUJANO";"Región Metropolitana de Santiago";"(194)(193)(198)(186)";"$ 3.006.419";"$ 2.706.139";"$ 0";"$ 151.285";"No";"No tiene";"No tiene";"No tiene";"01/01/2025";"31/12/2025";"No informa";"REMUNERACION JUN.2025+PAGO TRIMESTRAL LEY 20.707 PERIODO 06/2025";
"2025";"Junio";"Médicos cirujanos, farmacéuticos, químico-farmacéuticos, bioquímicos, cirujano-dentistas";"PEPE TAPIA, JOSE NICOLAS";"CIRUGIA GENERAL";"22 Hrs.";"MEDICO CIRUJANO";"Región Metropolitana de Santiago";"(186)";"$ 2.029.538";"$ 1.758.031";"$ 0";"$ 0";"No";"No tiene";"No tiene";"No tiene";"01/01/2025";"31/12/2025";"No informa";"REMUNERACION JUN.2025";
"2025";"Junio";"Profesional";"PERALTA CASTILLO, ASTRID IRENE";"Apoyo Administrativo";"6";"TERAPEUTA OCUPACIONAL";"Región Metropolitana de Santiago";"(186)";"$ 3.396.465";"$ 2.668.516";"$ 0";"$ 1.306.046";"No";"No tiene";"No tiene";"No tiene";"01/01/2025";"31/12/2025";"No informa";"REMUNERACION JUNIO 2025+PAGO LEY 19490-19937 CUOTA JUNIO";
"2025";"Junio";"Médicos cirujanos, farmacéuticos, químico-farmacéuticos, bioquímicos, cirujano-dentistas";"PERALTA GUINET, CASSANDRA ROBERTA";"Atencion Clinica Medica";"44 Hrs.";"MEDICO CIRUJANO";"Región Metropolitana de Santiago";"(86)(186)";"$ 3.444.861";"$ 2.731.816";"$ 0";"$ 0";"No";"No tiene";"No tiene";"No tiene";"01/01/2025";"31/12/2025";"No informa";"Sin observaciones";
"2025";"Junio";"Profesional";"PERALTA MORA, MARIANELA ISABEL";"Apoyo Administrativo";"8";"INGENIERO (A) CIVIL BIOMEDICO";"Región Metropolitana de Santiago";"(186)";"$ 2.691.755";"$ 2.167.208";"$ 0";"$ 283.764";"No";"No tiene";"No tiene";"No tiene";"01/01/2025";"31/12/2025";"No informa";"REMUNERACION JUNIO 2025+PAGO LEY 19490-19937 CUOTA JUNIO";
"2025";"Junio";"Médicos cirujanos, farmacéuticos, químico-farmacéuticos, bioquímicos, cirujano-dentistas";"PEREO NIETO, FRANCISCO JAVIER";"Atencion Odontologica";"44 Hrs.";"CIRUJANO DENTISTA";"Región Metropolitana de Santiago";"(188)(186)";"$ 4.396.627";"$ 3.590.338";"$ 0";"$ 0";"No";"No tiene";"No tiene";"No tiene";"01/01/2025";"31/12/2025";"No informa";"Sin observaciones";
"2025";"Junio";"Profesional";"PEREZ AVILES, FELIPE OCTAVIO";"Atencion Clinica";"8";"NUTRICIONISTA";"Región Metropolitana de Santiago";"(186)";"$ 3.273.363";"$ 2.484.036";"$ 0";"$ 387.829";"Sí";"$ 102.429 : 7,00 hrs";"No tiene";"No tiene";"01/01/2025";"31/12/2025";"No informa";"Sin observaciones";
"2025";"Junio";"Administrativo";"PEREZ BUSTOS, SUSAN NICOLE";"Apoyo Administrativo";"21";"ADMINISTRATIVO";"Región Metropolitana de Santiago";"(01)";"$ 757.888";"$ 575.614";"$ 0";"$ 120.148";"No";"No tiene";"No tiene";"No tiene";"01/01/2025";"30/06/2025";"No informa";"Sin observaciones";
"2025";"Junio";"Administrativo";"PEREZ DONOSO, CLAUDIA ANDREA";"Apoyo Administrativo";"13";"TECNICO ANALISTA QUIMICO";"Región Metropolitana de Santiago";"(186)";"$ 1.504.965";"$ 1.167.976";"$ 0";"$ 233.728";"Sí";"$ 221.480 : 40,00 hrs";"$ 66.444 : 10,00 hrs";"No tiene";"01/01/2025";"31/12/2025";"No informa";"Sin observaciones";
"2025";"Junio";"Técnico";"PEREZ GONZALEZ, KARINA STEPHANIE";"ATENCION CLINICA";"22";"TECNICO NIVEL SUPERIOR ENFERMERIA";"Región Metropolitana de Santiago";"(01)";"$ 185.821";"$ 164.267";"$ 0";"$ 0";"Sí";"$ 36.554 : 11,00 hrs";"$ 43.865 : 11,00 hrs";"No tiene";"20/05/2025";"30/05/2025";"No informa";"REEMPLAZO MAY.2025 (20) (25-26) (28) (30)";
"2025";"Junio";"Técnico";"PEREZ HORMAZABAL, URSULA PRISCILLA";"Atencion Clinica";"22";"TECNICO NIVEL SUPERIOR ENFERMERIA";"Región Metropolitana de Santiago";"(186)";"$ 1.107.742";"$ 880.428";"$ 0";"$ 171.019";"Sí";"No tiene";"$ 22.350 : 5,00 hrs";"No tiene";"01/01/2025";"31/12/2025";"No informa";"Sin observaciones";
"2025";"Junio";"Médicos cirujanos, farmacéuticos, químico-farmacéuticos, bioquímicos, cirujano-dentistas";"PEREZ INFANTE, VAITIARE ANABELLE";"Atencion Clinica Medica";"44 Hrs.";"MEDICO CIRUJANO";"Región Metropolitana de Santiago";"(86)";"$ 2.948.378";"$ 2.357.776";"$ 0";"$ 0";"No";"No tiene";"No tiene";"No tiene";"07/04/2025";"31/12/2025";"No informa";"Sin observaciones";
"2025";"Junio";"Técnico";"PEREZ MORALES, SEBASTIAN IGNACIO";"ATENCION CLINICA";"21";"TECNICO NIVEL SUPERIOR ENFERMERIA";"Región Metropolitana de Santiago";"(202)(204)(186)";"$ 1.125.782";"$ 974.543";"$ 0";"$ 156.366";"No";"No tiene";"No tiene";"No tiene";"01/01/2025";"31/12/2025";"No informa";"REMUNERACION JUN.2025+BONO ESCOLAR CUOTA 06/2025+PAGO TRIMESTRAL LEY 19.490 Y 19.937 PERIODO 06/2025";
"2025";"Junio";"Técnico";"PEREZ NARVAEZ, JUAN JACINTO";"Atencion Clinica";"22";"TECNICO PARAMEDICO";"Región Metropolitana de Santiago";"(186)";"$ 1.004.049";"$ 801.319";"$ 0";"$ 141.733";"Sí";"$ 3.353 : 1,00 hrs";"$ 217.253 : 54,00 hrs";"No tiene";"01/01/2025";"31/12/2025";"No informa";"Sin observaciones";
"2025";"Junio";"Médicos cirujanos, farmacéuticos, químico-farmacéuticos, bioquímicos, cirujano-dentistas";"PEREZ NOROÑO, FERNANDO AUGUSTO";"Medico Becario Primario";"44 Hrs.";"MÉDICOS CIRUJANOS, FARMACÉUTICOS, QUÍMICO-FARMACÉUTICOS, BIOQUÍMICOS, CIRUJANO-DENTISTAS";"Región Metropolitana de Santiago";"(01)";"$ 2.819.587";"$ 2.304.448";"$ 0";"$ 0";"No";"No tiene";"No tiene";"No tiene";"08/05/2025";"07/05/2026";"No informa";"Sin observaciones";
"2025";"Junio";"Médicos cirujanos, farmacéuticos, químico-farmacéuticos, bioquímicos, cirujano-dentistas";"PEREZ OÑATE, TANIA DEL PILAR";"Atencion Odontologica";"22 Hrs.";"CIRUJANO DENTISTA";"Región Metropolitana de Santiago";"(188)(86)(186)";"$ 2.208.043";"$ 1.890.169";"$ 0";"$ 0";"No";"No tiene";"No tiene";"No tiene";"01/01/2025";"31/12/2025";"No informa";"Sin observaciones";
"2025";"Junio";"Médicos cirujanos, farmacéuticos, químico-farmacéuticos, bioquímicos, cirujano-dentistas";"PEREZ OÑATE, TANIA DEL PILAR";"Atencion Odontologica";"22 Hrs.";"CIRUJANO DENTISTA";"Región Metropolitana de Santiago";"(188)(86)(186)";"$ 2.208.043";"$ 1.688.668";"$ 0";"$ 0";"No";"No tiene";"No tiene";"No tiene";"01/01/2025";"31/12/2025";"No informa";"Sin observaciones";
"2025";"Junio";"Administrativo";"PEREZ OPAZO, ALEJANDRA ELIZABETH";"Apoyo Administrativo";"22";"ADMINISTRATIVO";"Región Metropolitana de Santiago";"(01)";"$ 658.331";"$ 507.757";"$ 0";"$ 0";"No";"No tiene";"No tiene";"No tiene";"22/05/2025";"16/06/2025";"No informa";"Sin observaciones";
"2025";"Junio";"Administrativo";"PEREZ RIVAS, ELIZABETH MACARENA";"Apoyo Administrativo";"21";"ADMINISTRATIVO";"Región Metropolitana de Santiago";"(01)";"$ 1.068.084";"$ 881.078";"$ 0";"$ 141.993";"Sí";"$ 129.071 : 36,00 hrs";"$ 159.187 : 37,00 hrs";"No tiene";"01/01/2025";"31/12/2025";"No informa";"Sin observaciones";
"2025";"Junio";"Técnico";"PEREZ RUBILAR, ALONDRA VALENTINA";"ATENCION CLINICA";"22";"TECNICO NIVEL SUPERIOR ENFERMERIA";"Región Metropolitana de Santiago";"(203)(204)(186)";"$ 1.177.468";"$ 1.304.847";"$ 0";"$ 159.088";"Sí";"$ 43.969 : 13,00 hrs";"$ 243.521 : 60,00 hrs";"No tiene";"01/01/2025";"31/12/2025";"No informa";"REMUNERACION JUN.2025+BONO ESCOLAR CUOTA 06/2025+PAGO TRIMESTRAL LEY 19.490 Y 19.937 PERIODO 06/2025";
"2025";"Junio";"Profesional";"PEREZ SANTANDER, JUAN MAURICIO";"Apoyo Logistico";"15";"INGENIERO (A) EJECUCION ADMINISTRACION";"Región Metropolitana de Santiago";"(186)";"$ 1.664.977";"$ 1.260.718";"$ 0";"$ 184.846";"No";"No tiene";"No tiene";"No tiene";"01/01/2025";"31/12/2025";"No informa";"Sin observaciones";
"2025";"Junio";"Administrativo";"PEREZ TORO, RUTH SOLANGE";"Atencion Clinica";"22";"ADMINISTRATIVO";"Región Metropolitana de Santiago";"(01)";"$ 658.332";"$ 658.332";"$ 0";"$ 0";"No";"No tiene";"No tiene";"No tiene";"24/03/2025";"13/07/2025";"No informa";"Sin observaciones";
"2025";"Junio";"Profesional";"PEREZ VICENCIO, ALAN MIGUEL";"Atencion Clinica";"14";"TECNOLOGO (A) MEDICO";"Región Metropolitana de Santiago";"(01)";"$ 1.692.623";"$ 1.336.705";"$ 0";"$ 99.190";"No";"No tiene";"No tiene";"No tiene";"01/01/2025";"31/12/2025";"No informa";"Sin observaciones";
"2025";"Junio";"Profesional";"PEREZ ZUÑIGA, LORETO EUGENIA DEL ROSARIO";"Apoyo Administrativo";"15";"ASISTENTE SOCIAL";"Región Metropolitana de Santiago";"(186)";"$ 2.137.703";"$ 1.779.666";"$ 0";"$ 169.695";"Sí";"$ 208.162 : 26,00 hrs";"$ 288.225 : 30,00 hrs";"No tiene";"01/01/2025";"31/12/2025";"No informa";"Sin observaciones";
"2025";"Junio";"Médicos cirujanos, farmacéuticos, químico-farmacéuticos, bioquímicos, cirujano-dentistas";"PERRY PASTEN, GUILLERMO SEBASTIAN";"Medicina Legal";"33 Hrs.";"CIRUJANO DENTISTA";"Región Metropolitana de Santiago";"(86)(186)";"$ 3.867.416";"$ 3.092.822";"$ 0";"$ 0";"No";"No tiene";"No tiene";"No tiene";"01/01/2025";"31/12/2025";"No informa";"REMUNERACION JUNIO 2025";
"2025";"Junio";"Técnico";"PETIT CHACON, CAMILA CELESTE";"Atencion Clinica";"20";"TECNICO NIVEL SUPERIOR ENFERMERIA";"Región Metropolitana de Santiago";"(01)";"$ 854.147";"$ 643.475";"$ 0";"$ 149.795";"No";"No tiene";"No tiene";"No tiene";"01/01/2025";"31/12/2025";"No informa";"Sin observaciones";
"2025";"Junio";"Administrativo";"PHILLIPS MIRANDA, VICTOR ALFONSO";"Apoyo Administrativo";"13";"ADMINISTRATIVO";"Región Metropolitana de Santiago";"(186)";"$ 1.569.665";"$ 1.202.941";"$ 0";"$ 267.117";"Sí";"$ 176.945 : 31,00 hrs";"$ 102.742 : 15,00 hrs";"No tiene";"01/01/2025";"31/12/2025";"No informa";"Sin observaciones";
"2025";"Junio";"Técnico";"PILQUIÑIR FUENTES, GLADYS ANDREA";"Atencion Clinica";"22";"TECNICO NIVEL SUPERIOR ENFERMERIA";"Región Metropolitana de Santiago";"(186)";"$ 812.052";"$ 623.561";"$ 0";"$ 130.343";"No";"No tiene";"No tiene";"No tiene";"01/01/2025";"31/12/2025";"No informa";"Sin observaciones";
"2025";"Junio";"Profesional";"PIÑA VELASQUEZ, MARIA GRACIELA";"Apoyo Administrativo";"12";"CONTADOR (A) GENERAL";"Región Metropolitana de Santiago";"(186)";"$ 2.517.294";"$ 1.826.531";"$ 0";"$ 434.953";"Sí";"$ 42.144 : 4,00 hrs";"No tiene";"No tiene";"01/01/2025";"31/12/2025";"No informa";"Sin observaciones";
"2025";"Junio";"Profesional";"PINCHEIRA CACERES, XIMENA ALEJANDRA";"Apoyo Administrativo";"12";"PSICOLOGO (A)";"Región Metropolitana de Santiago";"(186)";"$ 1.916.726";"$ 1.543.046";"$ 0";"$ 200.694";"No";"No tiene";"No tiene";"No tiene";"01/01/2025";"31/12/2025";"No informa";"REMUNERACION JUNIO 2025+PAGO LEY 19490-19937 CUOTA JUNIO";
"2025";"Junio";"Profesional";"PINEDA MUÑOZ, KARINA ORNELLA";"Apoyo Administrativo";"11";"ENFERMERA (O)";"Región Metropolitana de Santiago";"(186)";"$ 2.472.496";"$ 1.854.401";"$ 0";"$ 273.282";"No";"No tiene";"No tiene";"No tiene";"01/01/2025";"31/12/2025";"No informa";"Sin observaciones";
"2025";"Junio";"Técnico";"PINO BUSTAMANTE, DANIELA ISABEL";"Atencion Clinica";"22";"TECNICO NIVEL SUPERIOR ENFERMERIA";"Región Metropolitana de Santiago";"(186)";"$ 790.296";"$ 610.070";"$ 0";"$ 117.688";"No";"No tiene";"No tiene";"No tiene";"01/01/2025";"31/12/2025";"No informa";"Sin observaciones";
"2025";"Junio";"Administrativo";"PINO CARRASCO, MINDY CASSANDRA";"Secretaria";"16";"ADMINISTRATIVO";"Región Metropolitana de Santiago";"(186)";"$ 1.016.290";"$ 864.180";"$ 0";"$ 316.687";"Sí";"$ 146.923 : 30,00 hrs";"No tiene";"No tiene";"01/01/2025";"31/12/2025";"No informa";"REMUNERACION JUNIO 2025+PAGO LEY 19490-19937 CUOTA JUNIO+BONO ESCOLAR CUOTA JUNIO 2025";
"2025";"Junio";"Médicos cirujanos, farmacéuticos, químico-farmacéuticos, bioquímicos, cirujano-dentistas";"PINO ORELLANA, SERGIO MANUEL";"Medico Becario Primario";"44 Hrs.";"MEDICO CIRUJANO";"Región Metropolitana de Santiago";"(01)";"$ 2.819.587";"$ 2.326.441";"$ 0";"$ 0";"No";"No tiene";"No tiene";"No tiene";"08/05/2024";"07/05/2026";"No informa";"REMUNERACION JUNIO 2025";
"2025";"Junio";"Profesional";"PINO TORO, HERNAN LUIS";"Atencion Clinica";"15";"ASISTENTE SOCIAL";"Región Metropolitana de Santiago";"(186)";"$ 1.562.193";"$ 1.236.836";"$ 0";"$ 90.908";"No";"No tiene";"No tiene";"No tiene";"01/01/2025";"31/12/2025";"No informa";"Sin observaciones";
"2025";"Junio";"Técnico";"PINO VASQUEZ, VALESKA CECILIA";"Atencion Clinica";"21";"TECNICO NIVEL SUPERIOR ENFERMERIA";"Región Metropolitana de Santiago";"(01)";"$ 788.888";"$ 599.100";"$ 0";"$ 120.148";"No";"No tiene";"No tiene";"No tiene";"01/01/2025";"31/12/2025";"No informa";"Sin observaciones";
"2025";"Junio";"Administrativo";"PINTO ALVAREZ, STEPHANIE CAROLINA";"Apoyo Administrativo";"22";"ADMINISTRATIVO";"Región Metropolitana de Santiago";"(01)";"$ 658.331";"$ 542.596";"$ 0";"$ 0";"No";"No tiene";"No tiene";"No tiene";"16/01/2025";"31/07/2025";"No informa";"Sin observaciones";
"2025";"Junio";"Profesional";"PINTO ARAVENA, ROBERTO ALBERTO";"Atencion Clinica";"15";"ENFERMERA (O)";"Región Metropolitana de Santiago";"(186)";"$ 1.647.121";"$ 1.293.072";"$ 0";"$ 175.475";"No";"No tiene";"No tiene";"No tiene";"01/01/2025";"31/12/2025";"No informa";"Sin observaciones";
"2025";"Junio";"Médicos cirujanos, farmacéuticos, químico-farmacéuticos, bioquímicos, cirujano-dentistas";"PINTO GONZALEZ, ADRIANA GABRIELA";"Atencion Clinica Medica";"22 Hrs.";"MEDICO CIRUJANO";"Región Metropolitana de Santiago";"(188)(186)";"$ 1.275.818";"$ 1.042.726";"$ 0";"$ 0";"No";"No tiene";"No tiene";"No tiene";"01/01/2025";"31/12/2025";"No informa";"Sin observaciones";
"2025";"Junio";"Profesional";"PINTO HERMOSILLA, SUSAN ROSEMARY";"Atencion Clinica";"16";"ENFERMERA (O)";"Región Metropolitana de Santiago";"(01)";"$ 1.426.367";"$ 1.120.467";"$ 0";"$ 83.321";"No";"No tiene";"No tiene";"No tiene";"01/01/2025";"30/06/2025";"No informa";"Sin observaciones";
"2025";"Junio";"Médicos cirujanos, farmacéuticos, químico-farmacéuticos, bioquímicos, cirujano-dentistas";"PINTO SOTO, MARIA IGNACIA";"Medico Becario Primario";"44 Hrs.";"MEDICO CIRUJANO";"Región Metropolitana de Santiago";"(01)";"$ 3.480.717";"$ 2.877.724";"$ 0";"$ 0";"No";"No tiene";"No tiene";"No tiene";"06/05/2024";"05/05/2026";"No informa";"REMUNERACION JUNIO 2025";
"2025";"Junio";"Administrativo";"PINTO VALDIVIA, DIGNA SOLEDAD";"APOYO ADMINISTRATIVO";"19";"ADMINISTRATIVO";"Región Metropolitana de Santiago";"(01)";"$ 746.104";"$ 983.335";"$ 0";"$ 189.987";"Sí";"$ 4.020 : 1,00 hrs";"No tiene";"No tiene";"01/01/2025";"31/12/2025";"No informa";"REMUNERACION JUN.2025+BONO ESCOLAR CUOTA 03/2025+BONO ESCOLAR CUOTA 06/2025+PAGO TRIMESTRAL LEY 19.937 PERIODO 06/2025";
"2025";"Junio";"Médicos cirujanos, farmacéuticos, químico-farmacéuticos, bioquímicos, cirujano-dentistas";"PIRUL YEVENES, ALEJANDRO MAURICIO";"Atencion Clinica Medica";"44 Hrs.";"MEDICO CIRUJANO";"Región Metropolitana de Santiago";"(86)(186)";"$ 3.578.912";"$ 2.836.279";"$ 0";"$ 0";"No";"No tiene";"No tiene";"No tiene";"01/01/2025";"31/12/2025";"No informa";"Sin observaciones";
"2025";"Junio";"Profesional";"PISON LILLO, MONICA DEL CARMEN";"Apoyo Administrativo";"8";"ASISTENTE SOCIAL";"Región Metropolitana de Santiago";"(186)";"$ 3.226.574";"$ 2.330.507";"$ 0";"$ 443.233";"No";"No tiene";"No tiene";"No tiene";"01/01/2025";"31/12/2025";"No informa";"Sin observaciones";
"2025";"Junio";"Técnico";"PISON SILVA, VICTOR EDUARDO";"Apoyo Logistico";"12";"TECNICO";"Región Metropolitana de Santiago";"(186)";"$ 1.943.533";"$ 1.558.884";"$ 0";"$ 433.351";"No";"No tiene";"No tiene";"No tiene";"01/01/2025";"31/12/2025";"No informa";"REMUNERACION JUNIO 2025+PAGO LEY 19490-19937 CUOTA JUNIO";
"2025";"Junio";"Profesional";"PIUTRIN SALDIAS, DANIELA ELIZABETH";"Atencion Clinica";"15";"ENFERMERA (O)";"Región Metropolitana de Santiago";"(186)";"$ 2.326.592";"$ 1.800.824";"$ 0";"$ 321.208";"Sí";"$ 241.652 : 30,00 hrs";"$ 193.322 : 20,00 hrs";"No tiene";"01/01/2025";"31/12/2025";"No informa";"Sin observaciones";
"2025";"Junio";"Médicos cirujanos, farmacéuticos, químico-farmacéuticos, bioquímicos, cirujano-dentistas";"PIZARRO ALARCON, SEBASTIAN IGNACIO";"CIRUGIA GENERAL";"28 Hrs.";"MEDICO CIRUJANO";"Región Metropolitana de Santiago";"(194)(193)(198)(186)";"$ 2.861.473";"$ 2.622.442";"$ 0";"$ 143.030";"No";"No tiene";"No tiene";"No tiene";"01/01/2025";"31/12/2025";"No informa";"REMUNERACION JUN.2025+PAGO TRIMESTRAL LEY 20.707 PERIODO 06/2025";
"2025";"Junio";"Técnico";"PIZARRO HERRERA, PATRICIA DEL ROSARIO";"Atencion Clinica";"20";"TECNICO NIVEL SUPERIOR ENFERMERIA";"Región Metropolitana de Santiago";"(01)";"$ 865.718";"$ 646.710";"$ 0";"$ 161.318";"No";"No tiene";"No tiene";"No tiene";"01/01/2025";"31/12/2025";"No informa";"Sin observaciones";
"2025";"Junio";"Profesional";"PIZARRO MORALES, DENISSE ALEJANDRA";"Atencion Clinica";"15";"MATRON (A)";"Región Metropolitana de Santiago";"(186)";"$ 1.880.841";"$ 1.529.678";"$ 0";"$ 90.908";"Sí";"$ 232.181 : 29,00 hrs";"$ 86.467 : 9,00 hrs";"No tiene";"01/01/2025";"31/12/2025";"No informa";"Sin observaciones";
"2025";"Junio";"Profesional";"PIZARRO PIZARRO, JOSE IGNACIO";"Atencion Clinica";"15";"ENFERMERA (O)";"Región Metropolitana de Santiago";"(186)";"$ 1.773.847";"$ 1.302.650";"$ 0";"$ 284.845";"No";"No tiene";"No tiene";"No tiene";"01/01/2025";"31/12/2025";"No informa";"Sin observaciones";
"2025";"Junio";"Auxiliar";"PIZARRO VILLAGRAN, HECTOR HUMBERTO";"CONDUCTOR";"21";"AUXILIAR";"Región Metropolitana de Santiago";"(205)(202)(204)";"$ 1.388.356";"$ 1.176.593";"$ 0";"$ 147.455";"Sí";"$ 53.779 : 15,00 hrs";"$ 193.606 : 45,00 hrs";"No tiene";"01/01/2025";"31/12/2025";"No informa";"REMUNERACION JUN.2025+PAGO TRIMESTRAL LEY 19.490 Y 19.937 PERIODO 06/2025";
"2025";"Junio";"Técnico";"PLAZA ACUÑA, NELSON HERNAN";"Apoyo Administrativo";"13";"TECNICO NIVEL SUPERIOR EN ADMINISTRACION DE EMPRESAS";"Región Metropolitana de Santiago";"(186)";"$ 1.252.013";"$ 965.656";"$ 0";"$ 183.643";"Sí";"$ 38.759 : 7,00 hrs";"$ 46.511 : 7,00 hrs";"No tiene";"01/01/2025";"31/07/2025";"No informa";"Sin observaciones";
"2025";"Junio";"Profesional";"PLAZA TAPIA, JUAN IGNACIO";"Apoyo Administrativo";"8";"ARQUITECTO";"Región Metropolitana de Santiago";"(186)";"$ 2.691.755";"$ 2.139.969";"$ 0";"$ 166.921";"No";"No tiene";"No tiene";"No tiene";"01/01/2025";"31/12/2025";"No informa";"REMUNERACION JUNIO 2025+PAGO LEY 19937 CUOTA JUNIO 2025";
"2025";"Junio";"Administrativo";"POBLETE DIAZ, JOSE ANTONIO";"Apoyo Administrativo";"21";"ADMINISTRATIVO";"Región Metropolitana de Santiago";"(186)";"$ 1.272.859";"$ 1.060.305";"$ 0";"$ 141.993";"Sí";"$ 144.678 : 40,00 hrs";"$ 342.885 : 79,00 hrs";"No tiene";"01/01/2025";"31/12/2025";"No informa";"Sin observaciones";
"2025";"Junio";"Técnico";"POBLETE IBARRA, HUGO JESUS";"ATENCION CLINICA";"22";"TECNICO NIVEL SUPERIOR ENFERMERIA";"Región Metropolitana de Santiago";"(202)(204)(186)";"$ 1.041.119";"$ 1.119.673";"$ 0";"$ 124.016";"No";"No tiene";"No tiene";"No tiene";"01/01/2025";"31/12/2025";"No informa";"REMUNERACION JUN.2025+PAGO TRIMESTRAL LEY 19.490 Y 19.937 PERIODO 06/2025";
"2025";"Junio";"Profesional";"POLANCO ESPINOZA, NATALIA SOLEDAD";"Atencion Clinica";"9";"PSICOLOGO (A)";"Región Metropolitana de Santiago";"(186)";"$ 2.984.800";"$ 2.237.622";"$ 0";"$ 406.618";"No";"No tiene";"No tiene";"No tiene";"01/01/2025";"31/12/2025";"No informa";"Sin observaciones";
"2025";"Junio";"Administrativo";"PONCE SOBELL, FRANCISCA IGNACIA";"Apoyo Administrativo";"22";"ADMINISTRATIVO";"Región Metropolitana de Santiago";"(01)";"$ 329.167";"$ 329.167";"$ 0";"$ 0";"No";"No tiene";"No tiene";"No tiene";"30/04/2025";"15/06/2025";"No informa";"Sin observaciones";
"2025";"Junio";"Auxiliar";"PONTIGO FAJARDO, RODOLFO JAVIER";"CONDUCTOR";"24";"TECNICO NIVEL SUPERIOR ENFERMERIA";"Región Metropolitana de Santiago";"(01)";"$ 1.207.036";"$ 1.072.548";"$ 0";"$ 0";"Sí";"$ 41.995 : 15,00 hrs";"$ 536.421 : 211,00 hrs";"No tiene";"01/01/2025";"30/06/2025";"No informa";"REMUNERACION JUN.2025+PAGO BONO MENSUAL";
"2025";"Junio";"Médicos cirujanos, farmacéuticos, químico-farmacéuticos, bioquímicos, cirujano-dentistas";"PONTIGO REYES, ANA PAZ";"Atencion Clinica Medica";"44 Hrs.";"MEDICO CIRUJANO";"Región Metropolitana de Santiago";"(188)(186)";"$ 4.535.090";"$ 3.681.777";"$ 0";"$ 0";"No";"No tiene";"No tiene";"No tiene";"01/01/2025";"31/12/2025";"No informa";"Sin observaciones";
"2025";"Junio";"Profesional";"PORTALES ORELLANA, CATALINA INES";"Apoyo Administrativo";"5";"CIENTISTA POLITICO (A)";"Región Metropolitana de Santiago";"(36)(186)";"$ 4.362.156";"$ 3.431.703";"$ 0";"$ 436.829";"No";"No tiene";"No tiene";"No tiene";"01/01/2025";"31/12/2025";"No informa";"Sin observaciones";
"2025";"Junio";"Profesional";"PORTILLO JORQUERA, ANDREA VERONICA";"Atencion Clinica";"15";"MATRON (A)";"Región Metropolitana de Santiago";"(220)(186)";"$ 1.863.970";"$ 1.452.509";"$ 0";"$ 212.119";"No";"No tiene";"No tiene";"No tiene";"01/01/2025";"31/12/2025";"No informa";"Sin observaciones";
"2025";"Junio";"Profesional";"POSADA CORVALAN, CAROLINA ANDREA";"Apoyo Administrativo";"6";"ADMINISTRADOR (A) PUBLICO";"Región Metropolitana de Santiago";"(186)";"$ 3.731.694";"$ 2.885.978";"$ 0";"$ 418.254";"No";"No tiene";"No tiene";"No tiene";"01/01/2025";"31/12/2025";"No informa";"Sin observaciones";
"2025";"Junio";"Administrativo";"POZAS CERDA, SANDRA PATRICIA";"Apoyo Administrativo";"21";"ADMINISTRATIVO";"Región Metropolitana de Santiago";"(01)";"$ 778.455";"$ 584.953";"$ 0";"$ 140.628";"No";"No tiene";"No tiene";"No tiene";"01/01/2025";"31/12/2025";"No informa";"Sin observaciones";
"2025";"Junio";"Auxiliar";"POZO GONZALEZ, GLORIA DEL CARMEN";"Apoyo Logistico";"24";"AUXILIAR";"Región Metropolitana de Santiago";"(202)(186)";"$ 926.205";"$ 715.000";"$ 0";"$ 109.814";"No";"No tiene";"No tiene";"No tiene";"01/01/2025";"31/12/2025";"No informa";"Sin observaciones";
"2025";"Junio";"Profesional";"POZO QUINTANA, RICARDO ANDRES";"ATENCION CLINICA";"13";"ENFERMERA (O)";"Región Metropolitana de Santiago";"(01)";"$ 1.445.071";"$ 1.017.404";"$ 0";"$ 0";"Sí";"No tiene";"$ 288.051 : 96,00 hrs";"No tiene";"01/06/2025";"30/06/2025";"No informa";"REEMPLAZO JUN.2025 (01-03)+REEMPLAZO JUN.2025 (04-07) (18-30)";
"2025";"Junio";"Médicos cirujanos, farmacéuticos, químico-farmacéuticos, bioquímicos, cirujano-dentistas";"POZO SANCHEZ, SEBASTIAN IGNACIO";"Atencion Clinica Medica";"44 Hrs.";"MEDICO CIRUJANO";"Región Metropolitana de Santiago";"(86)(186)";"$ 3.397.946";"$ 2.696.226";"$ 0";"$ 0";"No";"No tiene";"No tiene";"No tiene";"01/01/2025";"31/12/2025";"No informa";"Sin observaciones";
"2025";"Junio";"Profesional";"PRATI POBLETE, MIGUEL FABRIZIO";"Jefe de Departamento";"5";"INGENIERO (A) EJECUCION ADMINISTRACION";"Región Metropolitana de Santiago";"(186)";"$ 3.513.167";"$ 2.766.913";"$ 0";"$ 537.746";"No";"No tiene";"No tiene";"No tiene";"01/01/2025";"31/12/2025";"No informa";"REMUNERACION JUNIO 2025+PAGO LEY 19490-19937 CUOTA JUNIO";
"2025";"Junio";"Técnico";"PROVOSTE FUENTES, ROMINA ANDREA";"Atencion Clinica";"20";"TECNICO NIVEL SUPERIOR RECURSOS HUMANOS";"Región Metropolitana de Santiago";"(186)";"$ 871.573";"$ 661.749";"$ 0";"$ 161.318";"No";"No tiene";"No tiene";"No tiene";"01/01/2025";"31/12/2025";"No informa";"Sin observaciones";
"2025";"Junio";"Profesional";"PUEBLA ALCHAO, ESTEBAN ANDRES";"Apoyo Administrativo";"16";"INGENIERO (A) EN INFORMATICA";"Región Metropolitana de Santiago";"(01)";"$ 1.342.691";"$ 1.099.524";"$ 0";"$ 83.676";"No";"No tiene";"No tiene";"No tiene";"01/01/2025";"31/12/2025";"No informa";"REMUNERACION JUNIO 2025+PAGO LEY 19937 CUOTA JUNIO 2025";
"2025";"Junio";"Profesional";"PUEBLA NUÑEZ, TATIANA ALEJANDRA";"Apoyo Administrativo";"5";"SOCIOLOGO (A)";"Región Metropolitana de Santiago";"(186)";"$ 3.567.107";"$ 2.843.816";"$ 0";"$ 495.293";"No";"No tiene";"No tiene";"No tiene";"01/01/2025";"31/12/2025";"No informa";"REMUNERACION JUNIO 2025+PAGO LEY 19490-19937 CUOTA JUNIO";
"2025";"Junio";"Auxiliar";"PUGA VARGAS, PEDRO ALEKSEI";"CONDUCTOR";"24";"TECNICO NIVEL SUPERIOR ENFERMERIA";"Región Metropolitana de Santiago";"(01)";"$ 951.710";"$ 980.006";"$ 0";"$ 93.823";"Sí";"$ 83.991 : 30,00 hrs";"$ 299.007 : 169,00 hrs";"No tiene";"01/01/2025";"30/06/2025";"No informa";"REMUNERACION JUN.2025+PAGO TRIMESTRAL LEY 19.937 PERIODO 06/2025";
"2025";"Junio";"Médicos cirujanos, farmacéuticos, químico-farmacéuticos, bioquímicos, cirujano-dentistas";"PUGH VALDOVINOS, DUNCAN EDWARD";"Medico Becario Primario";"44 Hrs.";"MEDICO CIRUJANO";"Región Metropolitana de Santiago";"(01)";"$ 2.819.587";"$ 2.326.441";"$ 0";"$ 0";"No";"No tiene";"No tiene";"No tiene";"07/04/2025";"06/04/2026";"No informa";"REMUNERACION JUNIO 2025";
"2025";"Junio";"Médicos cirujanos, farmacéuticos, químico-farmacéuticos, bioquímicos, cirujano-dentistas";"PUMARINO TORRES, TOMAS EUGENIO";"Medico Becario Primario";"44 Hrs.";"MEDICO CIRUJANO";"Región Metropolitana de Santiago";"(01)";"$ 2.819.587";"$ 2.323.903";"$ 0";"$ 0";"No";"No tiene";"No tiene";"No tiene";"08/05/2024";"07/05/2026";"No informa";"REMUNERACION JUNIO 2025";
"2025";"Junio";"Profesional";"QUEVEDO PEREIRA, MAILEF ANDREA";"Atencion Clinica";"7";"KINESIOLOGO (A)";"Región Metropolitana de Santiago";"(186)";"$ 3.473.483";"$ 2.614.755";"$ 0";"$ 427.162";"No";"No tiene";"No tiene";"No tiene";"01/01/2025";"31/12/2025";"No informa";"Sin observaciones";
"2025";"Junio";"Profesional";"QUEZADA PADILLA, MIGNA BEGONIA";"Atencion Clinica";"15";"MATRON (A)";"Región Metropolitana de Santiago";"(01)";"$ 0";"$ 0";"$ 0";"$ 0";"No";"No tiene";"No tiene";"No tiene";"01/01/2025";"31/12/2025";"No informa";"PSGS DESDE 01/04/2025 AL 30/09/2025";
"2025";"Junio";"Administrativo";"QUEZADA PALMA, JOSE LUIS";"Apoyo Administrativo";"21";"ADMINISTRATIVO";"Región Metropolitana de Santiago";"(01)";"$ 757.888";"$ 582.499";"$ 0";"$ 120.148";"No";"No tiene";"No tiene";"No tiene";"01/01/2025";"30/06/2025";"No informa";"Sin observaciones";
"2025";"Junio";"Médicos cirujanos, farmacéuticos, químico-farmacéuticos, bioquímicos, cirujano-dentistas";"QUEZADA TOFALOS, EYLEEN KHADRA";"Medicina Familiar";"22 Hrs.";"MEDICO CIRUJANO";"Región Metropolitana de Santiago";"(188)(186)";"$ 2.141.930";"$ 1.731.908";"$ 0";"$ 0";"No";"No tiene";"No tiene";"No tiene";"01/01/2025";"31/12/2025";"No informa";"Sin observaciones";
"2025";"Junio";"Profesional";"QUILEMPAN VIVANCO, VANESSA ALEJANDRA";"Atencion Clinica";"15";"FONOAUDIOLOGO (A)";"Región Metropolitana de Santiago";"(186)";"$ 1.772.251";"$ 1.399.829";"$ 0";"$ 193.937";"No";"No tiene";"No tiene";"No tiene";"01/01/2025";"31/12/2025";"No informa";"Sin observaciones";
"2025";"Junio";"Administrativo";"QUILENCHEO AYANCAN, MARIANELA IVONNE";"Secretaria";"12";"ADMINISTRATIVO";"Región Metropolitana de Santiago";"(186)";"$ 1.922.254";"$ 1.545.360";"$ 0";"$ 755.156";"No";"No tiene";"No tiene";"No tiene";"01/01/2025";"31/12/2025";"No informa";"REMUNERACION JUNIO 2025+PAGO LEY 19490-19937 CUOTA JUNIO+BONO ESCOLAR CUOTA JUNIO 2025";
"2025";"Junio";"Profesional";"QUINTANA RIVAS, JUAN ANDRES";"Atencion Clinica";"15";"KINESIOLOGO (A)";"Región Metropolitana de Santiago";"(186)";"$ 1.790.510";"$ 1.198.925";"$ 0";"$ 212.119";"Sí";"$ 324.156 : 40,00 hrs";"$ 38.899 : 4,00 hrs";"No tiene";"01/01/2025";"31/12/2025";"No informa";"Sin observaciones";
"2025";"Junio";"Técnico";"QUINTANA , GUIOMAR YUDITH";"Atencion Clinica";"22";"AUXILIAR PARAMEDICO DE ENFERMERIA";"Región Metropolitana de Santiago";"(186)";"$ 759.296";"$ 575.872";"$ 0";"$ 117.688";"No";"No tiene";"No tiene";"No tiene";"01/01/2025";"31/12/2025";"No informa";"Sin observaciones";
"2025";"Junio";"Profesional";"QUINTANILLA TORRES, FRANCO GIBERTTI";"Atencion Clinica";"15";"ENFERMERA (O)";"Región Metropolitana de Santiago";"(186)";"$ 1.709.028";"$ 1.346.662";"$ 0";"$ 139.392";"No";"No tiene";"No tiene";"No tiene";"01/01/2025";"31/12/2025";"No informa";"Sin observaciones";
"2025";"Junio";"Auxiliar";"QUINTEROS FLORES, ALAN RICARDO";"Chofer";"20";"AUXILIAR";"Región Metropolitana de Santiago";"(205)(186)";"$ 1.828.251";"$ 1.567.912";"$ 0";"$ 149.795";"Sí";"$ 156.709 : 40,00 hrs";"$ 752.206 : 160,00 hrs";"No tiene";"01/01/2025";"31/12/2025";"No informa";"Sin observaciones";
"2025";"Junio";"Profesional";"QUINTEROS SEPULVEDA, ALBERTO JESUS";"Atencion Clinica";"15";"PSICOLOGO (A)";"Región Metropolitana de Santiago";"(01)";"$ 1.462.453";"$ 1.194.284";"$ 0";"$ 0";"No";"No tiene";"No tiene";"No tiene";"01/01/2025";"31/12/2025";"No informa";"Sin observaciones";
"2025";"Junio";"Profesional";"QUIROGA CHIMENELLI, MARIA JOSE";"Atencion Clinica";"14";"ASISTENTE SOCIAL";"Región Metropolitana de Santiago";"(186)";"$ 1.861.171";"$ 1.439.508";"$ 0";"$ 168.624";"No";"No tiene";"No tiene";"No tiene";"01/01/2025";"31/12/2025";"No informa";"Sin observaciones";
"2025";"Junio";"Profesional";"QUIROGA GALVEZ, CRISTHIAN SEBASTIAN";"Apoyo Administrativo";"8";"ENFERMERA (O)";"Región Metropolitana de Santiago";"(186)";"$ 2.691.755";"$ 2.164.979";"$ 0";"$ 395.044";"No";"No tiene";"No tiene";"No tiene";"01/01/2025";"31/12/2025";"No informa";"REMUNERACION JUNIO 2025+PAGO LEY 19490-19937 CUOTA JUNIO";
"2025";"Junio";"Médicos cirujanos, farmacéuticos, químico-farmacéuticos, bioquímicos, cirujano-dentistas";"QUIROZ CACERES, ROBERTO IGNACIO";"Atencion Clinica Medica";"44 Hrs.";"MÉDICOS CIRUJANOS, FARMACÉUTICOS, QUÍMICO-FARMACÉUTICOS, BIOQUÍMICOS, CIRUJANO-DENTISTAS";"Región Metropolitana de Santiago";"(86)";"$ 2.948.378";"$ 2.356.145";"$ 0";"$ 0";"No";"No tiene";"No tiene";"No tiene";"01/01/2025";"31/12/2025";"No informa";"Sin observaciones";
"2025";"Junio";"Profesional";"QUIROZ OMONTE, ANDRES ANTONIO";"ATENCION CLINICA";"13";"ENFERMERA (O)";"Región Metropolitana de Santiago";"(203)(204)(186)";"$ 2.746.859";"$ 2.801.383";"$ 0";"$ 288.666";"No";"No tiene";"No tiene";"No tiene";"01/01/2025";"31/12/2025";"No informa";"REMUNERACION JUN.2025 + BONO ENF. Y OTROS PROF+PAGO TRIMESTRAL LEY 19.490 Y 19.937 PERIODO 06/2025";
"2025";"Junio";"Profesional";"QUIROZ RODRIGUEZ, LUCIANO SEGUNDO";"Atencion Clinica";"15";"KINESIOLOGO (A)";"Región Metropolitana de Santiago";"(186)";"$ 1.562.193";"$ 1.240.557";"$ 0";"$ 90.908";"No";"No tiene";"No tiene";"No tiene";"01/01/2025";"31/12/2025";"No informa";"Sin observaciones";
"2025";"Junio";"Profesional";"QUIROZ ULLOA, FABIAN ALEXANDER";"Apoyo Administrativo";"11";"ADMINISTRADOR (A) PUBLICO";"Región Metropolitana de Santiago";"(01)";"$ 2.687.352";"$ 2.106.657";"$ 0";"$ 264.742";"Sí";"$ 213.047 : 19,00 hrs";"$ 134.556 : 10,00 hrs";"No tiene";"01/01/2025";"31/12/2025";"No informa";"Sin observaciones";
"2025";"Junio";"Profesional";"QUIROZ ULLOA, MAIRON ISRAEL";"JEFE DE DEPARTAMENTO";"11";"ADMINISTRADOR (A) PUBLICO";"Región Metropolitana de Santiago";"(01)";"$ 2.773.571";"$ 2.694.004";"$ 0";"$ 276.178";"Sí";"$ 336.390 : 30,00 hrs";"$ 363.301 : 27,00 hrs";"No tiene";"01/01/2025";"31/12/2025";"No informa";"REMUNERACION JUN.2025+PAGO TRIMESTRAL LEY 19.490 Y 19.937 PERIODO 06/2025";
"2025";"Junio";"Profesional";"RAMIREZ CANCINO, PAULINA FERNANDA";"Atencion Clinica";"15";"MATRON (A)";"Región Metropolitana de Santiago";"(01)";"$ 1.877.066";"$ 1.501.720";"$ 0";"$ 154.543";"Sí";"$ 183.020 : 23,00 hrs";"$ 76.391 : 8,00 hrs";"No tiene";"01/01/2025";"31/12/2025";"No informa";"Sin observaciones";
"2025";"Junio";"Técnico";"RAMIREZ DIAZ, CYNTHIA CAROLINA";"Atencion Clinica";"21";"TECNICO NIVEL SUPERIOR ENFERMERIA";"Región Metropolitana de Santiago";"(01)";"$ 788.888";"$ 600.951";"$ 0";"$ 120.148";"No";"No tiene";"No tiene";"No tiene";"01/01/2025";"31/12/2025";"No informa";"Sin observaciones";
"2025";"Junio";"Médicos cirujanos, farmacéuticos, químico-farmacéuticos, bioquímicos, cirujano-dentistas";"RAMIREZ FLORES, JORGE ANDRES";"MEDICO CIRUJANO CON ESPECIALIDAD EN SALUD PUBLICA";"28 Hrs.";"MEDICO CIRUJANO CON ESPECIALIDAD EN SALUD PUBLICA";"Región Metropolitana de Santiago";"(194)(193)(198)(186)";"$ 4.663.479";"$ 4.340.420";"$ 0";"$ 211.017";"No";"No tiene";"No tiene";"No tiene";"01/01/2025";"31/12/2025";"No informa";"REMUNERACION JUN.2025+PAGO TRIMESTRAL LEY 20.707 PERIODO 06/2025";
"2025";"Junio";"Profesional";"RAMIREZ GAETE, JORGE IGNACIO";"Apoyo Administrativo";"6";"PERIODISTA";"Región Metropolitana de Santiago";"(186)";"$ 3.804.996";"$ 2.946.013";"$ 0";"$ 457.466";"No";"No tiene";"No tiene";"No tiene";"01/01/2025";"31/12/2025";"No informa";"Sin observaciones";
"2025";"Junio";"Profesional";"RAMIREZ IBACETA, LUIS ALBERTO";"Apoyo Administrativo";"10";"INGENIERO (A) EJECUCION EN INFORMATICA";"Región Metropolitana de Santiago";"(186)";"$ 2.268.933";"$ 1.813.664";"$ 0";"$ 383.202";"No";"No tiene";"No tiene";"No tiene";"01/01/2025";"31/12/2025";"No informa";"REMUNERACION JUNIO 2025+PAGO LEY 19490-19937 CUOTA JUNIO";
"2025";"Junio";"Técnico";"RAMIREZ MIÑO, SUGEY ANTONELLA";"Apoyo Administrativo";"22";"TECNICO DE PARVULOS";"Región Metropolitana de Santiago";"(186)";"$ 793.730";"$ 610.173";"$ 0";"$ 131.608";"Sí";"$ 6.883 : 2,00 hrs";"No tiene";"No tiene";"01/01/2025";"31/12/2025";"No informa";"Sin observaciones";
"2025";"Junio";"Profesional";"RAMIREZ POBLETE, SERGIO FERNANDO";"Atencion Clinica";"15";"KINESIOLOGO (A)";"Región Metropolitana de Santiago";"(186)";"$ 1.791.029";"$ 1.449.566";"$ 0";"$ 154.543";"Sí";"$ 88.069 : 11,00 hrs";"$ 76.860 : 8,00 hrs";"No tiene";"01/01/2025";"31/12/2025";"No informa";"Sin observaciones";
"2025";"Junio";"Médicos cirujanos, farmacéuticos, químico-farmacéuticos, bioquímicos, cirujano-dentistas";"RAMIREZ TORRES, KATHERINNE LILIANA";"Atencion Odontologica";"22 Hrs.";"CIRUJANO DENTISTA";"Región Metropolitana de Santiago";"(01)";"$ 0";"$ 0";"$ 0";"$ 0";"No";"No tiene";"No tiene";"No tiene";"01/01/2025";"31/12/2025";"No informa";"PSGS DESDE 03/02/2025 AL 31/07/2025";
"2025";"Junio";"Profesional";"RAMOS ARGANDOÑA, CAROLINA ANDREA";"Atencion Clinica";"12";"MATRON (A)";"Región Metropolitana de Santiago";"(01)";"$ 2.147.941";"$ 1.700.971";"$ 0";"$ 199.843";"Sí";"$ 41.160 : 4,00 hrs";"No tiene";"No tiene";"01/01/2025";"31/12/2025";"No informa";"Sin observaciones";
"2025";"Junio";"Auxiliar";"RAMOS DIAZ, VICTOR ALBERTO";"CONDUCTOR";"24";"TECNICO NIVEL SUPERIOR ENFERMERIA";"Región Metropolitana de Santiago";"(205)(203)(204)(186)";"$ 840.758";"$ 776.411";"$ 0";"$ 110.880";"No";"No tiene";"No tiene";"No tiene";"01/01/2025";"31/12/2025";"No informa";"REMUNERACION JUN.2025+PAGO TRIMESTRAL LEY 19.490 Y 19.937 PERIODO 06/2025";
"2025";"Junio";"Auxiliar";"RAMOS GONZALEZ, XIMENA JOANNA";"Apoyo Logistico";"23";"AUXILIAR";"Región Metropolitana de Santiago";"(01)";"$ 1.091.695";"$ 927.737";"$ 0";"$ 101.750";"Sí";"$ 91.089 : 30,00 hrs";"$ 360.711 : 99,00 hrs";"No tiene";"01/01/2025";"31/12/2025";"No informa";"Sin observaciones";
"2025";"Junio";"Profesional";"RAUCH CORDERO, BASTIAN PATRICIO";"ATENCION CLINICA";"13";"KINESIOLOGO (A)";"Región Metropolitana de Santiago";"(01)";"$ 287.414";"$ 149.388";"$ 0";"$ 0";"No";"No tiene";"No tiene";"No tiene";"17/05/2025";"21/05/2025";"No informa";"REEMPLAZO MAY.2025 (17-21)";
"2025";"Junio";"Profesional";"REBOLLEDO SEPULVEDA, BARBARA GABRIELA";"Apoyo Administrativo";"8";"ENFERMERA (O)";"Región Metropolitana de Santiago";"(186)";"$ 2.691.755";"$ 2.147.833";"$ 0";"$ 283.764";"No";"No tiene";"No tiene";"No tiene";"01/01/2025";"31/12/2025";"No informa";"REMUNERACION JUNIO 2025+PAGO LEY 19490-19937 CUOTA JUNIO";
"2025";"Junio";"Médicos cirujanos, farmacéuticos, químico-farmacéuticos, bioquímicos, cirujano-dentistas";"RECABARREN BAEZ, ALEXANDER";"SUBDIRECTOR DE GESTION ASISTENCIAL";"44 Hrs.";"MEDICO CIRUJANO";"Región Metropolitana de Santiago";"(86)(186)";"$ 6.968.048";"$ 5.654.451";"$ 0";"$ 0";"No";"No tiene";"No tiene";"No tiene";"01/01/2025";"31/12/2025";"No informa";"REMUNERACION JUNIO 2025";
"2025";"Junio";"Técnico";"RENCA DIAZ, FRANCISCO JOVANO";"Atencion Clinica";"15";"TECNICO NIVEL SUPERIOR ENFERMERIA";"Región Metropolitana de Santiago";"(01)";"$ 1.286.941";"$ 1.011.920";"$ 0";"$ 195.309";"Sí";"$ 98.630 : 20,00 hrs";"$ 118.356 : 20,00 hrs";"No tiene";"01/01/2025";"31/12/2025";"No informa";"Sin observaciones";
"2025";"Junio";"Médicos cirujanos, farmacéuticos, químico-farmacéuticos, bioquímicos, cirujano-dentistas";"RENTERIA ARAYA, CONSTANZA CECILIA";"Medico PAO";"44 Hrs.";"MEDICO CIRUJANO";"Región Metropolitana de Santiago";"(86)(186)";"$ 4.059.076";"$ 3.298.356";"$ 0";"$ 0";"No";"No tiene";"No tiene";"No tiene";"01/01/2025";"31/12/2025";"No informa";"Sin observaciones";
"2025";"Junio";"Profesional";"RETAMAL LEAL, JOHANNA ELIZETT";"Apoyo Administrativo";"8";"ENFERMERA (O)";"Región Metropolitana de Santiago";"(01)";"$ 3.367.891";"$ 2.468.084";"$ 0";"$ 598.365";"No";"No tiene";"No tiene";"No tiene";"01/01/2025";"31/12/2025";"No informa";"Sin observaciones";
"2025";"Junio";"Administrativo";"REYES CONCHA, DANIELA LUISA";"Apoyo Administrativo";"21";"ADMINISTRATIVO";"Región Metropolitana de Santiago";"(01)";"$ 757.888";"$ 573.819";"$ 0";"$ 120.148";"No";"No tiene";"No tiene";"No tiene";"01/01/2025";"31/12/2025";"No informa";"Sin observaciones";
"2025";"Junio";"Administrativo";"REYES CRUZ, MARIA JULIA";"ENCARGADO (A)";"19";"INGENIERO (A) ADMINISTRACION DE EMPRESAS";"Región Metropolitana de Santiago";"(186)";"$ 1.442.527";"$ 1.615.553";"$ 0";"$ 242.902";"Sí";"$ 145.727 : 28,00 hrs";"$ 249.817 : 40,00 hrs";"No tiene";"01/01/2025";"31/12/2025";"No informa";"REMUNERACION JUN.2025+BONO ESCOLAR CUOTA 06/2025+PAGO TRIMESTRAL LEY 19.490 Y 19.937 PERIODO 06/2025";
"2025";"Junio";"Profesional";"REYES DAVEY, RODRIGO ANDRES";"Apoyo Administrativo";"8";"INGENIERO (A) COMERCIAL";"Región Metropolitana de Santiago";"(186)";"$ 2.691.755";"$ 2.164.979";"$ 0";"$ 356.096";"No";"No tiene";"No tiene";"No tiene";"01/01/2025";"31/12/2025";"No informa";"REMUNERACION JUNIO 2025+PAGO LEY 19490-19937 CUOTA JUNIO";
"2025";"Junio";"Técnico";"REYES PAREDES, LISSETTE VANESSA";"Atencion Clinica";"20";"TECNICO NIVEL SUPERIOR RECURSOS HUMANOS";"Región Metropolitana de Santiago";"(01)";"$ 842.575";"$ 639.450";"$ 0";"$ 138.273";"No";"No tiene";"No tiene";"No tiene";"01/01/2025";"31/12/2025";"No informa";"Sin observaciones";
"2025";"Junio";"Médicos cirujanos, farmacéuticos, químico-farmacéuticos, bioquímicos, cirujano-dentistas";"REYES PUEBLA, MARCELA PAZ";"Atencion Clinica Medica";"44 Hrs.";"MEDICO CIRUJANO";"Región Metropolitana de Santiago";"(86)";"$ 2.948.378";"$ 2.342.399";"$ 0";"$ 0";"No";"No tiene";"No tiene";"No tiene";"01/01/2025";"31/12/2025";"No informa";"Sin observaciones";
"2025";"Junio";"Médicos cirujanos, farmacéuticos, químico-farmacéuticos, bioquímicos, cirujano-dentistas";"REYES TORRES, VIVIANA DE LOS ANGELES";"Atencion Clinica Medica";"44 Hrs.";"MEDICO CIRUJANO";"Región Metropolitana de Santiago";"(86)(186)";"$ 5.778.014";"$ 4.730.324";"$ 0";"$ 0";"No";"No tiene";"No tiene";"No tiene";"01/01/2025";"31/12/2025";"No informa";"Sin observaciones";
"2025";"Junio";"Médicos cirujanos, farmacéuticos, químico-farmacéuticos, bioquímicos, cirujano-dentistas";"REYES ULLOA, JORGE IGNACIO ENRIQUE";"Atencion Clinica Medica";"44 Hrs.";"MEDICO CIRUJANO";"Región Metropolitana de Santiago";"(86)";"$ 2.948.378";"$ 2.357.776";"$ 0";"$ 0";"No";"No tiene";"No tiene";"No tiene";"07/04/2025";"31/12/2025";"No informa";"Sin observaciones";
"2025";"Junio";"Profesional";"REYES VALENZUELA, PAULINA ANDREA";"Atencion Clinica";"16";"NUTRICIONISTA";"Región Metropolitana de Santiago";"(01)";"$ 1.779.590";"$ 1.451.443";"$ 0";"$ 141.646";"Sí";"$ 189.626 : 26,00 hrs";"$ 105.024 : 12,00 hrs";"No tiene";"01/01/2025";"30/06/2025";"No informa";"Sin observaciones";
"2025";"Junio";"Técnico";"RICHE CALAMULLO, TIFFANI BRIGGIT";"Atencion Clinica";"20";"TECNICO NIVEL SUPERIOR ENFERMERIA";"Región Metropolitana de Santiago";"(186)";"$ 871.573";"$ 661.749";"$ 0";"$ 161.318";"No";"No tiene";"No tiene";"No tiene";"01/01/2025";"31/12/2025";"No informa";"Sin observaciones";
"2025";"Junio";"Médicos cirujanos, farmacéuticos, químico-farmacéuticos, bioquímicos, cirujano-dentistas";"RIFFO FERNANDEZ, DANILO RODRIGO";"Odontopediatria";"44 Hrs.";"CIRUJANO DENTISTA";"Región Metropolitana de Santiago";"(188)(86)(186)";"$ 6.055.688";"$ 4.939.355";"$ 0";"$ 0";"No";"No tiene";"No tiene";"No tiene";"01/01/2025";"31/12/2025";"No informa";"Sin observaciones";
"2025";"Junio";"Técnico";"RIFFO GONZALEZ, MARINA INES";"Atencion Clinica";"22";"TECNICO NIVEL SUPERIOR ENFERMERIA";"Región Metropolitana de Santiago";"(186)";"$ 813.323";"$ 616.744";"$ 0";"$ 131.608";"No";"No tiene";"No tiene";"No tiene";"01/01/2025";"31/12/2025";"No informa";"Sin observaciones";
"2025";"Junio";"Técnico";"RIFFO GUZMAN, SOLEDAD FRANCESCA";"Atencion Clinica";"20";"TECNICO NIVEL SUPERIOR RECURSOS HUMANOS";"Región Metropolitana de Santiago";"(01)";"$ 0";"$ 0";"$ 0";"$ 0";"No";"No tiene";"No tiene";"No tiene";"01/01/2025";"31/12/2025";"No informa";"PSGS DESDE 01/04/2025 AL 30/06/2025";
"2025";"Junio";"Técnico";"RIFFO VALENCIA, RUTH MYRIAM";"Atencion Clinica";"22";"TECNICO NIVEL SUPERIOR ENFERMERIA";"Región Metropolitana de Santiago";"(186)";"$ 808.799";"$ 611.226";"$ 0";"$ 131.608";"No";"No tiene";"No tiene";"No tiene";"01/01/2025";"31/12/2025";"No informa";"Sin observaciones";
"2025";"Junio";"Profesional";"RIOS CAMPOS, JUAN PABLO";"Apoyo Administrativo";"6";"INGENIERO (A) CIVIL INDUSTRIAL";"Región Metropolitana de Santiago";"(186)";"$ 3.238.922";"$ 2.556.252";"$ 0";"$ 229.706";"No";"No tiene";"No tiene";"No tiene";"01/01/2025";"31/12/2025";"No informa";"REMUNERACION JUNIO 2025+PAGO LEY 19490-19937 CUOTA JUNIO";
"2025";"Junio";"Administrativo";"RIOS ESCOBAR, CECILIA CARMEN";"Secretaria";"13";"ADMINISTRATIVO";"Región Metropolitana de Santiago";"(186)";"$ 1.404.171";"$ 1.204.219";"$ 0";"$ 429.627";"Sí";"$ 232.873 : 40,00 hrs";"$ 139.724 : 20,00 hrs";"No tiene";"01/01/2025";"31/12/2025";"No informa";"REMUNERACION JUNIO 2025+PAGO LEY 19490-19937 CUOTA JUNIO";
"2025";"Junio";"Profesional";"RIOS GONZALEZ, LORENA ANDREA";"Atencion Clinica";"13";"NUTRICIONISTA";"Región Metropolitana de Santiago";"(01)";"$ 2.176.171";"$ 1.710.349";"$ 0";"$ 184.025";"Sí";"$ 198.983 : 21,00 hrs";"$ 56.852 : 5,00 hrs";"No tiene";"01/01/2025";"31/12/2025";"No informa";"Sin observaciones";
"2025";"Junio";"Administrativo";"RIOS SANDOVAL, IRMA ROSA";"Apoyo Administrativo";"22";"ADMINISTRATIVO";"Región Metropolitana de Santiago";"(186)";"$ 721.136";"$ 546.475";"$ 0";"$ 117.688";"No";"No tiene";"No tiene";"No tiene";"01/01/2025";"31/12/2025";"No informa";"Sin observaciones";
"2025";"Junio";"Técnico";"RIOS SEPULVEDA, IGNACIO ELIAS";"Atencion Clinica";"20";"TECNICO NIVEL SUPERIOR ENFERMERIA";"Región Metropolitana de Santiago";"(186)";"$ 854.286";"$ 655.588";"$ 0";"$ 138.273";"No";"No tiene";"No tiene";"No tiene";"01/01/2025";"31/12/2025";"No informa";"Sin observaciones";
"2025";"Junio";"Administrativo";"RIQUELME ACEVEDO, ANA MARJORIE";"Apoyo Administrativo";"21";"ADMINISTRATIVO";"Región Metropolitana de Santiago";"(202)(186)";"$ 1.171.231";"$ 902.716";"$ 0";"$ 140.628";"No";"No tiene";"No tiene";"No tiene";"01/01/2025";"31/12/2025";"No informa";"Sin observaciones";
"2025";"Junio";"Administrativo";"RIQUELME CARRASCO, SOFIA DE LAS MERCEDES";"Apoyo Administrativo";"22";"TECNICO EN SECRETARIADO";"Región Metropolitana de Santiago";"(186)";"$ 739.639";"$ 557.625";"$ 0";"$ 131.608";"No";"No tiene";"No tiene";"No tiene";"01/01/2025";"31/12/2025";"No informa";"Sin observaciones";
"2025";"Junio";"Técnico";"RIQUELME FUENTES, CRISTIAN LUIS";"ATENCION CLINICA";"22";"TECNICO NIVEL SUPERIOR ENFERMERIA";"Región Metropolitana de Santiago";"(202)(204)(186)";"$ 1.365.035";"$ 1.221.975";"$ 0";"$ 158.576";"Sí";"$ 104.850 : 31,00 hrs";"$ 223.228 : 55,00 hrs";"No tiene";"01/01/2025";"31/12/2025";"No informa";"REMUNERACION JUN.2025+BONO ESCOLAR CUOTA 03/2025+BONO ESCOLAR CUOTA 06/2025+PAGO TRIMESTRAL LEY 19.490 Y 19.937 PERIODO 06/2025";
"2025";"Junio";"Profesional";"RIQUELME HUENULAO, MARCO ANDRES";"ATENCION CLINICA";"13";"ENFERMERA (O)";"Región Metropolitana de Santiago";"(203)(204)(186)";"$ 3.342.637";"$ 3.428.405";"$ 0";"$ 310.317";"Sí";"$ 339.613 : 35,00 hrs";"$ 256.165 : 22,00 hrs";"No tiene";"01/01/2025";"31/12/2025";"No informa";"REMUNERACION JUN.2025 + BONO ENF. Y OTROS PROF+PAGO TRIMESTRAL LEY 19.490 Y 19.937 PERIODO 06/2025";
"2025";"Junio";"Profesional";"RIQUELME MARIN, JORGE ALEJANDRO";"Apoyo Administrativo";"6";"PSICOLOGO (A)";"Región Metropolitana de Santiago";"(186)";"$ 3.345.583";"$ 2.635.283";"$ 0";"$ 406.909";"No";"No tiene";"No tiene";"No tiene";"01/01/2025";"31/12/2025";"No informa";"REMUNERACION JUNIO 2025+PAGO LEY 19490-19937 CUOTA JUNIO";
"2025";"Junio";"Técnico";"RIQUELME MOLINA, PAOLA PAZ";"Apoyo Administrativo";"22";"TECNICO NIVEL SUPERIOR DE PARVULO";"Región Metropolitana de Santiago";"(186)";"$ 752.942";"$ 573.020";"$ 0";"$ 111.361";"No";"No tiene";"No tiene";"No tiene";"01/01/2025";"31/12/2025";"No informa";"Sin observaciones";
"2025";"Junio";"Técnico";"RIQUELME PEÑALOZA, CONSTANZA ADELINA";"Atencion Clinica";"20";"TECNICO NIVEL SUPERIOR ENFERMERIA";"Región Metropolitana de Santiago";"(186)";"$ 860.002";"$ 656.257";"$ 0";"$ 149.795";"No";"No tiene";"No tiene";"No tiene";"01/01/2025";"31/12/2025";"No informa";"Sin observaciones";
"2025";"Junio";"Profesional";"RIQUELME YAÑEZ, FRANCISCA ANDREA";"Atencion Clinica";"15";"MATRON (A)";"Región Metropolitana de Santiago";"(186)";"$ 1.626.100";"$ 1.259.367";"$ 0";"$ 154.543";"No";"No tiene";"No tiene";"No tiene";"01/01/2025";"31/12/2025";"No informa";"Sin observaciones";
"2025";"Junio";"Médicos cirujanos, farmacéuticos, químico-farmacéuticos, bioquímicos, cirujano-dentistas";"RIVAS HERRERA, ANGELINA FRANCOISE";"Quimico Farmaceutico";"22 Hrs.";"QUIMICO FARMACEUTICO";"Región Metropolitana de Santiago";"(188)(186)";"$ 2.446.050";"$ 2.128.176";"$ 0";"$ 0";"No";"No tiene";"No tiene";"No tiene";"01/01/2025";"31/12/2025";"No informa";"Sin observaciones";
"2025";"Junio";"Médicos cirujanos, farmacéuticos, químico-farmacéuticos, bioquímicos, cirujano-dentistas";"RIVAS HERRERA, ANGELINA FRANCOISE";"Quimico Farmaceutico";"22 Hrs.";"QUIMICO FARMACEUTICO";"Región Metropolitana de Santiago";"(188)(186)";"$ 2.446.050";"$ 1.862.413";"$ 0";"$ 0";"No";"No tiene";"No tiene";"No tiene";"01/01/2025";"31/12/2025";"No informa";"Sin observaciones";
"2025";"Junio";"Técnico";"RIVAS RIVERA, ANGELICA LORENA";"Atencion Clinica";"20";"TECNICO NIVEL SUPERIOR ENFERMERIA";"Región Metropolitana de Santiago";"(186)";"$ 877.429";"$ 658.300";"$ 0";"$ 161.318";"No";"No tiene";"No tiene";"No tiene";"01/01/2025";"31/12/2025";"No informa";"Sin observaciones";
"2025";"Junio";"Profesional";"RIVERA ACEVEDO, RODRIGO EDUARDO";"Apoyo Administrativo";"8";"INGENIERO (A) BIOMEDICO";"Región Metropolitana de Santiago";"(186)";"$ 2.691.755";"$ 2.162.975";"$ 0";"$ 222.560";"No";"No tiene";"No tiene";"No tiene";"01/01/2025";"31/12/2025";"No informa";"REMUNERACION JUNIO 2025+PAGO LEY 19490-19937 CUOTA JUNIO";
"2025";"Junio";"Médicos cirujanos, farmacéuticos, químico-farmacéuticos, bioquímicos, cirujano-dentistas";"RIVERA BASOALTO, PAULA JAVIERA";"Atencion Clinica Medica";"22 Hrs.";"MÉDICOS CIRUJANOS, FARMACÉUTICOS, QUÍMICO-FARMACÉUTICOS, BIOQUÍMICOS, CIRUJANO-DENTISTAS";"Región Metropolitana de Santiago";"(01)";"$ 945.285";"$ 748.874";"$ 0";"$ 0";"No";"No tiene";"No tiene";"No tiene";"01/01/2025";"31/12/2025";"No informa";"Sin observaciones";
"2025";"Junio";"Médicos cirujanos, farmacéuticos, químico-farmacéuticos, bioquímicos, cirujano-dentistas";"RIVERA BASOALTO, PAULA JAVIERA";"Atencion Clinica Medica";"22 Hrs.";"MÉDICOS CIRUJANOS, FARMACÉUTICOS, QUÍMICO-FARMACÉUTICOS, BIOQUÍMICOS, CIRUJANO-DENTISTAS";"Región Metropolitana de Santiago";"(01)";"$ 945.285";"$ 773.620";"$ 0";"$ 0";"No";"No tiene";"No tiene";"No tiene";"01/01/2025";"31/12/2025";"No informa";"Sin observaciones";
"2025";"Junio";"Médicos cirujanos, farmacéuticos, químico-farmacéuticos, bioquímicos, cirujano-dentistas";"RIVERA FLORES, DIEGO ALONSO";"Medico Becario Primario";"44 Hrs.";"MEDICO CIRUJANO";"Región Metropolitana de Santiago";"(01)";"$ 2.819.587";"$ 2.326.441";"$ 0";"$ 0";"No";"No tiene";"No tiene";"No tiene";"07/04/2025";"06/04/2026";"No informa";"REMUNERACION JUNIO 2025";
"2025";"Junio";"Profesional";"RIVERA MENDEZ, FELIPE";"Atencion Clinica";"16";"PSICOLOGO (A)";"Región Metropolitana de Santiago";"(186)";"$ 1.745.333";"$ 1.369.782";"$ 0";"$ 141.646";"Sí";"$ 155.058 : 21,00 hrs";"No tiene";"No tiene";"01/01/2025";"31/12/2025";"No informa";"Sin observaciones";
"2025";"Junio";"Médicos cirujanos, farmacéuticos, químico-farmacéuticos, bioquímicos, cirujano-dentistas";"RIVERA REGUEIRO, BERTHA";"Atencion Clinica Medica";"22 Hrs.";"MEDICO CIRUJANO";"Región Metropolitana de Santiago";"(01)";"$ 945.285";"$ 753.919";"$ 0";"$ 0";"No";"No tiene";"No tiene";"No tiene";"01/01/2025";"30/06/2025";"No informa";"Sin observaciones";
"2025";"Junio";"Médicos cirujanos, farmacéuticos, químico-farmacéuticos, bioquímicos, cirujano-dentistas";"RIVERA REGUEIRO, BERTHA";"Atencion Clinica Medica";"22 Hrs.";"MEDICO CIRUJANO";"Región Metropolitana de Santiago";"(01)";"$ 945.285";"$ 779.103";"$ 0";"$ 0";"No";"No tiene";"No tiene";"No tiene";"01/01/2025";"30/06/2025";"No informa";"Sin observaciones";
"2025";"Junio";"Técnico";"RIVERA VALDES, ENRIQUE FRANCISCO";"Apoyo Administrativo";"20";"TECNICO EN MANTENCION ELECTRICA";"Región Metropolitana de Santiago";"(186)";"$ 1.198.160";"$ 993.030";"$ 0";"$ 126.750";"Sí";"$ 76.323 : 20,00 hrs";"$ 315.979 : 69,00 hrs";"No tiene";"01/01/2025";"31/12/2025";"No informa";"Sin observaciones";
"2025";"Junio";"Profesional";"RIVERA VILLARROEL, CONSTANZA ALEJANDRA";"Atencion Clinica";"13";"KINESIOLOGO (A)";"Región Metropolitana de Santiago";"(01)";"$ 1.844.239";"$ 1.434.057";"$ 0";"$ 108.250";"No";"No tiene";"No tiene";"No tiene";"01/01/2025";"31/12/2025";"No informa";"Sin observaciones";
"2025";"Junio";"Profesional";"ROA BERROCAL, FRANCISCO JAVIER";"Apoyo Administrativo";"6";"CONTADOR (A) AUDITOR (A)";"Región Metropolitana de Santiago";"(186)";"$ 4.011.178";"$ 3.096.104";"$ 0";"$ 679.663";"No";"No tiene";"No tiene";"No tiene";"01/01/2025";"31/12/2025";"No informa";"Sin observaciones";
"2025";"Junio";"Médicos cirujanos, farmacéuticos, químico-farmacéuticos, bioquímicos, cirujano-dentistas";"ROA DIAZ, NICOLAS ANDRES";"Atencion Odontologica";"22 Hrs.";"CIRUJANO DENTISTA";"Región Metropolitana de Santiago";"(86)(186)";"$ 2.247.654";"$ 1.944.610";"$ 0";"$ 0";"No";"No tiene";"No tiene";"No tiene";"01/01/2025";"31/12/2025";"No informa";"Sin observaciones";
"2025";"Junio";"Médicos cirujanos, farmacéuticos, químico-farmacéuticos, bioquímicos, cirujano-dentistas";"ROA DIAZ, NICOLAS ANDRES";"Atencion Odontologica";"22 Hrs.";"CIRUJANO DENTISTA";"Región Metropolitana de Santiago";"(86)(186)";"$ 2.247.711";"$ 1.728.452";"$ 0";"$ 0";"No";"No tiene";"No tiene";"No tiene";"01/01/2025";"30/06/2025";"No informa";"Sin observaciones";
"2025";"Junio";"Administrativo";"ROA ESCOBAR, DANAE MILLAREA";"Atencion Clinica";"22";"ADMINISTRATIVO";"Región Metropolitana de Santiago";"(01)";"$ 482.778";"$ 482.778";"$ 0";"$ 0";"No";"No tiene";"No tiene";"No tiene";"02/06/2025";"23/06/2025";"No informa";"Sin observaciones";
"2025";"Junio";"Auxiliar";"ROA TORO, FRANCISCO JAVIER";"CONDUCTOR";"24";"AUXILIAR";"Región Metropolitana de Santiago";"(01)";"$ 705.128";"$ 582.528";"$ 0";"$ 0";"Sí";"No tiene";"$ 107.508 : 88,00 hrs";"No tiene";"01/01/2025";"30/06/2025";"No informa";"REMUNERACION JUN.2025+PAGO BONO MENSUAL";
"2025";"Junio";"Profesional";"ROBLEDO HERRERA, HEIDY ROMINNA";"Apoyo Administrativo";"15";"EDUCADOR (A) DE PARVULOS";"Región Metropolitana de Santiago";"(186)";"$ 1.780.630";"$ 1.391.153";"$ 0";"$ 154.543";"Sí";"$ 56.386 : 7,00 hrs";"No tiene";"No tiene";"01/01/2025";"31/12/2025";"No informa";"Sin observaciones";
"2025";"Junio";"Médicos cirujanos, farmacéuticos, químico-farmacéuticos, bioquímicos, cirujano-dentistas";"ROBLES ROSALES, JUAN ALEJANDRO";"Atencion Odontologica";"22 Hrs.";"CIRUJANO DENTISTA";"Región Metropolitana de Santiago";"(188)(186)";"$ 2.221.266";"$ 1.795.112";"$ 0";"$ 0";"No";"No tiene";"No tiene";"No tiene";"01/01/2025";"31/12/2025";"No informa";"Sin observaciones";
"2025";"Junio";"Médicos cirujanos, farmacéuticos, químico-farmacéuticos, bioquímicos, cirujano-dentistas";"ROCHA ARREDONDO, LUIS ALBERTO";"CIRUGIA GENERAL";"28 Hrs.";"MEDICO CIRUJANO";"Región Metropolitana de Santiago";"(194)(193)(198)(186)";"$ 4.103.060";"$ 2.913.803";"$ 0";"$ 215.213";"No";"No tiene";"No tiene";"No tiene";"01/01/2025";"31/12/2025";"No informa";"REMUNERACION JUN.2025+PAGO TRIMESTRAL LEY 20.707 PERIODO 06/2025";
"2025";"Junio";"Profesional";"ROCO MOLINA, JORGE RAUL";"Apoyo Administrativo";"6";"ARQUITECTO";"Región Metropolitana de Santiago";"(186)";"$ 3.379.504";"$ 2.655.886";"$ 0";"$ 787.566";"No";"No tiene";"No tiene";"No tiene";"01/01/2025";"31/12/2025";"No informa";"REMUNERACION JUNIO 2025+PAGO LEY 19490-19937 CUOTA JUNIO";
"2025";"Junio";"Técnico";"ROCO RIVERA, CYNTHIA ELIZABETH";"ATENCION CLINICA";"22";"TECNICO NIVEL SUPERIOR ENFERMERIA";"Región Metropolitana de Santiago";"(203)(204)(186)";"$ 877.621";"$ 861.799";"$ 0";"$ 111.361";"No";"No tiene";"No tiene";"No tiene";"01/01/2025";"31/12/2025";"No informa";"REMUNERACION JUN.2025+PAGO TRIMESTRAL LEY 19.937 PERIODO 06/2025";
"2025";"Junio";"Profesional";"RODRIGUEZ AROS, VALERIA JACQUELINE";"Atencion Clinica";"16";"NUTRICIONISTA";"Región Metropolitana de Santiago";"(01)";"$ 1.576.077";"$ 1.316.099";"$ 0";"$ 0";"Sí";"$ 145.866 : 20,00 hrs";"$ 87.520 : 10,00 hrs";"No tiene";"01/01/2025";"30/06/2025";"No informa";"Sin observaciones";
"2025";"Junio";"Médicos cirujanos, farmacéuticos, químico-farmacéuticos, bioquímicos, cirujano-dentistas";"RODRIGUEZ BRICEÑO, ALEJANDRO JOSE";"Atencion Clinica Medica";"44 Hrs.";"MEDICO CIRUJANO";"Región Metropolitana de Santiago";"(188)(186)";"$ 2.657.412";"$ 2.137.161";"$ 0";"$ 0";"No";"No tiene";"No tiene";"No tiene";"01/01/2025";"31/12/2025";"No informa";"Sin observaciones";
"2025";"Junio";"Médicos cirujanos, farmacéuticos, químico-farmacéuticos, bioquímicos, cirujano-dentistas";"RODRIGUEZ MARCANO, JESUS SALVADOR";"Atencion Clinica Medica";"44 Hrs.";"MEDICO CIRUJANO";"Región Metropolitana de Santiago";"(188)(186)";"$ 2.551.700";"$ 2.036.389";"$ 0";"$ 0";"No";"No tiene";"No tiene";"No tiene";"01/01/2025";"31/12/2025";"No informa";"Sin observaciones";
"2025";"Junio";"Técnico";"RODRIGUEZ MEDINA, YASMIN SOLEDAD";"Atencion Clinica";"22";"TECNICO NIVEL SUPERIOR ENFERMERIA";"Región Metropolitana de Santiago";"(186)";"$ 820.821";"$ 643.932";"$ 0";"$ 111.361";"Sí";"$ 36.879 : 11,00 hrs";"No tiene";"No tiene";"01/01/2025";"31/12/2025";"No informa";"Sin observaciones";
"2025";"Junio";"Técnico";"RODRIGUEZ PEÑA, MARCELO ANTONIO";"ATENCION CLINICA";"22";"TECNICO NIVEL SUPERIOR ENFERMERIA";"Región Metropolitana de Santiago";"(202)(204)(186)";"$ 1.120.776";"$ 647.321";"$ 0";"$ 124.016";"Sí";"$ 47.351 : 14,00 hrs";"$ 40.587 : 10,00 hrs";"No tiene";"01/01/2025";"31/12/2025";"No informa";"REMUNERACION JUN.2025+PAGO TRIMESTRAL LEY 19.490 Y 19.937 PERIODO 06/2025";
"2025";"Junio";"Profesional";"RODRIGUEZ PIÑA, MARIA PAZ";"Atencion Clinica";"16";"MATRON (A)";"Región Metropolitana de Santiago";"(186)";"$ 1.598.643";"$ 1.271.368";"$ 0";"$ 149.978";"No";"No tiene";"No tiene";"No tiene";"01/01/2025";"31/12/2025";"No informa";"Sin observaciones";
"2025";"Junio";"Profesional";"RODRIGUEZ PIÑEIRO, LUNA AURORA";"Apoyo Administrativo";"6";"ADMINISTRADOR (A) PUBLICO";"Región Metropolitana de Santiago";"(186)";"$ 3.836.704";"$ 2.940.574";"$ 0";"$ 522.817";"No";"No tiene";"No tiene";"No tiene";"01/01/2025";"31/12/2025";"No informa";"Sin observaciones";
"2025";"Junio";"Técnico";"RODRIGUEZ QUINCHAGUAL, EVELYN DEL CARMEN";"Atencion Clinica";"22";"TECNICO NIVEL SUPERIOR RECURSOS HUMANOS";"Región Metropolitana de Santiago";"(186)";"$ 979.304";"$ 770.526";"$ 0";"$ 151.856";"Sí";"$ 40.587 : 12,00 hrs";"$ 109.585 : 27,00 hrs";"No tiene";"01/01/2025";"31/12/2025";"No informa";"Sin observaciones";
"2025";"Junio";"Médicos cirujanos, farmacéuticos, químico-farmacéuticos, bioquímicos, cirujano-dentistas";"RODRIGUEZ QUINTANA, JESUS ALFREDO";"Atencion Clinica Medica";"44 Hrs.";"MEDICO CIRUJANO";"Región Metropolitana de Santiago";"(188)(186)";"$ 2.525.190";"$ 2.038.488";"$ 0";"$ 0";"No";"No tiene";"No tiene";"No tiene";"01/01/2025";"31/12/2025";"No informa";"Sin observaciones";
"2025";"Junio";"Administrativo";"RODRIGUEZ RIVERA, VICTOR ALEJANDRO";"Apoyo Administrativo";"16";"ADMINISTRATIVO";"Región Metropolitana de Santiago";"(01)";"$ 1.165.770";"$ 1.021.906";"$ 0";"$ 0";"Sí";"$ 185.048 : 40,00 hrs";"$ 111.028 : 20,00 hrs";"No tiene";"01/01/2025";"31/12/2025";"No informa";"REMUNERACION JUNIO 2025+BONO ESCOLAR CUOTA JUNIO 2025";
"2025";"Junio";"Auxiliar";"RODRIGUEZ RODRIGUEZ, BENJAMIN ANDRES";"CONDUCTOR";"22";"AUXILIAR";"Región Metropolitana de Santiago";"(205)(203)(204)";"$ 1.301.655";"$ 1.218.433";"$ 0";"$ 117.689";"Sí";"$ 132.924 : 40,00 hrs";"$ 263.189 : 66,00 hrs";"No tiene";"01/01/2025";"31/12/2025";"No informa";"REMUNERACION JUN.2025+PAGO TRIMESTRAL LEY 19.490 Y 19.937 PERIODO 06/2025";
"2025";"Junio";"Médicos cirujanos, farmacéuticos, químico-farmacéuticos, bioquímicos, cirujano-dentistas";"RODRIGUEZ RODRIGUEZ, JOSE CARLOS";"Medico Becario Primario";"44 Hrs.";"MEDICO CIRUJANO";"Región Metropolitana de Santiago";"(01)";"$ 2.819.587";"$ 2.304.448";"$ 0";"$ 0";"No";"No tiene";"No tiene";"No tiene";"08/05/2025";"07/05/2026";"No informa";"Sin observaciones";
"2025";"Junio";"Auxiliar";"RODRIGUEZ SALAS, JOEL ALEJANDRO";"Chofer";"23";"AUXILIAR";"Región Metropolitana de Santiago";"(01)";"$ 886.675";"$ 778.147";"$ 0";"$ 0";"Sí";"$ 121.452 : 40,00 hrs";"$ 167.603 : 46,00 hrs";"No tiene";"01/01/2025";"31/12/2025";"No informa";"Sin observaciones";
"2025";"Junio";"Auxiliar";"RODRIGUEZ TAPIA, JUAN RAMON";"Chofer";"19";"AUXILIAR";"Región Metropolitana de Santiago";"(205)(186)";"$ 1.403.332";"$ 1.025.462";"$ 0";"$ 183.721";"Sí";"No tiene";"$ 411.255 : 141,00 hrs";"No tiene";"01/01/2025";"31/12/2025";"No informa";"Sin observaciones";
"2025";"Junio";"Administrativo";"RODRIGUEZ TORRES, DANNY JAVIER";"Apoyo Administrativo";"17";"ADMINISTRATIVO";"Región Metropolitana de Santiago";"(186)";"$ 943.585";"$ 714.116";"$ 0";"$ 156.526";"No";"No tiene";"No tiene";"No tiene";"01/01/2025";"30/06/2025";"No informa";"Sin observaciones";
"2025";"Junio";"Profesional";"RODRIGUEZ VILLABLANCA, DANIELA VICTORIA";"Atencion Clinica";"14";"NUTRICIONISTA";"Región Metropolitana de Santiago";"(01)";"$ 1.944.413";"$ 1.576.800";"$ 0";"$ 99.190";"Sí";"$ 251.790 : 29,00 hrs";"No tiene";"No tiene";"01/01/2025";"31/12/2025";"No informa";"Sin observaciones";
"2025";"Junio";"Profesional";"ROJAS ALVAREZ, ARNALDO RENZO";"Apoyo Administrativo";"7";"INGENIERO (A) CONSTRUCTOR";"Región Metropolitana de Santiago";"(186)";"$ 2.954.803";"$ 2.336.557";"$ 0";"$ 183.849";"No";"No tiene";"No tiene";"No tiene";"01/01/2025";"31/12/2025";"No informa";"REMUNERACION JUNIO 2025+PAGO LEY 19937 CUOTA JUNIO 2025";
"2025";"Junio";"Profesional";"ROJAS CORALES, JOSE OMAR";"SUBDIRECTOR DE GESTIÓN Y DESARROLLO DE LAS PERSONAS";"5";"ADMINISTRADOR (A) PUBLICO";"Región Metropolitana de Santiago";"(36)(186)";"$ 4.631.348";"$ 3.765.040";"$ 0";"$ 1.224.081";"No";"No tiene";"No tiene";"No tiene";"01/01/2025";"31/12/2025";"No informa";"REMUNERACION JUNIO 2025+PAGO LEY 19490-19937 CUOTA JUNIO";
"2025";"Junio";"Auxiliar";"ROJAS DONOSO, GUSTAVO CEDERICK";"CONDUCTOR";"22";"AUXILIAR";"Región Metropolitana de Santiago";"(202)(204)";"$ 1.293.661";"$ 830.923";"$ 0";"$ 0";"Sí";"$ 132.924 : 40,00 hrs";"$ 175.460 : 44,00 hrs";"No tiene";"26/04/2025";"31/07/2025";"No informa";"REMUNERACION JUN.2025";
"2025";"Junio";"Administrativo";"ROJAS LAZO, HERNAN ANDRES";"Apoyo Administrativo";"13";"ADMINISTRATIVO";"Región Metropolitana de Santiago";"(186)";"$ 2.939.595";"$ 2.115.325";"$ 0";"$ 677.592";"Sí";"$ 214.224 : 23,00 hrs";"$ 301.776 : 27,00 hrs";"No tiene";"01/01/2025";"31/12/2025";"No informa";"Sin observaciones";
"2025";"Junio";"Profesional";"ROJAS MANCILLA, CARLA ANGELICA";"Apoyo Administrativo";"8";"KINESIOLOGO (A)";"Región Metropolitana de Santiago";"(186)";"$ 2.810.403";"$ 2.231.135";"$ 0";"$ 534.144";"No";"No tiene";"No tiene";"No tiene";"01/01/2025";"31/12/2025";"No informa";"REMUNERACION JUNIO 2025+PAGO LEY 19490-19937 CUOTA JUNIO";
"2025";"Junio";"Administrativo";"ROJAS MARTINEZ, LEYLA SOLANGE";"Apoyo Administrativo";"21";"ADMINISTRATIVO";"Región Metropolitana de Santiago";"(186)";"$ 779.800";"$ 587.667";"$ 0";"$ 131.070";"No";"No tiene";"No tiene";"No tiene";"01/01/2025";"31/12/2025";"No informa";"Sin observaciones";
"2025";"Junio";"Auxiliar";"ROJAS MEDINA, LEOPOLDO HUMBERTO";"CONDUCTOR";"22";"AUXILIAR";"Región Metropolitana de Santiago";"(205)(202)(204)(186)";"$ 1.425.733";"$ 1.690.212";"$ 0";"$ 205.790";"Sí";"$ 134.107 : 40,00 hrs";"$ 225.299 : 56,00 hrs";"No tiene";"01/01/2025";"31/12/2025";"No informa";"REMUNERACION JUN.2025+BONO ESCOLAR CUOTA 03/2025+BONO ESCOLAR CUOTA 06/2025+PAGO TRIMESTRAL LEY 19.490 Y 19.937 PERIODO 06/2025";
"2025";"Junio";"Profesional";"ROJAS MIGONE, ALEJANDRA DENISSE";"Atencion Clinica";"13";"ENFERMERA (O)";"Región Metropolitana de Santiago";"(186)";"$ 2.248.662";"$ 1.789.248";"$ 0";"$ 184.025";"Sí";"No tiene";"$ 228.776 : 20,00 hrs";"No tiene";"01/01/2025";"31/12/2025";"No informa";"Sin observaciones";
"2025";"Junio";"Médicos cirujanos, farmacéuticos, químico-farmacéuticos, bioquímicos, cirujano-dentistas";"ROJAS MORALES, RUBEN ANDRES";"Quimico Farmaceutico";"44 Hrs.";"QUIMICO FARMACEUTICO";"Región Metropolitana de Santiago";"(188)(186)";"$ 4.343.006";"$ 3.520.694";"$ 0";"$ 0";"No";"No tiene";"No tiene";"No tiene";"01/01/2025";"31/12/2025";"No informa";"Sin observaciones";
"2025";"Junio";"Médicos cirujanos, farmacéuticos, químico-farmacéuticos, bioquímicos, cirujano-dentistas";"ROJAS OLIVEROS, VALENTINA PAZ";"Atencion Clinica Medica";"44 Hrs.";"MEDICO CIRUJANO";"Región Metropolitana de Santiago";"(86)(186)";"$ 3.397.946";"$ 2.699.318";"$ 0";"$ 0";"No";"No tiene";"No tiene";"No tiene";"01/01/2025";"31/12/2025";"No informa";"Sin observaciones";
"2025";"Junio";"Técnico";"ROJAS REUQUE, ELISA DEL CARMEN";"Atencion Clinica";"20";"TECNICO NIVEL SUPERIOR ODONTOLOGIA";"Región Metropolitana de Santiago";"(01)";"$ 865.718";"$ 646.591";"$ 0";"$ 161.318";"No";"No tiene";"No tiene";"No tiene";"01/01/2025";"31/12/2025";"No informa";"Sin observaciones";
"2025";"Junio";"Auxiliar";"ROJAS REYES, JULIO ARMANDO";"Apoyo Logistico";"16";"AUXILIAR";"Región Metropolitana de Santiago";"(205)";"$ 1.912.171";"$ 1.611.758";"$ 0";"$ 169.124";"Sí";"$ 185.047 : 40,00 hrs";"$ 666.171 : 120,00 hrs";"No tiene";"01/01/2025";"31/12/2025";"No informa";"Sin observaciones";
"2025";"Junio";"Técnico";"ROJAS REYES, YUPSY DEL TRANSITO";"Atencion Clinica";"20";"TECNICO NIVEL SUPERIOR ENFERMERIA";"Región Metropolitana de Santiago";"(186)";"$ 969.267";"$ 749.059";"$ 0";"$ 161.318";"Sí";"$ 61.059 : 16,00 hrs";"$ 36.635 : 8,00 hrs";"No tiene";"01/01/2025";"31/12/2025";"No informa";"Sin observaciones";
"2025";"Junio";"Profesional";"ROJAS RIVERA, MARCELO EXEQUIEL";"Atencion Clinica";"13";"TRABAJADOR (A) SOCIAL";"Región Metropolitana de Santiago";"(01)";"$ 2.534.341";"$ 2.053.184";"$ 0";"$ 184.025";"Sí";"$ 341.113 : 36,00 hrs";"$ 272.891 : 24,00 hrs";"No tiene";"01/01/2025";"31/12/2025";"No informa";"Sin observaciones";
"2025";"Junio";"Profesional";"ROJEL SILVA, ESTEPHANIE DEL CARMEN";"Apoyo Administrativo";"12";"PSICOLOGO (A)";"Región Metropolitana de Santiago";"(186)";"$ 2.017.065";"$ 1.616.456";"$ 0";"$ 200.694";"No";"No tiene";"No tiene";"No tiene";"01/01/2025";"31/12/2025";"No informa";"REMUNERACION JUNIO 2025+PAGO LEY 19490-19937 CUOTA JUNIO";
"2025";"Junio";"Profesional";"ROJO OPORTO, NATALIA BEATRIZ";"Atencion Clinica";"15";"PSICOLOGO (A)";"Región Metropolitana de Santiago";"(186)";"$ 1.739.818";"$ 1.339.998";"$ 0";"$ 154.543";"Sí";"$ 24.019 : 3,00 hrs";"No tiene";"No tiene";"01/01/2025";"31/12/2025";"No informa";"Sin observaciones";
"2025";"Junio";"Médicos cirujanos, farmacéuticos, químico-farmacéuticos, bioquímicos, cirujano-dentistas";"ROMAGNOLI PRADO, JEAN CHRISTOPHE";"Medico General Especialidad Basica";"11 Hrs.";"MEDICO CIRUJANO";"Región Metropolitana de Santiago";"(186)";"$ 1.024.687";"$ 837.476";"$ 0";"$ 0";"No";"No tiene";"No tiene";"No tiene";"01/06/2025";"31/08/2025";"No informa";"Sin observaciones";
"2025";"Junio";"Médicos cirujanos, farmacéuticos, químico-farmacéuticos, bioquímicos, cirujano-dentistas";"ROMAGNOLI PRADO, JEAN CHRISTOPHE";"Medico General Especialidad Basica";"22 Hrs.";"MEDICO CIRUJANO";"Región Metropolitana de Santiago";"(188)(188)(186)";"$ 2.584.887";"$ 2.024.590";"$ 0";"$ 0";"No";"No tiene";"No tiene";"No tiene";"01/01/2025";"31/12/2025";"No informa";"Sin observaciones";
"2025";"Junio";"Profesional";"ROMAN ARAVENA, MARCELA ANDREA";"Atencion Clinica";"15";"ENFERMERA (O)";"Región Metropolitana de Santiago";"(220)(186)";"$ 1.970.219";"$ 1.449.681";"$ 0";"$ 336.359";"Sí";"$ 88.069 : 11,00 hrs";"No tiene";"No tiene";"01/01/2025";"31/12/2025";"No informa";"Sin observaciones";
"2025";"Junio";"Técnico";"ROMAN CARO, KARLA FRANCISCA";"Atencion Clinica";"20";"TECNICO NIVEL SUPERIOR ENFERMERIA";"Región Metropolitana de Santiago";"(186)";"$ 844.090";"$ 641.032";"$ 0";"$ 133.951";"No";"No tiene";"No tiene";"No tiene";"01/01/2025";"31/12/2025";"No informa";"Sin observaciones";
"2025";"Junio";"Administrativo";"ROMERO MONTENEGRO, SANDRA LISSETTE";"Apoyo Administrativo";"16";"ADMINISTRATIVO";"Región Metropolitana de Santiago";"(186)";"$ 1.046.752";"$ 806.013";"$ 0";"$ 163.839";"Sí";"$ 56.057 : 12,00 hrs";"No tiene";"No tiene";"01/01/2025";"31/12/2025";"No informa";"Sin observaciones";
"2025";"Junio";"Profesional";"ROMERO PAREDES, NESTOR JULIAN";"Apoyo Administrativo";"13";"CONTADOR (A) AUDITOR (A)";"Región Metropolitana de Santiago";"(01)";"$ 1.938.993";"$ 1.542.222";"$ 0";"$ 108.250";"Sí";"$ 94.754 : 10,00 hrs";"No tiene";"No tiene";"01/01/2025";"31/07/2025";"No informa";"Sin observaciones";
"2025";"Junio";"Administrativo";"ROMERO PINCHEIRA, CESAR ENRIQUE";"Apoyo Administrativo";"16";"ADMINISTRATIVO";"Región Metropolitana de Santiago";"(186)";"$ 1.187.948";"$ 911.516";"$ 0";"$ 211.404";"Sí";"$ 93.428 : 20,00 hrs";"$ 56.057 : 10,00 hrs";"No tiene";"01/01/2025";"31/12/2025";"No informa";"Sin observaciones";
"2025";"Junio";"Profesional";"ROMERO POBLETE, SOFIA ANTONIA";"Atencion Clinica";"16";"MATRON (A)";"Región Metropolitana de Santiago";"(01)";"$ 1.426.367";"$ 1.122.148";"$ 0";"$ 83.321";"No";"No tiene";"No tiene";"No tiene";"01/01/2025";"30/06/2025";"No informa";"Sin observaciones";
"2025";"Junio";"Técnico";"ROMO MIRANDA, CAMILA ALEXEI";"Atencion Clinica";"22";"TECNICO NIVEL SUPERIOR ENFERMERIA";"Región Metropolitana de Santiago";"(01)";"$ 708.935";"$ 578.136";"$ 0";"$ 0";"No";"No tiene";"No tiene";"No tiene";"01/01/2025";"31/07/2025";"No informa";"Sin observaciones";
"2025";"Junio";"Administrativo";"RONDA OLAVE, SANTIAGO ALEJANDRO";"Apoyo Administrativo";"14";"OTROS TECNICOS";"Región Metropolitana de Santiago";"(186)";"$ 2.271.315";"$ 1.737.445";"$ 0";"$ 484.575";"Sí";"$ 236.027 : 40,00 hrs";"$ 509.818 : 72,00 hrs";"No tiene";"01/01/2025";"31/12/2025";"No informa";"Sin observaciones";
"2025";"Junio";"Profesional";"ROQUE MALDONADO, MARIA JOSE";"Apoyo Administrativo";"10";"TECNOLOGO (A) MEDICO";"Región Metropolitana de Santiago";"(01)";"$ 2.256.523";"$ 1.803.947";"$ 0";"$ 0";"No";"No tiene";"No tiene";"No tiene";"01/03/2025";"31/12/2025";"No informa";"REMUNERACION JUNIO 2025";
"2025";"Junio";"Administrativo";"ROSAS ESPINOZA, MARIA JOSE";"Apoyo Administrativo";"22";"ADMINISTRATIVO";"Región Metropolitana de Santiago";"(01)";"$ 736.843";"$ 566.475";"$ 0";"$ 111.361";"Sí";"$ 26.585 : 8,00 hrs";"No tiene";"No tiene";"01/01/2025";"31/07/2025";"No informa";"Sin observaciones";
"2025";"Junio";"Profesional";"ROSSI MARIN, LUCIA GEORGINA";"Apoyo Administrativo";"7";"PERIODISTA";"Región Metropolitana de Santiago";"(186)";"$ 3.075.771";"$ 2.453.550";"$ 0";"$ 245.132";"No";"No tiene";"No tiene";"No tiene";"01/01/2025";"31/12/2025";"No informa";"REMUNERACION JUNIO 2025+PAGO LEY 19490-19937 CUOTA JUNIO";
"2025";"Junio";"Administrativo";"ROZAS ARAVENA, LUIS JAVIER";"Apoyo Administrativo";"13";"ADMINISTRATIVO";"Región Metropolitana de Santiago";"(186)";"$ 1.299.378";"$ 1.110.451";"$ 0";"$ 484.116";"Sí";"$ 232.873 : 40,00 hrs";"$ 34.931 : 5,00 hrs";"No tiene";"01/01/2025";"31/12/2025";"No informa";"REMUNERACION JUNIO 2025+PAGO LEY 19490-19937 CUOTA JUNIO";
"2025";"Junio";"Auxiliar";"RUBILAR ALDANA, LUIS SANTIAGO";"CONDUCTOR";"22";"AUXILIAR";"Región Metropolitana de Santiago";"(205)(202)(204)";"$ 1.335.856";"$ 1.215.029";"$ 0";"$ 124.003";"Sí";"$ 46.523 : 14,00 hrs";"$ 231.288 : 58,00 hrs";"No tiene";"01/01/2025";"31/12/2025";"No informa";"REMUNERACION JUN.2025+PAGO TRIMESTRAL LEY 19.490 PERIODO 03/2025+PAGO TRIMESTRAL LEY 19.490 Y 19.937 PERIODO 06/2025";
"2025";"Junio";"Administrativo";"RUBINA PEREZ, ANDREA LORETO";"Apoyo Administrativo";"16";"ADMINISTRATIVO";"Región Metropolitana de Santiago";"(01)";"$ 901.612";"$ 750.710";"$ 0";"$ 0";"Sí";"$ 83.271 : 18,00 hrs";"No tiene";"No tiene";"01/01/2025";"31/12/2025";"No informa";"Sin observaciones";
"2025";"Junio";"Profesional";"RUBIO PALACIOS, SOLEDAD PATRICIA";"APOYO ADMINISTRATIVO";"10";"ARQUITECTO";"Región Metropolitana de Santiago";"(01)";"$ 2.256.523";"$ 2.029.507";"$ 0";"$ 139.602";"No";"No tiene";"No tiene";"No tiene";"01/01/2025";"31/12/2025";"No informa";"REMUNERACION JUN.2025+PAGO TRIMESTRAL LEY 19.937 PERIODO 06/2025";
"2025";"Junio";"Profesional";"RUEDA NEIRA, ALEXANDRA CRISTINA";"Atencion Clinica";"15";"ENFERMERA (O)";"Región Metropolitana de Santiago";"(01)";"$ 1.553.748";"$ 1.228.637";"$ 0";"$ 90.908";"No";"No tiene";"No tiene";"No tiene";"01/01/2025";"31/12/2025";"No informa";"Sin observaciones";
"2025";"Junio";"Profesional";"RUFATT ZAFIRA, NADIA KATRINA";"Apoyo Administrativo";"10";"ENFERMERA (O)";"Región Metropolitana de Santiago";"(186)";"$ 2.727.657";"$ 2.057.158";"$ 0";"$ 330.390";"No";"No tiene";"No tiene";"No tiene";"01/01/2025";"31/12/2025";"No informa";"Sin observaciones";
"2025";"Junio";"Técnico";"RUIZ CUEVAS, MAGDALENA EDITH";"Atencion Clinica";"21";"TECNICO NIVEL SUPERIOR ENFERMERIA";"Región Metropolitana de Santiago";"(01)";"$ 788.888";"$ 608.049";"$ 0";"$ 120.148";"No";"No tiene";"No tiene";"No tiene";"01/01/2025";"31/12/2025";"No informa";"Sin observaciones";
"2025";"Junio";"Médicos cirujanos, farmacéuticos, químico-farmacéuticos, bioquímicos, cirujano-dentistas";"RUIZ MONTOYA, JAVIER";"Atencion Clinica Medica";"22 Hrs.";"MEDICO CIRUJANO";"Región Metropolitana de Santiago";"(188)(186)";"$ 2.538.609";"$ 2.220.735";"$ 0";"$ 0";"No";"No tiene";"No tiene";"No tiene";"01/01/2025";"31/12/2025";"No informa";"Sin observaciones";
"2025";"Junio";"Médicos cirujanos, farmacéuticos, químico-farmacéuticos, bioquímicos, cirujano-dentistas";"RUIZ MONTOYA, JAVIER";"Atencion Clinica Medica";"22 Hrs.";"MEDICO CIRUJANO";"Región Metropolitana de Santiago";"(188)(186)";"$ 2.538.609";"$ 1.929.981";"$ 0";"$ 0";"No";"No tiene";"No tiene";"No tiene";"01/01/2025";"31/12/2025";"No informa";"Sin observaciones";
"2025";"Junio";"Técnico";"RUIZ MUÑOZ, ANA CATALINA";"Atencion Clinica";"20";"TECNICO NIVEL SUPERIOR ENFERMERIA";"Región Metropolitana de Santiago";"(186)";"$ 860.002";"$ 656.257";"$ 0";"$ 149.795";"No";"No tiene";"No tiene";"No tiene";"01/01/2025";"31/12/2025";"No informa";"Sin observaciones";
"2025";"Junio";"Técnico";"RUMINOT BARROS, VALESKA JOHANNA";"ATENCION CLINICA";"22";"TECNICO NIVEL MEDIO ENFERMERIA";"Región Metropolitana de Santiago";"(202)(204)(186)";"$ 1.609.648";"$ 1.692.978";"$ 0";"$ 202.866";"Sí";"$ 110.124 : 32,00 hrs";"$ 446.004 : 108,00 hrs";"No tiene";"01/01/2025";"31/12/2025";"No informa";"REMUNERACION JUN.2025+BONO ESCOLAR CUOTA 03/2025+BONO ESCOLAR CUOTA 06/2025+PAGO TRIMESTRAL LEY 19.490 Y 19.937 PERIODO 06/2025";
"2025";"Junio";"Profesional";"SAAVEDRA ALFARO, PATRICIO RUBEN";"ATENCION CLINICA";"11";"KINESIOLOGO (A)";"Región Metropolitana de Santiago";"(203)(204)(186)";"$ 3.200.414";"$ 3.778.910";"$ 0";"$ 627.695";"No";"No tiene";"No tiene";"No tiene";"01/01/2025";"31/12/2025";"No informa";"REMUNERACION JUN.2025 + BONO ENF. Y OTROS PROF+PAGO TRIMESTRAL LEY 19.490 Y 19.937 PERIODO 06/2025";
"2025";"Junio";"Técnico";"SAAVEDRA ALVAREZ, SEBASTIAN NICOLAS";"ATENCION CLINICA";"21";"TECNICO NIVEL SUPERIOR ENFERMERIA";"Región Metropolitana de Santiago";"(202)(204)(186)";"$ 1.327.161";"$ 1.368.090";"$ 0";"$ 163.838";"Sí";"$ 95.686 : 26,00 hrs";"$ 101.574 : 23,00 hrs";"No tiene";"01/01/2025";"31/12/2025";"No informa";"REMUNERACION JUN.2025+PAGO TRIMESTRAL LEY 19.490 Y 19.937 PERIODO 06/2025+REGULARIZA PAGO HORAS EXTRAS ABR.2025 (26D - 10F)";
"2025";"Junio";"Médicos cirujanos, farmacéuticos, químico-farmacéuticos, bioquímicos, cirujano-dentistas";"SAAVEDRA CANTILLANA, BENJAMIN JESUS";"Medico Becario Primario";"44 Hrs.";"MEDICO CIRUJANO";"Región Metropolitana de Santiago";"(01)";"$ 1.738.258";"$ 1.432.672";"$ 0";"$ 0";"No";"No tiene";"No tiene";"No tiene";"01/06/2024";"15/06/2025";"No informa";"Sin observaciones";
"2025";"Junio";"Médicos cirujanos, farmacéuticos, químico-farmacéuticos, bioquímicos, cirujano-dentistas";"SAAVEDRA CANTILLANA, BENJAMIN JESUS";"Medico PAO";"44 Hrs.";"MEDICO CIRUJANO";"Región Metropolitana de Santiago";"(01)";"$ 945.286";"$ 779.104";"$ 0";"$ 0";"No";"No tiene";"No tiene";"No tiene";"16/06/2025";"31/12/2025";"No informa";"Sin observaciones";
"2025";"Junio";"Administrativo";"SAAVEDRA ORELLANA, BLANCA ROCIO";"Apoyo Administrativo";"21";"ADMINISTRATIVO";"Región Metropolitana de Santiago";"(01)";"$ 829.594";"$ 654.205";"$ 0";"$ 120.148";"Sí";"$ 71.706 : 20,00 hrs";"No tiene";"No tiene";"01/01/2025";"31/12/2025";"No informa";"Sin observaciones";
"2025";"Junio";"Técnico";"SAEZ CALDERON, CAROLINA FRANCISCA";"Atencion Clinica";"18";"TECNICO NIVEL SUPERIOR ENFERMERIA";"Región Metropolitana de Santiago";"(01)";"$ 957.250";"$ 725.972";"$ 0";"$ 179.540";"No";"No tiene";"No tiene";"No tiene";"01/01/2025";"31/12/2025";"No informa";"Sin observaciones";
"2025";"Junio";"Administrativo";"SAEZ CONTRERAS, EVELYN DEL ROSARIO";"Apoyo Administrativo";"22";"ADMINISTRATIVO";"Región Metropolitana de Santiago";"(01)";"$ 710.258";"$ 538.305";"$ 0";"$ 111.361";"No";"No tiene";"No tiene";"No tiene";"01/01/2025";"30/06/2025";"No informa";"Sin observaciones";
"2025";"Junio";"Técnico";"SAEZ GUZMAN, ESTEBAN IGNACIO";"Atencion Clinica";"21";"TECNICO NIVEL SUPERIOR ENFERMERIA";"Región Metropolitana de Santiago";"(186)";"$ 810.800";"$ 614.878";"$ 0";"$ 131.070";"No";"No tiene";"No tiene";"No tiene";"01/01/2025";"31/12/2025";"No informa";"Sin observaciones";
"2025";"Junio";"Médicos cirujanos, farmacéuticos, químico-farmacéuticos, bioquímicos, cirujano-dentistas";"SAEZ LOPEZ, SUSSY KARIN";"Atencion Odontologica";"11 Hrs.";"CIRUJANO DENTISTA";"Región Metropolitana de Santiago";"(188)(186)";"$ 1.077.577";"$ 926.053";"$ 0";"$ 0";"No";"No tiene";"No tiene";"No tiene";"01/01/2025";"31/12/2025";"No informa";"Sin observaciones";
"2025";"Junio";"Médicos cirujanos, farmacéuticos, químico-farmacéuticos, bioquímicos, cirujano-dentistas";"SAEZ LOPEZ, SUSSY KARIN";"Atencion Odontologica";"33 Hrs.";"CIRUJANO DENTISTA";"Región Metropolitana de Santiago";"(188)(186)";"$ 3.232.731";"$ 2.586.935";"$ 0";"$ 0";"No";"No tiene";"No tiene";"No tiene";"01/01/2025";"31/12/2025";"No informa";"Sin observaciones";
"2025";"Junio";"Profesional";"SAEZ MARTINEZ, JERLUDITH BELEN";"Atencion Clinica";"15";"PSICOLOGO (A)";"Región Metropolitana de Santiago";"(186)";"$ 826.746";"$ 652.953";"$ 0";"$ 45.454";"No";"No tiene";"No tiene";"No tiene";"01/01/2025";"31/12/2025";"No informa";"Sin observaciones";
"2025";"Junio";"Profesional";"SAEZ MARTINEZ, JERLUDITH BELEN";"Atencion Clinica";"15";"PSICOLOGO (A)";"Región Metropolitana de Santiago";"(186)";"$ 735.450";"$ 601.892";"$ 0";"$ 45.454";"No";"No tiene";"No tiene";"No tiene";"01/01/2025";"31/12/2025";"No informa";"Sin observaciones";
"2025";"Junio";"Técnico";"SAEZ SANDOVAL, ALICIA JACQUELINE";"Atencion Clinica";"21";"TECNICO NIVEL SUPERIOR ODONTOLOGIA";"Región Metropolitana de Santiago";"(186)";"$ 810.800";"$ 614.878";"$ 0";"$ 131.070";"No";"No tiene";"No tiene";"No tiene";"01/01/2025";"31/12/2025";"No informa";"Sin observaciones";
"2025";"Junio";"Técnico";"SAGREDO HERNANDEZ, JAEL ESPERANZA";"Atencion Clinica";"21";"TECNICO NIVEL SUPERIOR ENFERMERIA";"Región Metropolitana de Santiago";"(186)";"$ 810.800";"$ 622.277";"$ 0";"$ 131.070";"No";"No tiene";"No tiene";"No tiene";"01/01/2025";"31/12/2025";"No informa";"Sin observaciones";
"2025";"Junio";"Médicos cirujanos, farmacéuticos, químico-farmacéuticos, bioquímicos, cirujano-dentistas";"SAID GARCIA, SAID ALBERTO";"MEDICO CIRUJANO CON ESPECIALIDAD EN MEDICINA DE URGENCIA";"28 Hrs.";"MEDICO CIRUJANO CON ESPECIALIDAD EN MEDICINA DE URGENCIA";"Región Metropolitana de Santiago";"(194)(193)(198)(186)";"$ 4.663.479";"$ 4.089.517";"$ 0";"$ 211.017";"No";"No tiene";"No tiene";"No tiene";"01/01/2025";"31/12/2025";"No informa";"REMUNERACION JUN.2025+PAGO TRIMESTRAL LEY 20.707 PERIODO 06/2025";
"2025";"Junio";"Profesional";"SALAMANCA SALAZAR, SIGRID STEFANIA";"Atencion Clinica";"16";"MATRON (A)";"Región Metropolitana de Santiago";"(01)";"$ 939.885";"$ 939.885";"$ 0";"$ 0";"No";"No tiene";"No tiene";"No tiene";"09/05/2025";"21/07/2025";"No informa";"Sin observaciones";
"2025";"Junio";"Profesional";"SALAS CERDA, SEBASTIAN PATRICIO";"Subdirector";"7";"KINESIOLOGO (A)";"Región Metropolitana de Santiago";"(186)";"$ 3.550.400";"$ 2.623.828";"$ 0";"$ 488.185";"No";"No tiene";"No tiene";"No tiene";"01/01/2025";"31/12/2025";"No informa";"Sin observaciones";
"2025";"Junio";"Médicos cirujanos, farmacéuticos, químico-farmacéuticos, bioquímicos, cirujano-dentistas";"SALAS GIANINI, ROXANNA MARIA";"Atencion Clinica Medica";"44 Hrs.";"MEDICO CIRUJANO";"Región Metropolitana de Santiago";"(86)";"$ 2.948.378";"$ 2.359.215";"$ 0";"$ 0";"No";"No tiene";"No tiene";"No tiene";"01/01/2025";"31/12/2025";"No informa";"Sin observaciones";
"2025";"Junio";"Administrativo";"SALAS SALINAS, GUSTAVO ADOLFO";"APOYO ADMINISTRATIVO";"19";"ADMINISTRATIVO";"Región Metropolitana de Santiago";"(01)";"$ 929.897";"$ 1.000.200";"$ 0";"$ 150.039";"Sí";"$ 112.571 : 28,00 hrs";"$ 101.314 : 21,00 hrs";"No tiene";"01/01/2025";"31/12/2025";"No informa";"REMUNERACION JUN.2025+PAGO TRIMESTRAL LEY 19.490 Y 19.937 PERIODO 06/2025";
"2025";"Junio";"Técnico";"SALAS VALENZUELA, JOSE MIGUEL";"ATENCION CLINICA";"22";"TECNICO NIVEL SUPERIOR ENFERMERIA";"Región Metropolitana de Santiago";"(203)(204)(186)";"$ 874.818";"$ 943.958";"$ 0";"$ 124.016";"No";"No tiene";"No tiene";"No tiene";"01/01/2025";"31/12/2025";"No informa";"REMUNERACION JUN.2025+PAGO TRIMESTRAL LEY 19.490 Y 19.937 PERIODO 06/2025";
"2025";"Junio";"Administrativo";"SALAS ZENTENO, VERONICA TERESA";"Apoyo Administrativo";"22";"ADMINISTRATIVO";"Región Metropolitana de Santiago";"(186)";"$ 744.163";"$ 558.407";"$ 0";"$ 131.608";"No";"No tiene";"No tiene";"No tiene";"01/01/2025";"31/12/2025";"No informa";"Sin observaciones";
"2025";"Junio";"Técnico";"SALAZAR CORREA, JORGE ALEJANDRO";"ATENCION CLINICA";"22";"TECNICO NIVEL SUPERIOR ENFERMERIA";"Región Metropolitana de Santiago";"(203)(204)(186)";"$ 925.487";"$ 977.571";"$ 0";"$ 131.609";"Sí";"$ 40.942 : 12,00 hrs";"No tiene";"No tiene";"01/01/2025";"31/12/2025";"No informa";"REMUNERACION JUN.2025+PAGO TRIMESTRAL LEY 19.490 Y 19.937 PERIODO 06/2025";
"2025";"Junio";"Médicos cirujanos, farmacéuticos, químico-farmacéuticos, bioquímicos, cirujano-dentistas";"SALAZAR MUÑOZ, PEDRO JOSE";"Medico Becario Primario";"44 Hrs.";"MEDICO CIRUJANO";"Región Metropolitana de Santiago";"(01)";"$ 2.819.587";"$ 2.299.655";"$ 0";"$ 0";"No";"No tiene";"No tiene";"No tiene";"08/05/2025";"07/05/2026";"No informa";"Sin observaciones";
"2025";"Junio";"Profesional";"SALAZAR PEREZ, PALOMA YAMIRA";"Atencion Clinica";"15";"ENFERMERA (O)";"Región Metropolitana de Santiago";"(186)";"$ 1.802.237";"$ 1.412.486";"$ 0";"$ 154.543";"Sí";"$ 176.137 : 22,00 hrs";"No tiene";"No tiene";"01/01/2025";"31/12/2025";"No informa";"Sin observaciones";
"2025";"Junio";"Auxiliar";"SALAZAR VELASQUEZ, EDITH ORELLY";"Apoyo Logistico";"22";"AUXILIAR";"Región Metropolitana de Santiago";"(186)";"$ 719.663";"$ 538.526";"$ 0";"$ 131.608";"No";"No tiene";"No tiene";"No tiene";"01/01/2025";"31/12/2025";"No informa";"Sin observaciones";
"2025";"Junio";"Profesional";"SALAZAR ZUÑIGA, JAEL HELENA";"Atencion Clinica";"15";"TERAPEUTA OCUPACIONAL";"Región Metropolitana de Santiago";"(186)";"$ 1.724.928";"$ 1.320.193";"$ 0";"$ 163.634";"No";"No tiene";"No tiene";"No tiene";"01/01/2025";"31/12/2025";"No informa";"Sin observaciones";
"2025";"Junio";"Profesional";"SALCEDO CARO, WILLIAMS JESUS ALFREDO";"Apoyo Administrativo";"8";"KINESIOLOGO (A)";"Región Metropolitana de Santiago";"(186)";"$ 2.706.230";"$ 2.154.544";"$ 0";"$ 395.044";"No";"No tiene";"No tiene";"No tiene";"01/01/2025";"31/12/2025";"No informa";"REMUNERACION JUNIO 2025+PAGO LEY 19490-19937 CUOTA JUNIO";
"2025";"Junio";"Médicos cirujanos, farmacéuticos, químico-farmacéuticos, bioquímicos, cirujano-dentistas";"SALDIVIA MARTINEZ, DIEGO IGNACIO";"Atencion Clinica Medica";"44 Hrs.";"MEDICO CIRUJANO";"Región Metropolitana de Santiago";"(86)(186)";"$ 3.397.946";"$ 2.678.095";"$ 0";"$ 0";"No";"No tiene";"No tiene";"No tiene";"01/01/2025";"31/12/2025";"No informa";"Sin observaciones";
"2025";"Junio";"Administrativo";"SALGADO ARACENA, DORIS CATHERINE";"Apoyo Administrativo";"21";"ADMINISTRATIVO";"Región Metropolitana de Santiago";"(01)";"$ 818.838";"$ 634.869";"$ 0";"$ 120.148";"Sí";"$ 60.950 : 17,00 hrs";"No tiene";"No tiene";"01/01/2025";"31/12/2025";"No informa";"Sin observaciones";
"2025";"Junio";"Técnico";"SALINAS ARIAS, CAMILA ANDREA";"Atencion Clinica";"21";"TECNICO NIVEL SUPERIOR ODONTOLOGIA";"Región Metropolitana de Santiago";"(186)";"$ 806.687";"$ 614.174";"$ 0";"$ 126.975";"No";"No tiene";"No tiene";"No tiene";"01/01/2025";"31/12/2025";"No informa";"Sin observaciones";
"2025";"Junio";"Médicos cirujanos, farmacéuticos, químico-farmacéuticos, bioquímicos, cirujano-dentistas";"SALINAS HELGUERO, DELMA LITA";"Atencion Clinica Medica";"22 Hrs.";"MEDICO CIRUJANO";"Región Metropolitana de Santiago";"(188)(186)";"$ 2.479.107";"$ 2.161.233";"$ 0";"$ 0";"No";"No tiene";"No tiene";"No tiene";"01/01/2025";"31/12/2025";"No informa";"Sin observaciones";
"2025";"Junio";"Médicos cirujanos, farmacéuticos, químico-farmacéuticos, bioquímicos, cirujano-dentistas";"SALINAS HELGUERO, DELMA LITA";"Atencion Clinica Medica";"22 Hrs.";"MEDICO CIRUJANO";"Región Metropolitana de Santiago";"(188)(186)";"$ 2.479.107";"$ 1.886.545";"$ 0";"$ 0";"No";"No tiene";"No tiene";"No tiene";"01/01/2025";"31/12/2025";"No informa";"Sin observaciones";
"2025";"Junio";"Médicos cirujanos, farmacéuticos, químico-farmacéuticos, bioquímicos, cirujano-dentistas";"SALINAS MONJE, NATALIA ANDREA";"Medico Becario Primario";"44 Hrs.";"MEDICO CIRUJANO";"Región Metropolitana de Santiago";"(01)";"$ 2.819.587";"$ 2.323.903";"$ 0";"$ 0";"No";"No tiene";"No tiene";"No tiene";"08/05/2024";"07/05/2026";"No informa";"REMUNERACION JUNIO 2025";
"2025";"Junio";"Técnico";"SALINAS MORALES, FELIPE ANDRES";"ATENCION CLINICA";"22";"TECNICO NIVEL SUPERIOR ENFERMERIA";"Región Metropolitana de Santiago";"(202)(204)";"$ 1.016.277";"$ 1.076.054";"$ 0";"$ 131.609";"No";"No tiene";"No tiene";"No tiene";"01/01/2025";"31/12/2025";"No informa";"REMUNERACION JUN.2025+PAGO TRIMESTRAL LEY 19.490 Y 19.937 PERIODO 06/2025";
"2025";"Junio";"Profesional";"SALINAS PIZARRO, FELIPE IGNACIO";"Jefe de Unidad";"6";"INGENIERO (A) BIOMEDICO";"Región Metropolitana de Santiago";"(186)";"$ 3.328.621";"$ 2.646.416";"$ 0";"$ 406.909";"No";"No tiene";"No tiene";"No tiene";"01/01/2025";"31/12/2025";"No informa";"REMUNERACION JUNIO 2025+PAGO LEY 19490-19937 CUOTA JUNIO";
"2025";"Junio";"Técnico";"SALINAS VALENZUELA, ARACELLI ALEJANDRA";"Atencion Clinica";"22";"TECNICO NIVEL SUPERIOR ENFERMERIA";"Región Metropolitana de Santiago";"(01)";"$ 790.296";"$ 601.254";"$ 0";"$ 117.688";"No";"No tiene";"No tiene";"No tiene";"01/01/2025";"31/12/2025";"No informa";"Sin observaciones";
"2025";"Junio";"Médicos cirujanos, farmacéuticos, químico-farmacéuticos, bioquímicos, cirujano-dentistas";"SALTOS QUIÑONEZ, LEYTON AYONVIS";"Atencion Clinica Medica";"44 Hrs.";"MEDICO CIRUJANO";"Región Metropolitana de Santiago";"(188)(186)";"$ 5.116.884";"$ 4.185.029";"$ 0";"$ 0";"No";"No tiene";"No tiene";"No tiene";"01/01/2025";"31/12/2025";"No informa";"Sin observaciones";
"2025";"Junio";"Administrativo";"SANCHEZ ARAYA, GUILLERMO MIGUEL";"Apoyo Administrativo";"21";"ADMINISTRATIVO";"Región Metropolitana de Santiago";"(186)";"$ 1.062.117";"$ 850.894";"$ 0";"$ 152.916";"Sí";"$ 66.814 : 18,00 hrs";"$ 182.623 : 41,00 hrs";"No tiene";"01/01/2025";"31/12/2025";"No informa";"Sin observaciones";
"2025";"Junio";"Médicos cirujanos, farmacéuticos, químico-farmacéuticos, bioquímicos, cirujano-dentistas";"SANCHEZ CELIS, SUSANA MARIA";"Atencion Clinica Medica";"22 Hrs.";"MEDICO CIRUJANO";"Región Metropolitana de Santiago";"(186)(188)(186)";"$ 1.328.708";"$ 1.059.766";"$ 0";"$ 0";"No";"No tiene";"No tiene";"No tiene";"01/01/2025";"31/12/2025";"No informa";"Sin observaciones";
"2025";"Junio";"Técnico";"SANCHEZ FUENTEALBA, SANDRA YANIN";"Atencion Clinica";"21";"TECNICO NIVEL SUPERIOR ENFERMERIA";"Región Metropolitana de Santiago";"(186)";"$ 1.022.580";"$ 811.196";"$ 0";"$ 152.916";"Sí";"$ 108.509 : 30,00 hrs";"$ 86.806 : 20,00 hrs";"No tiene";"01/01/2025";"31/12/2025";"No informa";"Sin observaciones";
"2025";"Junio";"Técnico";"SANCHEZ GONZALEZ, LUIS ORLANDO";"Atencion Clinica";"21";"TECNICO NIVEL SUPERIOR ENFERMERIA";"Región Metropolitana de Santiago";"(186)";"$ 782.542";"$ 588.897";"$ 0";"$ 133.801";"No";"No tiene";"No tiene";"No tiene";"01/01/2025";"31/12/2025";"No informa";"Sin observaciones";
"2025";"Junio";"Profesional";"SANCHEZ NOVOA, VALERIA ALEJANDRA";"Atencion Clinica";"15";"MATRON (A)";"Región Metropolitana de Santiago";"(186)";"$ 2.071.715";"$ 1.674.353";"$ 0";"$ 154.543";"Sí";"$ 63.659 : 8,00 hrs";"$ 381.956 : 40,00 hrs";"No tiene";"01/01/2025";"31/12/2025";"No informa";"Sin observaciones";
"2025";"Junio";"Profesional";"SANCHEZ SALINAS, ALEJANDRO ANTONIO";"ATENCION CLINICA";"11";"ENFERMERA (O)";"Región Metropolitana de Santiago";"(203)(201)(204)(186)";"$ 3.499.334";"$ 4.139.620";"$ 0";"$ 627.695";"Sí";"$ 138.543 : 12,00 hrs";"No tiene";"No tiene";"01/01/2025";"31/12/2025";"No informa";"REMUNERACION JUN.2025 + BONO ENF. Y OTROS PROF+PAGO TRIMESTRAL LEY 19.490 Y 19.937 PERIODO 06/2025";
"2025";"Junio";"Profesional";"SANDOVAL BARRIENTOS, RAYEN IRENE";"Atencion Clinica";"15";"PSICOLOGO (A)";"Región Metropolitana de Santiago";"(220)(186)";"$ 1.699.560";"$ 1.304.200";"$ 0";"$ 154.543";"No";"No tiene";"No tiene";"No tiene";"01/01/2025";"31/12/2025";"No informa";"Sin observaciones";
"2025";"Junio";"Profesional";"SANDOVAL SEPULVEDA, JORGE ANDRES";"Atencion Clinica";"15";"ASISTENTE SOCIAL";"Región Metropolitana de Santiago";"(186)";"$ 1.840.237";"$ 1.434.920";"$ 0";"$ 154.543";"Sí";"No tiene";"$ 115.993 : 12,00 hrs";"No tiene";"01/01/2025";"31/12/2025";"No informa";"Sin observaciones";
"2025";"Junio";"Profesional";"SANDOVAL VALENZUELA, ANDREA VIRGINIA";"Atencion Clinica";"15";"KINESIOLOGO (A)";"Región Metropolitana de Santiago";"(186)";"$ 1.700.811";"$ 1.276.771";"$ 0";"$ 212.119";"No";"No tiene";"No tiene";"No tiene";"01/01/2025";"31/12/2025";"No informa";"Sin observaciones";
"2025";"Junio";"Profesional";"SANDOVAL VERGARA, ALVARO JAVIER";"Apoyo Administrativo";"8";"INGENIERO (A) COMERCIAL";"Región Metropolitana de Santiago";"(186)";"$ 2.839.352";"$ 2.250.199";"$ 0";"$ 445.120";"No";"No tiene";"No tiene";"No tiene";"01/01/2025";"31/12/2025";"No informa";"REMUNERACION JUNIO 2025+PAGO LEY 19490-19937 CUOTA JUNIO";
"2025";"Junio";"Profesional";"SANDOVAL VIVES, PAMELA SUSANA";"Apoyo Administrativo";"7";"ARQUITECTO";"Región Metropolitana de Santiago";"(186)";"$ 3.075.771";"$ 2.453.186";"$ 0";"$ 539.291";"No";"No tiene";"No tiene";"No tiene";"01/01/2025";"31/12/2025";"No informa";"REMUNERACION JUNIO 2025+PAGO LEY 19490-19937 CUOTA JUNIO+BONO ESCOLAR CUOTA JUNIO 2025";
"2025";"Junio";"Administrativo";"SANHUEZA GARCES, JOSE ESTEBAN";"Apoyo Administrativo";"17";"ADMINISTRATIVO";"Región Metropolitana de Santiago";"(01)";"$ 897.885";"$ 754.131";"$ 0";"$ 157.193";"Sí";"$ 110.493 : 25,00 hrs";"No tiene";"No tiene";"01/01/2025";"31/12/2025";"No informa";"REMUNERACION JUNIO 2025+PAGO LEY 19490-19937 CUOTA JUNIO+BONO ESCOLAR CUOTA JUNIO 2025";
"2025";"Junio";"Auxiliar";"SANHUEZA GONZALEZ, LUIS ENRIQUE";"CHOFER";"19";"AUXILIAR";"Región Metropolitana de Santiago";"(01)";"$ 1.124.002";"$ 988.238";"$ 0";"$ 0";"Sí";"$ 68.347 : 17,00 hrs";"$ 332.888 : 69,00 hrs";"No tiene";"01/01/2025";"31/12/2025";"No informa";"Sin observaciones";
"2025";"Junio";"Profesional";"SANHUEZA MELITA, SEBASTIAN ANDRES";"ATENCION CLINICA";"13";"ENFERMERA (O)";"Región Metropolitana de Santiago";"(203)(204)(186)";"$ 2.760.196";"$ 2.821.561";"$ 0";"$ 288.666";"No";"No tiene";"No tiene";"No tiene";"01/01/2025";"31/12/2025";"No informa";"REMUNERACION JUN.2025 + BONO ENF. Y OTROS PROF+PAGO TRIMESTRAL LEY 19.490 Y 19.937 PERIODO 06/2025";
"2025";"Junio";"Profesional";"SANHUEZA PAVEZ, LAURA TERESA";"Atencion Clinica";"14";"NUTRICIONISTA";"Región Metropolitana de Santiago";"(01)";"$ 1.862.012";"$ 1.436.051";"$ 0";"$ 178.543";"No";"No tiene";"No tiene";"No tiene";"01/01/2025";"31/12/2025";"No informa";"Sin observaciones";
"2025";"Junio";"Profesional";"SANHUEZA SALINAS, IVONNE JANET";"Apoyo Administrativo";"5";"MATRON (A)";"Región Metropolitana de Santiago";"(186)";"$ 3.531.147";"$ 2.783.455";"$ 0";"$ 452.839";"No";"No tiene";"No tiene";"No tiene";"01/01/2025";"31/12/2025";"No informa";"REMUNERACION JUNIO 2025+PAGO LEY 19490-19937 CUOTA JUNIO";
"2025";"Junio";"Profesional";"SAN MARTIN BEWEIS, HANS BEN ADAD";"Apoyo Administrativo";"12";"CIENTISTA POLITICO (A)";"Región Metropolitana de Santiago";"(186)";"$ 2.278.391";"$ 1.740.289";"$ 0";"$ 239.028";"No";"No tiene";"No tiene";"No tiene";"01/01/2025";"31/12/2025";"No informa";"Sin observaciones";
"2025";"Junio";"Profesional";"SAN MARTIN GACITUA, CAMILA FRANCISCA";"Atencion Clinica";"16";"NUTRICIONISTA";"Región Metropolitana de Santiago";"(01)";"$ 1.342.691";"$ 1.090.631";"$ 0";"$ 0";"No";"No tiene";"No tiene";"No tiene";"01/01/2025";"30/06/2025";"No informa";"Sin observaciones";
"2025";"Junio";"Médicos cirujanos, farmacéuticos, químico-farmacéuticos, bioquímicos, cirujano-dentistas";"SAN MARTIN IMHOFF, SEBASTIAN ANDRES";"Atencion Clinica Medica";"44 Hrs.";"MEDICO CIRUJANO";"Región Metropolitana de Santiago";"(86)(186)";"$ 3.530.172";"$ 2.782.558";"$ 0";"$ 0";"No";"No tiene";"No tiene";"No tiene";"01/01/2025";"31/12/2025";"No informa";"Sin observaciones";
"2025";"Junio";"Técnico";"SAN MARTIN RODRIGUEZ, KATHERINE NICOL";"Atencion Clinica";"21";"TECNICO NIVEL SUPERIOR ENFERMERIA";"Región Metropolitana de Santiago";"(186)";"$ 810.800";"$ 612.947";"$ 0";"$ 131.070";"No";"No tiene";"No tiene";"No tiene";"01/01/2025";"31/12/2025";"No informa";"Sin observaciones";
"2025";"Junio";"Profesional";"SAN MARTIN SOTO, PAULINA VICTORIA";"Atencion Clinica";"13";"ENFERMERA (O)";"Región Metropolitana de Santiago";"(01)";"$ 2.043.222";"$ 1.642.282";"$ 0";"$ 108.250";"Sí";"$ 85.278 : 9,00 hrs";"$ 113.705 : 10,00 hrs";"No tiene";"01/01/2025";"31/12/2025";"No informa";"Sin observaciones";
"2025";"Junio";"Administrativo";"SAN MARTIN UTRERAS, CAROLINA ARACELY";"Apoyo Administrativo";"20";"ADMINISTRATIVO";"Región Metropolitana de Santiago";"(186)";"$ 935.010";"$ 693.317";"$ 0";"$ 220.372";"No";"No tiene";"No tiene";"No tiene";"01/01/2025";"31/12/2025";"No informa";"Sin observaciones";
"2025";"Junio";"Médicos cirujanos, farmacéuticos, químico-farmacéuticos, bioquímicos, cirujano-dentistas";"SANTANDER RETAMAL, CRISTOBAL";"Medico Becario Primario";"44 Hrs.";"MEDICO";"Región Metropolitana de Santiago";"(01)";"$ 3.480.717";"$ 2.874.621";"$ 0";"$ 0";"No";"No tiene";"No tiene";"No tiene";"08/05/2024";"07/05/2026";"No informa";"REMUNERACION JUNIO 2025";
"2025";"Junio";"Profesional";"SANTELICES CANCINO, PAULA DAMARIS";"ATENCION CLINICA";"13";"ENFERMERA (O)";"Región Metropolitana de Santiago";"(203)(204)(186)";"$ 3.525.058";"$ 3.492.256";"$ 0";"$ 252.584";"Sí";"$ 300.800 : 31,00 hrs";"$ 477.399 : 41,00 hrs";"No tiene";"01/01/2025";"31/12/2025";"No informa";"REMUNERACION JUN.2025 + BONO ENF. Y OTROS PROF+PAGO TRIMESTRAL LEY 19.490 Y 19.937 PERIODO 06/2025";
"2025";"Junio";"Auxiliar";"SANTIBAÑEZ VICENCIO, ENRIQUE ANTONIO";"CONDUCTOR";"20";"TECNICO NIVEL SUPERIOR ENFERMERIA";"Región Metropolitana de Santiago";"(205)(201)(202)(204)(186)";"$ 1.476.505";"$ 1.468.191";"$ 0";"$ 295.270";"Sí";"No tiene";"$ 113.806 : 24,00 hrs";"No tiene";"01/01/2025";"31/12/2025";"No informa";"REMUNERACION JUN.2025+PAGO TRIMESTRAL LEY 19.490 Y 19.937 PERIODO 06/2025";
"2025";"Junio";"Técnico";"SANTIS ABARCA, CRISTINA PAOLA";"Atencion Clinica";"20";"TECNICO NIVEL SUPERIOR ODONTOLOGIA";"Región Metropolitana de Santiago";"(01)";"$ 831.003";"$ 640.441";"$ 0";"$ 126.750";"No";"No tiene";"No tiene";"No tiene";"01/01/2025";"31/12/2025";"No informa";"Sin observaciones";
"2025";"Junio";"Profesional";"SANTOS ROJAS, ROGER";"Apoyo Administrativo";"10";"INGENIERO (A) EJECUCION EN INFORMATICA";"Región Metropolitana de Santiago";"(186)";"$ 2.383.451";"$ 1.923.006";"$ 0";"$ 373.856";"No";"No tiene";"No tiene";"No tiene";"01/01/2025";"31/12/2025";"No informa";"REMUNERACION JUNIO 2025+PAGO LEY 19490-19937 CUOTA JUNIO";
"2025";"Junio";"Profesional";"SANYOUR NUÑEZ, JOSE IGNACIO";"APOYO ADMINISTRATIVO";"8";"ABOGADO (A)";"Región Metropolitana de Santiago";"(01)";"$ 2.677.280";"$ 2.060.304";"$ 0";"$ 0";"No";"No tiene";"No tiene";"No tiene";"01/01/2025";"30/06/2025";"No informa";"REMUNERACION JUN.2025";
"2025";"Junio";"Médicos cirujanos, farmacéuticos, químico-farmacéuticos, bioquímicos, cirujano-dentistas";"SARABIA BONHOMME, MARTIN ALBERTO";"Atencion Odontologica";"33 Hrs.";"CIRUJANO DENTISTA";"Región Metropolitana de Santiago";"(01)";"$ 1.417.929";"$ 1.159.055";"$ 0";"$ 0";"No";"No tiene";"No tiene";"No tiene";"01/01/2025";"30/06/2025";"No informa";"Sin observaciones";
"2025";"Junio";"Médicos cirujanos, farmacéuticos, químico-farmacéuticos, bioquímicos, cirujano-dentistas";"SARABIA SANTIAGO, GABRIELA AMANDA";"Atencion Clinica Medica";"44 Hrs.";"MEDICO CIRUJANO";"Región Metropolitana de Santiago";"(86)";"$ 2.948.378";"$ 2.339.603";"$ 0";"$ 0";"No";"No tiene";"No tiene";"No tiene";"07/04/2025";"31/12/2025";"No informa";"Sin observaciones";
"2025";"Junio";"Profesional";"SCHAFER CARRASCO, CLAUDIA ANDREA";"Atencion Clinica";"15";"FONOAUDIOLOGO (A)";"Región Metropolitana de Santiago";"(186)";"$ 1.774.610";"$ 1.390.250";"$ 0";"$ 187.876";"No";"No tiene";"No tiene";"No tiene";"01/01/2025";"31/12/2025";"No informa";"Sin observaciones";
"2025";"Junio";"Profesional";"SEGOVIA MURA, PATRICIA EMILIA";"Atencion Clinica";"15";"ASISTENTE SOCIAL";"Región Metropolitana de Santiago";"(220)(186)";"$ 1.923.363";"$ 1.547.948";"$ 0";"$ 154.543";"Sí";"$ 48.330 : 6,00 hrs";"$ 77.329 : 8,00 hrs";"No tiene";"01/01/2025";"31/12/2025";"No informa";"Sin observaciones";
"2025";"Junio";"Técnico";"SEGUEL VERCHES, FERNANDA CAMILA";"Atencion Clinica";"22";"TECNICO NIVEL SUPERIOR ENFERMERIA";"Región Metropolitana de Santiago";"(01)";"$ 735.520";"$ 735.520";"$ 0";"$ 0";"Sí";"$ 26.585 : 8,00 hrs";"No tiene";"No tiene";"30/01/2025";"08/09/2025";"No informa";"Sin observaciones";
"2025";"Junio";"Profesional";"SELMAN ABUCHAIBE, VERONICA PIA";"Apoyo Administrativo";"8";"PSICOLOGO (A)";"Región Metropolitana de Santiago";"(186)";"$ 3.382.407";"$ 2.507.396";"$ 0";"$ 526.339";"No";"No tiene";"No tiene";"No tiene";"01/01/2025";"31/12/2025";"No informa";"Sin observaciones";
"2025";"Junio";"Profesional";"SENN MANTELLI, ARMANDO SILVIO";"Apoyo Administrativo";"10";"LICENCIADO EN HISTORIA";"Región Metropolitana de Santiago";"(186)";"$ 2.395.860";"$ 1.916.955";"$ 0";"$ 556.110";"No";"No tiene";"No tiene";"No tiene";"01/01/2025";"30/06/2025";"No informa";"REMUNERACION JUNIO 2025+PAGO LEY 19490-19937 CUOTA JUNIO";
"2025";"Junio";"Profesional";"SEPULVEDA AEDO, ELIZABETH DEL CARMEN";"Apoyo Administrativo";"8";"ASISTENTE SOCIAL";"Región Metropolitana de Santiago";"(186)";"$ 2.735.178";"$ 2.172.032";"$ 0";"$ 389.480";"No";"No tiene";"No tiene";"No tiene";"01/01/2025";"31/12/2025";"No informa";"REMUNERACION JUNIO 2025+PAGO LEY 19490-19937 CUOTA JUNIO";
"2025";"Junio";"Técnico";"SEPULVEDA ALVARADO, BRYAN NICOLAS";"Atencion Clinica";"21";"TECNICO NIVEL SUPERIOR ENFERMERIA";"Región Metropolitana de Santiago";"(01)";"$ 788.888";"$ 608.049";"$ 0";"$ 120.148";"No";"No tiene";"No tiene";"No tiene";"01/01/2025";"31/12/2025";"No informa";"Sin observaciones";
"2025";"Junio";"Profesional";"SEPULVEDA ASTETE, CAMILA ANDREA";"Apoyo Administrativo";"9";"MATRON (A)";"Región Metropolitana de Santiago";"(186)";"$ 2.473.351";"$ 1.994.138";"$ 0";"$ 153.131";"No";"No tiene";"No tiene";"No tiene";"01/01/2025";"31/12/2025";"No informa";"REMUNERACION JUNIO 2025+PAGO LEY 19937 CUOTA JUNIO 2025";
"2025";"Junio";"Profesional";"SEPULVEDA CASTILLO, BARBARA ALEXANDRA";"Apoyo Administrativo";"11";"SOCIOLOGO (A)";"Región Metropolitana de Santiago";"(01)";"$ 2.073.880";"$ 1.678.063";"$ 0";"$ 128.646";"No";"No tiene";"No tiene";"No tiene";"01/01/2025";"31/12/2025";"No informa";"REMUNERACION JUNIO 2025+PAGO LEY 19937 CUOTA JUNIO 2025";
"2025";"Junio";"Profesional";"SEPULVEDA CASTILLO, SEBASTIAN NICOLAS";"ASISTENTE SOCIAL";"8";"ASISTENTE SOCIAL";"Región Metropolitana de Santiago";"(186)";"$ 2.810.403";"$ 2.253.164";"$ 0";"$ 344.968";"No";"No tiene";"No tiene";"No tiene";"01/01/2025";"31/12/2025";"No informa";"REMUNERACION JUNIO 2025+PAGO LEY 19490-19937 CUOTA JUNIO";
"2025";"Junio";"Profesional";"SEPULVEDA CESPEDES, TOMAS RAUL";"Atencion Clinica";"16";"KINESIOLOGO (A)";"Región Metropolitana de Santiago";"(01)";"$ 1.342.691";"$ 1.099.524";"$ 0";"$ 0";"No";"No tiene";"No tiene";"No tiene";"01/03/2025";"31/07/2025";"No informa";"Sin observaciones";
"2025";"Junio";"Médicos cirujanos, farmacéuticos, químico-farmacéuticos, bioquímicos, cirujano-dentistas";"SEPULVEDA DIAZ, DEBBIE SASHA";"Atencion Odontologica";"22 Hrs.";"CIRUJANO DENTISTA";"Región Metropolitana de Santiago";"(188)(186)";"$ 2.212.430";"$ 1.694.009";"$ 0";"$ 0";"No";"No tiene";"No tiene";"No tiene";"01/01/2025";"31/12/2025";"No informa";"Sin observaciones";
"2025";"Junio";"Médicos cirujanos, farmacéuticos, químico-farmacéuticos, bioquímicos, cirujano-dentistas";"SEPULVEDA DIAZ, DEBBIE SASHA";"Atencion Odontologica";"22 Hrs.";"CIRUJANO DENTISTA";"Región Metropolitana de Santiago";"(188)(186)";"$ 2.212.430";"$ 1.897.486";"$ 0";"$ 0";"No";"No tiene";"No tiene";"No tiene";"01/01/2025";"31/12/2025";"No informa";"Sin observaciones";
"2025";"Junio";"Profesional";"SEPULVEDA ESCOBEDO, CRISTOBAL OSCAR";"Apoyo Administrativo";"8";"ENFERMERA (O)";"Región Metropolitana de Santiago";"(01)";"$ 2.677.280";"$ 2.153.450";"$ 0";"$ 166.921";"No";"No tiene";"No tiene";"No tiene";"01/01/2025";"31/12/2025";"No informa";"REMUNERACION JUNIO 2025+PAGO LEY 19937 CUOTA JUNIO 2025";
"2025";"Junio";"Técnico";"SEPULVEDA GODOY, DEBORA EMILIA";"Atencion Clinica";"22";"TECNICO NIVEL SUPERIOR ENFERMERIA";"Región Metropolitana de Santiago";"(01)";"$ 301.812";"$ 247.003";"$ 0";"$ 0";"No";"No tiene";"No tiene";"No tiene";"01/01/2025";"13/06/2025";"No informa";"Sin observaciones";
"2025";"Junio";"Auxiliar";"SEPULVEDA HEWITT, MAXIMILIAN ALEXANDER";"Apoyo Administrativo";"22";"AUXILIAR";"Región Metropolitana de Santiago";"(01)";"$ 700.568";"$ 536.115";"$ 0";"$ 117.688";"No";"No tiene";"No tiene";"No tiene";"01/01/2025";"31/12/2025";"No informa";"Sin observaciones";
"2025";"Junio";"Técnico";"SEPULVEDA JULIO, ANDRES MAURICIO";"ATENCION CLINICA";"22";"TECNICO NIVEL SUPERIOR ENFERMERIA";"Región Metropolitana de Santiago";"(202)(204)(186)";"$ 1.032.838";"$ 1.105.184";"$ 0";"$ 124.016";"No";"No tiene";"No tiene";"No tiene";"01/01/2025";"31/12/2025";"No informa";"REMUNERACION JUN.2025+PAGO TRIMESTRAL LEY 19.490 Y 19.937 PERIODO 06/2025";
"2025";"Junio";"Auxiliar";"SEPULVEDA PARADA, JOSE LUIS";"CONDUCTOR";"22";"AUXILIAR";"Región Metropolitana de Santiago";"(205)(203)(204)(186)";"$ 999.636";"$ 1.042.428";"$ 0";"$ 124.003";"Sí";"$ 46.937 : 14,00 hrs";"$ 40.232 : 10,00 hrs";"No tiene";"01/01/2025";"31/12/2025";"No informa";"REMUNERACION JUN.2025+PAGO TRIMESTRAL LEY 19.490 PERIODO 03/2025+PAGO TRIMESTRAL LEY 19.490 Y 19.937 PERIODO 06/2025+REGULARIZA PAGO HORAS EXTRAS MAY.2025 (14D - 10F)";
"2025";"Junio";"Profesional";"SEPULVEDA ROMERO, PABLO ALBERTO";"Apoyo Administrativo";"15";"PSICOLOGO (A)";"Región Metropolitana de Santiago";"(01)";"$ 1.849.339";"$ 1.517.985";"$ 0";"$ 0";"No";"No tiene";"No tiene";"No tiene";"22/05/2025";"28/06/2025";"No informa";"PAGO PERIODO DEL 22 AL 31 DE MAYO 2025 Y 01 AL 28 DE JUNIO DE 2025";
"2025";"Junio";"Profesional";"SEPULVEDA TUREN, CARLOS ROBERTO";"Director Zonal";"5";"KINESIOLOGO (A)";"Región Metropolitana de Santiago";"(186)";"$ 4.714.604";"$ 3.780.893";"$ 0";"$ 359.327";"Sí";"$ 483.746 : 26,00 hrs";"$ 446.534 : 20,00 hrs";"No tiene";"01/01/2025";"31/12/2025";"No informa";"Sin observaciones";
"2025";"Junio";"Profesional";"SEPULVEDA VASQUEZ, DANIELA DANAE";"Atencion Clinica";"15";"ENFERMERA (O)";"Región Metropolitana de Santiago";"(01)";"$ 1.553.748";"$ 1.237.263";"$ 0";"$ 90.908";"No";"No tiene";"No tiene";"No tiene";"01/01/2025";"31/12/2025";"No informa";"Sin observaciones";
"2025";"Junio";"Profesional";"SEREY ALTAMIRANO, KATHERINE DANAE";"Atencion Clinica";"15";"ENFERMERA (O)";"Región Metropolitana de Santiago";"(186)";"$ 1.562.193";"$ 1.235.325";"$ 0";"$ 90.908";"No";"No tiene";"No tiene";"No tiene";"01/01/2025";"31/12/2025";"No informa";"Sin observaciones";
"2025";"Junio";"Técnico";"SEREY SEPULVEDA, SEBASTIAN CRISTOBAL";"Atencion Clinica";"21";"TECNICO NIVEL SUPERIOR ENFERMERIA";"Región Metropolitana de Santiago";"(01)";"$ 788.888";"$ 602.082";"$ 0";"$ 120.148";"No";"No tiene";"No tiene";"No tiene";"01/01/2025";"31/12/2025";"No informa";"Sin observaciones";
"2025";"Junio";"Médicos cirujanos, farmacéuticos, químico-farmacéuticos, bioquímicos, cirujano-dentistas";"SIEBER CARRASCO, CAROLINA VERONICA";"Atencion Odontologica";"22 Hrs.";"CIRUJANO DENTISTA";"Región Metropolitana de Santiago";"(188)(186)";"$ 2.499.934";"$ 2.017.826";"$ 0";"$ 0";"No";"No tiene";"No tiene";"No tiene";"01/01/2025";"31/12/2025";"No informa";"Sin observaciones";
"2025";"Junio";"Técnico";"SIERRA PEREIRA, CONSTANZA ALONDRA";"Atencion Clinica";"20";"TECNICO NIVEL SUPERIOR ENFERMERIA";"Región Metropolitana de Santiago";"(01)";"$ 852.941";"$ 650.858";"$ 0";"$ 148.595";"No";"No tiene";"No tiene";"No tiene";"01/01/2025";"31/12/2025";"No informa";"Sin observaciones";
"2025";"Junio";"Médicos cirujanos, farmacéuticos, químico-farmacéuticos, bioquímicos, cirujano-dentistas";"SIGUENZA PACHECO, MARIA BELEN";"Medico Becario Primario";"44 Hrs.";"MEDICO CIRUJANO";"Región Metropolitana de Santiago";"(01)";"$ 2.819.587";"$ 2.323.903";"$ 0";"$ 0";"No";"No tiene";"No tiene";"No tiene";"06/05/2024";"05/05/2026";"No informa";"REMUNERACION JUNIO 2025";
"2025";"Junio";"Administrativo";"SILVA BOZO, VANNIA GABRIELA";"Apoyo Administrativo";"16";"ADMINISTRATIVO";"Región Metropolitana de Santiago";"(01)";"$ 1.026.647";"$ 790.129";"$ 0";"$ 161.357";"Sí";"$ 46.262 : 10,00 hrs";"No tiene";"No tiene";"01/01/2025";"30/06/2025";"No informa";"Sin observaciones";
"2025";"Junio";"Administrativo";"SILVA BRAVO, JAIME MAURICIO";"Apoyo Administrativo";"22";"ADMINISTRATIVO";"Región Metropolitana de Santiago";"(186)";"$ 721.136";"$ 546.475";"$ 0";"$ 117.688";"No";"No tiene";"No tiene";"No tiene";"01/01/2025";"31/12/2025";"No informa";"Sin observaciones";
"2025";"Junio";"Técnico";"SILVA BURGOS, NICOLAS ALFREDO";"Atencion Clinica";"21";"TECNICO NIVEL SUPERIOR ENFERMERIA";"Región Metropolitana de Santiago";"(186)";"$ 973.713";"$ 779.467";"$ 0";"$ 141.993";"Sí";"$ 106.727 : 29,00 hrs";"$ 39.746 : 9,00 hrs";"No tiene";"01/01/2025";"31/12/2025";"No informa";"Sin observaciones";
"2025";"Junio";"Auxiliar";"SILVA DONOSO, VICTOR MIGUEL";"CONDUCTOR";"24";"TECNICO NIVEL SUPERIOR ENFERMERIA";"Región Metropolitana de Santiago";"(205)(202)(204)(186)";"$ 959.519";"$ 523.523";"$ 0";"$ 99.152";"No";"No tiene";"No tiene";"No tiene";"01/01/2025";"31/12/2025";"No informa";"REMUNERACION JUN.2025+PAGO TRIMESTRAL LEY 19.490 Y 19.937 PERIODO 06/2025";
"2025";"Junio";"Técnico";"SILVA HERRERA, DANIELA ALEJANDRA";"Atencion Clinica";"21";"TECNICO NIVEL SUPERIOR ENFERMERIA";"Región Metropolitana de Santiago";"(01)";"$ 788.888";"$ 608.976";"$ 0";"$ 120.148";"No";"No tiene";"No tiene";"No tiene";"01/01/2025";"31/12/2025";"No informa";"Sin observaciones";
"2025";"Junio";"Auxiliar";"SILVA MIRANDA, PEDRO JOSE";"CONDUCTOR";"22";"TECNICO NIVEL SUPERIOR ENFERMERIA";"Región Metropolitana de Santiago";"(205)(202)(204)";"$ 1.485.159";"$ 1.154.124";"$ 0";"$ 0";"Sí";"$ 93.047 : 28,00 hrs";"$ 303.067 : 76,00 hrs";"No tiene";"01/01/2025";"30/06/2025";"No informa";"REMUNERACION JUN.2025";
"2025";"Junio";"Administrativo";"SILVA NUÑEZ, EVELYN DEL TRANSITO";"APOYO ADMINISTRATIVO";"19";"ADMINISTRATIVO";"Región Metropolitana de Santiago";"(186)";"$ 1.037.936";"$ 1.213.019";"$ 0";"$ 212.465";"Sí";"$ 141.981 : 35,00 hrs";"$ 160.642 : 33,00 hrs";"No tiene";"01/01/2025";"31/12/2025";"No informa";"REMUNERACION JUN.2025+BONO ESCOLAR CUOTA 06/2025+PAGO TRIMESTRAL LEY 19.490 Y 19.937 PERIODO 06/2025";
"2025";"Junio";"Profesional";"SILVA TAPIA, SYLVIA DEL PILAR";"Apoyo Administrativo";"5";"CONTADOR (A) AUDITOR (A)";"Región Metropolitana de Santiago";"(36)(186)";"$ 4.159.428";"$ 3.356.830";"$ 0";"$ 558.973";"No";"No tiene";"No tiene";"No tiene";"01/01/2025";"31/12/2025";"No informa";"REMUNERACION JUNIO 2025+PAGO LEY 19490-19937 CUOTA JUNIO";
"2025";"Junio";"Médicos cirujanos, farmacéuticos, químico-farmacéuticos, bioquímicos, cirujano-dentistas";"SIMARELLI SEGURA, JULIO CESAR";"Atencion Clinica Medica";"22 Hrs.";"MEDICO CIRUJANO";"Región Metropolitana de Santiago";"(01)";"$ 945.285";"$ 772.581";"$ 0";"$ 0";"No";"No tiene";"No tiene";"No tiene";"18/02/2025";"31/08/2025";"No informa";"Sin observaciones";
"2025";"Junio";"Administrativo";"SLEMAN SOTO, JENNIFER VALESKA";"Apoyo Administrativo";"21";"ADMINISTRATIVO";"Región Metropolitana de Santiago";"(01)";"$ 921.237";"$ 719.760";"$ 0";"$ 154.281";"Sí";"$ 150.583 : 42,00 hrs";"No tiene";"No tiene";"01/01/2025";"31/12/2025";"No informa";"Sin observaciones";
"2025";"Junio";"Médicos cirujanos, farmacéuticos, químico-farmacéuticos, bioquímicos, cirujano-dentistas";"SMITH GAHONA, MARIANO ANDRES";"Medico Becario Primario";"44 Hrs.";"MEDICO CIRUJANO";"Región Metropolitana de Santiago";"(01)";"$ 2.819.587";"$ 2.326.441";"$ 0";"$ 0";"No";"No tiene";"No tiene";"No tiene";"06/05/2024";"05/05/2026";"No informa";"REMUNERACION JUNIO 2025";
"2025";"Junio";"Auxiliar";"SOBARZO RIQUELME, DAVID ALEJANDRO";"Chofer";"20";"AUXILIAR";"Región Metropolitana de Santiago";"(186)";"$ 870.139";"$ 744.943";"$ 0";"$ 162.005";"Sí";"$ 118.302 : 31,00 hrs";"$ 73.270 : 16,00 hrs";"No tiene";"01/01/2025";"31/12/2025";"No informa";"REMUNERACION JUNIO 2025+PAGO LEY 19490-19937 CUOTA JUNIO";
"2025";"Junio";"Médicos cirujanos, farmacéuticos, químico-farmacéuticos, bioquímicos, cirujano-dentistas";"SOTO ARRIAGADA, VICTOR HUGO";"Quimico Farmaceutico";"44 Hrs.";"QUIMICO FARMACEUTICO";"Región Metropolitana de Santiago";"(186)";"$ 4.098.744";"$ 3.329.985";"$ 0";"$ 0";"No";"No tiene";"No tiene";"No tiene";"01/01/2025";"31/12/2025";"No informa";"REMUNERACION JUNIO 2025";
"2025";"Junio";"Profesional";"SOTO CANALES, SEBASTIAN ALFONSO";"Apoyo Administrativo";"8";"KINESIOLOGO (A)";"Región Metropolitana de Santiago";"(01)";"$ 2.872.020";"$ 2.205.041";"$ 0";"$ 193.915";"No";"No tiene";"No tiene";"No tiene";"01/01/2025";"31/12/2025";"No informa";"Sin observaciones";
"2025";"Junio";"Administrativo";"SOTO FERNANDEZ, MAGALY DEL CARMEN";"Apoyo Administrativo";"17";"ADMINISTRATIVO";"Región Metropolitana de Santiago";"(01)";"$ 779.154";"$ 635.478";"$ 0";"$ 165.643";"No";"No tiene";"No tiene";"No tiene";"01/01/2025";"31/12/2025";"No informa";"REMUNERACION JUNIO 2025+PAGO LEY 19490-19937 CUOTA JUNIO";
"2025";"Junio";"Profesional";"SOTO GORGERINO, MARIO ANDRES";"ATENCION CLINICA";"11";"KINESIOLOGO (A)";"Región Metropolitana de Santiago";"(203)(204)(186)";"$ 4.741.324";"$ 5.863.964";"$ 0";"$ 849.736";"Sí";"$ 459.151 : 40,00 hrs";"$ 1.019.316 : 74,00 hrs";"No tiene";"01/01/2025";"31/12/2025";"No informa";"REMUNERACION JUN.2025 + BONO ENF. Y OTROS PROF+PAGO TRIMESTRAL LEY 19.490 Y 19.937 PERIODO 06/2025";
"2025";"Junio";"Profesional";"SOTO MOYA, MIRYAM ANGELICA";"Apoyo Administrativo";"8";"ADMINISTRADOR (A) PUBLICO";"Región Metropolitana de Santiago";"(01)";"$ 2.677.280";"$ 2.128.588";"$ 0";"$ 0";"No";"No tiene";"No tiene";"No tiene";"01/06/2025";"31/08/2025";"No informa";"Sin observaciones";
"2025";"Junio";"Profesional";"SOTO NUÑEZ, PAULA ALEJANDRA";"Atencion Clinica";"16";"NUTRICIONISTA";"Región Metropolitana de Santiago";"(01)";"$ 1.342.691";"$ 1.090.722";"$ 0";"$ 0";"No";"No tiene";"No tiene";"No tiene";"01/01/2025";"31/12/2025";"No informa";"Sin observaciones";
"2025";"Junio";"Profesional";"SOTO OVALLE, BORIS CRISTIAN";"Apoyo Administrativo";"7";"INGENIERO (A) EJECUCION ADMINISTRACION";"Región Metropolitana de Santiago";"(186)";"$ 3.091.404";"$ 2.439.044";"$ 0";"$ 735.396";"No";"No tiene";"No tiene";"No tiene";"01/02/2025";"31/12/2025";"No informa";"REMUNERACION JUNIO 2025+PAGO LEY 19490-19937 CUOTA JUNIO+BONO ESCOLAR CUOTA JUNIO 2025";
"2025";"Junio";"Administrativo";"SOTO PEÑA, JOCELYN ANDREA";"ADMINISTRATIVO";"15";"ADMINISTRATIVO";"Región Metropolitana de Santiago";"(186)";"$ 1.020.458";"$ 856.123";"$ 0";"$ 211.228";"Sí";"$ 45.263 : 9,00 hrs";"$ 84.490 : 14,00 hrs";"No tiene";"01/01/2025";"31/12/2025";"No informa";"REMUNERACION JUNIO 2025+PAGO LEY 19490-19937 CUOTA JUNIO";
"2025";"Junio";"Profesional";"SOTO ROMERO, GABRIELA VALESKA";"Apoyo Administrativo";"15";"INGENIERO (A) EJECUCION GESTION PUBLICA";"Región Metropolitana de Santiago";"(186)";"$ 1.470.898";"$ 1.200.965";"$ 0";"$ 106.511";"No";"No tiene";"No tiene";"No tiene";"01/01/2025";"31/12/2025";"No informa";"REMUNERACION JUNIO 2025+PAGO LEY 19490-19937 CUOTA JUNIO+BONO ESCOLAR CUOTA JUNIO 2025";
"2025";"Junio";"Médicos cirujanos, farmacéuticos, químico-farmacéuticos, bioquímicos, cirujano-dentistas";"SOTO SALAS, VIVIANA ALEJANDRA";"Atencion Odontologica";"22 Hrs.";"CIRUJANO DENTISTA";"Región Metropolitana de Santiago";"(188)(186)";"$ 2.194.821";"$ 1.681.830";"$ 0";"$ 0";"No";"No tiene";"No tiene";"No tiene";"01/01/2025";"31/12/2025";"No informa";"Sin observaciones";
"2025";"Junio";"Médicos cirujanos, farmacéuticos, químico-farmacéuticos, bioquímicos, cirujano-dentistas";"SOTO SALAS, VIVIANA ALEJANDRA";"Atencion Odontologica";"22 Hrs.";"CIRUJANO DENTISTA";"Región Metropolitana de Santiago";"(188)(186)";"$ 2.194.821";"$ 1.879.877";"$ 0";"$ 0";"No";"No tiene";"No tiene";"No tiene";"01/01/2025";"31/12/2025";"No informa";"Sin observaciones";
"2025";"Junio";"Técnico";"SOTO SEVERINO, TERESA ANDREA DE LOS ANGELES";"Atencion Clinica";"20";"TECNICO NIVEL SUPERIOR ENFERMERIA";"Región Metropolitana de Santiago";"(186)";"$ 871.573";"$ 653.513";"$ 0";"$ 161.318";"No";"No tiene";"No tiene";"No tiene";"01/01/2025";"31/12/2025";"No informa";"Sin observaciones";
"2025";"Junio";"Administrativo";"SOTO SOLIS, TAMARA BELEN";"Apoyo Administrativo";"13";"ADMINISTRATIVO";"Región Metropolitana de Santiago";"(186)";"$ 2.223.890";"$ 1.626.818";"$ 0";"$ 395.262";"Sí";"$ 83.827 : 9,00 hrs";"No tiene";"No tiene";"01/01/2025";"31/12/2025";"No informa";"Sin observaciones";
"2025";"Junio";"Médicos cirujanos, farmacéuticos, químico-farmacéuticos, bioquímicos, cirujano-dentistas";"SOTO SOTO, CARLA STEFANY";"Atencion Odontologica";"44 Hrs.";"CIRUJANO DENTISTA";"Región Metropolitana de Santiago";"(188)(186)";"$ 4.879.213";"$ 3.984.513";"$ 0";"$ 0";"No";"No tiene";"No tiene";"No tiene";"01/01/2025";"31/12/2025";"No informa";"Sin observaciones";
"2025";"Junio";"Administrativo";"SOTO TORO, PAOLA ANDREA";"Secretaria";"17";"ADMINISTRATIVO";"Región Metropolitana de Santiago";"(01)";"$ 876.388";"$ 734.037";"$ 0";"$ 175.785";"Sí";"$ 97.234 : 22,00 hrs";"No tiene";"No tiene";"01/01/2025";"31/12/2025";"No informa";"REMUNERACION JUNIO 2025+PAGO LEY 19490-19937 CUOTA JUNIO";
"2025";"Junio";"Médicos cirujanos, farmacéuticos, químico-farmacéuticos, bioquímicos, cirujano-dentistas";"SOTOMAYOR JORQUERA, JOSE MIGUEL";"Medico Becario Primario";"44 Hrs.";"MEDICO CIRUJANO";"Región Metropolitana de Santiago";"(01)";"$ 3.480.717";"$ 2.877.724";"$ 0";"$ 0";"No";"No tiene";"No tiene";"No tiene";"06/05/2024";"05/05/2026";"No informa";"REMUNERACION JUNIO 2025";
"2025";"Junio";"Auxiliar";"SOZA RAMIREZ, JOSE ALEJANDRO";"CONDUCTOR";"24";"AUXILIAR";"Región Metropolitana de Santiago";"(205)(202)(204)(186)";"$ 1.207.809";"$ 977.377";"$ 0";"$ 176.344";"Sí";"$ 140.981 : 49,00 hrs";"$ 110.483 : 32,00 hrs";"No tiene";"01/01/2025";"31/12/2025";"No informa";"REMUNERACION JUN.2025+BONO ESCOLAR CUOTA 06/2025+PAGO TRIMESTRAL LEY 19.490 Y 19.937 PERIODO 06/2025+REGULARIZA PAGO HORAS EXTRAS ABR.2025 (12D - 12F)";
"2025";"Junio";"Médicos cirujanos, farmacéuticos, químico-farmacéuticos, bioquímicos, cirujano-dentistas";"STAPFER JARA, KARINA VALERIA";"APOYO TECNICO EN LOS PROCESOS DE PROG.OPERATIVA DEL NIVEL HOSPITALARIO Y COSAM";"11 Hrs.";"CIRUJANO DENTISTA";"Región Metropolitana de Santiago";"(86)(186)";"$ 1.289.139";"$ 1.079.177";"$ 0";"$ 0";"No";"No tiene";"No tiene";"No tiene";"01/01/2025";"31/12/2025";"No informa";"REMUNERACION JUNIO 2025";
"2025";"Junio";"Médicos cirujanos, farmacéuticos, químico-farmacéuticos, bioquímicos, cirujano-dentistas";"STAPFER JARA, KARINA VALERIA";"APOYO TECNICO EN LOS PROCESOS DE PROG.OPERATIVA DEL NIVEL HOSPITALARIO Y COSAM";"22 Hrs.";"CIRUJANO DENTISTA";"Región Metropolitana de Santiago";"(86)(186)";"$ 2.578.276";"$ 2.019.036";"$ 0";"$ 0";"No";"No tiene";"No tiene";"No tiene";"01/01/2025";"31/12/2025";"No informa";"REMUNERACION JUNIO 2025";
"2025";"Junio";"Técnico";"STRAKA STRAKA, FRANZ ANTON";"ATENCION CLINICA";"21";"TECNICO NIVEL SUPERIOR ENFERMERIA";"Región Metropolitana de Santiago";"(203)(204)(186)";"$ 956.890";"$ 894.067";"$ 0";"$ 152.917";"No";"No tiene";"No tiene";"No tiene";"01/01/2025";"31/12/2025";"No informa";"REMUNERACION JUN.2025+PAGO TRIMESTRAL LEY 19.490 Y 19.937 PERIODO 06/2025";
"2025";"Junio";"Profesional";"SUAZO AGUILAR, ESTEFANIA ELENA";"Apoyo Administrativo";"10";"ADMINISTRADOR (A) PUBLICO";"Región Metropolitana de Santiago";"(186)";"$ 2.371.041";"$ 1.900.496";"$ 0";"$ 364.509";"No";"No tiene";"No tiene";"No tiene";"01/01/2025";"31/12/2025";"No informa";"REMUNERACION JUNIO 2025+PAGO LEY 19490-19937 CUOTA JUNIO";
"2025";"Junio";"Profesional";"SUAZO SAEZ, CONSTANCE ELENA";"ATENCION CLINICA";"13";"ENFERMERA (O)";"Región Metropolitana de Santiago";"(203)(204)(186)";"$ 3.908.438";"$ 3.780.587";"$ 0";"$ 245.306";"Sí";"$ 376.204 : 39,00 hrs";"$ 798.711 : 69,00 hrs";"No tiene";"01/01/2025";"31/12/2025";"No informa";"REMUNERACION JUN.2025 + BONO ENF. Y OTROS PROF+BONO ESCOLAR CUOTA 06/2025+PAGO TRIMESTRAL LEY 19.490 Y 19.937 PERIODO 06/2025";
"2025";"Junio";"Profesional";"SZPERKA HUERTA, JAVIER ENRIQUE";"Apoyo Administrativo";"14";"INGENIERO (A) EN INFORMATICA";"Región Metropolitana de Santiago";"(186)";"$ 1.602.130";"$ 1.304.801";"$ 0";"$ 179.303";"No";"No tiene";"No tiene";"No tiene";"01/01/2025";"31/12/2025";"No informa";"REMUNERACION JUNIO 2025+PAGO LEY 19490-19937 CUOTA JUNIO+BONO ESCOLAR CUOTA JUNIO 2025";
"2025";"Junio";"Profesional";"TAPIA AGUAYO, KARLA ANDREA";"Atencion Clinica";"13";"ENFERMERA (O)";"Región Metropolitana de Santiago";"(01)";"$ 2.141.564";"$ 1.692.794";"$ 0";"$ 126.291";"Sí";"$ 75.803 : 8,00 hrs";"$ 113.705 : 10,00 hrs";"No tiene";"01/01/2025";"31/12/2025";"No informa";"Sin observaciones";
"2025";"Junio";"Profesional";"TAPIA AILLAPAN, MARIA JOSE";"Atencion Clinica";"15";"TRABAJADOR (A) SOCIAL";"Región Metropolitana de Santiago";"(186)";"$ 1.562.193";"$ 1.236.836";"$ 0";"$ 90.908";"No";"No tiene";"No tiene";"No tiene";"01/01/2025";"31/12/2025";"No informa";"Sin observaciones";
"2025";"Junio";"Profesional";"TAPIA BRIONES, DIEGO CAMILO";"Atencion Clinica";"15";"KINESIOLOGO (A)";"Región Metropolitana de Santiago";"(186)";"$ 1.926.695";"$ 1.559.939";"$ 0";"$ 163.634";"Sí";"No tiene";"$ 193.322 : 20,00 hrs";"No tiene";"01/01/2025";"31/12/2025";"No informa";"Sin observaciones";
"2025";"Junio";"Técnico";"TAPIA MORALES, FABIOLA BEATRIZ";"Atencion Clinica";"22";"TECNICO NIVEL SUPERIOR ODONTOLOGIA";"Región Metropolitana de Santiago";"(186)";"$ 790.296";"$ 602.999";"$ 0";"$ 117.688";"No";"No tiene";"No tiene";"No tiene";"01/01/2025";"31/12/2025";"No informa";"Sin observaciones";
"2025";"Junio";"Técnico";"TAPIA MUÑOZ, SEBASTIAN ALEJANDRO";"ATENCION CLINICA";"22";"TECNICO NIVEL SUPERIOR ENFERMERIA";"Región Metropolitana de Santiago";"(202)(204)";"$ 1.102.677";"$ 992.091";"$ 0";"$ 111.361";"Sí";"$ 46.523 : 14,00 hrs";"$ 39.877 : 10,00 hrs";"No tiene";"01/01/2025";"31/12/2025";"No informa";"REMUNERACION JUN.2025+PAGO TRIMESTRAL LEY 19.937 PERIODO 06/2025";
"2025";"Junio";"Profesional";"TAPIA PEDREROS, DENISSE ELIZABETH";"ATENCION CLINICA";"11";"ENFERMERA (O)";"Región Metropolitana de Santiago";"(203)(204)(186)";"$ 3.184.856";"$ 3.948.310";"$ 0";"$ 600.928";"No";"No tiene";"No tiene";"No tiene";"01/01/2025";"31/12/2025";"No informa";"REMUNERACION JUN.2025 + BONO ENF. Y OTROS PROF+BONO ESCOLAR CUOTA 03/2025+BONO ESCOLAR CUOTA 06/2025+PAGO TRIMESTRAL LEY 19.490 Y 19.937 PERIODO 06/2025";
"2025";"Junio";"Médicos cirujanos, farmacéuticos, químico-farmacéuticos, bioquímicos, cirujano-dentistas";"TAPIA ROMAN, JOHAN MANUEL";"Atencion Odontologica";"44 Hrs.";"CIRUJANO DENTISTA";"Región Metropolitana de Santiago";"(188)(186)";"$ 4.879.213";"$ 3.984.513";"$ 0";"$ 0";"No";"No tiene";"No tiene";"No tiene";"01/01/2025";"31/12/2025";"No informa";"Sin observaciones";
"2025";"Junio";"Profesional";"TAPIA SANCHEZ, RODRIGO ANDRES";"Jefe de Subdepartamento de Gestión Asistencial y Procesos Clínicos";"6";"MATRON (A)";"Región Metropolitana de Santiago";"(01)";"$ 3.294.699";"$ 2.597.295";"$ 0";"$ 498.792";"No";"No tiene";"No tiene";"No tiene";"01/01/2025";"31/12/2025";"No informa";"REMUNERACION JUNIO 2025+PAGO LEY 19490-19937 CUOTA JUNIO";
"2025";"Junio";"Auxiliar";"TAPIA TORRES, GERMAN JORGE";"CONDUCTOR";"24";"AUXILIAR";"Región Metropolitana de Santiago";"(205)(202)(204)(186)";"$ 935.750";"$ 847.792";"$ 0";"$ 110.880";"No";"No tiene";"No tiene";"No tiene";"01/01/2025";"31/12/2025";"No informa";"REMUNERACION JUN.2025+PAGO TRIMESTRAL LEY 19.490 Y 19.937 PERIODO 06/2025";
"2025";"Junio";"Médicos cirujanos, farmacéuticos, químico-farmacéuticos, bioquímicos, cirujano-dentistas";"TARTAKOWSKY NOVOA, BORIS IGOR";"Quimico Farmaceutico";"44 Hrs.";"QUIMICO FARMACEUTICO";"Región Metropolitana de Santiago";"(188)(186)";"$ 4.997.880";"$ 4.081.792";"$ 0";"$ 0";"No";"No tiene";"No tiene";"No tiene";"01/01/2025";"31/12/2025";"No informa";"Sin observaciones";
"2025";"Junio";"Profesional";"TEKE VELOSO, PABLO IGNACIO";"Atencion Clinica";"15";"KINESIOLOGO (A)";"Región Metropolitana de Santiago";"(186)";"$ 1.715.799";"$ 1.313.626";"$ 0";"$ 154.543";"No";"No tiene";"No tiene";"No tiene";"01/01/2025";"31/12/2025";"No informa";"Sin observaciones";
"2025";"Junio";"Médicos cirujanos, farmacéuticos, químico-farmacéuticos, bioquímicos, cirujano-dentistas";"TERRAZAS JIMENEZ, VICTOR CARLOS";"Atencion Clinica Medica";"22 Hrs.";"MEDICO CIRUJANO";"Región Metropolitana de Santiago";"(188)(186)";"$ 2.531.998";"$ 1.934.938";"$ 0";"$ 0";"No";"No tiene";"No tiene";"No tiene";"01/01/2025";"31/12/2025";"No informa";"Sin observaciones";
"2025";"Junio";"Médicos cirujanos, farmacéuticos, químico-farmacéuticos, bioquímicos, cirujano-dentistas";"TERRAZAS JIMENEZ, VICTOR CARLOS";"Atencion Clinica Medica";"11 Hrs.";"MEDICO CIRUJANO";"Región Metropolitana de Santiago";"(188)(186)";"$ 1.265.998";"$ 1.102.582";"$ 0";"$ 0";"No";"No tiene";"No tiene";"No tiene";"01/01/2025";"31/12/2025";"No informa";"Sin observaciones";
"2025";"Junio";"Médicos cirujanos, farmacéuticos, químico-farmacéuticos, bioquímicos, cirujano-dentistas";"TERRAZAS JIMENEZ, VICTOR CARLOS";"Atencion Clinica Medica";"11 Hrs.";"MEDICO CIRUJANO";"Región Metropolitana de Santiago";"(188)(186)";"$ 1.127.161";"$ 981.666";"$ 0";"$ 0";"No";"No tiene";"No tiene";"No tiene";"01/01/2025";"31/12/2025";"No informa";"Sin observaciones";
"2025";"Junio";"Profesional";"TERZI RODRIGUEZ, SERGIO PABLO";"Atencion Clinica";"15";"PSICOLOGO (A)";"Región Metropolitana de Santiago";"(186)";"$ 867.982";"$ 699.171";"$ 0";"$ 115.150";"No";"No tiene";"No tiene";"No tiene";"01/01/2025";"31/12/2025";"No informa";"Sin observaciones";
"2025";"Junio";"Profesional";"THOMAS CUEVAS, ROCIO CHARDI";"Apoyo Logistico";"9";"ASISTENTE SOCIAL";"Región Metropolitana de Santiago";"(186)";"$ 2.563.050";"$ 2.045.090";"$ 0";"$ 408.349";"No";"No tiene";"No tiene";"No tiene";"01/01/2025";"31/12/2025";"No informa";"REMUNERACION JUNIO 2025+PAGO LEY 19490-19937 CUOTA JUNIO";
"2025";"Junio";"Técnico";"TOBAR ACOSTA, ISABEL ANGELICA";"ATENCION CLINICA";"22";"TECNICO NIVEL SUPERIOR ENFERMERIA";"Región Metropolitana de Santiago";"(203)(204)(186)";"$ 1.107.021";"$ 1.239.563";"$ 0";"$ 138.388";"Sí";"$ 136.473 : 40,00 hrs";"$ 81.884 : 20,00 hrs";"No tiene";"01/01/2025";"31/12/2025";"No informa";"REMUNERACION JUN.2025+BONO ESCOLAR CUOTA 06/2025+PAGO TRIMESTRAL LEY 19.490 Y 19.937 PERIODO 06/2025";
"2025";"Junio";"Auxiliar";"TOLEDO BARBOZA, FRANCISCO JAVIER";"Apoyo Logistico";"24";"AUXILIAR";"Región Metropolitana de Santiago";"(202)";"$ 970.367";"$ 776.761";"$ 0";"$ 102.351";"Sí";"$ 36.396 : 13,00 hrs";"$ 36.956 : 11,00 hrs";"No tiene";"01/01/2025";"31/12/2025";"No informa";"Sin observaciones";
"2025";"Junio";"Administrativo";"TOLEDO PEÑALOZA, ALEJANDRA DEL CARMEN";"Apoyo Administrativo";"21";"ADMINISTRATIVO";"Región Metropolitana de Santiago";"(186)";"$ 803.382";"$ 606.318";"$ 0";"$ 141.993";"Sí";"$ 18.085 : 5,00 hrs";"No tiene";"No tiene";"01/01/2025";"31/12/2025";"No informa";"Sin observaciones";
"2025";"Junio";"Profesional";"TOLEDO RAMIREZ, MILENKA FERNANDA";"Atencion Clinica";"15";"NUTRICIONISTA";"Región Metropolitana de Santiago";"(01)";"$ 1.837.032";"$ 1.500.596";"$ 0";"$ 90.908";"Sí";"$ 159.148 : 20,00 hrs";"$ 124.136 : 13,00 hrs";"No tiene";"01/01/2025";"30/06/2025";"No informa";"Sin observaciones";
"2025";"Junio";"Médicos cirujanos, farmacéuticos, químico-farmacéuticos, bioquímicos, cirujano-dentistas";"TOLEDO VEGA, ISRAEL JOSUE";"Atencion Clinica Medica";"44 Hrs.";"MEDICO CIRUJANO";"Región Metropolitana de Santiago";"(86)";"$ 2.948.378";"$ 2.341.795";"$ 0";"$ 0";"No";"No tiene";"No tiene";"No tiene";"01/01/2025";"31/12/2025";"No informa";"Sin observaciones";
"2025";"Junio";"Profesional";"TOLOZA REYES, MATIAS IGNACIO";"Apoyo Administrativo";"13";"ADMINISTRADOR (A) PUBLICO";"Región Metropolitana de Santiago";"(01)";"$ 1.844.239";"$ 1.451.258";"$ 0";"$ 108.250";"No";"No tiene";"No tiene";"No tiene";"01/01/2025";"30/06/2025";"No informa";"Sin observaciones";
"2025";"Junio";"Profesional";"TOME SANCHEZ, CLAUDIA LORETO";"Atencion Clinica";"13";"NUTRICIONISTA";"Región Metropolitana de Santiago";"(01)";"$ 2.281.031";"$ 1.811.032";"$ 0";"$ 184.025";"Sí";"$ 123.180 : 13,00 hrs";"$ 147.816 : 13,00 hrs";"No tiene";"01/01/2025";"31/12/2025";"No informa";"Sin observaciones";
"2025";"Junio";"Médicos cirujanos, farmacéuticos, químico-farmacéuticos, bioquímicos, cirujano-dentistas";"TORO CEPEDA, ANA TANIA LUCIA";"Atencion Clinica Medica";"22 Hrs.";"MEDICO CIRUJANO";"Región Metropolitana de Santiago";"(188)(186)";"$ 2.479.107";"$ 1.998.693";"$ 0";"$ 0";"No";"No tiene";"No tiene";"No tiene";"01/01/2025";"31/12/2025";"No informa";"Sin observaciones";
"2025";"Junio";"Médicos cirujanos, farmacéuticos, químico-farmacéuticos, bioquímicos, cirujano-dentistas";"TORO MOLINA, HUGO FERNANDO";"Medico General Especialidad Basica";"44 Hrs.";"MEDICO CIRUJANO";"Región Metropolitana de Santiago";"(188)";"$ 2.075.686";"$ 1.679.493";"$ 0";"$ 0";"No";"No tiene";"No tiene";"No tiene";"01/01/2025";"30/06/2025";"No informa";"Sin observaciones";
"2025";"Junio";"Médicos cirujanos, farmacéuticos, químico-farmacéuticos, bioquímicos, cirujano-dentistas";"TORO SALINAS, MILLIE JUDITH";"MEDICO CIRUJANO CON ESPECIALIDAD EN MEDICINA DE URGENCIA";"28 Hrs.";"MEDICO CIRUJANO CON ESPECIALIDAD EN MEDICINA DE URGENCIA";"Región Metropolitana de Santiago";"(194)(193)(198)(186)";"$ 4.120.263";"$ 3.797.488";"$ 0";"$ 184.018";"No";"No tiene";"No tiene";"No tiene";"01/01/2025";"31/12/2025";"No informa";"REMUNERACION JUN.2025+PAGO TRIMESTRAL LEY 20.707 PERIODO 06/2025";
"2025";"Junio";"Técnico";"TORREALBA GONZALEZ, FERNANDA MACARENA";"Atencion Clinica";"22";"TECNICO NIVEL SUPERIOR ENFERMERIA";"Región Metropolitana de Santiago";"(186)";"$ 783.942";"$ 598.402";"$ 0";"$ 111.361";"No";"No tiene";"No tiene";"No tiene";"01/01/2025";"31/12/2025";"No informa";"Sin observaciones";
"2025";"Junio";"Profesional";"TORRES AZOCAR, FRANCISCO JAVIER";"Atencion Clinica";"15";"KINESIOLOGO (A)";"Región Metropolitana de Santiago";"(186)";"$ 1.787.467";"$ 1.349.718";"$ 0";"$ 209.088";"No";"No tiene";"No tiene";"No tiene";"01/01/2025";"31/12/2025";"No informa";"Sin observaciones";
"2025";"Junio";"Administrativo";"TORRES AZOCAR, MARIA DE LAS MERCEDES";"Apoyo Administrativo";"22";"ADMINISTRATIVO";"Región Metropolitana de Santiago";"(186)";"$ 796.686";"$ 621.198";"$ 0";"$ 117.688";"Sí";"$ 71.027 : 21,00 hrs";"No tiene";"No tiene";"01/01/2025";"31/12/2025";"No informa";"Sin observaciones";
"2025";"Junio";"Administrativo";"TORRES BUSTOS, REGINA ALEXIA";"Apoyo Administrativo";"22";"ADMINISTRATIVO";"Región Metropolitana de Santiago";"(186)";"$ 725.659";"$ 550.171";"$ 0";"$ 117.688";"No";"No tiene";"No tiene";"No tiene";"01/01/2025";"31/12/2025";"No informa";"Sin observaciones";
"2025";"Junio";"Técnico";"TORRES CARRASCO, IVANNA ALEXANDRA";"Atencion Clinica";"20";"TECNICO NIVEL SUPERIOR ENFERMERIA";"Región Metropolitana de Santiago";"(01)";"$ 831.003";"$ 640.441";"$ 0";"$ 126.750";"No";"No tiene";"No tiene";"No tiene";"01/01/2025";"31/12/2025";"No informa";"Sin observaciones";
"2025";"Junio";"Médicos cirujanos, farmacéuticos, químico-farmacéuticos, bioquímicos, cirujano-dentistas";"TORRES GUTIERREZ, OSCAR RICARDO";"Atencion Odontologica";"44 Hrs.";"CIRUJANO DENTISTA";"Región Metropolitana de Santiago";"(188)(186)";"$ 5.063.994";"$ 4.144.349";"$ 0";"$ 0";"No";"No tiene";"No tiene";"No tiene";"01/01/2025";"31/12/2025";"No informa";"Sin observaciones";
"2025";"Junio";"Administrativo";"TORRES MUÑOZ, PAOLA DE LAS MERCEDES";"SECRETARIA";"13";"ADMINISTRADOR (A) PUBLICO";"Región Metropolitana de Santiago";"(186)";"$ 2.164.114";"$ 3.532.345";"$ 0";"$ 783.723";"Sí";"$ 242.166 : 26,00 hrs";"$ 178.830 : 16,00 hrs";"No tiene";"01/01/2025";"31/12/2025";"No informa";"REMUNERACION JUN.2025+BONO ESCOLAR CUOTA 06/2025+PAGO TRIMESTRAL LEY 19.490 Y 19.937 PERIODO 06/2025";
"2025";"Junio";"Profesional";"TORRES OPAZO, CLAUDIA CAMILA";"Atencion Clinica";"15";"ASISTENTE SOCIAL";"Región Metropolitana de Santiago";"(01)";"$ 1.462.453";"$ 1.194.284";"$ 0";"$ 0";"No";"No tiene";"No tiene";"No tiene";"01/01/2025";"31/12/2025";"No informa";"Sin observaciones";
"2025";"Junio";"Administrativo";"TORRES ORELLANA, FANNY DEL TRANSITO";"APOYO ADMINISTRATIVO";"22";"ADMINISTRATIVO";"Región Metropolitana de Santiago";"(186)";"$ 726.019";"$ 784.705";"$ 0";"$ 138.388";"Sí";"$ 68.236 : 20,00 hrs";"$ 32.753 : 8,00 hrs";"No tiene";"01/01/2025";"31/12/2025";"No informa";"REMUNERACION JUN.2025+BONO ESCOLAR CUOTA 06/2025+PAGO TRIMESTRAL LEY 19.490 Y 19.937 PERIODO 06/2025";
"2025";"Junio";"Profesional";"TORRES RIVERA, ALEXANDRA PATRICIA";"Atencion Clinica";"12";"TERAPEUTA OCUPACIONAL";"Región Metropolitana de Santiago";"(01)";"$ 2.133.517";"$ 1.668.107";"$ 0";"$ 137.148";"No";"No tiene";"No tiene";"No tiene";"01/01/2025";"31/12/2025";"No informa";"Sin observaciones";
"2025";"Junio";"Médicos cirujanos, farmacéuticos, químico-farmacéuticos, bioquímicos, cirujano-dentistas";"TORRES ROJAS, ANGEL ELOY";"Atencion Clinica Medica";"44 Hrs.";"MEDICO CIRUJANO";"Región Metropolitana de Santiago";"(86)(186)";"$ 3.397.946";"$ 2.699.039";"$ 0";"$ 0";"No";"No tiene";"No tiene";"No tiene";"01/01/2025";"31/12/2025";"No informa";"Sin observaciones";
"2025";"Junio";"Técnico";"TORRES SILVA, PEDRO ENRIQUE";"ATENCION CLINICA";"22";"TECNICO NIVEL SUPERIOR ENFERMERIA";"Región Metropolitana de Santiago";"(203)(204)(186)";"$ 1.150.312";"$ 1.245.038";"$ 0";"$ 124.016";"Sí";"$ 50.290 : 15,00 hrs";"$ 229.323 : 57,00 hrs";"No tiene";"01/01/2025";"31/12/2025";"No informa";"REMUNERACION JUN.2025+PAGO TRIMESTRAL LEY 19.490 Y 19.937 PERIODO 06/2025+REGULARIZA PAGO HORAS EXTRAS MAY.2025 (13D - 03F)";
"2025";"Junio";"Técnico";"TORRES SOTO, BARBARA ALEJANDRA";"Atencion Clinica";"21";"TECNICO NIVEL SUPERIOR ODONTOLOGIA";"Región Metropolitana de Santiago";"(01)";"$ 788.888";"$ 608.049";"$ 0";"$ 120.148";"No";"No tiene";"No tiene";"No tiene";"01/01/2025";"31/12/2025";"No informa";"Sin observaciones";
"2025";"Junio";"Médicos cirujanos, farmacéuticos, químico-farmacéuticos, bioquímicos, cirujano-dentistas";"TORRES THOPPE, ALINA ESTHER";"Atencion Odontologica";"22 Hrs.";"CIRUJANO DENTISTA";"Región Metropolitana de Santiago";"(86)(186)";"$ 2.115.485";"$ 1.825.180";"$ 0";"$ 0";"No";"No tiene";"No tiene";"No tiene";"01/01/2025";"31/12/2025";"No informa";"Sin observaciones";
"2025";"Junio";"Médicos cirujanos, farmacéuticos, químico-farmacéuticos, bioquímicos, cirujano-dentistas";"TORRES THOPPE, ALINA ESTHER";"Atencion Odontologica";"22 Hrs.";"CIRUJANO DENTISTA";"Región Metropolitana de Santiago";"(188)(86)(186)";"$ 2.301.205";"$ 1.779.828";"$ 0";"$ 0";"No";"No tiene";"No tiene";"No tiene";"01/01/2025";"31/12/2025";"No informa";"Sin observaciones";
"2025";"Junio";"Auxiliar";"TORRES TORRES, ERIK ADRIAN";"CONDUCTOR";"24";"AUXILIAR";"Región Metropolitana de Santiago";"(205)(203)(204)(186)";"$ 919.703";"$ 864.836";"$ 0";"$ 104.484";"Sí";"$ 5.703 : 2,00 hrs";"$ 116.335 : 34,00 hrs";"No tiene";"01/01/2025";"31/12/2025";"No informa";"REMUNERACION JUN.2025+PAGO TRIMESTRAL LEY 19.490 Y 19.937 PERIODO 06/2025";
"2025";"Junio";"Profesional";"TORRIJO OLIVARES, JUAN PAULO HERNAN";"Apoyo Administrativo";"15";"PSICOLOGO (A)";"Región Metropolitana de Santiago";"(01)";"$ 1.593.535";"$ 1.257.171";"$ 0";"$ 90.908";"Sí";"$ 39.787 : 5,00 hrs";"No tiene";"No tiene";"01/01/2025";"31/12/2025";"No informa";"Sin observaciones";
"2025";"Junio";"Médicos cirujanos, farmacéuticos, químico-farmacéuticos, bioquímicos, cirujano-dentistas";"TRIGO TORRICO, JACQUELINE MONICA";"Atencion Clinica Medica";"22 Hrs.";"MEDICO CIRUJANO";"Región Metropolitana de Santiago";"(86)(188)(86)(186)";"$ 3.074.124";"$ 2.355.277";"$ 0";"$ 0";"No";"No tiene";"No tiene";"No tiene";"01/01/2025";"31/12/2025";"No informa";"Sin observaciones";
"2025";"Junio";"Profesional";"TRIPAINAO CONTRERAS, LORENZO ANDRES";"Apoyo Administrativo";"6";"INGENIERO (A) CIVIL";"Región Metropolitana de Santiago";"(186)";"$ 3.221.961";"$ 2.538.555";"$ 0";"$ 196.891";"No";"No tiene";"No tiene";"No tiene";"01/01/2025";"31/12/2025";"No informa";"REMUNERACION JUNIO 2025+PAGO LEY 19937 CUOTA JUNIO 2025";
"2025";"Junio";"Profesional";"TRIVIÑO CARRASCO, VICTOR AQUILES";"Apoyo Administrativo";"7";"INGENIERO (A) EJECUCION GESTION INDUSTRIAL";"Región Metropolitana de Santiago";"(186)";"$ 3.060.136";"$ 2.418.034";"$ 0";"$ 361.570";"No";"No tiene";"No tiene";"No tiene";"01/01/2025";"31/12/2025";"No informa";"REMUNERACION JUNIO 2025+PAGO LEY 19490-19937 CUOTA JUNIO";
"2025";"Junio";"Profesional";"TRONCOSO NAVARRO, JULY ANGELICA";"Apoyo Administrativo";"5";"ABOGADO (A)";"Región Metropolitana de Santiago";"(186)";"$ 3.912.267";"$ 3.061.730";"$ 0";"$ 450.919";"No";"No tiene";"No tiene";"No tiene";"01/01/2025";"31/12/2025";"No informa";"Sin observaciones";
"2025";"Junio";"Médicos cirujanos, farmacéuticos, químico-farmacéuticos, bioquímicos, cirujano-dentistas";"TRONCOSO ROJAS, ESTEBAN ALEJANDRO";"Atencion Clinica Medica";"22 Hrs.";"MEDICO CIRUJANO";"Región Metropolitana de Santiago";"(186)(186)";"$ 3.481.923";"$ 2.777.670";"$ 0";"$ 0";"No";"No tiene";"No tiene";"No tiene";"01/01/2025";"31/12/2025";"No informa";"Sin observaciones";
"2025";"Junio";"Médicos cirujanos, farmacéuticos, químico-farmacéuticos, bioquímicos, cirujano-dentistas";"TRONCOSO ROJAS, ESTEBAN ALEJANDRO";"Atencion Clinica Medica";"22 Hrs.";"MEDICO CIRUJANO";"Región Metropolitana de Santiago";"(186)";"$ 127.586";"$ 127.586";"$ 0";"$ 0";"No";"No tiene";"No tiene";"No tiene";"03/03/2025";"03/09/2025";"No informa";"Sin observaciones";
"2025";"Junio";"Auxiliar";"TRONCOSO ROJAS, MAX ENRIQUE";"CONDUCTOR";"24";"AUXILIAR";"Región Metropolitana de Santiago";"(01)";"$ 915.665";"$ 199.312";"$ 0";"$ 0";"Sí";"No tiene";"$ 318.045 : 156,00 hrs";"No tiene";"01/01/2025";"30/06/2025";"No informa";"REMUNERACION JUN.2025+PAGO BONO MENSUAL";
"2025";"Junio";"Profesional";"TRONCOSO VEJAR, MARCELO ANDRES";"ATENCION CLINICA";"13";"ENFERMERA (O)";"Región Metropolitana de Santiago";"(203)(204)(186)";"$ 2.733.523";"$ 3.005.408";"$ 0";"$ 346.401";"No";"No tiene";"No tiene";"No tiene";"01/01/2025";"31/12/2025";"No informa";"REMUNERACION JUN.2025 + BONO ENF. Y OTROS PROF+PAGO TRIMESTRAL LEY 19.490 Y 19.937 PERIODO 06/2025";
"2025";"Junio";"Médicos cirujanos, farmacéuticos, químico-farmacéuticos, bioquímicos, cirujano-dentistas";"TUDELA CORNEJO, FRANCISCA ALEJANDRA";"Atencion Odontologica";"22 Hrs.";"CIRUJANO DENTISTA";"Región Metropolitana de Santiago";"(188)(186)";"$ 1.262.596";"$ 1.036.150";"$ 0";"$ 0";"No";"No tiene";"No tiene";"No tiene";"01/01/2025";"31/12/2025";"No informa";"Sin observaciones";
"2025";"Junio";"Médicos cirujanos, farmacéuticos, químico-farmacéuticos, bioquímicos, cirujano-dentistas";"UBILLA CAMPOS, RODRIGO ALEXIS";"Atencion Clinica Medica";"44 Hrs.";"MEDICO CIRUJANO";"Región Metropolitana de Santiago";"(86)";"$ 2.948.378";"$ 2.332.007";"$ 0";"$ 0";"No";"No tiene";"No tiene";"No tiene";"01/01/2025";"31/12/2025";"No informa";"Sin observaciones";
"2025";"Junio";"Profesional";"UBILLA KURTE, MARISOL ANDREA";"ATENCION CLINICA";"13";"ENFERMERA (O)";"Región Metropolitana de Santiago";"(203)(204)(186)";"$ 3.443.488";"$ 3.422.057";"$ 0";"$ 310.072";"Sí";"$ 327.973 : 34,00 hrs";"$ 381.992 : 33,00 hrs";"No tiene";"01/01/2025";"31/12/2025";"No informa";"REMUNERACION JUN.2025 + BONO ENF. Y OTROS PROF+BONO ESCOLAR CUOTA 03/2025+BONO ESCOLAR CUOTA 06/2025+PAGO TRIMESTRAL LEY 19.490 Y 19.937 PERIODO 06/2025";
"2025";"Junio";"Profesional";"ULLOA AGUILAR, VALERIA ANDREA";"Atencion Clinica";"15";"ENFERMERA (O)";"Región Metropolitana de Santiago";"(186)";"$ 1.562.193";"$ 1.220.932";"$ 0";"$ 90.908";"No";"No tiene";"No tiene";"No tiene";"01/01/2025";"31/12/2025";"No informa";"Sin observaciones";
"2025";"Junio";"Profesional";"ULLOA OTAROLA, MISAEL EDUARDO";"Atencion Clinica";"15";"KINESIOLOGO (A)";"Región Metropolitana de Santiago";"(186)";"$ 1.626.100";"$ 1.243.207";"$ 0";"$ 154.543";"No";"No tiene";"No tiene";"No tiene";"01/01/2025";"31/12/2025";"No informa";"Sin observaciones";
"2025";"Junio";"Médicos cirujanos, farmacéuticos, químico-farmacéuticos, bioquímicos, cirujano-dentistas";"ULLOA VALENZUELA, GONZALO RODRIGO";"Atencion Clinica Medica";"44 Hrs.";"MEDICO CIRUJANO";"Región Metropolitana de Santiago";"(86)(186)";"$ 4.582.022";"$ 3.727.443";"$ 0";"$ 0";"Sí";"$ 466.903 : 37,00 hrs";"No tiene";"No tiene";"01/01/2025";"31/12/2025";"No informa";"Sin observaciones";
"2025";"Junio";"Médicos cirujanos, farmacéuticos, químico-farmacéuticos, bioquímicos, cirujano-dentistas";"URETA DIAZ, DANIELA ALEJANDRA";"Atencion Clinica Medica";"44 Hrs.";"MEDICO CIRUJANO";"Región Metropolitana de Santiago";"(86)(186)";"$ 3.397.946";"$ 2.699.318";"$ 0";"$ 0";"No";"No tiene";"No tiene";"No tiene";"01/01/2025";"31/12/2025";"No informa";"Sin observaciones";
"2025";"Junio";"Profesional";"URETA LAZO, HECTOR HARRY";"Apoyo Logistico";"12";"INGENIERO (A) EJECUCION GESTION PUBLICA";"Región Metropolitana de Santiago";"(186)";"$ 2.038.345";"$ 1.633.119";"$ 0";"$ 570.602";"No";"No tiene";"No tiene";"No tiene";"01/01/2025";"31/12/2025";"No informa";"REMUNERACION JUNIO 2025+PAGO LEY 19490-19937 CUOTA JUNIO+BONO ESCOLAR CUOTA JUNIO 2025";
"2025";"Junio";"Administrativo";"URETA ROCO, CLAUDIA ALEJANDRA";"Apoyo Administrativo";"22";"ADMINISTRATIVO";"Región Metropolitana de Santiago";"(186)";"$ 860.949";"$ 685.461";"$ 0";"$ 117.688";"Sí";"$ 135.290 : 40,00 hrs";"No tiene";"No tiene";"01/01/2025";"31/12/2025";"No informa";"Sin observaciones";
"2025";"Junio";"Técnico";"URETA ROJAS, JAIME LEONEL";"ATENCION CLINICA";"14";"TECNICO PARAMEDICO";"Región Metropolitana de Santiago";"(201)(202)(204)(186)";"$ 1.798.644";"$ 2.248.076";"$ 0";"$ 510.394";"No";"No tiene";"No tiene";"No tiene";"01/01/2025";"31/12/2025";"No informa";"REMUNERACION JUN.2025+PAGO TRIMESTRAL LEY 19.490 Y 19.937 PERIODO 06/2025";
"2025";"Junio";"Profesional";"URIARTE SALINAS, ALFONSO MARTIN";"Atencion Clinica";"15";"KINESIOLOGO (A)";"Región Metropolitana de Santiago";"(01)";"$ 1.462.453";"$ 1.186.141";"$ 0";"$ 0";"No";"No tiene";"No tiene";"No tiene";"01/01/2025";"31/07/2025";"No informa";"Sin observaciones";
"2025";"Junio";"Profesional";"URIBE MUÑOZ, DANIELA ALEJANDRA";"Atencion Clinica";"11";"ENFERMERA (O)";"Región Metropolitana de Santiago";"(01)";"$ 2.916.022";"$ 2.354.760";"$ 0";"$ 217.772";"Sí";"$ 448.519 : 40,00 hrs";"$ 174.923 : 13,00 hrs";"No tiene";"01/01/2025";"31/12/2025";"No informa";"Sin observaciones";
"2025";"Junio";"Médicos cirujanos, farmacéuticos, químico-farmacéuticos, bioquímicos, cirujano-dentistas";"URIBE OTAIZA, CONSTANZA SOFIA";"MEDICO BECARIO PRIMARIO";"44 Hrs.";"MEDICO CIRUJANO";"Región Metropolitana de Santiago";"(01)";"$ 3.480.717";"$ 2.854.624";"$ 0";"$ 0";"No";"No tiene";"No tiene";"No tiene";"03/07/2024";"02/07/2025";"No informa";"REMUNERACION JUN.2025";
"2025";"Junio";"Profesional";"URRA DIAZ, GLADYS ANGELICA";"Apoyo Administrativo";"9";"TRABAJADOR (A) SOCIAL";"Región Metropolitana de Santiago";"(186)";"$ 2.576.451";"$ 2.060.355";"$ 0";"$ 326.679";"No";"No tiene";"No tiene";"No tiene";"01/01/2025";"31/12/2025";"No informa";"REMUNERACION JUNIO 2025+PAGO LEY 19490-19937 CUOTA JUNIO";
"2025";"Junio";"Profesional";"URRA SANDOVAL, FRANCISCA VALENTINA";"ATENCION CLINICA";"13";"ENFERMERA (O)";"Región Metropolitana de Santiago";"(186)";"$ 1.989.407";"$ 1.894.496";"$ 0";"$ 165.984";"Sí";"No tiene";"$ 244.028 : 90,00 hrs";"No tiene";"01/01/2025";"30/06/2025";"No informa";"REMUNERACION JUN.2025+PAGO TRIMESTRAL LEY 19.937 PERIODO 06/2025";
"2025";"Junio";"Médicos cirujanos, farmacéuticos, químico-farmacéuticos, bioquímicos, cirujano-dentistas";"URREA ITURRIAGA, GONZALO ANDRES";"Quimico Farmaceutico";"44 Hrs.";"QUIMICO FARMACEUTICO";"Región Metropolitana de Santiago";"(01)";"$ 1.890.570";"$ 1.522.496";"$ 0";"$ 0";"No";"No tiene";"No tiene";"No tiene";"13/01/2025";"30/06/2025";"No informa";"Sin observaciones";
"2025";"Junio";"Técnico";"URRUTIA CUBILLOS, MARIA INES";"Atencion Clinica";"22";"TECNICO NIVEL SUPERIOR ENFERMERIA";"Región Metropolitana de Santiago";"(186)";"$ 933.942";"$ 738.190";"$ 0";"$ 131.608";"Sí";"$ 125.143 : 37,00 hrs";"No tiene";"No tiene";"01/01/2025";"31/12/2025";"No informa";"Sin observaciones";
"2025";"Junio";"Profesional";"URRUTIA LABRIN, MIGUEL OSVALDO";"Apoyo clinico";"12";"PSICOLOGO (A)";"Región Metropolitana de Santiago";"(01)";"$ 1.906.087";"$ 1.545.477";"$ 0";"$ 0";"No";"No tiene";"No tiene";"No tiene";"01/01/2025";"31/12/2025";"No informa";"REMUNERACION JUNIO 2025";
"2025";"Junio";"Técnico";"URZUA MORALES, PAULA FRANCISCA";"Atencion Clinica";"22";"TECNICO NIVEL SUPERIOR ENFERMERIA";"Región Metropolitana de Santiago";"(186)";"$ 940.932";"$ 750.954";"$ 0";"$ 117.688";"Sí";"No tiene";"$ 146.113 : 36,00 hrs";"No tiene";"01/01/2025";"31/12/2025";"No informa";"Sin observaciones";
"2025";"Junio";"Médicos cirujanos, farmacéuticos, químico-farmacéuticos, bioquímicos, cirujano-dentistas";"VALDEBENITO SHARP, CARLA ISABEL";"Medico Becario Primario";"44 Hrs.";"MEDICO CIRUJANO";"Región Metropolitana de Santiago";"(01)";"$ 2.819.587";"$ 2.323.903";"$ 0";"$ 0";"No";"No tiene";"No tiene";"No tiene";"06/05/2024";"05/05/2026";"No informa";"REMUNERACION JUNIO 2025";
"2025";"Junio";"Médicos cirujanos, farmacéuticos, químico-farmacéuticos, bioquímicos, cirujano-dentistas";"VALDERRAMA ZUÑIGA, IVAN ESTEBAN";"MEDICO PAO";"22 Hrs.";"MEDICO CIRUJANO CON ESPECIALIDAD EN MEDICINA DE URGENCIA";"Región Metropolitana de Santiago";"(86)(186)";"$ 3.351.798";"$ 2.907.919";"$ 0";"$ 0";"No";"No tiene";"No tiene";"No tiene";"01/01/2025";"31/12/2025";"No informa";"REMUNERACION JUN.2025";
"2025";"Junio";"Profesional";"VALDES CISTERNAS, DIEGO SEBASTIAN";"Atencion Clinica";"16";"TERAPEUTA OCUPACIONAL";"Región Metropolitana de Santiago";"(186)";"$ 1.501.126";"$ 1.147.356";"$ 0";"$ 149.978";"No";"No tiene";"No tiene";"No tiene";"01/01/2025";"31/12/2025";"No informa";"Sin observaciones";
"2025";"Junio";"Profesional";"VALDES MIRANDA, DANIELA FERNANDA";"Atencion Clinica";"16";"MATRON (A)";"Región Metropolitana de Santiago";"(01)";"$ 1.342.691";"$ 1.342.691";"$ 0";"$ 0";"No";"No tiene";"No tiene";"No tiene";"14/05/2025";"03/09/2025";"No informa";"Sin observaciones";
"2025";"Junio";"Profesional";"VALDES URZUA, DANIEL ALEJANDRO";"ATENCION CLINICA";"13";"ENFERMERA (O)";"Región Metropolitana de Santiago";"(01)";"$ 2.374.168";"$ 2.258.252";"$ 0";"$ 126.291";"Sí";"$ 9.475 : 1,00 hrs";"$ 629.165 : 114,00 hrs";"No tiene";"01/06/2025";"30/06/2025";"No informa";"REEMPLAZO JUN.2025 (01-30)+PAGO TRIMESTRAL LEY 19.490 Y 19.937 PERIODO 06/2025";
"2025";"Junio";"Profesional";"VALDES ZAÑARTU, LUIS FELIPE";"Apoyo Administrativo";"10";"PSICOLOGO (A)";"Región Metropolitana de Santiago";"(186)";"$ 2.268.933";"$ 1.815.460";"$ 0";"$ 261.699";"No";"No tiene";"No tiene";"No tiene";"01/01/2025";"31/12/2025";"No informa";"REMUNERACION JUNIO 2025+PAGO LEY 19490-19937 CUOTA JUNIO";
"2025";"Junio";"Profesional";"VALENCIA GONZALEZ, FANNY LORENA";"Apoyo Administrativo";"6";"INGENIERO (A) COMERCIAL";"Región Metropolitana de Santiago";"(186)";"$ 3.379.504";"$ 2.655.575";"$ 0";"$ 1.050.088";"No";"No tiene";"No tiene";"No tiene";"01/01/2025";"31/12/2025";"No informa";"REMUNERACION JUNIO 2025+PAGO LEY 19490-19937 CUOTA JUNIO+BONO ESCOLAR CUOTA JUNIO 2025";
"2025";"Junio";"Profesional";"VALENCIA GONZALEZ, VIVIANA LETICIA";"Apoyo Administrativo";"5";"CONTADOR (A) AUDITOR (A)";"Región Metropolitana de Santiago";"(186)";"$ 3.639.028";"$ 2.882.705";"$ 0";"$ 1.316.064";"No";"No tiene";"No tiene";"No tiene";"01/01/2025";"31/12/2025";"No informa";"REMUNERACION JUNIO 2025+PAGO LEY 19490-19937 CUOTA JUNIO";
"2025";"Junio";"Médicos cirujanos, farmacéuticos, químico-farmacéuticos, bioquímicos, cirujano-dentistas";"VALENZUELA CASTAÑEDA, FABIAN ANDRES";"Atencion Clinica Medica";"44 Hrs.";"MEDICO CIRUJANO";"Región Metropolitana de Santiago";"(86)(186)";"$ 3.397.946";"$ 2.674.656";"$ 0";"$ 0";"No";"No tiene";"No tiene";"No tiene";"01/01/2025";"31/12/2025";"No informa";"Sin observaciones";
"2025";"Junio";"Profesional";"VALENZUELA CONCHA, GABRIELA ANDREA";"Atencion Clinica";"15";"KINESIOLOGO (A)";"Región Metropolitana de Santiago";"(186)";"$ 2.076.148";"$ 1.653.431";"$ 0";"$ 212.119";"Sí";"$ 81.527 : 10,00 hrs";"$ 195.666 : 20,00 hrs";"No tiene";"01/01/2025";"31/12/2025";"No informa";"Sin observaciones";
"2025";"Junio";"Profesional";"VALENZUELA CORTEZ, PALOMA";"Atencion Clinica";"13";"MATRON (A)";"Región Metropolitana de Santiago";"(01)";"$ 2.068.284";"$ 1.600.446";"$ 0";"$ 194.850";"Sí";"$ 47.377 : 5,00 hrs";"No tiene";"No tiene";"01/01/2025";"31/12/2025";"No informa";"Sin observaciones";
"2025";"Junio";"Profesional";"VALENZUELA ILLANES, HERNI IÑAKI";"Apoyo Administrativo";"8";"ADMINISTRADOR (A) PUBLICO";"Región Metropolitana de Santiago";"(01)";"$ 3.017.088";"$ 2.261.782";"$ 0";"$ 309.235";"No";"No tiene";"No tiene";"No tiene";"01/01/2025";"31/07/2025";"No informa";"Sin observaciones";
"2025";"Junio";"Médicos cirujanos, farmacéuticos, químico-farmacéuticos, bioquímicos, cirujano-dentistas";"VALENZUELA ORELLANA, RODRIGO ANDRES";"Atencion Odontologica";"22 Hrs.";"CIRUJANO DENTISTA";"Región Metropolitana de Santiago";"(186)";"$ 2.313.824";"$ 1.850.993";"$ 0";"$ 0";"No";"No tiene";"No tiene";"No tiene";"01/01/2025";"31/12/2025";"No informa";"REMUNERACION JUNIO 2025";
"2025";"Junio";"Médicos cirujanos, farmacéuticos, químico-farmacéuticos, bioquímicos, cirujano-dentistas";"VALENZUELA PEÑA, JAVIERA BELEN";"Atencion Clinica Medica";"44 Hrs.";"MEDICO CIRUJANO";"Región Metropolitana de Santiago";"(86)";"$ 2.948.378";"$ 2.357.776";"$ 0";"$ 0";"No";"No tiene";"No tiene";"No tiene";"01/01/2025";"31/12/2025";"No informa";"Sin observaciones";
"2025";"Junio";"Profesional";"VALENZUELA ROJAS, MATIAS IGNACIO";"Atencion Clinica";"15";"TRABAJADOR (A) SOCIAL";"Región Metropolitana de Santiago";"(186)";"$ 1.600.623";"$ 1.260.669";"$ 0";"$ 90.908";"Sí";"No tiene";"$ 38.430 : 4,00 hrs";"No tiene";"01/01/2025";"31/12/2025";"No informa";"Sin observaciones";
"2025";"Junio";"Profesional";"VALENZUELA SAAVEDRA, MARLENE CAROLINA";"Apoyo Administrativo";"7";"ENFERMERA (O)";"Región Metropolitana de Santiago";"(186)";"$ 3.107.038";"$ 2.452.965";"$ 0";"$ 637.343";"No";"No tiene";"No tiene";"No tiene";"01/01/2025";"31/12/2025";"No informa";"REMUNERACION JUNIO 2025+PAGO LEY 19490-19937 CUOTA JUNIO";
"2025";"Junio";"Profesional";"VALENZUELA VASQUEZ, XIMENA ALEJANDRA";"Atencion Clinica";"15";"ASISTENTE SOCIAL";"Región Metropolitana de Santiago";"(186)";"$ 1.682.552";"$ 1.270.561";"$ 0";"$ 193.937";"No";"No tiene";"No tiene";"No tiene";"01/01/2025";"31/12/2025";"No informa";"Sin observaciones";
"2025";"Junio";"Administrativo";"VALERIA OLATE, MARIA EUGENIA";"Apoyo Administrativo";"21";"ADMINISTRATIVO";"Región Metropolitana de Santiago";"(186)";"$ 839.315";"$ 657.145";"$ 0";"$ 120.148";"Sí";"$ 75.956 : 21,00 hrs";"No tiene";"No tiene";"01/01/2025";"31/12/2025";"No informa";"Sin observaciones";
"2025";"Junio";"Profesional";"VALIENTE CANCINO, DAVID EDMUNDO";"Atencion Clinica";"15";"TRABAJADOR (A) SOCIAL";"Región Metropolitana de Santiago";"(186)";"$ 1.745.540";"$ 1.390.608";"$ 0";"$ 106.059";"Sí";"$ 120.094 : 15,00 hrs";"$ 48.037 : 5,00 hrs";"No tiene";"01/01/2025";"31/12/2025";"No informa";"Sin observaciones";
"2025";"Junio";"Médicos cirujanos, farmacéuticos, químico-farmacéuticos, bioquímicos, cirujano-dentistas";"VALLARINO BOADA, MACARENA FRANCISCA";"Atencion Odontologica";"44 Hrs.";"CIRUJANO DENTISTA";"Región Metropolitana de Santiago";"(188)(186)";"$ 4.244.192";"$ 3.435.220";"$ 0";"$ 0";"No";"No tiene";"No tiene";"No tiene";"01/01/2025";"31/12/2025";"No informa";"Sin observaciones";
"2025";"Junio";"Profesional";"VALLEJO GONZALEZ, ANIBAL";"APOYO ADMINISTRATIVO";"9";"PSICOLOGO (A)";"Región Metropolitana de Santiago";"(186)";"$ 2.500.154";"$ 2.854.550";"$ 0";"$ 368.411";"No";"No tiene";"No tiene";"No tiene";"01/01/2025";"31/12/2025";"No informa";"REMUNERACION JUN.2025+BONO ESCOLAR CUOTA 06/2025+PAGO TRIMESTRAL LEY 19.490 Y 19.937 PERIODO 06/2025";
"2025";"Junio";"Médicos cirujanos, farmacéuticos, químico-farmacéuticos, bioquímicos, cirujano-dentistas";"VALLEJO RODRIGUEZ, FABIAN PATRICIO";"Atencion Clinica Medica";"44 Hrs.";"MEDICO CIRUJANO";"Región Metropolitana de Santiago";"(188)(186)";"$ 4.984.659";"$ 4.070.356";"$ 0";"$ 0";"No";"No tiene";"No tiene";"No tiene";"01/01/2025";"31/12/2025";"No informa";"Sin observaciones";
"2025";"Junio";"Técnico";"VALLEJOS TAPIA, CATHERINE DENISSE";"Atencion Clinica";"22";"TECNICO NIVEL SUPERIOR ENFERMERIA";"Región Metropolitana de Santiago";"(01)";"$ 696.491";"$ 568.057";"$ 0";"$ 0";"No";"No tiene";"No tiene";"No tiene";"07/04/2025";"30/06/2025";"No informa";"Sin observaciones";
"2025";"Junio";"Profesional";"VALPREDA ORELLANA, TAMARA DANIELA";"APOYO ADMINISTRATIVO";"15";"ADMINISTRADOR (A) PUBLICO";"Región Metropolitana de Santiago";"(01)";"$ 1.462.453";"$ 1.195.547";"$ 0";"$ 0";"No";"No tiene";"No tiene";"No tiene";"01/01/2025";"30/06/2025";"No informa";"REMUNERACION JUN.2025";
"2025";"Junio";"Profesional";"VALSASNINI ALVAREZ, IGNACIO LUCIANO";"JEFE DE DEPARTAMENTO";"11";"INGENIERO (A) EN CONECTIVIDAD Y REDES";"Región Metropolitana de Santiago";"(01)";"$ 2.073.880";"$ 1.923.126";"$ 0";"$ 128.102";"No";"No tiene";"No tiene";"No tiene";"01/01/2025";"31/12/2025";"No informa";"REMUNERACION JUN.2025+PAGO TRIMESTRAL LEY 19.937 PERIODO 06/2025";
"2025";"Junio";"Profesional";"VARAS ALFARO, DENNYS DAVID";"Atencion Clinica";"8";"KINESIOLOGO (A)";"Región Metropolitana de Santiago";"(01)";"$ 2.933.224";"$ 2.223.030";"$ 0";"$ 251.910";"No";"No tiene";"No tiene";"No tiene";"01/01/2025";"30/06/2025";"No informa";"Sin observaciones";
"2025";"Junio";"Médicos cirujanos, farmacéuticos, químico-farmacéuticos, bioquímicos, cirujano-dentistas";"VARAS ARANCIBIA, JUAN RODRIGO";"Apoyo Administrativo";"22 Hrs.";"MEDICO CIRUJANO";"Región Metropolitana de Santiago";"(86)(186)";"$ 2.690.669";"$ 2.138.634";"$ 0";"$ 0";"No";"No tiene";"No tiene";"No tiene";"01/01/2025";"31/12/2025";"No informa";"REMUNERACION JUNIO 2025";
"2025";"Junio";"Administrativo";"VARAS TORRES, SOLEDAD CATALINA";"Apoyo Administrativo";"22";"ADMINISTRATIVO";"Región Metropolitana de Santiago";"(186)";"$ 768.728";"$ 584.785";"$ 0";"$ 131.608";"Sí";"No tiene";"$ 24.565 : 6,00 hrs";"No tiene";"01/01/2025";"31/12/2025";"No informa";"Sin observaciones";
"2025";"Junio";"Administrativo";"VARGAS BLANCO, CARLOS ALBERTO";"APOYO ADMINISTRATIVO";"15";"TECNICO NIVEL SUPERIOR ENFERMERIA";"Región Metropolitana de Santiago";"(186)";"$ 1.334.148";"$ 1.507.621";"$ 0";"$ 195.310";"Sí";"$ 205.073 : 40,00 hrs";"$ 221.479 : 36,00 hrs";"No tiene";"01/01/2025";"31/12/2025";"No informa";"REMUNERACION JUN.2025+PAGO TRIMESTRAL LEY 19.490 Y 19.937 PERIODO 06/2025";
"2025";"Junio";"Auxiliar";"VARGAS CARVAJAL, MARCO ANTONIO";"CONDUCTOR";"19";"AUXILIAR";"Región Metropolitana de Santiago";"(186)";"$ 1.091.985";"$ 1.075.260";"$ 0";"$ 142.384";"Sí";"$ 147.342 : 36,00 hrs";"$ 216.102 : 44,00 hrs";"No tiene";"01/01/2025";"31/12/2025";"No informa";"REMUNERACION JUN.2025+PAGO TRIMESTRAL LEY 19.490 Y 19.937 PERIODO 06/2025";
"2025";"Junio";"Técnico";"VARGAS DONOSO, FERNANDA CAROLINA";"Atencion Clinica";"22";"TECNICO NIVEL SUPERIOR RECURSOS HUMANOS";"Región Metropolitana de Santiago";"(186)";"$ 823.490";"$ 619.481";"$ 0";"$ 141.733";"No";"No tiene";"No tiene";"No tiene";"01/01/2025";"31/12/2025";"No informa";"Sin observaciones";
"2025";"Junio";"Profesional";"VARGAS DONOSO, JOHANNA ANDREA";"Atencion Clinica";"15";"KINESIOLOGO (A)";"Región Metropolitana de Santiago";"(186)";"$ 1.847.871";"$ 1.444.989";"$ 0";"$ 212.119";"Sí";"No tiene";"$ 48.916 : 5,00 hrs";"No tiene";"01/01/2025";"31/12/2025";"No informa";"Sin observaciones";
"2025";"Junio";"Administrativo";"VARGAS LAGOS, JEIMIE CARENT";"APOYO ADMINISTRATIVO";"22";"ADMINISTRATIVO";"Región Metropolitana de Santiago";"(01)";"$ 969.325";"$ 864.059";"$ 0";"$ 0";"Sí";"$ 53.170 : 16,00 hrs";"$ 345.602 : 168,00 hrs";"No tiene";"01/06/2025";"30/06/2025";"No informa";"REEMPLAZO JUN.2025 (01-18) (23-30)+PAGO BONO MENSUAL";
"2025";"Junio";"Médicos cirujanos, farmacéuticos, químico-farmacéuticos, bioquímicos, cirujano-dentistas";"VARGAS MUÑOZ, LUIS ALBERTO";"Atencion Clinica Medica";"44 Hrs.";"MEDICO CIRUJANO";"Región Metropolitana de Santiago";"(86)(186)";"$ 3.578.912";"$ 2.854.677";"$ 0";"$ 0";"No";"No tiene";"No tiene";"No tiene";"01/01/2025";"31/12/2025";"No informa";"Sin observaciones";
"2025";"Junio";"Técnico";"VARGAS PEREZ, KATHERINE DANAE";"ATENCION CLINICA";"22";"TECNICO NIVEL SUPERIOR ENFERMERIA";"Región Metropolitana de Santiago";"(202)(204)(186)";"$ 1.036.957";"$ 845.957";"$ 0";"$ 132.061";"No";"No tiene";"No tiene";"No tiene";"01/01/2025";"31/12/2025";"No informa";"REMUNERACION JUN.2025+BONO ESCOLAR CUOTA 06/2025+PAGO TRIMESTRAL LEY 19.490 Y 19.937 PERIODO 06/2025";
"2025";"Junio";"Técnico";"VARGAS RUBILAR, ESTEFANIA MACARENA";"Atencion Clinica";"21";"TECNICO NIVEL SUPERIOR ODONTOLOGIA";"Región Metropolitana de Santiago";"(01)";"$ 788.888";"$ 602.082";"$ 0";"$ 120.148";"No";"No tiene";"No tiene";"No tiene";"01/01/2025";"31/12/2025";"No informa";"Sin observaciones";
"2025";"Junio";"Médicos cirujanos, farmacéuticos, químico-farmacéuticos, bioquímicos, cirujano-dentistas";"VARGAS TRONCOSO, PABLO ANDRES";"Quimico Farmaceutico";"22 Hrs.";"QUIMICO FARMACEUTICO";"Región Metropolitana de Santiago";"(188)(186)";"$ 2.122.043";"$ 1.628.027";"$ 0";"$ 0";"No";"No tiene";"No tiene";"No tiene";"01/01/2025";"31/12/2025";"No informa";"Sin observaciones";
"2025";"Junio";"Médicos cirujanos, farmacéuticos, químico-farmacéuticos, bioquímicos, cirujano-dentistas";"VARGAS TRONCOSO, PABLO ANDRES";"Quimico Farmaceutico";"22 Hrs.";"QUIMICO FARMACEUTICO";"Región Metropolitana de Santiago";"(188)(186)";"$ 2.122.043";"$ 1.807.099";"$ 0";"$ 0";"No";"No tiene";"No tiene";"No tiene";"01/01/2025";"31/12/2025";"No informa";"Sin observaciones";
"2025";"Junio";"Auxiliar";"VASQUEZ ALVARADO, ERIC OSVALDO";"Apoyo Logistico";"18";"AUXILIAR";"Región Metropolitana de Santiago";"(01)";"$ 914.327";"$ 776.774";"$ 0";"$ 0";"Sí";"$ 67.353 : 16,00 hrs";"$ 101.029 : 20,00 hrs";"No tiene";"01/01/2025";"30/06/2025";"No informa";"Sin observaciones";
"2025";"Junio";"Profesional";"VASQUEZ BARRIOS, CAMILA FERNANDA";"Apoyo Administrativo";"12";"ADMINISTRADOR (A) PUBLICO";"Región Metropolitana de Santiago";"(01)";"$ 1.906.087";"$ 1.545.301";"$ 0";"$ 118.055";"No";"No tiene";"No tiene";"No tiene";"01/01/2025";"31/12/2025";"No informa";"REMUNERACION JUNIO 2025+PAGO LEY 19937 CUOTA JUNIO 2025+BONO ESCOLAR CUOTA JUNIO 2025";
"2025";"Junio";"Profesional";"VASQUEZ CAMPOS, FABIOLA ALEJANDRA";"Apoyo Administrativo";"13";"INGENIERO (A) CIVIL INDUSTRIAL";"Región Metropolitana de Santiago";"(01)";"$ 1.735.528";"$ 1.319.399";"$ 0";"$ 0";"No";"No tiene";"No tiene";"No tiene";"23/05/2025";"24/07/2025";"No informa";"Sin observaciones";
"2025";"Junio";"Profesional";"VASQUEZ CASTILLO, GLORIA XIMENA";"Apoyo Administrativo";"8";"KINESIOLOGO (A)";"Región Metropolitana de Santiago";"(186)";"$ 3.512.596";"$ 2.458.159";"$ 0";"$ 670.390";"No";"No tiene";"No tiene";"No tiene";"01/01/2025";"31/12/2025";"No informa";"Sin observaciones";
"2025";"Junio";"Administrativo";"VASQUEZ CID, CLAUDIA CAROLINA";"Apoyo Administrativo";"16";"INGENIERO (A) EJECUCION ADMINISTRACION DE EMPRESAS";"Región Metropolitana de Santiago";"(186)";"$ 1.786.458";"$ 1.318.022";"$ 0";"$ 325.998";"Sí";"$ 48.985 : 7,00 hrs";"$ 83.974 : 10,00 hrs";"No tiene";"01/01/2025";"31/12/2025";"No informa";"Sin observaciones";
"2025";"Junio";"Administrativo";"VASQUEZ FERNANDEZ, MURIEL";"SECRETARIA";"16";"TECNICO NIVEL SUPERIOR EN SECRETARIA";"Región Metropolitana de Santiago";"(186)";"$ 899.796";"$ 1.216.721";"$ 0";"$ 192.584";"Sí";"$ 65.399 : 14,00 hrs";"No tiene";"No tiene";"01/01/2025";"31/12/2025";"No informa";"REMUNERACION JUN.2025+BONO ESCOLAR CUOTA 06/2025+PAGO TRIMESTRAL LEY 19.490 Y 19.937 PERIODO 06/2025";
"2025";"Junio";"Administrativo";"VASQUEZ FLORES, CRISTOPHER ANTONIO";"Apoyo Administrativo";"16";"INGENIERO (A) EN ADMINISTRACION DE RECURSOS HUMANOS";"Región Metropolitana de Santiago";"(01)";"$ 1.353.059";"$ 1.104.862";"$ 0";"$ 0";"Sí";"$ 34.763 : 5,00 hrs";"No tiene";"No tiene";"01/05/2025";"31/07/2025";"No informa";"Sin observaciones";
"2025";"Junio";"Profesional";"VASQUEZ GALLARDO, CESAR ALFREDO";"Director Zonal";"5";"PSICOLOGO (A)";"Región Metropolitana de Santiago";"(186)";"$ 4.277.333";"$ 3.338.795";"$ 0";"$ 760.927";"No";"No tiene";"No tiene";"No tiene";"01/01/2025";"31/12/2025";"No informa";"Sin observaciones";
"2025";"Junio";"Médicos cirujanos, farmacéuticos, químico-farmacéuticos, bioquímicos, cirujano-dentistas";"VASQUEZ NAVARRETE, BRIAN ELIAS";"Atencion Clinica Medica";"44 Hrs.";"MEDICO CIRUJANO";"Región Metropolitana de Santiago";"(86)(186)";"$ 3.397.946";"$ 2.674.656";"$ 0";"$ 0";"No";"No tiene";"No tiene";"No tiene";"01/01/2025";"31/12/2025";"No informa";"Sin observaciones";
"2025";"Junio";"Auxiliar";"VASQUEZ PADILLA, JOSE MIGUEL";"Apoyo Logistico";"22";"AUXILIAR";"Región Metropolitana de Santiago";"(202)";"$ 1.110.616";"$ 866.244";"$ 0";"$ 124.016";"Sí";"No tiene";"$ 47.853 : 12,00 hrs";"No tiene";"01/01/2025";"31/12/2025";"No informa";"Sin observaciones";
"2025";"Junio";"Profesional";"VASQUEZ RIVEROS, CARLA ANDREA";"Jefe Unidad de Apoyo";"6";"NUTRICIONISTA";"Región Metropolitana de Santiago";"(186)";"$ 3.311.660";"$ 2.610.538";"$ 0";"$ 525.044";"No";"No tiene";"No tiene";"No tiene";"01/01/2025";"31/12/2025";"No informa";"REMUNERACION JUNIO 2025+PAGO LEY 19490-19937 CUOTA JUNIO+BONO ESCOLAR CUOTA JUNIO 2025";
"2025";"Junio";"Médicos cirujanos, farmacéuticos, químico-farmacéuticos, bioquímicos, cirujano-dentistas";"VASQUEZ RUIZ, MARIANA CECILIA";"Medico Becario Primario";"44 Hrs.";"MEDICO CIRUJANO";"Región Metropolitana de Santiago";"(01)";"$ 3.480.717";"$ 2.877.724";"$ 0";"$ 0";"No";"No tiene";"No tiene";"No tiene";"07/04/2025";"06/04/2026";"No informa";"REMUNERACION JUNIO 2025";
"2025";"Junio";"Técnico";"VASQUEZ SAEZ, TARIN VANESSA";"ATENCION CLINICA";"22";"TECNICO NIVEL SUPERIOR ENFERMERIA";"Región Metropolitana de Santiago";"(202)(204)(186)";"$ 1.135.658";"$ 1.061.767";"$ 0";"$ 131.609";"Sí";"$ 54.116 : 16,00 hrs";"$ 48.704 : 12,00 hrs";"No tiene";"01/01/2025";"31/12/2025";"No informa";"REMUNERACION JUN.2025+PAGO TRIMESTRAL LEY 19.490 Y 19.937 PERIODO 06/2025";
"2025";"Junio";"Auxiliar";"VEGA MIRANDA, JOSE IGNACIO";"CONDUCTOR";"22";"TECNICO NIVEL SUPERIOR ENFERMERIA";"Región Metropolitana de Santiago";"(205)(202)(204)";"$ 1.089.045";"$ 985.578";"$ 0";"$ 117.689";"No";"No tiene";"No tiene";"No tiene";"01/01/2025";"31/12/2025";"No informa";"REMUNERACION JUN.2025+PAGO TRIMESTRAL LEY 19.490 Y 19.937 PERIODO 06/2025";
"2025";"Junio";"Profesional";"VEGA NUÑEZ, ANA PAULA";"Atencion Clinica";"16";"PSICOLOGO (A)";"Región Metropolitana de Santiago";"(01)";"$ 716.100";"$ 716.100";"$ 0";"$ 0";"No";"No tiene";"No tiene";"No tiene";"06/05/2025";"16/06/2025";"No informa";"Sin observaciones";
"2025";"Junio";"Profesional";"VEJAR CONTRERAS, CARLOS FABIAN";"Subdirector";"7";"KINESIOLOGO (A)";"Región Metropolitana de Santiago";"(01)";"$ 3.457.850";"$ 2.523.218";"$ 0";"$ 427.162";"No";"No tiene";"No tiene";"No tiene";"01/01/2025";"31/12/2025";"No informa";"Sin observaciones";
"2025";"Junio";"Médicos cirujanos, farmacéuticos, químico-farmacéuticos, bioquímicos, cirujano-dentistas";"VELASQUEZ OSORIO, KARIN FERNANDA";"Medico PAO";"22 Hrs.";"MEDICO CIRUJANO";"Región Metropolitana de Santiago";"(86)(186)";"$ 3.523.692";"$ 2.803.874";"$ 0";"$ 0";"No";"No tiene";"No tiene";"No tiene";"01/01/2025";"31/12/2025";"No informa";"REMUNERACION JUNIO 2025";
"2025";"Junio";"Profesional";"VELASQUEZ SANCHEZ, MARIA TERESA";"Atencion Clinica";"15";"ASISTENTE SOCIAL";"Región Metropolitana de Santiago";"(220)(186)";"$ 2.096.816";"$ 1.662.841";"$ 0";"$ 163.634";"Sí";"$ 96.661 : 12,00 hrs";"$ 193.322 : 20,00 hrs";"No tiene";"01/01/2025";"31/12/2025";"No informa";"Sin observaciones";
"2025";"Junio";"Técnico";"VELIZ FARIAS, MARIA VICTORIA";"Atencion Clinica";"22";"TECNICO NIVEL SUPERIOR ENFERMERIA";"Región Metropolitana de Santiago";"(186)";"$ 783.942";"$ 598.300";"$ 0";"$ 111.361";"No";"No tiene";"No tiene";"No tiene";"01/01/2025";"31/12/2025";"No informa";"Sin observaciones";
"2025";"Junio";"Profesional";"VELIZ PEREZ, KATHERINE MASSIEL";"Apoyo Administrativo";"6";"INGENIERO (A) EJECUCION ADMINISTRACION";"Región Metropolitana de Santiago";"(186)";"$ 3.362.543";"$ 2.648.513";"$ 0";"$ 1.220.727";"No";"No tiene";"No tiene";"No tiene";"01/01/2025";"31/12/2025";"No informa";"REMUNERACION JUNIO 2025+PAGO LEY 19490-19937 CUOTA JUNIO";
"2025";"Junio";"Profesional";"VELOSO CABRERA, RAUL EDUARDO";"ATENCION CLINICA";"12";"ENFERMERA (O)";"Región Metropolitana de Santiago";"(203)(204)(186)";"$ 3.261.466";"$ 3.460.100";"$ 0";"$ 451.943";"Sí";"$ 148.365 : 14,00 hrs";"$ 127.170 : 10,00 hrs";"No tiene";"01/01/2025";"31/12/2025";"No informa";"REMUNERACION JUN.2025 + BONO ENF. Y OTROS PROF+BONO ESCOLAR CUOTA 06/2025+PAGO TRIMESTRAL LEY 19.490 Y 19.937 PERIODO 06/2025";
"2025";"Junio";"Médicos cirujanos, farmacéuticos, químico-farmacéuticos, bioquímicos, cirujano-dentistas";"VENEGAS AÑAZCO, CLAUDIO FELIPE";"Atencion Odontologica";"22 Hrs.";"CIRUJANO DENTISTA";"Región Metropolitana de Santiago";"(01)";"$ 1.209.737";"$ 995.871";"$ 0";"$ 0";"No";"No tiene";"No tiene";"No tiene";"01/01/2025";"31/07/2025";"No informa";"Sin observaciones";
"2025";"Junio";"Profesional";"VENEGAS AROS, JOSE MIGUEL";"Apoyo Administrativo";"12";"ADMINISTRADOR (A) PUBLICO";"Región Metropolitana de Santiago";"(01)";"$ 2.124.232";"$ 1.738.983";"$ 0";"$ 0";"Sí";"$ 144.058 : 14,00 hrs";"$ 74.087 : 6,00 hrs";"No tiene";"01/01/2025";"31/12/2025";"No informa";"Sin observaciones";
"2025";"Junio";"Profesional";"VENEGAS AVILES, OSCAR ANDRES";"JEFE DE DEPARTAMENTO";"7";"INGENIERO (A) COMERCIAL";"Región Metropolitana de Santiago";"(186)";"$ 3.001.705";"$ 3.475.518";"$ 0";"$ 475.981";"No";"No tiene";"No tiene";"No tiene";"01/01/2025";"31/12/2025";"No informa";"REMUNERACION JUN.2025+PAGO TRIMESTRAL LEY 19.490 Y 19.937 PERIODO 06/2025";
"2025";"Junio";"Administrativo";"VENEGAS BAHAMONDES, ISABEL ALEJANDRA";"Secretaria";"13";"ADMINISTRATIVO";"Región Metropolitana de Santiago";"(186)";"$ 1.028.996";"$ 842.407";"$ 0";"$ 429.627";"Sí";"$ 17.124 : 3,00 hrs";"No tiene";"No tiene";"01/01/2025";"31/12/2025";"No informa";"REMUNERACION JUNIO 2025+PAGO LEY 19490-19937 CUOTA JUNIO+BONO ESCOLAR CUOTA JUNIO 2025";
"2025";"Junio";"Profesional";"VENEGAS GARRIDO, VIOLETA SOLANGE";"Apoyo Administrativo";"8";"CONTADOR (A) AUDITOR (A)";"Región Metropolitana de Santiago";"(186)";"$ 3.170.934";"$ 2.389.776";"$ 0";"$ 387.829";"No";"No tiene";"No tiene";"No tiene";"01/01/2025";"31/12/2025";"No informa";"Sin observaciones";
"2025";"Junio";"Administrativo";"VENEGAS IBIETA, LUIS ALBERTO";"Apoyo Logistico";"18";"ADMINISTRATIVO";"Región Metropolitana de Santiago";"(186)";"$ 910.993";"$ 767.183";"$ 0";"$ 193.184";"Sí";"$ 123.294 : 28,00 hrs";"No tiene";"No tiene";"01/01/2025";"31/12/2025";"No informa";"REMUNERACION JUNIO 2025+PAGO LEY 19490-19937 CUOTA JUNIO+BONO ESCOLAR CUOTA JUNIO 2025";
"2025";"Junio";"Auxiliar";"VENEGAS TORRES, GUILLERMO ANTONIO";"CONDUCTOR";"20";"INGENIERO (A) PREVENCION DE RIESGOS";"Región Metropolitana de Santiago";"(01)";"$ 932.760";"$ 1.180.547";"$ 0";"$ 174.393";"No";"No tiene";"No tiene";"No tiene";"01/01/2025";"31/12/2025";"No informa";"REMUNERACION JUN.2025+PAGO TRIMESTRAL LEY 19.937 PERIODO 06/2025";
"2025";"Junio";"Profesional";"VERA GUTIERREZ, JOB ISRAEL";"ATENCION CLINICA";"12";"ENFERMERA (O)";"Región Metropolitana de Santiago";"(203)(204)(186)";"$ 2.971.528";"$ 3.090.458";"$ 0";"$ 344.828";"No";"No tiene";"No tiene";"No tiene";"01/01/2025";"31/12/2025";"No informa";"REMUNERACION JUN.2025 + BONO ENF. Y OTROS PROF+PAGO TRIMESTRAL LEY 19.490 Y 19.937 PERIODO 06/2025";
"2025";"Junio";"Profesional";"VERA HIGUERA, EVA MARIA";"Apoyo Administrativo";"12";"INGENIERO (A) EN GESTION DE RECURSOS HUMANOS";"Región Metropolitana de Santiago";"(186)";"$ 2.017.065";"$ 1.633.881";"$ 0";"$ 251.852";"No";"No tiene";"No tiene";"No tiene";"01/01/2025";"31/12/2025";"No informa";"REMUNERACION JUNIO 2025+PAGO LEY 19490-19937 CUOTA JUNIO";
"2025";"Junio";"Profesional";"VERA HIGUERA, KATHERINE ANDREA";"Apoyo Administrativo";"8";"INGENIERO (A) ADMINISTRACION DE EMPRESAS";"Región Metropolitana de Santiago";"(01)";"$ 3.367.891";"$ 2.450.942";"$ 0";"$ 598.365";"No";"No tiene";"No tiene";"No tiene";"01/01/2025";"31/12/2025";"No informa";"Sin observaciones";
"2025";"Junio";"Auxiliar";"VERA MARIN, IGNACIO ANDRES";"CONDUCTOR";"22";"TECNICO NIVEL MEDIO EN ALIMENTACION";"Región Metropolitana de Santiago";"(202)(204)";"$ 1.313.599";"$ 1.087.344";"$ 0";"$ 0";"Sí";"$ 93.047 : 28,00 hrs";"$ 235.275 : 59,00 hrs";"No tiene";"01/01/2025";"31/07/2025";"No informa";"REMUNERACION JUN.2025";
"2025";"Junio";"Profesional";"VERA MONTENEGRO, GASTON ANIBAL";"Apoyo Administrativo";"6";"INGENIERO (A) EJECUCION MECANICA";"Región Metropolitana de Santiago";"(186)";"$ 3.238.922";"$ 2.576.812";"$ 0";"$ 452.850";"No";"No tiene";"No tiene";"No tiene";"01/01/2025";"31/12/2025";"No informa";"REMUNERACION JUNIO 2025+PAGO LEY 19490-19937 CUOTA JUNIO";
"2025";"Junio";"Técnico";"VERA SOTO, CARLOS ALBERTO";"ATENCION CLINICA";"22";"TECNICO NIVEL SUPERIOR ENFERMERIA";"Región Metropolitana de Santiago";"(202)(204)(186)";"$ 1.032.838";"$ 1.031.441";"$ 0";"$ 117.689";"No";"No tiene";"No tiene";"No tiene";"01/01/2025";"31/12/2025";"No informa";"REMUNERACION JUN.2025+PAGO TRIMESTRAL LEY 19.490 Y 19.937 PERIODO 06/2025";
"2025";"Junio";"Profesional";"VERAGUA ORTEGA, MICHELLE BLANCA";"Apoyo Administrativo";"16";"TECNOLOGO (A) EN INFORMATICA BIOMEDICA";"Región Metropolitana de Santiago";"(01)";"$ 1.426.367";"$ 1.131.011";"$ 0";"$ 83.321";"No";"No tiene";"No tiene";"No tiene";"01/01/2025";"31/12/2025";"No informa";"Sin observaciones";
"2025";"Junio";"Técnico";"VERGARA AREVALO, MOISES ELISEO";"Atencion Clinica";"20";"TECNICO NIVEL SUPERIOR RECURSOS HUMANOS";"Región Metropolitana de Santiago";"(186)";"$ 1.033.372";"$ 831.537";"$ 0";"$ 133.951";"Sí";"$ 152.647 : 40,00 hrs";"$ 36.635 : 8,00 hrs";"No tiene";"01/01/2025";"31/12/2025";"No informa";"Sin observaciones";
"2025";"Junio";"Médicos cirujanos, farmacéuticos, químico-farmacéuticos, bioquímicos, cirujano-dentistas";"VERGARA CABRERA, CRISTOBAL TOMAS";"Atencion Clinica Medica";"44 Hrs.";"MEDICO CIRUJANO";"Región Metropolitana de Santiago";"(86)";"$ 2.948.378";"$ 2.336.619";"$ 0";"$ 0";"No";"No tiene";"No tiene";"No tiene";"01/01/2025";"31/12/2025";"No informa";"Sin observaciones";
"2025";"Junio";"Técnico";"VERGARA CONTRERAS, SIGRID FABIOLA";"Atencion Clinica";"21";"AUXILIAR PARAMEDICO DE ENFERMERIA";"Región Metropolitana de Santiago";"(186)";"$ 779.800";"$ 589.541";"$ 0";"$ 131.070";"No";"No tiene";"No tiene";"No tiene";"01/01/2025";"31/12/2025";"No informa";"Sin observaciones";
"2025";"Junio";"Técnico";"VERGARA LAGOS, DARWIN NOE";"Apoyo Administrativo";"14";"TECNICO EN COMPUTACION";"Región Metropolitana de Santiago";"(186)";"$ 1.613.258";"$ 1.315.855";"$ 0";"$ 415.351";"No";"No tiene";"No tiene";"No tiene";"01/01/2025";"31/12/2025";"No informa";"REMUNERACION JUNIO 2025+PAGO LEY 19490-19937 CUOTA JUNIO+BONO ESCOLAR CUOTA JUNIO 2025";
"2025";"Junio";"Médicos cirujanos, farmacéuticos, químico-farmacéuticos, bioquímicos, cirujano-dentistas";"VERGARA MUÑOZ, MARIA SOLEDAD";"Atencion Clinica Medica";"44 Hrs.";"MEDICO CIRUJANO";"Región Metropolitana de Santiago";"(86)";"$ 2.948.378";"$ 2.356.742";"$ 0";"$ 0";"No";"No tiene";"No tiene";"No tiene";"01/01/2025";"31/12/2025";"No informa";"Sin observaciones";
"2025";"Junio";"Administrativo";"VERGARA NAVARRETE, SANDRA DE LOURDES";"Apoyo Administrativo";"18";"ADMINISTRATIVO";"Región Metropolitana de Santiago";"(186)";"$ 1.163.926";"$ 815.357";"$ 0";"$ 349.463";"No";"No tiene";"No tiene";"No tiene";"01/01/2025";"31/12/2025";"No informa";"Sin observaciones";
"2025";"Junio";"Médicos cirujanos, farmacéuticos, químico-farmacéuticos, bioquímicos, cirujano-dentistas";"VERGARA ORELLANA, IGNACIA JESUS";"Atencion Odontologica";"22 Hrs.";"CIRUJANO DENTISTA";"Región Metropolitana de Santiago";"(188)(186)";"$ 2.386.488";"$ 1.925.409";"$ 0";"$ 0";"No";"No tiene";"No tiene";"No tiene";"01/01/2025";"31/12/2025";"No informa";"Sin observaciones";
"2025";"Junio";"Profesional";"VERGARA SAAVEDRA, KATIA ANDREA";"Atencion Clinica";"16";"TERAPEUTA OCUPACIONAL";"Región Metropolitana de Santiago";"(186)";"$ 1.448.131";"$ 1.163.985";"$ 0";"$ 97.208";"No";"No tiene";"No tiene";"No tiene";"01/01/2025";"30/06/2025";"No informa";"Sin observaciones";
"2025";"Junio";"Profesional";"VERGARA TORRES, ALEXIS ANDRES";"Apoyo Administrativo";"8";"KINESIOLOGO (A)";"Región Metropolitana de Santiago";"(186)";"$ 3.269.997";"$ 2.472.200";"$ 0";"$ 443.233";"No";"No tiene";"No tiene";"No tiene";"01/01/2025";"31/12/2025";"No informa";"Sin observaciones";
"2025";"Junio";"Médicos cirujanos, farmacéuticos, químico-farmacéuticos, bioquímicos, cirujano-dentistas";"VERGARA VARGAS, ALEJANDRA ANDREA";"CIRUGIA GENERAL";"28 Hrs.";"MEDICO CIRUJANO";"Región Metropolitana de Santiago";"(194)(193)(198)(186)";"$ 3.434.362";"$ 2.584.011";"$ 0";"$ 0";"No";"No tiene";"No tiene";"No tiene";"01/01/2025";"31/12/2025";"No informa";"REMUNERACION JUN.2025";
"2025";"Junio";"Profesional";"VERGARA VILLEGAS, CLAUDIA ANDREA";"ATENCION CLINICA";"11";"KINESIOLOGO (A)";"Región Metropolitana de Santiago";"(203)(204)(186)";"$ 3.702.530";"$ 4.213.903";"$ 0";"$ 572.184";"Sí";"$ 315.309 : 27,00 hrs";"$ 140.137 : 10,00 hrs";"No tiene";"01/01/2025";"31/12/2025";"No informa";"REMUNERACION JUN.2025 + BONO ENF. Y OTROS PROF+PAGO TRIMESTRAL LEY 19.490 Y 19.937 PERIODO 06/2025";
"2025";"Junio";"Administrativo";"VIAL SANDOVAL, YARNA SCARLETTE";"Apoyo Administrativo";"22";"ADMINISTRATIVO";"Región Metropolitana de Santiago";"(186)";"$ 714.782";"$ 541.900";"$ 0";"$ 111.361";"No";"No tiene";"No tiene";"No tiene";"01/01/2025";"31/12/2025";"No informa";"Sin observaciones";
"2025";"Junio";"Técnico";"VIDAL CONTRERAS, MANUEL ANGEL";"ATENCION CLINICA";"21";"TECNICO NIVEL SUPERIOR ENFERMERIA";"Región Metropolitana de Santiago";"(203)(204)(186)";"$ 964.297";"$ 892.757";"$ 0";"$ 174.761";"No";"No tiene";"No tiene";"No tiene";"01/01/2025";"31/12/2025";"No informa";"REMUNERACION JUN.2025+PAGO TRIMESTRAL LEY 19.490 Y 19.937 PERIODO 06/2025";
"2025";"Junio";"Profesional";"VIDAL SEPULVEDA, DANIELA ALEJANDRA";"Atencion Clinica";"15";"ENFERMERA (O)";"Región Metropolitana de Santiago";"(01)";"$ 1.563.486";"$ 1.221.949";"$ 0";"$ 94.154";"No";"No tiene";"No tiene";"No tiene";"01/01/2025";"31/12/2025";"No informa";"Sin observaciones";
"2025";"Junio";"Profesional";"VIDELA MARTINEZ, PABLO ANDRES";"Jefe de Subdepartamento";"5";"INGENIERO (A) CIVIL INDUSTRIAL";"Región Metropolitana de Santiago";"(186)";"$ 3.603.068";"$ 2.849.622";"$ 0";"$ 537.746";"No";"No tiene";"No tiene";"No tiene";"01/01/2025";"31/12/2025";"No informa";"REMUNERACION JUNIO 2025+PAGO LEY 19490-19937 CUOTA JUNIO";
"2025";"Junio";"Auxiliar";"VIDELA RETAMAL, GUILLERMO ANTONIO";"CONDUCTOR";"22";"AUXILIAR";"Región Metropolitana de Santiago";"(205)(202)(204)";"$ 1.058.045";"$ 1.125.627";"$ 0";"$ 131.609";"No";"No tiene";"No tiene";"No tiene";"01/01/2025";"31/12/2025";"No informa";"REMUNERACION JUN.2025+PAGO TRIMESTRAL LEY 19.490 Y 19.937 PERIODO 06/2025";
"2025";"Junio";"Técnico";"VIGORENA BECERRA, MAURICIO ABRAHAM";"ATENCION CLINICA";"21";"TECNICO NIVEL SUPERIOR ENFERMERIA";"Región Metropolitana de Santiago";"(203)(204)(186)";"$ 1.157.313";"$ 983.106";"$ 0";"$ 140.629";"Sí";"$ 103.932 : 28,00 hrs";"$ 89.084 : 20,00 hrs";"No tiene";"01/01/2025";"31/12/2025";"No informa";"REMUNERACION JUN.2025+PAGO TRIMESTRAL LEY 19.490 Y 19.937 PERIODO 06/2025";
"2025";"Junio";"Técnico";"VILCHE CIFUENTES, JULIO ESTEBAN";"ATENCION CLINICA";"22";"TECNICO NIVEL SUPERIOR ENFERMERIA";"Región Metropolitana de Santiago";"(01)";"$ 733.285";"$ 601.378";"$ 0";"$ 5.692";"Sí";"No tiene";"$ 77.096 : 66,00 hrs";"No tiene";"23/05/2025";"21/06/2025";"No informa";"REEMPLAZO MAY.2025 (23-31)+REEMPLAZO JUN.2025 (01-21)+PAGO BONO MENSUAL+PAGO TRIMESTRAL LEY 19.490 PERIODO 06/2025";
"2025";"Junio";"Profesional";"VILLA CASTRO, BRUNELA PAZ";"Atencion Clinica";"15";"FONOAUDIOLOGO (A)";"Región Metropolitana de Santiago";"(01)";"$ 1.462.453";"$ 1.182.210";"$ 0";"$ 0";"No";"No tiene";"No tiene";"No tiene";"01/02/2025";"31/07/2025";"No informa";"Sin observaciones";
"2025";"Junio";"Profesional";"VILLA RIQUELME, ANDRES ALFONSO";"JEFE DE DEPARTAMENTO";"6";"ADMINISTRADOR (A) PUBLICO";"Región Metropolitana de Santiago";"(186)";"$ 3.362.543";"$ 3.872.787";"$ 0";"$ 464.001";"No";"No tiene";"No tiene";"No tiene";"01/01/2025";"31/12/2025";"No informa";"REMUNERACION JUN.2025+PAGO TRIMESTRAL LEY 19.490 Y 19.937 PERIODO 06/2025";
"2025";"Junio";"Auxiliar";"VILLABLANCA QUEZADA, ALICIA AURORA";"Chofer";"19";"AUXILIAR";"Región Metropolitana de Santiago";"(205)(186)";"$ 1.194.552";"$ 937.593";"$ 0";"$ 165.349";"Sí";"$ 67.224 : 16,00 hrs";"$ 141.171 : 28,00 hrs";"No tiene";"01/01/2025";"31/12/2025";"No informa";"Sin observaciones";
"2025";"Junio";"Administrativo";"VILLAGRA MESA, INES MAGDALENA";"Apoyo Administrativo";"21";"ADMINISTRATIVO";"Región Metropolitana de Santiago";"(01)";"$ 764.744";"$ 578.885";"$ 0";"$ 126.975";"No";"No tiene";"No tiene";"No tiene";"01/01/2025";"31/12/2025";"No informa";"Sin observaciones";
"2025";"Junio";"Administrativo";"VILLAGRA SANDOVAL, FRANCISCO JAVIER";"APOYO LOGISTICO";"22";"INGENIERO (A) EN COMPUTACION E INFORMATICA";"Región Metropolitana de Santiago";"(01)";"$ 861.914";"$ 700.391";"$ 0";"$ 0";"No";"No tiene";"No tiene";"No tiene";"01/01/2025";"31/10/2025";"No informa";"REMUNERACION JUN.2025";
"2025";"Junio";"Administrativo";"VILLAGRA VILLAGRA, MARITZA DEL CARMEN";"Apoyo Administrativo";"21";"ADMINISTRATIVO";"Región Metropolitana de Santiago";"(186)";"$ 1.001.698";"$ 814.682";"$ 0";"$ 126.975";"Sí";"$ 144.678 : 40,00 hrs";"$ 86.806 : 20,00 hrs";"No tiene";"01/01/2025";"31/12/2025";"No informa";"Sin observaciones";
"2025";"Junio";"Profesional";"VILLAGRAN BARRAZA, CAROLINA ANDREA";"Atencion Clinica";"15";"ENFERMERA (O)";"Región Metropolitana de Santiago";"(186)";"$ 1.626.100";"$ 1.246.562";"$ 0";"$ 154.543";"No";"No tiene";"No tiene";"No tiene";"01/01/2025";"31/12/2025";"No informa";"Sin observaciones";
"2025";"Junio";"Profesional";"VILLALBA PEDREROS, SILVIA PAOLA";"Apoyo Administrativo";"10";"ASISTENTE SOCIAL";"Región Metropolitana de Santiago";"(186)";"$ 2.685.755";"$ 1.989.739";"$ 0";"$ 325.737";"No";"No tiene";"No tiene";"No tiene";"01/01/2025";"31/12/2025";"No informa";"Sin observaciones";
"2025";"Junio";"Auxiliar";"VILLALOBOS BRAVO, ENOC FRANCISCO";"Atencion Clinica";"23";"AUXILIAR";"Región Metropolitana de Santiago";"(01)";"$ 955.902";"$ 813.276";"$ 0";"$ 0";"Sí";"No tiene";"$ 358.282 : 161,00 hrs";"No tiene";"19/03/2025";"19/08/2025";"No informa";"Sin observaciones";
"2025";"Junio";"Médicos cirujanos, farmacéuticos, químico-farmacéuticos, bioquímicos, cirujano-dentistas";"VILLALOBOS DE CALDERA, IRAIS JOSEFINA";"Atencion Clinica Medica";"44 Hrs.";"MEDICO CIRUJANO";"Región Metropolitana de Santiago";"(01)";"$ 1.890.570";"$ 1.533.024";"$ 0";"$ 0";"No";"No tiene";"No tiene";"No tiene";"01/01/2025";"31/12/2025";"No informa";"Sin observaciones";
"2025";"Junio";"Profesional";"VILLALOBOS MATAMALA, ORIANA LISSETTE";"Apoyo Administrativo";"11";"TECNOLOGO (A) MEDICO";"Región Metropolitana de Santiago";"(186)";"$ 2.509.718";"$ 1.877.795";"$ 0";"$ 298.902";"No";"No tiene";"No tiene";"No tiene";"01/01/2025";"31/12/2025";"No informa";"Sin observaciones";
"2025";"Junio";"Profesional";"VILLANE YAÑEZ, BEATRIZ CONSTANZA";"Jefe de Unidad";"6";"PSICOLOGO (A)";"Región Metropolitana de Santiago";"(186)";"$ 3.328.621";"$ 2.617.991";"$ 0";"$ 964.768";"No";"No tiene";"No tiene";"No tiene";"01/01/2025";"31/12/2025";"No informa";"REMUNERACION JUNIO 2025+PAGO LEY 19490-19937 CUOTA JUNIO";
"2025";"Junio";"Profesional";"VILLANUEVA ESPINOSA, CYNTHIA JOSELYN";"Apoyo Administrativo";"12";"ENFERMERA (O)";"Región Metropolitana de Santiago";"(186)";"$ 2.027.704";"$ 1.628.764";"$ 0";"$ 279.398";"No";"No tiene";"No tiene";"No tiene";"01/01/2025";"31/12/2025";"No informa";"REMUNERACION JUNIO 2025+PAGO LEY 19490-19937 CUOTA JUNIO";
"2025";"Junio";"Profesional";"VILLARROEL GONZALEZ, CATALINA XIMENA";"Apoyo Administrativo";"6";"ENFERMERA (O)";"Región Metropolitana de Santiago";"(186)";"$ 3.810.452";"$ 2.936.687";"$ 0";"$ 496.677";"No";"No tiene";"No tiene";"No tiene";"01/01/2025";"31/12/2025";"No informa";"Sin observaciones";
"2025";"Junio";"Profesional";"VILLARROEL LERZUNDI, CIRO EUGENIO";"Apoyo Administrativo";"10";"ING. EN PREVENCION DE RIESGO";"Región Metropolitana de Santiago";"(186)";"$ 2.408.270";"$ 1.924.426";"$ 0";"$ 448.627";"No";"No tiene";"No tiene";"No tiene";"01/01/2025";"31/12/2025";"No informa";"REMUNERACION JUNIO 2025+PAGO LEY 19490-19937 CUOTA JUNIO";
"2025";"Junio";"Profesional";"VILLARROEL SAN MARTIN, QUIDORA SOLEDAD";"Apoyo Administrativo";"15";"ASISTENTE SOCIAL";"Región Metropolitana de Santiago";"(186)";"$ 1.626.100";"$ 1.243.207";"$ 0";"$ 154.543";"No";"No tiene";"No tiene";"No tiene";"01/01/2025";"31/12/2025";"No informa";"Sin observaciones";
"2025";"Junio";"Profesional";"VILLARROEL VALDIVIA, MARIA ANGELICA";"ENFERMERA (O)";"5";"ENFERMERA (O)";"Región Metropolitana de Santiago";"(186)";"$ 3.495.388";"$ 2.755.949";"$ 0";"$ 721.713";"No";"No tiene";"No tiene";"No tiene";"01/01/2025";"30/06/2025";"No informa";"REMUNERACION JUNIO 2025+PAGO LEY 19490-19937 CUOTA JUNIO";
"2025";"Junio";"Profesional";"VILLEGAS MOLINA, MAIRA VALESKA";"Apoyo Administrativo";"12";"INGENIERO (A) EJECUCION ADMINISTRACION DE EMPRESAS";"Región Metropolitana de Santiago";"(186)";"$ 2.017.065";"$ 1.620.462";"$ 0";"$ 306.944";"No";"No tiene";"No tiene";"No tiene";"01/01/2025";"31/12/2025";"No informa";"REMUNERACION JUNIO 2025+PAGO LEY 19490-19937 CUOTA JUNIO+BONO ESCOLAR CUOTA JUNIO 2025";
"2025";"Junio";"Auxiliar";"VINET MORALES, JOSE MIGUEL";"Chofer";"19";"AUXILIAR";"Región Metropolitana de Santiago";"(01)";"$ 1.590.595";"$ 1.339.729";"$ 0";"$ 134.729";"No";"No tiene";"No tiene";"No tiene";"01/01/2025";"31/12/2025";"No informa";"Sin observaciones";
"2025";"Junio";"Profesional";"VITTINI GONZALEZ, ANDRES ESTEBAN";"Apoyo Administrativo";"8";"INGENIERO (A) EJECUCION ADMINISTRACION";"Región Metropolitana de Santiago";"(01)";"$ 3.423.486";"$ 2.370.190";"$ 0";"$ 653.723";"No";"No tiene";"No tiene";"No tiene";"01/01/2025";"30/06/2025";"No informa";"Sin observaciones";
"2025";"Junio";"Médicos cirujanos, farmacéuticos, químico-farmacéuticos, bioquímicos, cirujano-dentistas";"VIVALLO OÑATE, NATALIA VICTORIA";"MEDICINA FAMILIAR";"22 Hrs.";"MEDICO CIRUJANO";"Región Metropolitana de Santiago";"(188)(186)";"$ 2.426.216";"$ 1.940.778";"$ 0";"$ 0";"No";"No tiene";"No tiene";"No tiene";"01/01/2025";"31/12/2025";"No informa";"Sin observaciones";
"2025";"Junio";"Médicos cirujanos, farmacéuticos, químico-farmacéuticos, bioquímicos, cirujano-dentistas";"VIVANCO CONCHA, FERNANDO ISRAEL";"Medico Becario Primario";"44 Hrs.";"MEDICO CIRUJANO";"Región Metropolitana de Santiago";"(01)";"$ 2.819.587";"$ 2.323.903";"$ 0";"$ 0";"No";"No tiene";"No tiene";"No tiene";"08/05/2024";"07/05/2026";"No informa";"REMUNERACION JUNIO 2025";
"2025";"Junio";"Profesional";"WALTON MUÑOZ, MACARENA PAZ";"Apoyo Administrativo";"13";"ENFERMERA (O)";"Región Metropolitana de Santiago";"(01)";"$ 1.735.528";"$ 1.396.812";"$ 0";"$ 0";"No";"No tiene";"No tiene";"No tiene";"01/02/2025";"31/07/2025";"No informa";"REMUNERACION JUNIO 2025, REEMPLAZO";
"2025";"Junio";"Médicos cirujanos, farmacéuticos, químico-farmacéuticos, bioquímicos, cirujano-dentistas";"WEBER FAUNDEZ, DANIELA";"Atencion Clinica Medica";"44 Hrs.";"MEDICO CIRUJANO";"Región Metropolitana de Santiago";"(86)";"$ 2.948.378";"$ 2.357.776";"$ 0";"$ 0";"No";"No tiene";"No tiene";"No tiene";"01/01/2025";"31/12/2025";"No informa";"Sin observaciones";
"2025";"Junio";"Médicos cirujanos, farmacéuticos, químico-farmacéuticos, bioquímicos, cirujano-dentistas";"WERNER REYES, PATRICIO ANDRES";"Atencion Clinica Medica";"44 Hrs.";"MEDICO CIRUJANO";"Región Metropolitana de Santiago";"(86)(186)";"$ 3.397.946";"$ 2.674.656";"$ 0";"$ 0";"No";"No tiene";"No tiene";"No tiene";"01/01/2025";"31/12/2025";"No informa";"Sin observaciones";
"2025";"Junio";"Profesional";"WEVAR CARRASCO, DENISE PAOLA";"Apoyo Administrativo";"9";"INGENIERO (A) EN ADMINISTRACION";"Región Metropolitana de Santiago";"(186)";"$ 2.838.686";"$ 2.167.657";"$ 0";"$ 274.467";"No";"No tiene";"No tiene";"No tiene";"01/01/2025";"31/12/2025";"No informa";"Sin observaciones";
"2025";"Junio";"Médicos cirujanos, farmacéuticos, químico-farmacéuticos, bioquímicos, cirujano-dentistas";"WITTO ESPINOZA, ROCIO JOSEFINA";"Medico Becario Primario";"44 Hrs.";"MEDICO CIRUJANO";"Región Metropolitana de Santiago";"(01)";"$ 2.819.587";"$ 2.307.550";"$ 0";"$ 0";"No";"No tiene";"No tiene";"No tiene";"06/05/2024";"05/05/2026";"No informa";"REMUNERACION JUNIO 2025";
"2025";"Junio";"Profesional";"YALUL SUAREZ, NICOLAS ALEXANDER";"Atencion Clinica";"12";"FONOAUDIOLOGO (A)";"Región Metropolitana de Santiago";"(01)";"$ 2.291.147";"$ 1.807.250";"$ 0";"$ 199.843";"Sí";"$ 20.580 : 2,00 hrs";"$ 74.087 : 6,00 hrs";"No tiene";"01/01/2025";"31/12/2025";"No informa";"Sin observaciones";
"2025";"Junio";"Técnico";"YAÑEZ AVILA, SILVIA PAULINA";"Atencion Clinica";"22";"TECNICO NIVEL SUPERIOR ENFERMERIA";"Región Metropolitana de Santiago";"(186)";"$ 794.819";"$ 613.798";"$ 0";"$ 117.688";"No";"No tiene";"No tiene";"No tiene";"01/01/2025";"31/12/2025";"No informa";"Sin observaciones";
"2025";"Junio";"Profesional";"YAÑEZ D?JABER, CAMILO ESTEBAN";"Atencion Clinica";"12";"ENFERMERA (O)";"Región Metropolitana de Santiago";"(01)";"$ 2.424.915";"$ 1.899.366";"$ 0";"$ 199.843";"Sí";"$ 154.348 : 15,00 hrs";"$ 74.087 : 6,00 hrs";"No tiene";"01/01/2025";"30/06/2025";"No informa";"Sin observaciones";
"2025";"Junio";"Profesional";"YAÑEZ HERRERA, NICOLE ALEXANDRA";"Atencion Clinica";"15";"TERAPEUTA OCUPACIONAL";"Región Metropolitana de Santiago";"(220)(186)";"$ 1.805.271";"$ 1.403.835";"$ 0";"$ 154.543";"Sí";"$ 16.012 : 2,00 hrs";"No tiene";"No tiene";"01/01/2025";"31/12/2025";"No informa";"Sin observaciones";
"2025";"Junio";"Profesional";"YAÑEZ MUÑOZ, GISELLE TAMARA";"JEFE DE DEPARTAMENTO";"5";"KINESIOLOGO (A)";"Región Metropolitana de Santiago";"(01)";"$ 3.711.873";"$ 4.505.605";"$ 0";"$ 620.016";"No";"No tiene";"No tiene";"No tiene";"01/01/2025";"31/12/2025";"No informa";"REMUNERACION JUN.2025 + BONO ENF. Y OTROS PROF+PAGO TRIMESTRAL LEY 19.490 Y 19.937 PERIODO 06/2025";
"2025";"Junio";"Profesional";"YAÑEZ PAVEZ, JOSE LUIS";"Atencion Clinica";"15";"PSICOLOGO (A)";"Región Metropolitana de Santiago";"(186)";"$ 927.972";"$ 713.801";"$ 0";"$ 145.454";"No";"No tiene";"No tiene";"No tiene";"01/01/2025";"31/12/2025";"No informa";"Sin observaciones";
"2025";"Junio";"Técnico";"YAÑEZ ROBERTS, CRISTHOPHER ANDRES";"ATENCION CLINICA";"22";"TECNICO NIVEL SUPERIOR ENFERMERIA";"Región Metropolitana de Santiago";"(203)(204)";"$ 1.138.262";"$ 1.086.007";"$ 0";"$ 131.609";"Sí";"$ 23.262 : 7,00 hrs";"$ 251.226 : 63,00 hrs";"No tiene";"01/01/2025";"31/12/2025";"No informa";"REMUNERACION JUN.2025+PAGO TRIMESTRAL LEY 19.490 Y 19.937 PERIODO 06/2025";
"2025";"Junio";"Técnico";"YAÑEZ YAÑEZ, ANDRES";"ATENCION CLINICA";"22";"TECNICO NIVEL SUPERIOR ENFERMERIA";"Región Metropolitana de Santiago";"(202)(204)(186)";"$ 1.024.559";"$ 968.660";"$ 0";"$ 131.609";"No";"No tiene";"No tiene";"No tiene";"01/01/2025";"31/12/2025";"No informa";"REMUNERACION JUN.2025+PAGO TRIMESTRAL LEY 19.490 Y 19.937 PERIODO 06/2025";
"2025";"Junio";"Médicos cirujanos, farmacéuticos, químico-farmacéuticos, bioquímicos, cirujano-dentistas";"YON OYARCE, CONSTANZA ANDREA";"Atencion Clinica Medica";"44 Hrs.";"MEDICO CIRUJANO";"Región Metropolitana de Santiago";"(86)(186)";"$ 3.397.946";"$ 2.674.656";"$ 0";"$ 0";"No";"No tiene";"No tiene";"No tiene";"01/01/2025";"31/12/2025";"No informa";"Sin observaciones";
"2025";"Junio";"Técnico";"YOUNG CHI ESPINOZA, CLAUDIO ALEJANDRO";"ATENCION CLINICA";"22";"TECNICO NIVEL SUPERIOR ENFERMERIA";"Región Metropolitana de Santiago";"(202)(204)(186)";"$ 1.424.198";"$ 1.312.742";"$ 0";"$ 111.361";"Sí";"$ 134.107 : 40,00 hrs";"$ 265.532 : 66,00 hrs";"No tiene";"01/01/2025";"31/12/2025";"No informa";"REMUNERACION JUN.2025+PAGO TRIMESTRAL LEY 19.937 PERIODO 06/2025";
"2025";"Junio";"Médicos cirujanos, farmacéuticos, químico-farmacéuticos, bioquímicos, cirujano-dentistas";"YSAMBERTT TUDARES, JOSE EMMANUEL";"Atencion Clinica Medica";"22 Hrs.";"MEDICO CIRUJANO";"Región Metropolitana de Santiago";"(188)";"$ 1.051.066";"$ 834.129";"$ 0";"$ 0";"No";"No tiene";"No tiene";"No tiene";"01/01/2025";"31/07/2025";"No informa";"Sin observaciones";
"2025";"Junio";"Médicos cirujanos, farmacéuticos, químico-farmacéuticos, bioquímicos, cirujano-dentistas";"YSAMBERTT TUDARES, JOSE EMMANUEL";"Atencion Clinica Medica";"22 Hrs.";"MEDICO CIRUJANO";"Región Metropolitana de Santiago";"(188)";"$ 1.051.066";"$ 866.288";"$ 0";"$ 0";"No";"No tiene";"No tiene";"No tiene";"01/01/2025";"31/07/2025";"No informa";"Sin observaciones";
"2025";"Junio";"Técnico";"YUSTY PRADA, JOSE DANIEL";"ATENCION CLINICA";"22";"ADMINISTRADOR (A) DE EMPRESAS";"Región Metropolitana de Santiago";"(203)(204)(186)";"$ 1.176.365";"$ 1.472.953";"$ 0";"$ 230.217";"No";"No tiene";"No tiene";"No tiene";"01/01/2025";"31/12/2025";"No informa";"REMUNERACION JUN.2025+PAGO TRIMESTRAL LEY 19.490 Y 19.937 PERIODO 06/2025";
"2025";"Junio";"Profesional";"ZAMBRANO BREVIS, KARINA ESTEFANIA";"Atencion Clinica";"15";"ENFERMERA (O)";"Región Metropolitana de Santiago";"(186)";"$ 1.626.100";"$ 1.280.330";"$ 0";"$ 154.543";"No";"No tiene";"No tiene";"No tiene";"01/01/2025";"31/12/2025";"No informa";"Sin observaciones";
"2025";"Junio";"Médicos cirujanos, farmacéuticos, químico-farmacéuticos, bioquímicos, cirujano-dentistas";"ZAMORA CALDERON, ANDREA MACKARENA";"Quimico Farmaceutico";"22 Hrs.";"QUIMICO FARMACEUTICO";"Región Metropolitana de Santiago";"(86)(186)";"$ 2.227.821";"$ 1.945.703";"$ 0";"$ 0";"No";"No tiene";"No tiene";"No tiene";"01/01/2025";"31/12/2025";"No informa";"Sin observaciones";
"2025";"Junio";"Médicos cirujanos, farmacéuticos, químico-farmacéuticos, bioquímicos, cirujano-dentistas";"ZAMORA CALDERON, ANDREA MACKARENA";"Quimico Farmaceutico";"22 Hrs.";"QUIMICO FARMACEUTICO";"Región Metropolitana de Santiago";"(86)(186)";"$ 2.558.377";"$ 1.978.930";"$ 0";"$ 0";"No";"No tiene";"No tiene";"No tiene";"01/01/2025";"31/12/2025";"No informa";"Sin observaciones";
"2025";"Junio";"Profesional";"ZAMORA REYES, NATALIA PAZ";"Atencion Clinica";"15";"PSICOLOGO (A)";"Región Metropolitana de Santiago";"(01)";"$ 1.462.453";"$ 1.194.284";"$ 0";"$ 0";"No";"No tiene";"No tiene";"No tiene";"01/01/2025";"31/12/2025";"No informa";"Sin observaciones";
"2025";"Junio";"Profesional";"ZAMORANO HERRERA, ESTEBAN BENJAMIN";"Jefe de Unidad";"5";"ASISTENTE SOCIAL";"Región Metropolitana de Santiago";"(186)";"$ 3.459.428";"$ 2.722.865";"$ 0";"$ 948.132";"No";"No tiene";"No tiene";"No tiene";"01/01/2025";"31/12/2025";"No informa";"REMUNERACION JUNIO 2025+PAGO LEY 19490-19937 CUOTA JUNIO";
"2025";"Junio";"Técnico";"ZAMORANO LUCERO, NATALIA ANDREA";"Atencion Clinica";"20";"TECNICO DE ODONTOLOGIA";"Región Metropolitana de Santiago";"(01)";"$ 1.203.618";"$ 890.614";"$ 0";"$ 237.809";"No";"No tiene";"No tiene";"No tiene";"01/01/2025";"31/12/2025";"No informa";"Sin observaciones";
"2025";"Junio";"Profesional";"ZAMORANO MIRANDA, MARIA PAULINA";"Apoyo Administrativo";"12";"KINESIOLOGO (A)";"Región Metropolitana de Santiago";"(01)";"$ 1.906.087";"$ 1.546.041";"$ 0";"$ 0";"No";"No tiene";"No tiene";"No tiene";"01/01/2025";"30/06/2025";"No informa";"Sin observaciones";
"2025";"Junio";"Auxiliar";"ZAMUDIO PULGAR, JOSE MANUEL";"Chofer";"19";"AUXILIAR";"Región Metropolitana de Santiago";"(205)(186)";"$ 1.911.373";"$ 1.615.619";"$ 0";"$ 183.721";"Sí";"$ 133.289 : 32,00 hrs";"$ 779.743 : 156,00 hrs";"No tiene";"01/01/2025";"31/12/2025";"No informa";"Sin observaciones";
"2025";"Junio";"Administrativo";"ZANETTI TORRES, ROMMY STELLA";"Apoyo Administrativo";"15";"ADMINISTRATIVO";"Región Metropolitana de Santiago";"(186)";"$ 1.018.526";"$ 849.622";"$ 0";"$ 226.316";"Sí";"$ 94.041 : 18,00 hrs";"No tiene";"No tiene";"01/01/2025";"31/12/2025";"No informa";"REMUNERACION JUNIO 2025+PAGO LEY 19490-19937 CUOTA JUNIO";
"2025";"Junio";"Profesional";"ZAPATA NEIRA, FABIAN MARCELO";"Atencion Clinica";"9";"ASISTENTE SOCIAL";"Región Metropolitana de Santiago";"(01)";"$ 2.583.937";"$ 2.306.041";"$ 0";"$ 274.467";"No";"No tiene";"No tiene";"No tiene";"01/01/2025";"31/12/2025";"No informa";"Sin observaciones";
"2025";"Junio";"Profesional";"ZAPATA SEPULVEDA, MELISSA ANDREA";"Atencion Clinica";"15";"ENFERMERA (O)";"Región Metropolitana de Santiago";"(186)";"$ 1.790.510";"$ 1.353.151";"$ 0";"$ 212.119";"No";"No tiene";"No tiene";"No tiene";"01/01/2025";"31/12/2025";"No informa";"Sin observaciones";
"2025";"Junio";"Médicos cirujanos, farmacéuticos, químico-farmacéuticos, bioquímicos, cirujano-dentistas";"ZAPATA VASQUEZ, FERNANDO ANTONIO";"MEDICO CIRUJANO CON ESPECIALIDAD EN MEDICINA DE URGENCIA";"28 Hrs.";"MEDICO CIRUJANO CON ESPECIALIDAD EN MEDICINA DE URGENCIA";"Región Metropolitana de Santiago";"(194)(193)(198)(186)";"$ 4.120.263";"$ 2.855.027";"$ 0";"$ 184.018";"No";"No tiene";"No tiene";"No tiene";"01/01/2025";"31/12/2025";"No informa";"REMUNERACION JUN.2025+PAGO TRIMESTRAL LEY 20.707 PERIODO 06/2025";
"2025";"Junio";"Profesional";"ZARA CHINETTI, FADUA DAMISA";"Atencion Clinica";"9";"PSICOLOGO (A)";"Región Metropolitana de Santiago";"(186)";"$ 2.914.887";"$ 2.196.334";"$ 0";"$ 386.287";"No";"No tiene";"No tiene";"No tiene";"01/01/2025";"31/12/2025";"No informa";"Sin observaciones";
"2025";"Junio";"Profesional";"ZARATE CASTRO, DIEGO IGNACIO";"Apoyo Administrativo";"13";"NUTRICIONISTA";"Región Metropolitana de Santiago";"(186)";"$ 2.040.610";"$ 1.594.590";"$ 0";"$ 194.850";"No";"No tiene";"No tiene";"No tiene";"01/01/2025";"31/12/2025";"No informa";"Sin observaciones";
"2025";"Junio";"Técnico";"ZENTENO MURUA, CAMILA MILENKA DE LOURDES";"Atencion Clinica";"22";"TECNICO NIVEL SUPERIOR ENFERMERIA";"Región Metropolitana de Santiago";"(202)(186)";"$ 1.117.949";"$ 863.229";"$ 0";"$ 131.608";"No";"No tiene";"No tiene";"No tiene";"01/01/2025";"31/12/2025";"No informa";"Sin observaciones";
"2025";"Junio";"Técnico";"ZEVALLOS PAVEZ, ANA LUISA";"Atencion Clinica";"21";"TECNICO NIVEL SUPERIOR ENFERMERIA";"Región Metropolitana de Santiago";"(186)";"$ 859.086";"$ 666.406";"$ 0";"$ 126.975";"Sí";"$ 57.871 : 16,00 hrs";"No tiene";"No tiene";"01/01/2025";"31/12/2025";"No informa";"Sin observaciones";
"2025";"Junio";"Profesional";"ZULETA ALFARO, ROLANDO ANTONIO";"Apoyo Administrativo";"7";"PROFESOR (A)";"Región Metropolitana de Santiago";"(186)";"$ 3.032.973";"$ 2.397.806";"$ 0";"$ 478.008";"No";"No tiene";"No tiene";"No tiene";"01/01/2025";"31/12/2025";"No informa";"REMUNERACION JUNIO 2025+PAGO LEY 19490-19937 CUOTA JUNIO";
"2025";"Junio";"Médicos cirujanos, farmacéuticos, químico-farmacéuticos, bioquímicos, cirujano-dentistas";"ZUÑIGA ARAYA, CLAUDIA PATRICIA";"Quimico Farmaceutico";"44 Hrs.";"QUIMICO FARMACEUTICO";"Región Metropolitana de Santiago";"(188)(186)";"$ 4.410.032";"$ 3.578.672";"$ 0";"$ 0";"No";"No tiene";"No tiene";"No tiene";"01/01/2025";"31/12/2025";"No informa";"Sin observaciones";
"2025";"Junio";"Técnico";"ZUÑIGA BUSTAMANTE, MAXIMILIANO ENRIQUE";"ATENCION CLINICA";"22";"TECNICO NIVEL SUPERIOR ENFERMERIA";"Región Metropolitana de Santiago";"(01)";"$ 611.673";"$ 556.425";"$ 0";"$ 0";"Sí";"No tiene";"$ 337.627 : 88,00 hrs";"No tiene";"01/05/2025";"24/05/2025";"No informa";"REEMPLAZO MAY.2025 (01-04) (07-08) (10-11) (14) (19) (22-24)";
"2025";"Junio";"Auxiliar";"ZUÑIGA FLORES, MARCELO PAUL";"CONDUCTOR";"21";"TECNICO NIVEL SUPERIOR ENFERMERIA";"Región Metropolitana de Santiago";"(205)(202)(204)";"$ 1.562.051";"$ 1.450.156";"$ 0";"$ 152.917";"Sí";"$ 114.729 : 32,00 hrs";"$ 275.351 : 64,00 hrs";"No tiene";"01/01/2025";"31/12/2025";"No informa";"REMUNERACION JUN.2025+PAGO TRIMESTRAL LEY 19.490 Y 19.937 PERIODO 06/2025";
"2025";"Junio";"Profesional";"ZUÑIGA JARAMILLO, JONATHAN ROLANDO";"Apoyo Administrativo";"13";"PSICOLOGO (A)";"Región Metropolitana de Santiago";"(186)";"$ 1.745.379";"$ 1.408.425";"$ 0";"$ 184.808";"No";"No tiene";"No tiene";"No tiene";"01/01/2025";"31/12/2025";"No informa";"REMUNERACION JUNIO 2025+PAGO LEY 19490-19937 CUOTA JUNIO";
"2025";"Junio";"Técnico";"ZUÑIGA OROZCO, ROMINA JAZMIN";"ATENCION CLINICA";"22";"TECNICO NIVEL SUPERIOR ENFERMERIA";"Región Metropolitana de Santiago";"(202)(204)(186)";"$ 1.024.559";"$ 1.086.560";"$ 0";"$ 117.689";"No";"No tiene";"No tiene";"No tiene";"01/01/2025";"31/12/2025";"No informa";"REMUNERACION JUN.2025+PAGO TRIMESTRAL LEY 19.490 Y 19.937 PERIODO 06/2025";
"2025";"Junio";"Técnico";"ZUÑIGA RIQUELME, CLAUDIO ALBERTO";"ATENCION CLINICA";"22";"AUXILIAR DE ENFERMERIA";"Región Metropolitana de Santiago";"(202)(204)";"$ 1.107.330";"$ 1.002.689";"$ 0";"$ 166.228";"Sí";"$ 3.323 : 1,00 hrs";"$ 87.730 : 22,00 hrs";"No tiene";"01/01/2025";"31/12/2025";"No informa";"REMUNERACION JUN.2025+BONO ESCOLAR CUOTA 06/2025+PAGO TRIMESTRAL LEY 19.490 Y 19.937 PERIODO 06/2025";
"2025";"Junio";"Técnico";"ZUÑIGA TORRES, BARBARA ALEJANDRA";"Atencion Clinica";"21";"TECNICO NIVEL SUPERIOR ENFERMERIA";"Región Metropolitana de Santiago";"(01)";"$ 795.744";"$ 611.303";"$ 0";"$ 126.975";"No";"No tiene";"No tiene";"No tiene";"01/01/2025";"31/12/2025";"No informa";"Sin observaciones";
