"Año";"Mes";"Estamento";"Nombre completo";"Cargo o función";"Grado EUS o jornada";"Calificación profesional o formación";"Región";"Asignaciones especiales del mes (inc. en rem. bruta)";"Remuneración bruta del mes (incluye bonos e incentivos, asig. especiales, horas extras)";"Remuneración líquida del mes";"Rem. adicionales del mes (no inc. en rem. bruta)";"Remuneración Bonos incentivos del mes (inc. en rem. bruta)";"Derecho a horas extraordinarias";"Montos y horas extraordinarias diurnas del mes(inc. en rem. bruta)";"Montos y horas extraordinarias nocturnas del mes(inc. en rem. bruta)";"Montos y horas extraordinarias festivas del mes (inc. en rem. bruta)";"Fecha de inicio dd/mm/aa";"Fecha de término dd/mm/aa";"Viáticos del mes (no inc. en rem. bruta)";"Observaciones";
"2026";"Julio";"Profesional";"ABARCA IBEAS, KRISHNA BELEN";"Atencion Clinica";"15";"ENFERMERA (O)";"Región Metropolitana de Santiago";"(01)";"$ 1.512.586";"$ 1.237.239";"$ 0";-;"No";"No tiene";"No tiene";"No tiene";"01/01/2026";"31/12/2026";"No informa";"Sin observaciones";
"2026";"Julio";"Profesional";"ABARCA MUÑOZ, MARITZA DENISSE";"APOYO ADMINISTRATIVO";"9";"ABOGADO (A)";"Región Metropolitana de Santiago";"(01)";"$ 2.544.278";"$ 1.418.905";"$ 0";"$ 0";"No";"No tiene";"No tiene";"No tiene";"01/01/2026";"31/12/2026";"No informa";"REMUNERACION JUL.2026";
"2026";"Julio";"Auxiliar";"ABARCA ROJAS, MANUEL EDUARDO";"CONDUCTOR";"24";"AUXILIAR";"Región Metropolitana de Santiago";"(205)(203)(204)(186)";"$ 831.264";"$ 644.321";"$ 0";"$ 0";"No";"No tiene";"No tiene";"No tiene";"01/01/2026";"31/12/2026";"No informa";"REMUNERACION JUL.2026";
"2026";"Julio";"Técnico";"ABARCA RUBIO, FERNANDA DANIELA";"ATENCION CLINICA";"22";"TECNICO NIVEL SUPERIOR ENFERMERIA";"Región Metropolitana de Santiago";"(202)(204)(186)";"$ 1.100.746";"$ 527.066";"$ 0";"$ 0";"No";"No tiene";"No tiene";"No tiene";"01/01/2026";"31/12/2026";"No informa";"REMUNERACION JUL.2026";
"2026";"Julio";"Técnico";"ABARCA SPRING, DANIELA ALEJANDRA";"Atencion Clinica";"21";"TECNICO NIVEL SUPERIOR ENFERMERIA";"Región Metropolitana de Santiago";"(186)";"$ 754.510";"$ 621.867";"$ 0";-;"No";"No tiene";"No tiene";"No tiene";"01/01/2026";"31/12/2026";"No informa";"Sin observaciones";
"2026";"Julio";"Técnico";"ABRAMOVICH MELI, MARIA JAEL";"Atencion Clinica";"21";"TECNICO NIVEL SUPERIOR ENFERMERIA";"Región Metropolitana de Santiago";"(186)";"$ 757.369";"$ 618.997";"$ 0";-;"No";"No tiene";"No tiene";"No tiene";"01/01/2026";"31/12/2026";"No informa";"Sin observaciones";
"2026";"Julio";"Técnico";"ABUJATUN GAJARDO, SOLANGE ANDREA";"Atencion Clinica";"21";"TECNICO NIVEL SUPERIOR ENFERMERIA";"Región Metropolitana de Santiago";"(186)";"$ 755.939";"$ 616.543";"$ 0";-;"No";"No tiene";"No tiene";"No tiene";"01/01/2026";"31/12/2026";"No informa";"Sin observaciones";
"2026";"Julio";"Técnico";"ACEVEDO ARMIJO, JERONIMO ANDRES";"ATENCION CLINICA";"21";"TECNICO NIVEL SUPERIOR ENFERMERIA";"Región Metropolitana de Santiago";"(203)(204)(186)";"$ 1.513.978";"$ 1.088.438";"$ 0";"$ 0";"Sí";"$ 96.592 : 25,00 hrs";"$ 394.094 : 85,00 hrs";"No tiene";"01/01/2026";"31/12/2026";"No informa";"REMUNERACION JUL.2026";
"2026";"Julio";"Técnico";"ACEVEDO FRIAS, ANA DE LAS MERCEDES";"Atencion Clinica";"20";"TECNICO NIVEL SUPERIOR ENFERMERIA";"Región Metropolitana de Santiago";"(186)(186)";"$ 767.886";"$ 620.875";"$ 0";-;"No";"No tiene";"No tiene";"No tiene";"01/01/2026";"31/12/2026";"No informa";"Sin observaciones";
"2026";"Julio";"Administrativo";"ACEVEDO QUEVEDO, CAMILA FERNANDA";"Apoyo Administrativo";"19";"ADMINISTRATIVO";"Región Metropolitana de Santiago";"(186)";"$ 1.076.395";"$ 888.456";"$ 0";-;"No";"No tiene";"No tiene";"No tiene";"01/01/2026";"31/12/2026";"No informa";"Sin observaciones";
"2026";"Julio";"Técnico";"ACEVEDO VALENZUELA, CLAUDIO ALEJANDRO";"Apoyo Administrativo";"18";"TECNICO NIVEL SUPERIOR EN INFORMATICA";"Región Metropolitana de Santiago";"(186)";"$ 778.449";"$ 642.532";"$ 0";-;"No";"No tiene";"No tiene";"No tiene";"01/01/2026";"31/12/2026";"No informa";"Sin observaciones";
"2026";"Julio";"Auxiliar";"ACOSTA LARA, JOHANS EDUARDO";"CONDUCTOR";"24";"AUXILIAR";"Región Metropolitana de Santiago";"(205)(202)(204)(186)";"$ 975.308";"$ 626.066";"$ 0";"$ 0";"No";"No tiene";"No tiene";"No tiene";"01/01/2026";"27/11/2026";"No informa";"REMUNERACION JUL.2026";
"2026";"Julio";"Médicos cirujanos, farmacéuticos, químico-farmacéuticos, bioquímicos, cirujano-dentistas";"ACOSTA SALAS, MANUEL CHRISTIAN";"Medico Becario Primario";"44 Hrs.";"MEDICO CIRUJANO";"Región Metropolitana de Santiago";"(01)";"$ 2.916.243";"$ 2.407.067";"$ 0";-;"No";"No tiene";"No tiene";"No tiene";"07/04/2025";"06/04/2027";"No informa";"Sin observaciones";
"2026";"Julio";"Técnico";"ACUÑA ARAVENA, LORENA MABEL";"Atencion Clinica";"22";"TECNICO NIVEL SUPERIOR ODONTOLOGIA";"Región Metropolitana de Santiago";"(186)";"$ 755.088";"$ 615.775";"$ 0";-;"No";"No tiene";"No tiene";"No tiene";"01/01/2026";"31/12/2026";"No informa";"Sin observaciones";
"2026";"Julio";"Profesional";"ACUÑA CHAVEZ, JAVIERA BELEN";"Atencion Clinica";"15";"PSICOLOGO (A)";"Región Metropolitana de Santiago";"(01)";"$ 1.628.546";"$ 1.338.396";"$ 0";-;"Sí";"$ 115.960 : 14,00 hrs";"No tiene";"No tiene";"01/01/2026";"31/12/2026";"No informa";"Sin observaciones";
"2026";"Julio";"Profesional";"ACUÑA MARCOS, ALEJANDRA ANDREA";"Atencion Clinica";"15";"KINESIOLOGO (A)";"Región Metropolitana de Santiago";"(186)";"$ 1.746.330";"$ 1.448.340";"$ 0";-;"Sí";"$ 225.010 : 27,00 hrs";"No tiene";"No tiene";"01/01/2026";"31/12/2026";"No informa";"Sin observaciones";
"2026";"Julio";"Administrativo";"ACUÑA MENA, CAROLINA ESTER";"APOYO ADMINISTRATIVO";"22";"ADMINISTRATIVO";"Región Metropolitana de Santiago";"(203)(204)(186)";"$ 1.232.313";"$ 902.774";"$ 0";"$ 0";"Sí";"$ 140.823 : 40,00 hrs";"$ 211.234 : 50,00 hrs";"No tiene";"01/01/2026";"31/12/2026";"No informa";"CANCELA DIFERENCIAS DE ASIGNACIÓN FAMILIAR.+REMUNERACION JUL.2026";
"2026";"Julio";"Auxiliar";"ACUÑA MUÑOZ, JORGE SEGUNDO";"CONDUCTOR";"22";"AUXILIAR";"Región Metropolitana de Santiago";"(205)(202)(204)";"$ 1.453.128";"$ 1.207.622";"$ 0";"$ 0";"Sí";"$ 138.360 : 40,00 hrs";"$ 215.842 : 52,00 hrs";"No tiene";"01/01/2026";"31/12/2026";"No informa";"CANCELA DIFERENCIAS DE ASIGNACIÓN FAMILIAR.+REMUNERACION JUL.2026";
"2026";"Julio";"Auxiliar";"ACUÑA NAVARRO, LUIS FERNANDO";"CONDUCTOR";"24";"AUXILIAR";"Región Metropolitana de Santiago";"(205)(202)(204)(186)";"$ 975.308";"$ 748.875";"$ 0";"$ 0";"No";"No tiene";"No tiene";"No tiene";"01/01/2026";"31/12/2026";"No informa";"REMUNERACION JUL.2026";
"2026";"Julio";"Médicos cirujanos, farmacéuticos, químico-farmacéuticos, bioquímicos, cirujano-dentistas";"ACUÑA PLUA, RODRIGO JAIME";"Atencion Clinica Medica";"44 Hrs.";"MEDICO CIRUJANO";"Región Metropolitana de Santiago";"(188)(186)";"$ 4.635.849";"$ 3.745.047";"$ 0";-;"No";"No tiene";"No tiene";"No tiene";"01/01/2026";"31/12/2026";"No informa";"Sin observaciones";
"2026";"Julio";"Técnico";"ACUÑA SANTIBAÑEZ, YESSENIA ESTEFANIA";"Atencion Clinica";"21";"TECNICO NIVEL SUPERIOR ENFERMERIA";"Región Metropolitana de Santiago";"(186)";"$ 755.939";"$ 623.045";"$ 0";-;"No";"No tiene";"No tiene";"No tiene";"01/01/2026";"31/12/2026";"No informa";"Sin observaciones";
"2026";"Julio";"Profesional";"ACUÑA VENEGAS, YANARA BELEN";"Atencion Clinica";"16";"MATRON (A)";"Región Metropolitana de Santiago";"(186)";"$ 1.396.805";"$ 1.143.912";"$ 0";-;"No";"No tiene";"No tiene";"No tiene";"01/01/2026";"30/09/2026";"No informa";"Sin observaciones";
"2026";"Julio";"Profesional";"ADRIAZOLA CHAVEZ, SERGIO FERNANDO";"Apoyo Administrativo";"9";"CONTADOR (A) PUBLICO (A) AUDITOR";"Región Metropolitana de Santiago";"(186)";"$ 2.664.773";"$ 2.123.942";"$ 0";-;"No";"No tiene";"No tiene";"No tiene";"01/01/2026";"31/12/2026";"No informa";"Sin observaciones";
"2026";"Julio";"Auxiliar";"AEDO CACERES, CRISTIAN EDUARDO";"CONDUCTOR";"24";"AUXILIAR";"Región Metropolitana de Santiago";"(205)(202)(204)(186)";"$ 952.868";"$ 710.052";"$ 0";"$ 0";"No";"No tiene";"No tiene";"No tiene";"01/01/2026";"31/12/2026";"No informa";"REMUNERACION JUL.2026";
"2026";"Julio";"Administrativo";"AGUAYO MARQUEZ, NINOSKA ANDREA";"Apoyo Administrativo";"21";"ADMINISTRATIVO";"Región Metropolitana de Santiago";"(01)";"$ 931.712";"$ 767.917";"$ 0";-;"No";"No tiene";"No tiene";"No tiene";"16/02/2026";"31/08/2026";"No informa";"Sin observaciones";
"2026";"Julio";"Profesional";"AGUAYO POBLETE, MARIA JOSE";"Atencion Clinica";"16";"EDUCADOR (A) DE PARVULOS";"Región Metropolitana de Santiago";"(01)";"$ 1.388.719";"$ 1.139.089";"$ 0";-;"No";"No tiene";"No tiene";"No tiene";"01/01/2026";"30/09/2026";"No informa";"Sin observaciones";
"2026";"Julio";"Administrativo";"AGUERO HINOJOSA, MARIA";"Apoyo Administrativo";"12";"ADMINISTRADOR (A) PUBLICO";"Región Metropolitana de Santiago";"(01)";"$ 1.944.130";"$ 1.518.056";"$ 0";-;"No";"No tiene";"No tiene";"No tiene";"01/01/2026";"31/12/2026";"No informa";"Sin observaciones";
"2026";"Julio";"Profesional";"AGUILERA BENITEZ, KARIN ALEXANDRA";"Atencion Clinica";"15";"ENFERMERA (O)";"Región Metropolitana de Santiago";"(01)";"$ 1.512.586";"$ 1.227.074";"$ 0";-;"No";"No tiene";"No tiene";"No tiene";"01/07/2026";"30/09/2026";"No informa";"Sin observaciones";
"2026";"Julio";"Técnico";"AGUILERA CUEVAS, CAROLINA ANDREA";"Atencion Clinica";"21";"TECNICO NIVEL SUPERIOR ENFERMERIA";"Región Metropolitana de Santiago";"(186)";"$ 753.080";"$ 614.213";"$ 0";-;"No";"No tiene";"No tiene";"No tiene";"01/01/2026";"31/12/2026";"No informa";"Sin observaciones";
"2026";"Julio";"Profesional";"AGUILERA GALLARDO, VALENTINA ANDREA";"Atencion Clinica";"16";"ENFERMERA (O)";"Región Metropolitana de Santiago";"(01)";"$ 1.157.266";"$ 953.818";"$ 0";-;"No";"No tiene";"No tiene";"No tiene";"01/07/2026";"25/07/2026";"No informa";"CONTRATO POR REEMPLAZO";
"2026";"Julio";"Profesional";"AGUILERA MOYA, MARCELA VALERIA";"Apoyo Administrativo";"5";"PERIODISTA";"Región Metropolitana de Santiago";"(186)";"$ 3.615.211";"$ 2.866.111";"$ 0";-;"No";"No tiene";"No tiene";"No tiene";"01/01/2026";"31/12/2026";"No informa";"Sin observaciones";
"2026";"Julio";"Profesional";"AGUILERA PEREZ, YASNNA DAMARIS";"Apoyo Administrativo";"7";"MATRON (A)";"Región Metropolitana de Santiago";"(186)";"$ 3.181.208";"$ 2.539.635";"$ 0";-;"No";"No tiene";"No tiene";"No tiene";"01/01/2026";"31/12/2026";"No informa";"Sin observaciones";
"2026";"Julio";"Profesional";"AGUILERA SILVA, VICTOR GONZALO";"ATENCION CLINICA";"9";"ENFERMERO (A) MATRON (A)";"Región Metropolitana de Santiago";"(203)(204)(186)";"$ 3.500.772";"$ 1.995.166";"$ 0";"$ 0";"No";"No tiene";"No tiene";"No tiene";"01/01/2026";"31/12/2026";"No informa";"REMUNERACION JUL.2026";
"2026";"Julio";"Auxiliar";"AGUIRRE ACUÑA, DIEGO IGNACIO";"CONDUCTOR";"22";"AUXILIAR";"Región Metropolitana de Santiago";"(205)(202)(204)";"$ 1.373.802";"$ 899.498";"$ 0";"$ 0";"Sí";"$ 96.852 : 28,00 hrs";"$ 182.636 : 44,00 hrs";"No tiene";"01/01/2026";"31/12/2026";"No informa";"REMUNERACION JUL.2026";
"2026";"Julio";"Médicos cirujanos, farmacéuticos, químico-farmacéuticos, bioquímicos, cirujano-dentistas";"AGUIRRE ARAYA, VALENTINA BELEN";"Medico Becario Primario";"44 Hrs.";"MEDICO CIRUJANO";"Región Metropolitana de Santiago";"(01)";"$ 2.916.243";"$ 2.407.067";"$ 0";-;"No";"No tiene";"No tiene";"No tiene";"06/04/2026";"05/04/2027";"No informa";"Sin observaciones";
"2026";"Julio";"Médicos cirujanos, farmacéuticos, químico-farmacéuticos, bioquímicos, cirujano-dentistas";"AGUIRRE GONZALEZ, PEDRO PABLO";"Medico Becario Primario";"44 Hrs.";"MEDICO CIRUJANO";"Región Metropolitana de Santiago";"(01)";"$ 2.916.243";"$ 2.403.568";"$ 0";-;"No";"No tiene";"No tiene";"No tiene";"06/05/2025";"05/05/2027";"No informa";"Sin observaciones";
"2026";"Julio";"Técnico";"AGUIRRE ORTIZ, TIARE ABIGAIL";"Atencion Clinica";"21";"TECNICO NIVEL SUPERIOR ODONTOLOGIA";"Región Metropolitana de Santiago";"(186)";"$ 753.080";"$ 620.689";"$ 0";-;"No";"No tiene";"No tiene";"No tiene";"01/01/2026";"31/12/2026";"No informa";"Sin observaciones";
"2026";"Julio";"Médicos cirujanos, farmacéuticos, químico-farmacéuticos, bioquímicos, cirujano-dentistas";"ALAMO MISLEH, SOFIA JULIETA";"Medico Becario Primario";"44 Hrs.";"MEDICO CIRUJANO";"Región Metropolitana de Santiago";"(01)";"$ 2.916.243";"$ 2.407.067";"$ 0";-;"No";"No tiene";"No tiene";"No tiene";"07/04/2025";"06/04/2027";"No informa";"Sin observaciones";
"2026";"Julio";"Profesional";"ALANIZ MARTINEZ, MARCO ALFONSO";"Atencion Clinica";"15";"MATRON (A)";"Región Metropolitana de Santiago";"(186)";"$ 1.521.320";"$ 1.232.330";"$ 0";-;"No";"No tiene";"No tiene";"No tiene";"01/01/2026";"31/12/2026";"No informa";"Sin observaciones";
"2026";"Julio";"Médicos cirujanos, farmacéuticos, químico-farmacéuticos, bioquímicos, cirujano-dentistas";"ALARCON BUSTAMANTE, ROSA MARIA";"Atencion Odontologica";"44 Hrs.";"CIRUJANO DENTISTA";"Región Metropolitana de Santiago";"(86)(186)";"$ 6.728.257";"$ 5.456.976";"$ 0";-;"No";"No tiene";"No tiene";"No tiene";"01/01/2026";"31/12/2026";"No informa";"Sin observaciones";
"2026";"Julio";"Médicos cirujanos, farmacéuticos, químico-farmacéuticos, bioquímicos, cirujano-dentistas";"ALARCON GONZALEZ, MARION IVETTE";"Quimico Farmaceutico";"22 Hrs.";"QUIMICO FARMACEUTICO";"Región Metropolitana de Santiago";"(188)(186)";"$ 2.235.872";"$ 1.896.758";"$ 0";-;"No";"No tiene";"No tiene";"No tiene";"01/01/2026";"31/12/2026";"No informa";"Sin observaciones";
"2026";"Julio";"Médicos cirujanos, farmacéuticos, químico-farmacéuticos, bioquímicos, cirujano-dentistas";"ALARCON GONZALEZ, MARION IVETTE";"Quimico Farmaceutico";"22 Hrs.";"QUIMICO FARMACEUTICO";"Región Metropolitana de Santiago";"(188)(186)";"$ 2.235.872";"$ 1.713.087";"$ 0";-;"No";"No tiene";"No tiene";"No tiene";"01/01/2026";"31/12/2026";"No informa";"Sin observaciones";
"2026";"Julio";"Técnico";"ALARCON GUERRERO, LAURA ALEJANDRA";"Atencion Clinica";"20";"TECNICO NIVEL SUPERIOR RECURSOS HUMANOS";"Región Metropolitana de Santiago";"(186)";"$ 1.013.234";"$ 649.856";"$ 0";-;"No";"No tiene";"No tiene";"No tiene";"01/01/2026";"31/12/2026";"No informa";"Sin observaciones";
"2026";"Julio";"Técnico";"ALARCON JARA, VIVIANA DEL CARMEN";"Atencion Clinica";"21";"TECNICO NIVEL SUPERIOR ENFERMERIA";"Región Metropolitana de Santiago";"(01)";"$ 848.681";"$ 716.541";"$ 0";-;"Sí";"$ 74.638 : 20,00 hrs";"$ 22.392 : 5,00 hrs";"No tiene";"01/01/2026";"30/09/2026";"No informa";"Sin observaciones";
"2026";"Julio";"Administrativo";"ALARCON MOLINA, PAMELA DENISSE";"Apoyo Administrativo";"16";"ADMINISTRATIVO";"Región Metropolitana de Santiago";"(186)";"$ 1.020.777";"$ 864.663";"$ 0";-;"Sí";"$ 72.937 : 15,00 hrs";"$ 93.359 : 16,00 hrs";"No tiene";"01/01/2026";"31/12/2026";"No informa";"Sin observaciones";
"2026";"Julio";"Profesional";"ALARCON SAN MARTIN, ALEXANDRA DEL PILAR";"Atencion Clinica";"14";"TERAPEUTA OCUPACIONAL";"Región Metropolitana de Santiago";"(186)";"$ 2.061.120";"$ 1.710.573";"$ 0";-;"Sí";"$ 137.210 : 15,00 hrs";"$ 164.651 : 15,00 hrs";"No tiene";"01/01/2026";"31/12/2026";"No informa";"Sin observaciones";
"2026";"Julio";"Profesional";"ALAYO VILLENA, MEIBY MIRELLA AIME";"Atencion Clinica";"16";"MATRON (A)";"Región Metropolitana de Santiago";"(01)";"$ 1.388.719";"$ 1.139.089";"$ 0";-;"No";"No tiene";"No tiene";"No tiene";"01/01/2026";"31/12/2026";"No informa";"Sin observaciones";
"2026";"Julio";"Profesional";"ALBA ALVARADO, JUAN ALFONSO";"Apoyo Administrativo";"6";"ABOGADO (A)";"Región Metropolitana de Santiago";"(186)";"$ 3.460.268";"$ 2.731.210";"$ 0";-;"No";"No tiene";"No tiene";"No tiene";"01/01/2026";"31/12/2026";"No informa";"Sin observaciones";
"2026";"Julio";"Técnico";"ALBANEZ ARTEAGA, GLORIA ODETTE";"Atencion Clinica";"21";"TECNICO NIVEL SUPERIOR RECURSOS HUMANOS";"Región Metropolitana de Santiago";"(186)";"$ 757.369";"$ 624.224";"$ 0";-;"No";"No tiene";"No tiene";"No tiene";"01/01/2026";"31/12/2026";"No informa";"Sin observaciones";
"2026";"Julio";"Profesional";"ALBORNOZ ALBORNOZ, LESLEY JIMENA";"Apoyo Administrativo";"10";"TRABAJADOR (A) SOCIAL";"Región Metropolitana de Santiago";"(186)";"$ 2.477.991";"$ 1.984.187";"$ 0";-;"No";"No tiene";"No tiene";"No tiene";"01/01/2026";"31/12/2026";"No informa";"Sin observaciones";
"2026";"Julio";"Médicos cirujanos, farmacéuticos, químico-farmacéuticos, bioquímicos, cirujano-dentistas";"ALBORNOZ ARRIAGADA, GUSTAVO FELIPE";"Atencion Clinica Medica";"44 Hrs.";"MEDICO CIRUJANO";"Región Metropolitana de Santiago";"(186)(86)(186)";"$ 3.651.186";"$ 2.755.216";"$ 0";-;"No";"No tiene";"No tiene";"No tiene";"01/01/2026";"31/12/2026";"No informa";"Sin observaciones";
"2026";"Julio";"Profesional";"ALBORNOZ MARIQUEO, DIEGO JAVIER";"Atencion Clinica";"15";"KINESIOLOGO (A)";"Región Metropolitana de Santiago";"(186)(186)";"$ 1.907.903";"$ 1.579.986";"$ 0";-;"Sí";"$ 134.153 : 16,00 hrs";"$ 150.921 : 15,00 hrs";"No tiene";"01/01/2026";"31/12/2026";"No informa";"Sin observaciones";
"2026";"Julio";"Médicos cirujanos, farmacéuticos, químico-farmacéuticos, bioquímicos, cirujano-dentistas";"ALCALDE MONTALVAN, NICOLAS RENE";"Atencion Clinica Medica";"44 Hrs.";"MEDICO CIRUJANO";"Región Metropolitana de Santiago";"(86)";"$ 3.049.448";"$ 2.421.435";"$ 0";-;"No";"No tiene";"No tiene";"No tiene";"01/01/2026";"31/12/2026";"No informa";"Sin observaciones";
"2026";"Julio";"Médicos cirujanos, farmacéuticos, químico-farmacéuticos, bioquímicos, cirujano-dentistas";"ALCAPAN ESCOBAR, AYLEN ANDREA";"Atencion Clinica Medica";"44 Hrs.";"MEDICO CIRUJANO";"Región Metropolitana de Santiago";"(86)";"$ 3.049.448";"$ 2.440.323";"$ 0";-;"No";"No tiene";"No tiene";"No tiene";"06/04/2026";"31/12/2026";"No informa";"Sin observaciones";
"2026";"Julio";"Auxiliar";"ALCHAO ZUÑIGA, MIGUEL ALEJANDRO";"Apoyo Logistico";"17";"PROFESOR (A)";"Región Metropolitana de Santiago";"(186)";"$ 1.697.200";"$ 1.445.648";"$ 0";-;"Sí";"$ 268.403 : 40,00 hrs";"$ 161.042 : 20,00 hrs";"No tiene";"01/01/2026";"31/12/2026";"No informa";"Sin observaciones";
"2026";"Julio";"Profesional";"ALDONEY ARANGUA, JAVIER";"Apoyo Administrativo";"7";"ADMINISTRADOR (A) PUBLICO";"Región Metropolitana de Santiago";"(186)";"$ 3.213.547";"$ 2.561.386";"$ 0";-;"No";"No tiene";"No tiene";"No tiene";"01/01/2026";"31/12/2026";"No informa";"Sin observaciones";
"2026";"Julio";"Administrativo";"ALFARO BAEZA, IGNACIA ANDREA";"Apoyo Administrativo";"22";"ADMINISTRATIVO";"Región Metropolitana de Santiago";"(186)";"$ 814.665";"$ 684.540";"$ 0";-;"Sí";"$ 71.027 : 20,00 hrs";"$ 38.355 : 9,00 hrs";"No tiene";"01/01/2026";"31/12/2026";"No informa";"Sin observaciones";
"2026";"Julio";"Auxiliar";"ALFARO MEDEL, LUIS GONZALO";"CONDUCTOR";"22";"AUXILIAR";"Región Metropolitana de Santiago";"(205)(202)(204)(186)";"$ 1.107.492";"$ 861.288";"$ 0";"$ 0";"No";"No tiene";"No tiene";"No tiene";"01/01/2026";"31/12/2026";"No informa";"CANCELA DIFERENCIAS DE ASIGNACIÓN FAMILIAR.+REMUNERACION JUL.2026";
"2026";"Julio";"Administrativo";"ALFARO SEVERINO, FREYA PAMELA";"Apoyo Administrativo";"21";"ADMINISTRATIVO";"Región Metropolitana de Santiago";"(186)(186)";"$ 727.635";"$ 588.262";"$ 0";-;"No";"No tiene";"No tiene";"No tiene";"01/01/2026";"31/12/2026";"No informa";"Sin observaciones";
"2026";"Julio";"Técnico";"ALFARO ZAPATA, CAROLINA RUMALLY";"ATENCION CLINICA";"22";"TECNICO NIVEL MEDIO ENFERMERIA";"Región Metropolitana de Santiago";"(202)(204)(186)";"$ 1.096.794";"$ 679.258";"$ 0";"$ 0";"No";"No tiene";"No tiene";"No tiene";"01/01/2026";"31/12/2026";"No informa";"CANCELA DIFERENCIAS DE ASIGNACIÓN FAMILIAR.+REMUNERACION JUL.2026";
"2026";"Julio";"Auxiliar";"ALIAGA ARAUCO, MIGUEL ALEJANDRO";"Apoyo Administrativo";"22";"AUXILIAR";"Región Metropolitana de Santiago";"(01)";"$ 630.153";"$ 498.193";"$ 0";-;"No";"No tiene";"No tiene";"No tiene";"25/06/2026";"25/09/2026";"No informa";"Sin observaciones";
"2026";"Julio";"Administrativo";"ALIAGA BOTELLO, ALFREDO IGNACIO";"Apoyo Administrativo";"16";"ADMINISTRATIVO";"Región Metropolitana de Santiago";"(186)";"$ 854.481";"$ 704.263";"$ 0";-;"No";"No tiene";"No tiene";"No tiene";"01/01/2026";"31/12/2026";"No informa";"Sin observaciones";
"2026";"Julio";"Médicos cirujanos, farmacéuticos, químico-farmacéuticos, bioquímicos, cirujano-dentistas";"ALJARO EHRENBERG, TRINIDAD ISABEL";"Medico Becario Primario";"44 Hrs.";"MEDICO CIRUJANO";"Región Metropolitana de Santiago";"(01)";"$ 2.916.243";"$ 2.403.568";"$ 0";-;"No";"No tiene";"No tiene";"No tiene";"06/05/2025";"05/05/2027";"No informa";"Sin observaciones";
"2026";"Julio";"Médicos cirujanos, farmacéuticos, químico-farmacéuticos, bioquímicos, cirujano-dentistas";"ALLAUCA AREVALO, RICARDO ARMANDO";"Atencion Clinica Medica";"44 Hrs.";"MEDICO CIRUJANO";"Región Metropolitana de Santiago";"(188)(186)";"$ 5.223.911";"$ 4.253.721";"$ 0";-;"No";"No tiene";"No tiene";"No tiene";"01/01/2026";"31/07/2026";"No informa";"Sin observaciones";
"2026";"Julio";"Profesional";"ALLEN OLIVOS, VERONICA BARBARA";"Apoyo Administrativo";"5";"INGENIERO (A) COMERCIAL";"Región Metropolitana de Santiago";"(186)";"$ 3.652.196";"$ 2.870.947";"$ 0";-;"No";"No tiene";"No tiene";"No tiene";"01/01/2026";"31/12/2026";"No informa";"Sin observaciones";
"2026";"Julio";"Profesional";"ALMAZABAL SOTO, MARJORIE ISABEL";"Apoyo Administrativo";"6";"MATRON (A)";"Región Metropolitana de Santiago";"(186)";"$ 3.442.726";"$ 2.714.423";"$ 0";-;"No";"No tiene";"No tiene";"No tiene";"01/01/2026";"31/12/2026";"No informa";"Sin observaciones";
"2026";"Julio";"Administrativo";"ALTAMIRA CHACON, OMAR CARLOS";"Apoyo Administrativo";"22";"ADMINISTRATIVO";"Región Metropolitana de Santiago";"(186)";"$ 705.283";"$ 576.428";"$ 0";-;"No";"No tiene";"No tiene";"No tiene";"01/01/2026";"31/12/2026";"No informa";"Sin observaciones";
"2026";"Julio";"Profesional";"ALTAMIRANO BUSTOS, BRISSA BELEN";"Atencion Clinica";"16";"MATRON (A)";"Región Metropolitana de Santiago";"(186)";"$ 1.396.805";"$ 1.132.221";"$ 0";-;"No";"No tiene";"No tiene";"No tiene";"01/01/2026";"30/09/2026";"No informa";"Sin observaciones";
"2026";"Julio";"Profesional";"ALVARADO ARIAS, ANA MARIA";"Apoyo Administrativo";"15";"EDUCADOR (A) DE PARVULOS";"Región Metropolitana de Santiago";"(186)";"$ 1.758.094";"$ 1.437.635";"$ 0";-;"Sí";"$ 126.530 : 15,00 hrs";"No tiene";"No tiene";"01/01/2026";"31/12/2026";"No informa";"Sin observaciones";
"2026";"Julio";"Profesional";"ALVARADO BUSTAMANTE, MARITZA";"Apoyo Administrativo";"13";"INGENIERO (A) ADMINISTRACION DE EMPRESAS";"Región Metropolitana de Santiago";"(186)";"$ 1.928.552";"$ 1.550.318";"$ 0";-;"No";"No tiene";"No tiene";"No tiene";"01/01/2026";"31/12/2026";"No informa";"Sin observaciones";
"2026";"Julio";"Médicos cirujanos, farmacéuticos, químico-farmacéuticos, bioquímicos, cirujano-dentistas";"ALVARADO FIALLO, CLARA GRACIELA";"Atencion Clinica Medica";"11 Hrs.";"MEDICO CIRUJANO";"Región Metropolitana de Santiago";"(01)";"$ 488.846";"$ 402.907";"$ 0";-;"No";"No tiene";"No tiene";"No tiene";"20/05/2026";"20/08/2026";"No informa";"Sin observaciones";
"2026";"Julio";"Técnico";"ALVAREZ DURAN, NAYARETH YESSENIA";"Atencion Clinica";"22";"TECNICO NIVEL SUPERIOR ENFERMERIA";"Región Metropolitana de Santiago";"(01)";"$ 445.608";"$ 314.063";"$ 0";-;"No";"No tiene";"No tiene";"No tiene";"05/06/2026";"20/07/2026";"No informa";"CONTRATO POR REEMPLAZO";
"2026";"Julio";"Auxiliar";"ALVAREZ FIGUEROA, EDUARDO ANDRES";"CONDUCTOR";"22";"AUXILIAR";"Región Metropolitana de Santiago";"(205)(202)(204)";"$ 1.288.710";"$ 813.916";"$ 0";"$ 0";"Sí";"$ 44.967 : 13,00 hrs";"$ 149.429 : 36,00 hrs";"No tiene";"01/01/2026";"31/12/2026";"No informa";"REMUNERACION JUL.2026";
"2026";"Julio";"Profesional";"ALVAREZ FUENTES, JORGE LUIS";"Atencion Clinica";"12";"PSICOLOGO (A)";"Región Metropolitana de Santiago";"(01)";"$ 1.971.427";"$ 1.587.569";"$ 0";-;"No";"No tiene";"No tiene";"No tiene";"01/01/2026";"31/12/2026";"No informa";"Sin observaciones";
"2026";"Julio";"Médicos cirujanos, farmacéuticos, químico-farmacéuticos, bioquímicos, cirujano-dentistas";"ALVAREZ MIRABAL, MARIA SALOME";"Medicina Familiar";"44 Hrs.";"MEDICO CIRUJANO";"Región Metropolitana de Santiago";"(188)(186)";"$ 2.830.562";"$ 2.253.062";"$ 0";-;"No";"No tiene";"No tiene";"No tiene";"01/01/2026";"31/12/2026";"No informa";"Sin observaciones";
"2026";"Julio";"Administrativo";"ALVAREZ QUINTREL, CRISTIAN ALBERTO";"Apoyo Administrativo";"22";"ADMINISTRATIVO";"Región Metropolitana de Santiago";"(186)";"$ 725.249";"$ 597.249";"$ 0";-;"Sí";"$ 24.644 : 7,00 hrs";"No tiene";"No tiene";"01/01/2026";"31/12/2026";"No informa";"Sin observaciones";
"2026";"Julio";"Profesional";"ALVAREZ RIVERA, ROMINA ANDREA";"Apoyo Administrativo";"15";"EDUCADOR (A) DE PARVULOS";"Región Metropolitana de Santiago";"(186)";"$ 1.621.324";"$ 1.328.334";"$ 0";-;"Sí";"$ 100.004 : 12,00 hrs";"No tiene";"No tiene";"01/01/2026";"31/12/2026";"No informa";"Sin observaciones";
"2026";"Julio";"Técnico";"ALVAREZ VILCHES, ALLISON ALEJANDRA";"Atencion Clinica";"22";"TECNICO NIVEL SUPERIOR ENFERMERIA";"Región Metropolitana de Santiago";"(186)";"$ 753.752";"$ 616.870";"$ 0";-;"No";"No tiene";"No tiene";"No tiene";"01/01/2026";"31/12/2026";"No informa";"Sin observaciones";
"2026";"Julio";"Médicos cirujanos, farmacéuticos, químico-farmacéuticos, bioquímicos, cirujano-dentistas";"ALVEAL BAHAMONDEZ, MARCO ANTONIO";"Medico Becario Primario";"44 Hrs.";"MEDICO CIRUJANO";"Región Metropolitana de Santiago";"(01)";"$ 2.916.243";"$ 2.407.067";"$ 0";-;"No";"No tiene";"No tiene";"No tiene";"06/05/2025";"05/05/2027";"No informa";"Sin observaciones";
"2026";"Julio";"Auxiliar";"ALVEAR COFRE, HORACIO RODRIGO";"Apoyo Administrativo";"22";"TECNICO NIVEL SUPERIOR ENFERMERIA";"Región Metropolitana de Santiago";"(186)";"$ 681.114";"$ 555.517";"$ 0";-;"No";"No tiene";"No tiene";"No tiene";"01/01/2026";"31/12/2026";"No informa";"Sin observaciones";
"2026";"Julio";"Médicos cirujanos, farmacéuticos, químico-farmacéuticos, bioquímicos, cirujano-dentistas";"ALVIÑA CERDA, CATALINA DEL PILAR";"Medico Becario Primario";"44 Hrs.";"MEDICO CIRUJANO";"Región Metropolitana de Santiago";"(01)";"$ 2.916.243";"$ 2.403.568";"$ 0";-;"No";"No tiene";"No tiene";"No tiene";"06/05/2025";"05/05/2027";"No informa";"Sin observaciones";
"2026";"Julio";"Técnico";"ALZAMORA PARRA, LUZ PATRICIA";"Atencion Clinica";"21";"TECNICO NIVEL SUPERIOR ENFERMERIA";"Región Metropolitana de Santiago";"(01)";"$ 751.650";"$ 612.970";"$ 0";-;"No";"No tiene";"No tiene";"No tiene";"01/01/2026";"31/12/2026";"No informa";"Sin observaciones";
"2026";"Julio";"Administrativo";"AMESTICA MATTA, JUAN ERNESTO";"Apoyo Administrativo";"13";"ADMINISTRATIVO";"Región Metropolitana de Santiago";"(186)";"$ 1.027.520";"$ 841.898";"$ 0";-;"Sí";"$ 11.527 : 2,00 hrs";"No tiene";"No tiene";"01/01/2026";"31/12/2026";"No informa";"Sin observaciones";
"2026";"Julio";"Profesional";"AMIGO UGALDE, CAROLINA ANDREA";"ENFERMERA (O)";"8";"ENFERMERA (O)";"Región Metropolitana de Santiago";"(186)";"$ 2.936.687";"$ 2.332.359";"$ 0";-;"No";"No tiene";"No tiene";"No tiene";"01/01/2026";"31/12/2026";"No informa";"Sin observaciones";
"2026";"Julio";"Profesional";"ANCAPAN CASTILLO, CAMILA GORETTI";"Atencion Clinica";"15";"ENFERMERA (O)";"Región Metropolitana de Santiago";"(01)";"$ 1.512.586";"$ 1.235.497";"$ 0";-;"No";"No tiene";"No tiene";"No tiene";"01/01/2026";"31/12/2026";"No informa";"Sin observaciones";
"2026";"Julio";"Técnico";"ANCAVIL VIDAL, DANIEL ANTONIO";"ATENCION CLINICA";"22";"TECNICO NIVEL SUPERIOR ENFERMERIA";"Región Metropolitana de Santiago";"(202)(204)(186)";"$ 1.500.318";"$ 688.401";"$ 0";"$ 0";"Sí";"$ 3.551 : 1,00 hrs";"$ 396.021 : 94,00 hrs";"No tiene";"01/01/2026";"31/12/2026";"No informa";"REMUNERACION JUL.2026+REGULARIZA PAGO HHEE MES(ES) ANTERIOR(ES)";
"2026";"Julio";"Administrativo";"ANDAUR MOREIRA, KASSANDRA LORENA";"Apoyo Administrativo";"21";"ADMINISTRATIVO";"Región Metropolitana de Santiago";"(186)";"$ 746.459";"$ 619.415";"$ 0";-;"Sí";"$ 18.824 : 5,00 hrs";"No tiene";"No tiene";"01/01/2026";"31/12/2026";"No informa";"Sin observaciones";
"2026";"Julio";"Médicos cirujanos, farmacéuticos, químico-farmacéuticos, bioquímicos, cirujano-dentistas";"ANDRADE GONZALEZ, ALEJANDRA REBECA";"Atencion Odontologica";"33 Hrs.";"CIRUJANO DENTISTA";"Región Metropolitana de Santiago";"(86)(186)";"$ 4.082.044";"$ 3.262.268";"$ 0";-;"No";"No tiene";"No tiene";"No tiene";"01/01/2026";"31/12/2026";"No informa";"Sin observaciones";
"2026";"Julio";"Profesional";"ANTILAO BARRIOS, GABRIELA JAZMIN";"Apoyo Administrativo";"11";"CONTADOR (A) AUDITOR (A)";"Región Metropolitana de Santiago";"(186)";"$ 2.754.481";"$ 2.295.585";"$ 0";-;"Sí";"$ 223.074 : 19,00 hrs";"$ 281.778 : 20,00 hrs";"No tiene";"01/01/2026";"31/12/2026";"No informa";"Sin observaciones";
"2026";"Julio";"Técnico";"ANTIMAN COÑUELEF, BARBARA ANDREA";"Atencion Clinica";"20";"TECNICO NIVEL SUPERIOR ENFERMERIA";"Región Metropolitana de Santiago";"(186)";"$ 761.830";"$ 627.900";"$ 0";-;"No";"No tiene";"No tiene";"No tiene";"01/01/2026";"31/12/2026";"No informa";"Sin observaciones";
"2026";"Julio";"Técnico";"ANTIPAN CASTILLO, FABIAN MANUEL";"Atencion Clinica";"22";"TECNICO NIVEL SUPERIOR ENFERMERIA";"Región Metropolitana de Santiago";"(186)";"$ 903.535";"$ 770.790";"$ 0";-;"Sí";"$ 110.091 : 31,00 hrs";"$ 38.355 : 9,00 hrs";"No tiene";"01/01/2026";"31/12/2026";"No informa";"Sin observaciones";
"2026";"Julio";"Profesional";"ANTONELLI GONZALEZ, MARIA FERNANDA";"Atencion Clinica";"15";"PSICOLOGO (A)";"Región Metropolitana de Santiago";"(186)";"$ 1.640.298";"$ 1.336.546";"$ 0";-;"No";"No tiene";"No tiene";"No tiene";"01/01/2026";"31/12/2026";"No informa";"Sin observaciones";
"2026";"Julio";"Médicos cirujanos, farmacéuticos, químico-farmacéuticos, bioquímicos, cirujano-dentistas";"APARICIO LEON, NAOMI SCARLETT KATHARINA";"Atencion Clinica Medica";"44 Hrs.";"MEDICO CIRUJANO";"Región Metropolitana de Santiago";"(86)";"$ 3.049.448";"$ 2.440.323";"$ 0";-;"No";"No tiene";"No tiene";"No tiene";"06/04/2026";"31/12/2026";"No informa";"Sin observaciones";
"2026";"Julio";"Profesional";"ARANCIBIA ALCAINO, MIRIAM LUZ";"Apoyo Administrativo";"6";"ASISTENTE SOCIAL";"Región Metropolitana de Santiago";"(186)";"$ 3.512.896";"$ 2.761.490";"$ 0";-;"No";"No tiene";"No tiene";"No tiene";"01/01/2026";"31/12/2026";"No informa";"Sin observaciones";
"2026";"Julio";"Profesional";"ARANCIBIA CAMPOS, VANIA MONTSERRAT";"JEFE DE DEPARTAMENTO";"9";"INGENIERO (A) EJECUCION ADMINISTRACION DE RECURSOS HUMANOS";"Región Metropolitana de Santiago";"(186)";"$ 2.650.913";"$ 2.007.448";"$ 0";"$ 0";"No";"No tiene";"No tiene";"No tiene";"01/01/2026";"31/12/2026";"No informa";"REMUNERACION JUL.2026";
"2026";"Julio";"Técnico";"ARANCIBIA CISTERNAS, MARCELA VIRGINIA";"Apoyo Administrativo";"21";"TECNICO NIVEL SUPERIOR DE PARVULO";"Región Metropolitana de Santiago";"(01)";"$ 761.170";"$ 632.605";"$ 0";-;"Sí";"$ 29.855 : 8,00 hrs";"No tiene";"No tiene";"01/01/2026";"31/12/2026";"No informa";"Sin observaciones";
"2026";"Julio";"Médicos cirujanos, farmacéuticos, químico-farmacéuticos, bioquímicos, cirujano-dentistas";"ARANCIBIA CONTRERAS, KARINA PATRICIA";"Atencion Clinica Medica";"44 Hrs.";"MEDICO CIRUJANO";"Región Metropolitana de Santiago";"(86)";"$ 3.049.448";"$ 2.436.956";"$ 0";-;"No";"No tiene";"No tiene";"No tiene";"01/01/2026";"31/12/2026";"No informa";"Sin observaciones";
"2026";"Julio";"Técnico";"ARANCIBIA GONZALEZ, STEPHANIE MICHELLE";"Atencion Clinica";"21";"TECNICO NIVEL SUPERIOR ODONTOLOGIA";"Región Metropolitana de Santiago";"(186)";"$ 754.510";"$ 617.490";"$ 0";-;"No";"No tiene";"No tiene";"No tiene";"01/01/2026";"31/12/2026";"No informa";"Sin observaciones";
"2026";"Julio";"Auxiliar";"ARANCIBIA PINO, CRISTIAN DAVID";"CONDUCTOR";"24";"AUXILIAR";"Región Metropolitana de Santiago";"(205)(202)(204)(186)";"$ 1.045.826";"$ 691.148";"$ 0";"$ 0";"Sí";"No tiene";"$ 85.477 : 24,00 hrs";"No tiene";"01/01/2026";"31/12/2026";"No informa";"REMUNERACION JUL.2026";
"2026";"Julio";"Médicos cirujanos, farmacéuticos, químico-farmacéuticos, bioquímicos, cirujano-dentistas";"ARANCIBIA ROMO, MARIA TERESA";"Imagenologia Oral y Maxilofacial";"22 Hrs.";"CIRUJANO DENTISTA";"Región Metropolitana de Santiago";"(188)(86)(186)";"$ 2.823.936";"$ 2.248.386";"$ 0";-;"No";"No tiene";"No tiene";"No tiene";"01/01/2026";"31/12/2026";"No informa";"Sin observaciones";
"2026";"Julio";"Profesional";"ARANCIBIA ULLOA, JESUS EMILIO";"Atencion Clinica";"15";"ENFERMERA (O)";"Región Metropolitana de Santiago";"(186)";"$ 1.784.563";"$ 1.463.745";"$ 0";-;"Sí";"$ 144.265 : 17,00 hrs";"No tiene";"No tiene";"01/01/2026";"31/12/2026";"No informa";"Sin observaciones";
"2026";"Julio";"Auxiliar";"ARANEDA BRAVO, CARLOS";"Chofer";"19";"AUXILIAR";"Región Metropolitana de Santiago";"(186)(205)(186)";"$ 1.232.199";"$ 1.064.431";"$ 0";-;"Sí";"$ 74.348 : 17,00 hrs";"$ 309.634 : 59,00 hrs";"No tiene";"01/01/2026";"31/12/2026";"No informa";"Sin observaciones";
"2026";"Julio";"Médicos cirujanos, farmacéuticos, químico-farmacéuticos, bioquímicos, cirujano-dentistas";"ARANEDA SAAVEDRA, CRISTIAN ALEJANDRO";"Atencion Clinica Medica";"44 Hrs.";"MEDICO CIRUJANO";"Región Metropolitana de Santiago";"(188)(86)(186)";"$ 4.667.495";"$ 3.772.421";"$ 0";-;"No";"No tiene";"No tiene";"No tiene";"01/01/2026";"31/08/2026";"No informa";"Sin observaciones";
"2026";"Julio";"Auxiliar";"ARANGUA AVILEZ, EDUARDO JAVIER";"ATENCION CLINICA";"22";"AUXILIAR";"Región Metropolitana de Santiago";"(205)(202)(204)";"$ 1.473.421";"$ 928.077";"$ 0";"$ 0";"Sí";"$ 96.852 : 28,00 hrs";"$ 282.255 : 68,00 hrs";"No tiene";"01/01/2026";"31/12/2026";"No informa";"REMUNERACION JUL.2026";
"2026";"Julio";"Administrativo";"ARAOS ARAOS, KATHERINNE ANDREA";"APOYO ADMINISTRATIVO";"22";"ADMINISTRATIVO";"Región Metropolitana de Santiago";"(203)(204)";"$ 1.106.220";"$ 933.056";"$ 0";"$ 0";"Sí";"$ 20.754 : 6,00 hrs";"$ 224.144 : 54,00 hrs";"No tiene";"01/01/2026";"31/12/2026";"No informa";"REMUNERACION JUL.2026";
"2026";"Julio";"Técnico";"ARAOS RUZ, TATIANA CAROLINA";"Atencion Clinica";"22";"TECNICO NIVEL SUPERIOR ENFERMERIA";"Región Metropolitana de Santiago";"(01)";"$ 512.450";"$ 422.976";"$ 0";-;"No";"No tiene";"No tiene";"No tiene";"03/07/2026";"25/07/2026";"No informa";"CONTRATO POR REEMPLAZO";
"2026";"Julio";"Administrativo";"ARAUJO GALLARDO, RICARDO ANTONIO";"Apoyo Administrativo";"22";"ADMINISTRATIVO";"Región Metropolitana de Santiago";"(186)";"$ 841.654";"$ 711.529";"$ 0";-;"Sí";"$ 85.233 : 24,00 hrs";"$ 51.139 : 12,00 hrs";"No tiene";"01/01/2026";"31/12/2026";"No informa";"Sin observaciones";
"2026";"Julio";"Técnico";"ARAVENA BOBADILLA, JAVIER JESUS";"ATENCION CLINICA";"22";"TECNICO NIVEL SUPERIOR ENFERMERIA";"Región Metropolitana de Santiago";"(202)(204)(186)";"$ 1.109.310";"$ 827.976";"$ 0";"$ 0";"No";"No tiene";"No tiene";"No tiene";"01/01/2026";"31/12/2026";"No informa";"REMUNERACION JUL.2026";
"2026";"Julio";"Administrativo";"ARAVENA CARRASCO, LILIANA DEL CARMEN";"Apoyo Administrativo";"19";"TECNICO EN SECRETARIADO";"Región Metropolitana de Santiago";"(186)";"$ 824.257";"$ 685.855";"$ 0";-;"Sí";"$ 46.448 : 11,00 hrs";"$ 20.268 : 4,00 hrs";"No tiene";"01/01/2026";"31/12/2026";"No informa";"Sin observaciones";
"2026";"Julio";"Profesional";"ARAVENA CASTILLO, JOSE ERASMO";"Atencion Clinica";"15";"ENFERMERA (O)";"Región Metropolitana de Santiago";"(186)";"$ 1.846.334";"$ 1.544.344";"$ 0";-;"Sí";"$ 325.014 : 39,00 hrs";"No tiene";"No tiene";"01/01/2026";"31/12/2026";"No informa";"Sin observaciones";
"2026";"Julio";"Auxiliar";"ARAVENA CONTRERAS, VIVIANA JOHANNA";"Apoyo Logistico";"24";"AUXILIAR";"Región Metropolitana de Santiago";"(186)";"$ 643.846";"$ 526.216";"$ 0";-;"No";"No tiene";"No tiene";"No tiene";"01/01/2026";"31/12/2026";"No informa";"Sin observaciones";
"2026";"Julio";"Auxiliar";"ARAVENA LARA, LUIS ALBERTO";"CONDUCTOR";"22";"PODOLOGO (A)";"Región Metropolitana de Santiago";"(205)(202)(204)";"$ 1.150.314";"$ 895.858";"$ 0";"$ 0";"No";"No tiene";"No tiene";"No tiene";"01/01/2026";"31/12/2026";"No informa";"REMUNERACION JUL.2026";
"2026";"Julio";"Administrativo";"ARAVENA PINTO, MARGARITA SUSANA";"Apoyo Administrativo";"21";"TECNICO ADMINISTRATIVO EN RECURSOS HUMANOS";"Región Metropolitana de Santiago";"(186)";"$ 876.092";"$ 742.926";"$ 0";-;"Sí";"$ 83.551 : 22,00 hrs";"$ 59.246 : 13,00 hrs";"No tiene";"01/01/2026";"31/12/2026";"No informa";"Sin observaciones";
"2026";"Julio";"Profesional";"ARAVENA PULIDO, GLORIA IGNACIA";"Atencion Clinica";"14";"EDUCADOR (A) DE PARVULOS";"Región Metropolitana de Santiago";"(186)";"$ 1.778.124";"$ 1.447.754";"$ 0";-;"No";"No tiene";"No tiene";"No tiene";"01/01/2026";"31/12/2026";"No informa";"Sin observaciones";
"2026";"Julio";"Técnico";"ARAVENA REINOSO, AUGUSTO ALEJANDRO";"ATENCION CLINICA";"22";"TECNICO NIVEL SUPERIOR ENFERMERIA";"Región Metropolitana de Santiago";"(203)(204)(186)";"$ 956.779";"$ 710.635";"$ 0";"$ 0";"No";"No tiene";"No tiene";"No tiene";"01/01/2026";"31/12/2026";"No informa";"REMUNERACION JUL.2026";
"2026";"Julio";"Técnico";"ARAVENA REYES, PAMELA ADRIANA";"Atencion Clinica";"21";"TECNICO NIVEL SUPERIOR ENFERMERIA";"Región Metropolitana de Santiago";"(186)(186)";"$ 755.939";"$ 619.121";"$ 0";-;"No";"No tiene";"No tiene";"No tiene";"01/01/2026";"31/12/2026";"No informa";"Sin observaciones";
"2026";"Julio";"Profesional";"ARAYA ALARCON, SUGEISY";"Atencion Clinica";"15";"KINESIOLOGO (A)";"Región Metropolitana de Santiago";"(186)";"$ 1.989.223";"$ 1.666.206";"$ 0";-;"Sí";"$ 286.802 : 34,00 hrs";"$ 70.857 : 7,00 hrs";"No tiene";"01/01/2026";"31/12/2026";"No informa";"Sin observaciones";
"2026";"Julio";"Profesional";"ARAYA FLORES, FABIOLA ALEJANDRA";"Apoyo Administrativo";"8";"INGENIERO (A) EN ADMINISTRACION";"Región Metropolitana de Santiago";"(186)";"$ 2.784.029";"$ 2.222.688";"$ 0";-;"No";"No tiene";"No tiene";"No tiene";"01/01/2026";"31/12/2026";"No informa";"Sin observaciones";
"2026";"Julio";"Profesional";"ARAYA FUENTES, MARIA DEL PILAR";"APOYO ADMINISTRATIVO";"12";"INGENIERO (A) PREVENCION DE RIESGOS";"Región Metropolitana de Santiago";"(186)";"$ 1.982.431";"$ 1.517.034";"$ 0";"$ 0";"No";"No tiene";"No tiene";"No tiene";"01/01/2026";"31/12/2026";"No informa";"REMUNERACION JUL.2026";
"2026";"Julio";"Médicos cirujanos, farmacéuticos, químico-farmacéuticos, bioquímicos, cirujano-dentistas";"ARAYA HERRERA, BERNARDITA DEL CARMEN";"Atencion Odontologica";"11 Hrs.";"CIRUJANO DENTISTA";"Región Metropolitana de Santiago";"(188)(186)";"$ 1.261.534";"$ 1.092.068";"$ 0";-;"No";"No tiene";"No tiene";"No tiene";"01/01/2026";"31/12/2026";"No informa";"Sin observaciones";
"2026";"Julio";"Médicos cirujanos, farmacéuticos, químico-farmacéuticos, bioquímicos, cirujano-dentistas";"ARAYA HERRERA, BERNARDITA DEL CARMEN";"Atencion Odontologica";"22 Hrs.";"CIRUJANO DENTISTA";"Región Metropolitana de Santiago";"(188)(186)";"$ 2.523.066";"$ 1.916.124";"$ 0";-;"No";"No tiene";"No tiene";"No tiene";"01/01/2026";"31/12/2026";"No informa";"Sin observaciones";
"2026";"Julio";"Médicos cirujanos, farmacéuticos, químico-farmacéuticos, bioquímicos, cirujano-dentistas";"ARAYA HERRERA, BERNARDITA DEL CARMEN";"Atencion Odontologica";"11 Hrs.";"CIRUJANO DENTISTA";"Región Metropolitana de Santiago";"(188)(186)";"$ 1.261.534";"$ 1.092.068";"$ 0";-;"No";"No tiene";"No tiene";"No tiene";"01/01/2026";"30/09/2026";"No informa";"Sin observaciones";
"2026";"Julio";"Médicos cirujanos, farmacéuticos, químico-farmacéuticos, bioquímicos, cirujano-dentistas";"ARAYA HORTA, KARIN ALEJANDRA";"Atencion Clinica Medica";"44 Hrs.";"MEDICO CIRUJANO";"Región Metropolitana de Santiago";"(86)";"$ 3.049.448";"$ 1.760.491";"$ 0";-;"No";"No tiene";"No tiene";"No tiene";"01/01/2026";"31/12/2026";"No informa";"Sin observaciones";
"2026";"Julio";"Administrativo";"ARAYA RAMIREZ, MARIA INES";"Apoyo Administrativo";"22";"ADMINISTRATIVO";"Región Metropolitana de Santiago";"(186)";"$ 709.962";"$ 585.151";"$ 0";-;"No";"No tiene";"No tiene";"No tiene";"01/01/2026";"31/12/2026";"No informa";"Sin observaciones";
"2026";"Julio";"Profesional";"ARAYA ROJAS, KATHERINE ISABEL";"Atencion Clinica";"15";"PSICOLOGO (A)";"Región Metropolitana de Santiago";"(186)";"$ 1.521.320";"$ 1.242.408";"$ 0";-;"No";"No tiene";"No tiene";"No tiene";"01/01/2026";"31/12/2026";"No informa";"Sin observaciones";
"2026";"Julio";"Profesional";"ARAYA SALINAS, VALERIA ALEJANDRA";"Atencion Clinica";"15";"ENFERMERA (O)";"Región Metropolitana de Santiago";"(186)";"$ 1.614.094";"$ 1.306.826";"$ 0";-;"No";"No tiene";"No tiene";"No tiene";"01/01/2026";"31/12/2026";"No informa";"Sin observaciones";
"2026";"Julio";"Profesional";"ARAYA SANHUEZA, JONATHAN OMAR";"Director Zonal";"5";"KINESIOLOGO (A)";"Región Metropolitana de Santiago";"(186)";"$ 3.652.196";"$ 2.865.101";"$ 0";-;"No";"No tiene";"No tiene";"No tiene";"01/01/2026";"31/12/2026";"No informa";"Sin observaciones";
"2026";"Julio";"Profesional";"ARAYA VALENZUELA, TATIANA BEATRIZ";"Subdirector";"5";"KINESIOLOGO (A)";"Región Metropolitana de Santiago";"(186)";"$ 3.540.825";"$ 2.810.306";"$ 0";-;"No";"No tiene";"No tiene";"No tiene";"01/01/2026";"31/12/2026";"No informa";"Sin observaciones";
"2026";"Julio";"Profesional";"ARCE GONZALEZ, GUILLERMO ANDRES HAFID";"Atencion Clinica";"13";"ENFERMERA (O)";"Región Metropolitana de Santiago";"(186)";"$ 1.928.552";"$ 1.548.700";"$ 0";-;"No";"No tiene";"No tiene";"No tiene";"01/01/2026";"31/12/2026";"No informa";"Sin observaciones";
"2026";"Julio";"Profesional";"ARCE MUÑOZ, FRANCISCO JAVIER";"Apoyo Administrativo";"9";"PROFESOR (A)";"Región Metropolitana de Santiago";"(186)";"$ 2.734.076";"$ 2.180.464";"$ 0";-;"No";"No tiene";"No tiene";"No tiene";"01/01/2026";"31/12/2026";"No informa";"Sin observaciones";
"2026";"Julio";"Profesional";"ARCOS ELGUETA, VALENTINA DANIELA";"Apoyo Administrativo";"8";"CIRUJANO DENTISTA";"Región Metropolitana de Santiago";"(186)";"$ 2.784.029";"$ 2.235.698";"$ 0";-;"No";"No tiene";"No tiene";"No tiene";"01/01/2026";"31/12/2026";"No informa";"Sin observaciones";
"2026";"Julio";"Administrativo";"ARENAS CASTILLO, JUAN HERNAN";"Apoyo Administrativo";"22";"ADMINISTRATIVO";"Región Metropolitana de Santiago";"(186)";"$ 705.283";"$ 577.203";"$ 0";-;"No";"No tiene";"No tiene";"No tiene";"01/01/2026";"31/12/2026";"No informa";"Sin observaciones";
"2026";"Julio";"Administrativo";"ARENAS NAVEA, NILDA PALOMA";"Apoyo Administrativo";"21";"ADMINISTRATIVO";"Región Metropolitana de Santiago";"(186)";"$ 727.635";"$ 594.697";"$ 0";-;"No";"No tiene";"No tiene";"No tiene";"01/01/2026";"31/12/2026";"No informa";"Sin observaciones";
"2026";"Julio";"Administrativo";"AREVALO MATURANA, MICHELLE MONSERRAT";"APOYO ADMINISTRATIVO";"22";"ADMINISTRATIVO";"Región Metropolitana de Santiago";"(203)(204)";"$ 861.322";"$ 644.832";"$ 0";"$ 0";"No";"No tiene";"No tiene";"No tiene";"01/01/2026";"31/12/2026";"No informa";"REMUNERACION JUL.2026";
"2026";"Julio";"Administrativo";"AREVALO ROSALES, ELSA MIREYA";"Apoyo Administrativo";"19";"ADMINISTRATIVO";"Región Metropolitana de Santiago";"(01)";"$ 956.562";"$ 817.138";"$ 0";-;"Sí";"$ 125.545 : 30,00 hrs";"$ 75.327 : 15,00 hrs";"No tiene";"01/01/2026";"31/12/2026";"No informa";"Sin observaciones";
"2026";"Julio";"Administrativo";"ARIAS PEÑA, FABIOLA ALEJANDRA";"Apoyo Administrativo";"22";"ADMINISTRATIVO";"Región Metropolitana de Santiago";"(186)";"$ 705.283";"$ 576.428";"$ 0";-;"No";"No tiene";"No tiene";"No tiene";"01/01/2026";"31/12/2026";"No informa";"Sin observaciones";
"2026";"Julio";"Profesional";"ARIAS SUAREZ, ALINE FRANCISCA";"Atencion Clinica";"15";"TERAPEUTA OCUPACIONAL";"Región Metropolitana de Santiago";"(01)";"$ 1.512.586";"$ 1.237.239";"$ 0";-;"No";"No tiene";"No tiene";"No tiene";"01/01/2026";"31/12/2026";"No informa";"Sin observaciones";
"2026";"Julio";"Profesional";"ARMAS MAC CLURE, FELIPE CARLOS";"Apoyo Administrativo";"9";"ADMINISTRADOR (A) PUBLICO";"Región Metropolitana de Santiago";"(01)";"$ 2.544.278";"$ 2.055.702";"$ 0";-;"No";"No tiene";"No tiene";"No tiene";"01/01/2026";"31/12/2026";"No informa";"Sin observaciones";
"2026";"Julio";"Técnico";"AROS HERRERA, BEATRIZ ARACELY";"Atencion Clinica";"22";"TECNICO NIVEL SUPERIOR ENFERMERIA";"Región Metropolitana de Santiago";"(186)";"$ 756.424";"$ 616.863";"$ 0";-;"No";"No tiene";"No tiene";"No tiene";"01/01/2026";"31/12/2026";"No informa";"Sin observaciones";
"2026";"Julio";"Profesional";"ARRATIA ZUÑIGA, CLAUDIO MAURICIO";"Jefe de Departamento";"5";"INGENIERO (A) EJECUCION GESTION PUBLICA";"Región Metropolitana de Santiago";"(186)";"$ 3.633.599";"$ 2.856.862";"$ 0";-;"No";"No tiene";"No tiene";"No tiene";"01/01/2026";"31/12/2026";"No informa";"Sin observaciones";
"2026";"Julio";"Administrativo";"ARREDONDO PIÑA, ALDO ALEXIS";"Apoyo Administrativo";"16";"ADMINISTRADOR (A) PUBLICO";"Región Metropolitana de Santiago";"(186)";"$ 1.394.322";"$ 1.136.715";"$ 0";-;"Sí";"$ 14.662 : 2,00 hrs";"No tiene";"No tiene";"01/01/2026";"31/12/2026";"No informa";"Sin observaciones";
"2026";"Julio";"Profesional";"ARRIAGADA CHACON, DANIELA ALEJANDRA";"Atencion Clinica";"15";"ENFERMERA (O)";"Región Metropolitana de Santiago";"(186)";"$ 1.614.094";"$ 1.308.634";"$ 0";-;"No";"No tiene";"No tiene";"No tiene";"01/01/2026";"31/12/2026";"No informa";"Sin observaciones";
"2026";"Julio";"Técnico";"ARRIAGADA MORALES, MARISOL ALEJANDRA";"Atencion Clinica";"22";"TECNICO NIVEL SUPERIOR ODONTOLOGIA";"Región Metropolitana de Santiago";"(186)";"$ 752.415";"$ 614.950";"$ 0";-;"No";"No tiene";"No tiene";"No tiene";"01/01/2026";"30/09/2026";"No informa";"Sin observaciones";
"2026";"Julio";"Auxiliar";"ARRIAGADA SALINAS, RAUL ENRIQUE";"CONDUCTOR";"22";"AUXILIAR";"Región Metropolitana de Santiago";"(205)(202)(204)(186)";"$ 1.384.855";"$ 961.303";"$ 0";"$ 0";"Sí";"$ 97.714 : 28,00 hrs";"$ 184.261 : 44,00 hrs";"No tiene";"01/01/2026";"31/12/2026";"No informa";"REMUNERACION JUL.2026";
"2026";"Julio";"Administrativo";"ARRUE LOPEZ, PAOLA ELIANA";"APOYO ADMINISTRATIVO";"22";"ADMINISTRATIVO";"Región Metropolitana de Santiago";"(01)";"$ 691.247";"$ 555.124";"$ 0";"$ 0";"No";"No tiene";"No tiene";"No tiene";"01/01/2026";"31/07/2026";"No informa";"PAGO BONO MENSUAL+REMUNERACION JUL.2026";
"2026";"Julio";"Administrativo";"ARTIGAS MOLINA, ELSA JACQUELINE";"Apoyo Administrativo";"13";"INGENIERO (A) EJECUCION ADMINISTRACION DE EMPRESAS";"Región Metropolitana de Santiago";"(186)";"$ 1.823.250";"$ 1.468.343";"$ 0";-;"No";"No tiene";"No tiene";"No tiene";"01/01/2026";"31/12/2026";"No informa";"Sin observaciones";
"2026";"Julio";"Administrativo";"ARZUAGA SANCHEZ, FABIOLA DEL CARMEN";"APOYO ADMINISTRATIVO";"22";"ADMINISTRATIVO";"Región Metropolitana de Santiago";"(186)";"$ 799.181";"$ 659.470";"$ 0";"$ 0";"Sí";"$ 98.576 : 28,00 hrs";"No tiene";"No tiene";"01/01/2026";"31/12/2026";"No informa";"PAGO BONO MENSUAL+REMUNERACION JUL.2026";
"2026";"Julio";"Profesional";"ASTORGA QUIROGA, HANS ANDRES";"Atencion Clinica";"12";"ENFERMERA (O)";"Región Metropolitana de Santiago";"(186)";"$ 2.075.205";"$ 1.670.327";"$ 0";-;"No";"No tiene";"No tiene";"No tiene";"01/01/2026";"31/12/2026";"No informa";"Sin observaciones";
"2026";"Julio";"Profesional";"ASTORGA VALDES, DAVID ANDRES";"Apoyo Administrativo";"8";"ASISTENTE SOCIAL";"Región Metropolitana de Santiago";"(186)";"$ 2.843.913";"$ 2.263.265";"$ 0";-;"No";"No tiene";"No tiene";"No tiene";"01/01/2026";"31/12/2026";"No informa";"Sin observaciones";
"2026";"Julio";"Profesional";"ASTUDILLO GUAJARDO, CAROLINA ANTONIETA";"Apoyo Administrativo";"8";"TRABAJADOR (A) SOCIAL";"Región Metropolitana de Santiago";"(186)";"$ 2.906.744";"$ 2.308.337";"$ 0";-;"No";"No tiene";"No tiene";"No tiene";"01/01/2026";"31/12/2026";"No informa";"Sin observaciones";
"2026";"Julio";"Profesional";"ASTUDILLO GUERRA, CATALINA ANDREA";"Apoyo Administrativo";"15";"TRABAJADOR (A) SOCIAL";"Región Metropolitana de Santiago";"(01)";"$ 1.512.586";"$ 1.096.387";"$ 0";-;"No";"No tiene";"No tiene";"No tiene";"15/06/2026";"30/09/2026";"No informa";"Sin observaciones";
"2026";"Julio";"Médicos cirujanos, farmacéuticos, químico-farmacéuticos, bioquímicos, cirujano-dentistas";"ASTUDILLO LOPEZ, VALENTINA DEL PILAR";"Atencion Clinica Medica";"44 Hrs.";"MEDICO CIRUJANO";"Región Metropolitana de Santiago";"(86)(186)";"$ 3.514.428";"$ 2.794.318";"$ 0";-;"No";"No tiene";"No tiene";"No tiene";"01/01/2026";"31/12/2026";"No informa";"Sin observaciones";
"2026";"Julio";"Profesional";"ASTUDILLO MARTINEZ, DANIELA FRANCISCA";"Atencion Clinica";"15";"ENFERMERA (O)";"Región Metropolitana de Santiago";"(186)";"$ 1.640.298";"$ 1.325.681";"$ 0";-;"No";"No tiene";"No tiene";"No tiene";"01/01/2026";"31/12/2026";"No informa";"Sin observaciones";
"2026";"Julio";"Administrativo";"ASTUDILLO MENDOZA, PAULA MACARENA";"APOYO ADMINISTRATIVO";"22";"ADMINISTRATIVO";"Región Metropolitana de Santiago";"(203)(204)(186)";"$ 882.804";"$ 391.152";"$ 0";"$ 0";"No";"No tiene";"No tiene";"No tiene";"01/01/2026";"31/12/2026";"No informa";"REMUNERACION JUL.2026";
"2026";"Julio";"Técnico";"ASTUDILLO MORA, XIMENA CAROLINA";"Atencion Clinica";"20";"TECNICO NIVEL SUPERIOR ENFERMERIA";"Región Metropolitana de Santiago";"(186)";"$ 761.830";"$ 621.272";"$ 0";-;"No";"No tiene";"No tiene";"No tiene";"01/01/2026";"31/12/2026";"No informa";"Sin observaciones";
"2026";"Julio";"Técnico";"ASTUR LA HOZ, SOPHIA ISABELLA";"Atencion Clinica";"22";"TECNICO NIVEL SUPERIOR ODONTOLOGIA";"Región Metropolitana de Santiago";"(01)";"$ 741.448";"$ 611.991";"$ 0";-;"No";"No tiene";"No tiene";"No tiene";"22/01/2026";"11/08/2026";"No informa";"CONTRATO POR REEMPLAZO";
"2026";"Julio";"Médicos cirujanos, farmacéuticos, químico-farmacéuticos, bioquímicos, cirujano-dentistas";"AUBELE LEON, MARIA TRINIDAD";"CIRUGIA GENERAL";"28 Hrs.";"MEDICO CIRUJANO";"Región Metropolitana de Santiago";"(194)(193)(198)";"$ 2.523.335";"$ 1.998.817";"$ 0";"$ 0";"No";"No tiene";"No tiene";"No tiene";"01/01/2026";"31/12/2026";"No informa";"REMUNERACION JUL.2026";
"2026";"Julio";"Profesional";"AVENDAÑO ARROYO, NATALIA VALENTINA";"Atencion Clinica";"15";"PSICOLOGO (A)";"Región Metropolitana de Santiago";"(01)";"$ 1.512.586";"$ 1.235.497";"$ 0";-;"No";"No tiene";"No tiene";"No tiene";"01/01/2026";"31/12/2026";"No informa";"Sin observaciones";
"2026";"Julio";"Médicos cirujanos, farmacéuticos, químico-farmacéuticos, bioquímicos, cirujano-dentistas";"AVILA ALULEMA, BELLITA DE LOURDES";"Medicina Familiar";"22 Hrs.";"MEDICO CIRUJANO";"Región Metropolitana de Santiago";"(188)(86)(186)";"$ 3.514.567";"$ 2.513.013";"$ 0";-;"No";"No tiene";"No tiene";"No tiene";"01/01/2026";"31/12/2026";"No informa";"Sin observaciones";
"2026";"Julio";"Médicos cirujanos, farmacéuticos, químico-farmacéuticos, bioquímicos, cirujano-dentistas";"AVILA ALULEMA, BELLITA DE LOURDES";"Medicina Familiar";"22 Hrs.";"MEDICO CIRUJANO";"Región Metropolitana de Santiago";"(188)(86)(186)";"$ 3.514.567";"$ 3.175.636";"$ 0";-;"No";"No tiene";"No tiene";"No tiene";"01/01/2026";"31/12/2026";"No informa";"Sin observaciones";
"2026";"Julio";"Técnico";"AVILA ARAVENA, ANTONELLA FLORENCIA";"Atencion Clinica";"21";"TECNICO DE NIVEL SUPERIOR EN ENFERMERIA GINECO OBSTETRICA Y NEONATAL";"Región Metropolitana de Santiago";"(01)";"$ 731.315";"$ 603.628";"$ 0";-;"No";"No tiene";"No tiene";"No tiene";"16/01/2026";"31/12/2026";"No informa";"Sin observaciones";
"2026";"Julio";"Médicos cirujanos, farmacéuticos, químico-farmacéuticos, bioquímicos, cirujano-dentistas";"AVILA BELTRAN, DENISSE CAROLINA";"Atencion Clinica Medica";"22 Hrs.";"MEDICO CIRUJANO";"Región Metropolitana de Santiago";"(188)(186)";"$ 2.564.093";"$ 1.948.354";"$ 0";-;"No";"No tiene";"No tiene";"No tiene";"01/01/2026";"31/12/2026";"No informa";"Sin observaciones";
"2026";"Julio";"Médicos cirujanos, farmacéuticos, químico-farmacéuticos, bioquímicos, cirujano-dentistas";"AVILA BELTRAN, DENISSE CAROLINA";"Atencion Clinica Medica";"22 Hrs.";"MEDICO CIRUJANO";"Región Metropolitana de Santiago";"(188)(186)";"$ 2.564.093";"$ 2.228.287";"$ 0";-;"No";"No tiene";"No tiene";"No tiene";"01/01/2026";"31/12/2026";"No informa";"Sin observaciones";
"2026";"Julio";"Técnico";"AVILA PARADA, CHRISNA FERNANDA";"Atencion Clinica";"21";"TECNICO NIVEL SUPERIOR ENFERMERIA";"Región Metropolitana de Santiago";"(186)";"$ 753.080";"$ 616.322";"$ 0";-;"No";"No tiene";"No tiene";"No tiene";"01/01/2026";"31/12/2026";"No informa";"Sin observaciones";
"2026";"Julio";"Profesional";"AVILES PARADA, MARIA FERNANDA";"Atencion Clinica";"12";"ENFERMERA (O)";"Región Metropolitana de Santiago";"(186)";"$ 2.646.268";"$ 2.210.427";"$ 0";-;"Sí";"$ 183.171 : 17,00 hrs";"$ 387.892 : 30,00 hrs";"No tiene";"01/01/2026";"31/12/2026";"No informa";"Sin observaciones";
"2026";"Julio";"Administrativo";"AVILES TORRES, CAROLINA DEL PILAR";"Apoyo Administrativo";"13";"ADMINISTRADOR (A) PUBLICO";"Región Metropolitana de Santiago";"(186)";"$ 1.772.306";"$ 1.429.256";"$ 0";-;"No";"No tiene";"No tiene";"No tiene";"01/01/2026";"31/12/2026";"No informa";"Sin observaciones";
"2026";"Julio";"Profesional";"AYALA LE FORT, MARIA SOFIA";"APOYO ADMINISTRATIVO";"8";"CONTADOR (A) AUDITOR (A)";"Región Metropolitana de Santiago";"(186)";"$ 2.951.657";"$ 2.296.891";"$ 0";"$ 0";"No";"No tiene";"No tiene";"No tiene";"01/01/2026";"31/12/2026";"No informa";"REMUNERACION JUL.2026";
"2026";"Julio";"Profesional";"AYLWIN NAVARRO, JAVIERA";"Atencion Clinica";"15";"PSICOLOGO (A)";"Región Metropolitana de Santiago";"(186)";"$ 1.614.094";"$ 1.302.333";"$ 0";-;"No";"No tiene";"No tiene";"No tiene";"01/01/2026";"31/12/2026";"No informa";"Sin observaciones";
"2026";"Julio";"Médicos cirujanos, farmacéuticos, químico-farmacéuticos, bioquímicos, cirujano-dentistas";"AYORA CASTELLANOS, HECTOR ROLANDO";"Medicina Familiar";"44 Hrs.";"MEDICO CIRUJANO";"Región Metropolitana de Santiago";"(188)(86)(186)";"$ 6.906.043";"$ 5.598.682";"$ 0";-;"No";"No tiene";"No tiene";"No tiene";"01/01/2026";"31/12/2026";"No informa";"Sin observaciones";
"2026";"Julio";"Profesional";"BADILLA GARRIDO, ALEJANDRA CECILIA";"Apoyo Administrativo";"7";"INGENIERO (A) EJECUCION ADMINISTRACION";"Región Metropolitana de Santiago";"(186)";"$ 3.165.038";"$ 2.502.132";"$ 0";-;"No";"No tiene";"No tiene";"No tiene";"01/01/2026";"31/12/2026";"No informa";"Sin observaciones";
"2026";"Julio";"Profesional";"BADILLA LIZANA, JAVIERA ALEJANDRA";"Atencion Clinica";"15";"MATRON (A)";"Región Metropolitana de Santiago";"(01)";"$ 756.294";"$ 623.337";"$ 0";-;"No";"No tiene";"No tiene";"No tiene";"01/01/2026";"31/12/2026";"No informa";"Sin observaciones";
"2026";"Julio";"Profesional";"BADILLO TELLO, MARIA BELEN";"ATENCION CLINICA";"13";"ENFERMERA (O)";"Región Metropolitana de Santiago";"(01)";"$ 4.170.000";"$ 3.384.189";"$ 0";"$ 0";"Sí";"$ 286.025 : 29,00 hrs";"$ 1.191.441 : 176,00 hrs";"No tiene";"16/06/2026";"31/07/2026";"No informa";"REEMPLAZO JUL.2026 (01-31)+REEMPLAZO JUN.2026 (16-30)";
"2026";"Julio";"Técnico";"BAEZ BAEZA, CRISTIAN JAVIER";"ATENCION CLINICA";"22";"TECNICO NIVEL SUPERIOR ENFERMERIA";"Región Metropolitana de Santiago";"(202)(204)(186)";"$ 1.190.470";"$ 818.717";"$ 0";"$ 0";"Sí";"$ 42.616 : 12,00 hrs";"$ 46.878 : 11,00 hrs";"No tiene";"01/01/2026";"31/12/2026";"No informa";"CANCELA DIFERENCIAS DE ASIGNACIÓN FAMILIAR.+REMUNERACION JUL.2026";
"2026";"Julio";"Médicos cirujanos, farmacéuticos, químico-farmacéuticos, bioquímicos, cirujano-dentistas";"BAEZA FIGUEROA, IGNACIO ANDRES";"Atencion Odontologica";"22 Hrs.";"CIRUJANO DENTISTA";"Región Metropolitana de Santiago";"(86)(186)";"$ 1.278.527";"$ 1.002.270";"$ 0";-;"No";"No tiene";"No tiene";"No tiene";"01/01/2026";"31/12/2026";"No informa";"Sin observaciones";
"2026";"Julio";"Médicos cirujanos, farmacéuticos, químico-farmacéuticos, bioquímicos, cirujano-dentistas";"BAEZA FIGUEROA, IGNACIO ANDRES";"Atencion Odontologica";"11 Hrs.";"CIRUJANO DENTISTA";"Región Metropolitana de Santiago";"(186)";"$ 605.091";"$ 494.541";"$ 0";-;"No";"No tiene";"No tiene";"No tiene";"01/02/2026";"30/09/2026";"No informa";"Sin observaciones";
"2026";"Julio";"Médicos cirujanos, farmacéuticos, químico-farmacéuticos, bioquímicos, cirujano-dentistas";"BAEZA FIGUEROA, IGNACIO ANDRES";"Atencion Odontologica";"11 Hrs.";"CIRUJANO DENTISTA";"Región Metropolitana de Santiago";"(186)";"$ 605.091";"$ 494.541";"$ 0";-;"No";"No tiene";"No tiene";"No tiene";"01/01/2026";"30/09/2026";"No informa";"Sin observaciones";
"2026";"Julio";"Profesional";"BAHAMONDES IBAÑEZ, YOCASTA MARIA DE LOURDES";"Atencion Clinica";"16";"ENFERMERA (O)";"Región Metropolitana de Santiago";"(01)";"$ 648.069";"$ 429.332";"$ 0";-;"No";"No tiene";"No tiene";"No tiene";"22/05/2026";"14/07/2026";"No informa";"CONTRATO POR REEMPLAZO";
"2026";"Julio";"Médicos cirujanos, farmacéuticos, químico-farmacéuticos, bioquímicos, cirujano-dentistas";"BAHAMONDES ROJAS, ROLANDO FABIO";"Medico PAO";"44 Hrs.";"MEDICO CIRUJANO";"Región Metropolitana de Santiago";"(188)(86)(186)";"$ 4.198.222";"$ 3.392.487";"$ 0";-;"No";"No tiene";"No tiene";"No tiene";"01/01/2026";"31/12/2026";"No informa";"Sin observaciones";
"2026";"Julio";"Técnico";"BAHAMONDES YAÑEZ, TIHARE PAMELA";"Atencion Clinica";"22";"TECNICO NIVEL SUPERIOR ENFERMERIA";"Región Metropolitana de Santiago";"(01)";"$ 751.079";"$ 613.856";"$ 0";-;"No";"No tiene";"No tiene";"No tiene";"01/01/2026";"30/09/2026";"No informa";"Sin observaciones";
"2026";"Julio";"Profesional";"BALUT LAING, LEYLA ANDREA";"Jefe de Unidad";"8";"INGENIERO (A) EJECUCION GESTION INDUSTRIAL";"Región Metropolitana de Santiago";"(186)";"$ 2.784.029";"$ 2.218.666";"$ 0";-;"No";"No tiene";"No tiene";"No tiene";"01/01/2026";"31/12/2026";"No informa";"Sin observaciones";
"2026";"Julio";"Médicos cirujanos, farmacéuticos, químico-farmacéuticos, bioquímicos, cirujano-dentistas";"BALZA CASTRO, MARIELA JOSEFINA";"Atencion Clinica Medica";"44 Hrs.";"MEDICO CIRUJANO";"Región Metropolitana de Santiago";"(186)";"$ 2.420.358";"$ 1.933.773";"$ 0";-;"No";"No tiene";"No tiene";"No tiene";"01/01/2026";"31/12/2026";"No informa";"Sin observaciones";
"2026";"Julio";"Profesional";"BANDERAS MACIAS, FRANCIAS MARGARITA";"Atencion Clinica";"15";"MATRON (A)";"Región Metropolitana de Santiago";"(186)";"$ 778.131";"$ 636.823";"$ 0";-;"No";"No tiene";"No tiene";"No tiene";"01/01/2026";"31/12/2026";"No informa";"Sin observaciones";
"2026";"Julio";"Médicos cirujanos, farmacéuticos, químico-farmacéuticos, bioquímicos, cirujano-dentistas";"BARAHONA VASQUEZ, PRISCILLA DEL ROSARIO";"QUIMICO FARMACEUTICO";"44 Hrs.";"QUIMICO FARMACEUTICO";"Región Metropolitana de Santiago";"(86)(186)";"$ 5.579.485";"$ 4.454.144";"$ 0";"$ 0";"No";"No tiene";"No tiene";"No tiene";"01/01/2026";"31/12/2026";"No informa";"REMUNERACION JUL.2026";
"2026";"Julio";"Técnico";"BARCHIESI RUIZ, MARIA ALEJANDRA";"Atencion Clinica";"20";"TECNICO NIVEL SUPERIOR ODONTOLOGIA";"Región Metropolitana de Santiago";"(01)";"$ 760.037";"$ 619.811";"$ 0";-;"No";"No tiene";"No tiene";"No tiene";"01/01/2026";"31/12/2026";"No informa";"Sin observaciones";
"2026";"Julio";"Profesional";"BARISTELLI LLANTEN, GINA PATRICIA";"Atencion Clinica";"15";"EDUCADOR (A) DE PARVULOS";"Región Metropolitana de Santiago";"(186)";"$ 1.587.990";"$ 1.296.334";"$ 0";-;"Sí";"$ 66.670 : 8,00 hrs";"No tiene";"No tiene";"01/01/2026";"31/12/2026";"No informa";"Sin observaciones";
"2026";"Julio";"Administrativo";"BARRA MEDINA, MARINA DEL CARMEN";"Apoyo Administrativo";"22";"ADMINISTRATIVO";"Región Metropolitana de Santiago";"(186)";"$ 705.283";"$ 577.203";"$ 0";-;"No";"No tiene";"No tiene";"No tiene";"01/01/2026";"31/12/2026";"No informa";"Sin observaciones";
"2026";"Julio";"Profesional";"BARRA MORA, MARIA GABRIELA";"Apoyo Administrativo";"13";"PROFESIONAL Y TECNICO UNIVERSITARIO";"Región Metropolitana de Santiago";"(01)";"$ 1.887.796";"$ 1.534.967";"$ 0";-;"No";"No tiene";"No tiene";"No tiene";"01/01/2026";"31/12/2026";"No informa";"Sin observaciones";
"2026";"Julio";"Técnico";"BARRA ORELLANA, MARITZA ANDREA";"ATENCION CLINICA";"22";"TECNICO NIVEL SUPERIOR ENFERMERIA";"Región Metropolitana de Santiago";"(202)(204)";"$ 1.359.652";"$ 920.567";"$ 0";"$ 0";"Sí";"$ 96.852 : 28,00 hrs";"$ 182.636 : 44,00 hrs";"No tiene";"01/01/2026";"31/12/2026";"No informa";"CANCELA DIFERENCIAS DE ASIGNACIÓN FAMILIAR.+REMUNERACION JUL.2026";
"2026";"Julio";"Técnico";"BARRAZA SANCHEZ, PAMELA MURIEL";"Atencion Clinica";"20";"TECNICO NIVEL SUPERIOR ENFERMERIA";"Región Metropolitana de Santiago";"(186)";"$ 761.830";"$ 621.272";"$ 0";-;"No";"No tiene";"No tiene";"No tiene";"01/01/2026";"31/12/2026";"No informa";"Sin observaciones";
"2026";"Julio";"Médicos cirujanos, farmacéuticos, químico-farmacéuticos, bioquímicos, cirujano-dentistas";"BARRAZA WILLIAMS, JOSEFA ANDREA";"Atencion Clinica Medica";"44 Hrs.";"MEDICO CIRUJANO";"Región Metropolitana de Santiago";"(86)(186)";"$ 3.651.186";"$ 2.893.371";"$ 0";-;"No";"No tiene";"No tiene";"No tiene";"01/01/2026";"31/12/2026";"No informa";"Sin observaciones";
"2026";"Julio";"Técnico";"BARRERA ALARCON, LORENA DEL CARMEN";"Atencion Clinica";"22";"TECNICO NIVEL SUPERIOR ODONTOLOGIA";"Región Metropolitana de Santiago";"(186)";"$ 752.415";"$ 620.141";"$ 0";-;"No";"No tiene";"No tiene";"No tiene";"01/01/2026";"31/12/2026";"No informa";"Sin observaciones";
"2026";"Julio";"Técnico";"BARRERA BASTIDAS, SANDY STEFANYA DE LOURDES";"Atencion Clinica";"21";"TECNICO NIVEL SUPERIOR ENFERMERIA";"Región Metropolitana de Santiago";"(186)";"$ 753.080";"$ 614.213";"$ 0";-;"No";"No tiene";"No tiene";"No tiene";"01/01/2026";"31/12/2026";"No informa";"Sin observaciones";
"2026";"Julio";"Técnico";"BARRERA MEZA, MARIA ROCIO";"ATENCION CLINICA";"22";"TECNICO NIVEL SUPERIOR ENFERMERIA";"Región Metropolitana de Santiago";"(202)(204)(186)";"$ 1.127.038";"$ 785.692";"$ 0";"$ 0";"No";"No tiene";"No tiene";"No tiene";"01/01/2026";"31/12/2026";"No informa";"CANCELA DIFERENCIAS DE ASIGNACIÓN FAMILIAR.+REMUNERACION JUL.2026";
"2026";"Julio";"Médicos cirujanos, farmacéuticos, químico-farmacéuticos, bioquímicos, cirujano-dentistas";"BARRETO ALTAMIRANO, JULIO ENRIQUE";"DIRECTOR";"22 Hrs.";"MEDICO CIRUJANO CON ESPECIALIDAD EN MEDICINA DE URGENCIA";"Región Metropolitana de Santiago";"(86)(186)";"$ 3.582.946";"$ 3.307.937";"$ 0";"$ 0";"No";"No tiene";"No tiene";"No tiene";"01/01/2026";"31/12/2026";"No informa";"REMUNERACION JUL.2026";
"2026";"Julio";"Profesional";"BARRIA HULE, GLORIA JOCELYNE";"Apoyo Administrativo";"16";"TRABAJADOR (A) SOCIAL";"Región Metropolitana de Santiago";"(01)";"$ 1.388.719";"$ 1.137.489";"$ 0";-;"No";"No tiene";"No tiene";"No tiene";"16/04/2026";"28/09/2026";"No informa";"CONTRATO POR REEMPLAZO";
"2026";"Julio";"Técnico";"BARRIA MARTINEZ, CAMILA FRANCISCA ANDREA";"Atencion Clinica";"21";"TECNICO NIVEL SUPERIOR ENFERMERIA";"Región Metropolitana de Santiago";"(186)";"$ 757.369";"$ 624.224";"$ 0";-;"No";"No tiene";"No tiene";"No tiene";"01/01/2026";"31/12/2026";"No informa";"Sin observaciones";
"2026";"Julio";"Profesional";"BARRIA MARTINEZ, ROXANA MARCELA";"Jefe de Departamento";"5";"INGENIERO (A) EJECUCION ADMINISTRACION";"Región Metropolitana de Santiago";"(186)";"$ 3.689.388";"$ 2.901.024";"$ 0";-;"No";"No tiene";"No tiene";"No tiene";"01/01/2026";"31/12/2026";"No informa";"Sin observaciones";
"2026";"Julio";"Profesional";"BARRIGA CARVAJAL, SUSANA BEATRIZ";"JEFE DE DEPARTAMENTO";"5";"ENFERMERA (O)";"Región Metropolitana de Santiago";"(186)";"$ 3.540.825";"$ 2.718.646";"$ 0";"$ 0";"No";"No tiene";"No tiene";"No tiene";"01/01/2026";"31/12/2026";"No informa";"REMUNERACION JUL.2026";
"2026";"Julio";"Técnico";"BARRIOS CAMPOS, ALEJANDRA ISABEL";"Atencion Clinica";"22";"TECNICO PARAMEDICO";"Región Metropolitana de Santiago";"(186)";"$ 784.851";"$ 649.134";"$ 0";-;"Sí";"$ 48.857 : 14,00 hrs";"No tiene";"No tiene";"01/01/2026";"31/12/2026";"No informa";"Sin observaciones";
"2026";"Julio";"Técnico";"BART ESPINOZA, CYNTIA SUJEY";"Apoyo Administrativo";"21";"EDUCADOR (A) DIFERENCIAL";"Región Metropolitana de Santiago";"(186)";"$ 736.321";"$ 602.605";"$ 0";-;"No";"No tiene";"No tiene";"No tiene";"01/01/2026";"31/12/2026";"No informa";"Sin observaciones";
"2026";"Julio";"Profesional";"BARUEL GONZALEZ, PAULO NELSON";"Apoyo Logistico";"12";"INGENIERO (A) PREVENCION DE RIESGOS";"Región Metropolitana de Santiago";"(01)";"$ 2.609.787";"$ 2.191.224";"$ 0";-;"Sí";"$ 407.008 : 38,00 hrs";"$ 231.352 : 18,00 hrs";"No tiene";"01/01/2026";"31/12/2026";"No informa";"Sin observaciones";
"2026";"Julio";"Administrativo";"BASCUÑAN CABEZAS, MARCELA ANDREA";"Secretaria";"16";"ADMINISTRATIVO";"Región Metropolitana de Santiago";"(01)";"$ 856.026";"$ 701.389";"$ 0";-;"Sí";"$ 9.631 : 2,00 hrs";"No tiene";"No tiene";"01/01/2026";"31/12/2026";"No informa";"Sin observaciones";
"2026";"Julio";"Profesional";"BASCUR BASCUR, JENNIFER TREICY";"Atencion Clinica";"12";"NUTRICIONISTA";"Región Metropolitana de Santiago";"(186)";"$ 2.075.205";"$ 1.670.132";"$ 0";-;"No";"No tiene";"No tiene";"No tiene";"01/01/2026";"31/12/2026";"No informa";"Sin observaciones";
"2026";"Julio";"Médicos cirujanos, farmacéuticos, químico-farmacéuticos, bioquímicos, cirujano-dentistas";"BASOALTO SANDOVAL, CEFORA EUNICE";"Salud Publica";"44 Hrs.";"CIRUJANO DENTISTA";"Región Metropolitana de Santiago";"(86)(186)";"$ 4.964.071";"$ 4.029.277";"$ 0";-;"No";"No tiene";"No tiene";"No tiene";"01/01/2026";"31/12/2026";"No informa";"Sin observaciones";
"2026";"Julio";"Profesional";"BASQUES LOZANO, FRANCISCA JAVIERA";"Atencion Clinica";"15";"PSICOLOGO (A)";"Región Metropolitana de Santiago";"(01)";"$ 1.210.068";"$ 984.887";"$ 0";-;"No";"No tiene";"No tiene";"No tiene";"08/07/2026";"17/10/2026";"No informa";"CONTRATO POR REEMPLAZO";
"2026";"Julio";"Profesional";"BASSO CHACON, GIOVANNA LESLIE";"Apoyo Administrativo";"9";"INGENIERO (A) COMERCIAL";"Región Metropolitana de Santiago";"(186)";"$ 2.664.773";"$ 2.128.793";"$ 0";-;"No";"No tiene";"No tiene";"No tiene";"01/01/2026";"31/12/2026";"No informa";"Sin observaciones";
"2026";"Julio";"Profesional";"BASTIAS SANCHEZ, BASTIAN ANDRE";"Apoyo Administrativo";"8";"INGENIERO (A) EN INFORMATICA";"Región Metropolitana de Santiago";"(186)";"$ 2.798.999";"$ 2.236.856";"$ 0";-;"No";"No tiene";"No tiene";"No tiene";"01/01/2026";"31/12/2026";"No informa";"Sin observaciones";
"2026";"Julio";"Profesional";"BAYER ROJAS, KATIA MARGARITA";"Apoyo Administrativo";"9";"ENFERMERA (O)";"Región Metropolitana de Santiago";"(186)";"$ 2.706.355";"$ 2.164.609";"$ 0";-;"No";"No tiene";"No tiene";"No tiene";"01/01/2026";"31/12/2026";"No informa";"Sin observaciones";
"2026";"Julio";"Administrativo";"BAYOTORO MARILEO, JUANA CLAUDINA";"Apoyo Administrativo";"21";"ADMINISTRATIVO";"Región Metropolitana de Santiago";"(186)";"$ 733.294";"$ 599.322";"$ 0";-;"No";"No tiene";"No tiene";"No tiene";"01/01/2026";"31/12/2026";"No informa";"Sin observaciones";
"2026";"Julio";"Técnico";"BEAS JARA, HILDA ANGELICA";"Atencion Clinica";"21";"TECNICO NIVEL SUPERIOR ENFERMERIA";"Región Metropolitana de Santiago";"(186)(186)";"$ 755.939";"$ 612.729";"$ 0";-;"No";"No tiene";"No tiene";"No tiene";"01/01/2026";"31/12/2026";"No informa";"Sin observaciones";
"2026";"Julio";"Técnico";"BEAUMONT VILLALOBOS, ELIZABETH CAROLINA";"Atencion Clinica";"20";"TECNICO NIVEL SUPERIOR ENFERMERIA";"Región Metropolitana de Santiago";"(186)";"$ 761.830";"$ 622.644";"$ 0";-;"No";"No tiene";"No tiene";"No tiene";"01/01/2026";"31/12/2026";"No informa";"Sin observaciones";
"2026";"Julio";"Profesional";"BECERRA CARVAJAL, CARLOS ENRIQUE";"Coordinador";"7";"INGENIERO (A) EJECUCION ADMINISTRACION";"Región Metropolitana de Santiago";"(186)";"$ 3.165.038";"$ 2.507.373";"$ 0";-;"No";"No tiene";"No tiene";"No tiene";"01/01/2026";"31/12/2026";"No informa";"Sin observaciones";
"2026";"Julio";"Técnico";"BECERRA ROJAS, FRANCO ALEJANDRO";"ATENCION CLINICA";"22";"TECNICO NIVEL SUPERIOR ENFERMERIA";"Región Metropolitana de Santiago";"(202)(204)(186)";"$ 1.274.858";"$ 949.904";"$ 0";"$ 0";"Sí";"$ 48.857 : 14,00 hrs";"$ 142.383 : 34,00 hrs";"No tiene";"01/01/2026";"31/12/2026";"No informa";"REMUNERACION JUL.2026";
"2026";"Julio";"Profesional";"BECKER GATTA, MAXIMILIANO ALEXIS";"Apoyo Administrativo";"8";"PSICOLOGO (A)";"Región Metropolitana de Santiago";"(186)";"$ 2.828.942";"$ 2.252.115";"$ 0";-;"No";"No tiene";"No tiene";"No tiene";"01/01/2026";"31/12/2026";"No informa";"Sin observaciones";
"2026";"Julio";"Administrativo";"BEECHER VARELA, URSULA ANDREA";"Apoyo Administrativo";"13";"ADMINISTRATIVO";"Región Metropolitana de Santiago";"(186)";"$ 1.440.789";"$ 1.236.503";"$ 0";-;"Sí";"$ 240.026 : 40,00 hrs";"$ 144.015 : 20,00 hrs";"No tiene";"01/01/2026";"31/12/2026";"No informa";"Sin observaciones";
"2026";"Julio";"Técnico";"BEJARES GONZALEZ, MARIA LORETO";"Atencion Clinica";"22";"ENFERMERA (O)";"Región Metropolitana de Santiago";"(186)";"$ 950.295";"$ 776.675";"$ 0";-;"No";"No tiene";"No tiene";"No tiene";"01/01/2026";"31/12/2026";"No informa";"Sin observaciones";
"2026";"Julio";"Administrativo";"BELLO GALAZ, MARICELA DEL CARMEN";"Apoyo Administrativo";"22";"ADMINISTRATIVO";"Región Metropolitana de Santiago";"(186)";"$ 709.962";"$ 579.045";"$ 0";-;"No";"No tiene";"No tiene";"No tiene";"01/01/2026";"31/12/2026";"No informa";"Sin observaciones";
"2026";"Julio";"Profesional";"BELLO VIDAL, PAULINA BELEN";"APOYO ADMINISTRATIVO";"10";"ENFERMERA (O)";"Región Metropolitana de Santiago";"(01)";"$ 2.333.878";"$ 1.782.206";"$ 0";"$ 0";"No";"No tiene";"No tiene";"No tiene";"01/01/2026";"31/12/2026";"No informa";"REMUNERACION JUL.2026";
"2026";"Julio";"Médicos cirujanos, farmacéuticos, químico-farmacéuticos, bioquímicos, cirujano-dentistas";"BELTRAN AÑAZCO, FELIPE IGNACIO";"Atencion Clinica Medica";"44 Hrs.";"MEDICO CIRUJANO";"Región Metropolitana de Santiago";"(86)(186)";"$ 3.701.597";"$ 2.935.592";"$ 0";-;"No";"No tiene";"No tiene";"No tiene";"01/01/2026";"31/12/2026";"No informa";"Sin observaciones";
"2026";"Julio";"Profesional";"BELTRAN CALDERON, PABLO ANDRES";"ATENCION CLINICA";"13";"ENFERMERA (O)";"Región Metropolitana de Santiago";"(203)(204)(186)";"$ 2.650.263";"$ 2.092.086";"$ 0";"$ 0";"Sí";"$ 9.982 : 1,00 hrs";"$ 143.734 : 12,00 hrs";"No tiene";"01/01/2026";"31/12/2026";"No informa";"REMUNERACION JUL.2026";
"2026";"Julio";"Profesional";"BENAVIDES CESPEDES, VICTOR HUGO";"Apoyo Administrativo";"11";"INGENIERO (A) EJECUCION EN MINAS";"Región Metropolitana de Santiago";"(36)(186)";"$ 3.168.740";"$ 2.502.339";"$ 0";-;"No";"No tiene";"No tiene";"No tiene";"01/01/2026";"31/12/2026";"No informa";"Sin observaciones";
"2026";"Julio";"Técnico";"BENAVIDES PARRA, MARCO ANDRES";"Atencion Clinica";"21";"AUXILIAR DE ENFERMERIA";"Región Metropolitana de Santiago";"(01)";"$ 731.315";"$ 602.750";"$ 0";-;"No";"No tiene";"No tiene";"No tiene";"01/01/2026";"31/12/2026";"No informa";"Sin observaciones";
"2026";"Julio";"Profesional";"BERASAIN MUÑOZ, GISELA LORETO";"Apoyo Administrativo";"5";"MATRON (A)";"Región Metropolitana de Santiago";"(186)";"$ 3.633.807";"$ 2.857.224";"$ 0";-;"No";"No tiene";"No tiene";"No tiene";"01/01/2026";"31/12/2026";"No informa";"Sin observaciones";
"2026";"Julio";"Profesional";"BERENGUELA SILVA, JOCELYN MARCELA";"Apoyo Administrativo";"12";"PERIODISTA";"Región Metropolitana de Santiago";"(186)";"$ 2.108.218";"$ 1.689.172";"$ 0";-;"No";"No tiene";"No tiene";"No tiene";"01/01/2026";"31/12/2026";"No informa";"Sin observaciones";
"2026";"Julio";"Médicos cirujanos, farmacéuticos, químico-farmacéuticos, bioquímicos, cirujano-dentistas";"BERGAMIN PINO, DANIEL VICTOR ANTONIO";"Atencion Odontologica";"11 Hrs.";"CIRUJANO DENTISTA";"Región Metropolitana de Santiago";"(01)";"$ 625.605";"$ 516.374";"$ 0";-;"No";"No tiene";"No tiene";"No tiene";"01/01/2026";"31/12/2026";"No informa";"Sin observaciones";
"2026";"Julio";"Médicos cirujanos, farmacéuticos, químico-farmacéuticos, bioquímicos, cirujano-dentistas";"BERGAMIN PINO, DANIEL VICTOR ANTONIO";"Atencion Odontologica";"33 Hrs.";"CIRUJANO DENTISTA";"Región Metropolitana de Santiago";"(01)";"$ 1.876.810";"$ 1.505.190";"$ 0";-;"No";"No tiene";"No tiene";"No tiene";"01/01/2026";"31/12/2026";"No informa";"Sin observaciones";
"2026";"Julio";"Técnico";"BERGUÑO ZUÑIGA, MARIA FRANCISCA";"ATENCION CLINICA";"22";"TECNICO NIVEL SUPERIOR ENFERMERIA";"Región Metropolitana de Santiago";"(203)(204)(186)";"$ 993.563";"$ 609.057";"$ 0";"$ 0";"Sí";"$ 42.986 : 12,00 hrs";"No tiene";"No tiene";"01/01/2026";"31/12/2026";"No informa";"CANCELA DIFERENCIAS DE ASIGNACIÓN FAMILIAR.+REMUNERACION JUL.2026";
"2026";"Julio";"Profesional";"BERMEDO SANTELICES, CAROLINA ANDREA DEL CARMEN";"ATENCION CLINICA";"13";"ENFERMERA (O)";"Región Metropolitana de Santiago";"(203)(204)(186)";"$ 3.622.461";"$ 2.436.045";"$ 0";"$ 0";"Sí";"$ 299.445 : 30,00 hrs";"$ 826.469 : 69,00 hrs";"No tiene";"01/01/2026";"31/12/2026";"No informa";"REMUNERACION JUL.2026";
"2026";"Julio";"Profesional";"BERNALES FUENTES, CARLA BELEN";"Atencion Clinica";"14";"ASISTENTE SOCIAL";"Región Metropolitana de Santiago";"(186)";"$ 1.675.917";"$ 1.350.732";"$ 0";-;"No";"No tiene";"No tiene";"No tiene";"01/01/2026";"31/12/2026";"No informa";"Sin observaciones";
"2026";"Julio";"Profesional";"BERRIOS ARMIJO, ROXANA ISABEL";"ATENCION CLINICA";"11";"KINESIOLOGO (A)";"Región Metropolitana de Santiago";"(203)(201)(204)(186)";"$ 3.193.012";"$ 2.430.114";"$ 0";"$ 0";"No";"No tiene";"No tiene";"No tiene";"01/01/2026";"31/12/2026";"No informa";"REMUNERACION JUL.2026";
"2026";"Julio";"Técnico";"BERRIOS CACERES, EDUARDO YOJAN";"ATENCION CLINICA";"22";"TECNICO NIVEL SUPERIOR ENFERMERIA";"Región Metropolitana de Santiago";"(202)(204)(186)";"$ 1.526.857";"$ 1.267.514";"$ 0";"$ 0";"Sí";"$ 144.517 : 40,00 hrs";"$ 264.465 : 61,00 hrs";"No tiene";"01/01/2026";"31/12/2026";"No informa";"REMUNERACION JUL.2026";
"2026";"Julio";"Médicos cirujanos, farmacéuticos, químico-farmacéuticos, bioquímicos, cirujano-dentistas";"BIENZOBAS DARRAIDOU, CATALINA DEL CARMEN";"Medico PAO";"44 Hrs.";"MEDICO CIRUJANO";"Región Metropolitana de Santiago";"(86)(186)";"$ 3.663.057";"$ 2.906.277";"$ 0";-;"No";"No tiene";"No tiene";"No tiene";"03/07/2026";"31/12/2026";"No informa";"Sin observaciones";
"2026";"Julio";"Profesional";"BILLIARD RIVAS, SIMONEE MARISOL";"ATENCION CLINICA";"13";"ENFERMERA (O)";"Región Metropolitana de Santiago";"(186)";"$ 2.933.330";"$ 2.456.685";"$ 0";"$ 0";"Sí";"$ 399.260 : 40,00 hrs";"$ 718.669 : 60,00 hrs";"No tiene";"01/07/2026";"31/07/2026";"No informa";"REEMPLAZO JUL.2026 (01-31)";
"2026";"Julio";"Profesional";"BLAMEY ALEGRIA, GUILLERMO ANTONIO";"ARQUITECTO";"5";"ARQUITECTO(A)";"Región Metropolitana de Santiago";"(186)";"$ 3.540.825";"$ 2.782.291";"$ 0";-;"No";"No tiene";"No tiene";"No tiene";"01/01/2026";"31/12/2026";"No informa";"Sin observaciones";
"2026";"Julio";"Profesional";"BOBADILLA ZAPATA, ROXANA ELIZABETH";"ATENCION CLINICA";"13";"ENFERMERA (O)";"Región Metropolitana de Santiago";"(203)(204)(186)";"$ 2.496.547";"$ 1.801.288";"$ 0";"$ 0";"No";"No tiene";"No tiene";"No tiene";"01/01/2026";"31/12/2026";"No informa";"REMUNERACION JUL.2026";
"2026";"Julio";"Profesional";"BOEKEMEYER MOREIRA, CARLOS JOAQUIN";"ATENCION CLINICA";"12";"ENFERMERA (O)";"Región Metropolitana de Santiago";"(203)(204)(186)";"$ 4.086.630";"$ 1.612.237";"$ 0";"$ 0";"Sí";"$ 22.190 : 2,00 hrs";"$ 1.278.141 : 96,00 hrs";"No tiene";"01/01/2026";"31/12/2026";"No informa";"REMUNERACION JUL.2026";
"2026";"Julio";"Profesional";"BORDILLO MELLADO, CARLA NICOLE VICTORIA";"Apoyo Administrativo";"15";"TRABAJADOR (A) SOCIAL";"Región Metropolitana de Santiago";"(01)";"$ 1.512.586";"$ 1.225.477";"$ 0";-;"No";"No tiene";"No tiene";"No tiene";"01/01/2026";"31/12/2026";"No informa";"Sin observaciones";
"2026";"Julio";"Profesional";"BORGES CASTILLO, CLAUDIO ANDRES";"JEFE DE DEPARTAMENTO";"5";"ADMINISTRADOR (A) PUBLICO";"Región Metropolitana de Santiago";"(01)";"$ 3.522.228";"$ 2.583.469";"$ 0";"$ 0";"No";"No tiene";"No tiene";"No tiene";"01/01/2026";"30/09/2026";"No informa";"REMUNERACION JUL.2026";
"2026";"Julio";"Profesional";"BOTTAI BUENO, CAMILA ANGELICA";"Apoyo Administrativo";"7";"KINESIOLOGO (A)";"Región Metropolitana de Santiago";"(186)";"$ 3.056.093";"$ 2.423.635";"$ 0";-;"No";"No tiene";"No tiene";"No tiene";"01/01/2026";"31/12/2026";"No informa";"Sin observaciones";
"2026";"Julio";"Profesional";"BOWEN ESPINOZA, SEBASTIAN RENE";"Apoyo Administrativo";"8";"PSICOLOGO (A)";"Región Metropolitana de Santiago";"(186)";"$ 2.891.773";"$ 2.320.557";"$ 0";-;"No";"No tiene";"No tiene";"No tiene";"01/01/2026";"31/12/2026";"No informa";"Sin observaciones";
"2026";"Julio";"Profesional";"BOZA FLORES, MATIAS IGNACIO";"ATENCION CLINICA";"13";"ENFERMERA (O)";"Región Metropolitana de Santiago";"(203)(204)(186)";"$ 2.510.340";"$ 1.924.558";"$ 0";"$ 0";"No";"No tiene";"No tiene";"No tiene";"01/01/2026";"31/12/2026";"No informa";"REMUNERACION JUL.2026";
"2026";"Julio";"Administrativo";"BOZO SILVA, NATALIA FABIOLA";"Secretaria";"13";"ADMINISTRADOR (A) PUBLICO";"Región Metropolitana de Santiago";"(186)";"$ 1.823.250";"$ 1.481.304";"$ 0";-;"No";"No tiene";"No tiene";"No tiene";"01/01/2026";"31/12/2026";"No informa";"Sin observaciones";
"2026";"Julio";"Médicos cirujanos, farmacéuticos, químico-farmacéuticos, bioquímicos, cirujano-dentistas";"BRANIFF OLAVE, SALVADOR";"Atencion Odontologica";"22 Hrs.";"CIRUJANO DENTISTA";"Región Metropolitana de Santiago";"(186)";"$ 1.210.180";"$ 956.326";"$ 0";-;"No";"No tiene";"No tiene";"No tiene";"01/01/2026";"30/09/2026";"No informa";"Sin observaciones";
"2026";"Julio";"Médicos cirujanos, farmacéuticos, químico-farmacéuticos, bioquímicos, cirujano-dentistas";"BRANIFF OLAVE, SALVADOR";"Atencion Odontologica";"22 Hrs.";"CIRUJANO DENTISTA";"Región Metropolitana de Santiago";"(186)";"$ 1.210.180";"$ 997.430";"$ 0";-;"No";"No tiene";"No tiene";"No tiene";"01/01/2026";"30/09/2026";"No informa";"Sin observaciones";
"2026";"Julio";"Profesional";"BRAVO BADILLA, CESAR LEONIDAS";"PROFESIONAL";"5";"ENFERMERA (O)";"Región Metropolitana de Santiago";"(186)";"$ 3.689.388";"$ 2.752.194";"$ 0";"$ 0";"No";"No tiene";"No tiene";"No tiene";"01/01/2026";"31/12/2026";"No informa";"REMUNERACION JUL.2026";
"2026";"Julio";"Profesional";"BRAVO BRAVO, JOSELINE ALEJANDRA";"Apoyo Administrativo";"8";"TECNOLOGO (A) MEDICO";"Región Metropolitana de Santiago";"(01)";"$ 2.769.058";"$ 2.225.981";"$ 0";-;"No";"No tiene";"No tiene";"No tiene";"12/02/2026";"31/07/2026";"No informa";"Contrato por reemplazo";
"2026";"Julio";"Técnico";"BRAVO BUNSTER, ARTURO IGNACIO JORGE";"ATENCION CLINICA";"22";"TECNICO NIVEL SUPERIOR ENFERMERIA";"Región Metropolitana de Santiago";"(203)(204)";"$ 861.322";"$ 685.268";"$ 0";"$ 0";"No";"No tiene";"No tiene";"No tiene";"01/01/2026";"31/12/2026";"No informa";"REMUNERACION JUL.2026";
"2026";"Julio";"Profesional";"BRAVO DIAZ, MARGARITA PATRICIA";"Apoyo Administrativo";"5";"ENFERMERA (O)";"Región Metropolitana de Santiago";"(01)";"$ 3.615.002";"$ 2.842.847";"$ 0";-;"No";"No tiene";"No tiene";"No tiene";"01/01/2026";"31/12/2026";"No informa";"Sin observaciones";
"2026";"Julio";"Profesional";"BRAVO GODOY, CLAUDIA ANDREA";"Atencion Clinica";"15";"TRABAJADOR (A) SOCIAL";"Región Metropolitana de Santiago";"(186)";"$ 1.521.320";"$ 1.229.702";"$ 0";-;"No";"No tiene";"No tiene";"No tiene";"01/01/2026";"31/12/2026";"No informa";"Sin observaciones";
"2026";"Julio";"Profesional";"BRAVO INOSTROZA, KATHERINE ANDREA";"Apoyo Administrativo";"15";"CONTADOR (A) AUDITOR (A)";"Región Metropolitana de Santiago";"(186)";"$ 1.648.435";"$ 1.332.206";"$ 0";-;"Sí";"$ 16.871 : 2,00 hrs";"No tiene";"No tiene";"01/01/2026";"31/12/2026";"No informa";"Sin observaciones";
"2026";"Julio";"Técnico";"BRAVO MONDACA, CYNTHIA ALEJANDRA";"Atencion Clinica";"21";"AUXILIAR PARAMEDICO DE ODONTOLOGIA";"Región Metropolitana de Santiago";"(186)";"$ 764.528";"$ 628.378";"$ 0";-;"Sí";"$ 26.585 : 7,00 hrs";"No tiene";"No tiene";"01/01/2026";"31/12/2026";"No informa";"Sin observaciones";
"2026";"Julio";"Médicos cirujanos, farmacéuticos, químico-farmacéuticos, bioquímicos, cirujano-dentistas";"BRAVO SOTO, VALENTINA SOLEDAD";"Medico PAO";"44 Hrs.";"MÉDICOS CIRUJANOS, FARMACÉUTICOS, QUÍMICO-FARMACÉUTICOS, BIOQUÍMICOS, CIRUJANO-DENTISTAS";"Región Metropolitana de Santiago";"(188)(86)(186)";"$ 4.588.938";"$ 3.710.192";"$ 0";-;"No";"No tiene";"No tiene";"No tiene";"01/01/2026";"31/12/2026";"No informa";"Sin observaciones";
"2026";"Julio";"Profesional";"BRAVO VALDES, MICHELLE VALERIA";"Atencion Clinica";"15";"ENFERMERA (O)";"Región Metropolitana de Santiago";"(186)";"$ 1.521.320";"$ 1.232.330";"$ 0";-;"No";"No tiene";"No tiene";"No tiene";"01/01/2026";"31/12/2026";"No informa";"Sin observaciones";
"2026";"Julio";"Profesional";"BRETTI REYES, ARLETTI";"Atencion Clinica";"15";"MATRON (A)";"Región Metropolitana de Santiago";"(186)";"$ 1.940.298";"$ 1.616.937";"$ 0";-;"Sí";"$ 227.755 : 27,00 hrs";"$ 80.979 : 8,00 hrs";"No tiene";"01/01/2026";"31/12/2026";"No informa";"Sin observaciones";
"2026";"Julio";"Profesional";"BRICEÑO MUÑOZ, ERIC EDGARDO";"Apoyo Administrativo";"10";"ABOGADO (A)";"Región Metropolitana de Santiago";"(01)";"$ 2.333.878";"$ 1.866.061";"$ 0";-;"No";"No tiene";"No tiene";"No tiene";"01/01/2026";"31/12/2026";"No informa";"Sin observaciones";
"2026";"Julio";"Profesional";"BRICEÑO SEPULVEDA, PIA CONSTANZA";"Apoyo Administrativo";"10";"ABOGADO (A)";"Región Metropolitana de Santiago";"(01)";"$ 2.333.878";"$ 1.638.634";"$ 0";-;"No";"No tiene";"No tiene";"No tiene";"15/06/2026";"18/08/2026";"No informa";"Contrato por reemplazo";
"2026";"Julio";"Médicos cirujanos, farmacéuticos, químico-farmacéuticos, bioquímicos, cirujano-dentistas";"BRIGNARDELLO HERNANDEZ, CARLOS ALFREDO";"Atencion Clinica Medica";"44 Hrs.";"MEDICO CIRUJANO";"Región Metropolitana de Santiago";"(188)(186)";"$ 5.018.774";"$ 4.085.498";"$ 0";-;"No";"No tiene";"No tiene";"No tiene";"01/01/2026";"30/09/2026";"No informa";"Sin observaciones";
"2026";"Julio";"Técnico";"BRIONES ARAYA, YASNA ALEJANDRA";"Atencion Clinica";"22";"TECNICO NIVEL SUPERIOR ENFERMERIA";"Región Metropolitana de Santiago";"(186)";"$ 753.752";"$ 622.641";"$ 0";-;"No";"No tiene";"No tiene";"No tiene";"01/01/2026";"31/12/2026";"No informa";"Sin observaciones";
"2026";"Julio";"Técnico";"BRIONES CARO, YUBITZA SCARLETT";"Atencion Clinica";"20";"TECNICO NIVEL SUPERIOR ENFERMERIA";"Región Metropolitana de Santiago";"(186)";"$ 761.830";"$ 622.644";"$ 0";-;"No";"No tiene";"No tiene";"No tiene";"01/01/2026";"30/09/2026";"No informa";"Sin observaciones";
"2026";"Julio";"Administrativo";"BRIONES MUÑOZ, JORGE ANTONIO";"Apoyo Administrativo";"16";"ADMINISTRATIVO";"Región Metropolitana de Santiago";"(186)";"$ 917.129";"$ 761.224";"$ 0";-;"Sí";"$ 30.304 : 6,00 hrs";"No tiene";"No tiene";"01/01/2026";"31/12/2026";"No informa";"Sin observaciones";
"2026";"Julio";"Administrativo";"BRIONES OLGUIN, SILVIA ANDREA";"Apoyo Administrativo";"21";"ADMINISTRATIVO";"Región Metropolitana de Santiago";"(186)";"$ 733.294";"$ 599.322";"$ 0";-;"No";"No tiene";"No tiene";"No tiene";"01/01/2026";"31/12/2026";"No informa";"Sin observaciones";
"2026";"Julio";"Profesional";"BRITO AMARO, CARLA ANDREA";"Atencion Clinica";"12";"KINESIOLOGO (A)";"Región Metropolitana de Santiago";"(186)";"$ 2.047.080";"$ 1.659.789";"$ 0";-;"Sí";"$ 64.649 : 6,00 hrs";"No tiene";"No tiene";"01/01/2026";"31/12/2026";"No informa";"Sin observaciones";
"2026";"Julio";"Profesional";"BRITO FARIAS, INGRID NICOLE";"Atencion Clinica";"15";"MATRON (A)";"Región Metropolitana de Santiago";"(186)";"$ 1.614.094";"$ 1.310.895";"$ 0";-;"No";"No tiene";"No tiene";"No tiene";"01/01/2026";"31/12/2026";"No informa";"Sin observaciones";
"2026";"Julio";"Profesional";"BRITO RAMOS, CAROLINA ALEJANDRA";"Apoyo Administrativo";"5";"ARQUITECTO(A)";"Región Metropolitana de Santiago";"(186)";"$ 3.540.825";"$ 2.781.965";"$ 0";-;"No";"No tiene";"No tiene";"No tiene";"01/01/2026";"31/12/2026";"No informa";"Sin observaciones";
"2026";"Julio";"Administrativo";"BUCCAREY VARGAS, CAMILA DANIELA";"Secretaria";"21";"ADMINISTRATIVO";"Región Metropolitana de Santiago";"(186)";"$ 855.641";"$ 728.597";"$ 0";-;"Sí";"$ 128.006 : 34,00 hrs";"No tiene";"No tiene";"01/01/2026";"31/12/2026";"No informa";"Sin observaciones";
"2026";"Julio";"Médicos cirujanos, farmacéuticos, químico-farmacéuticos, bioquímicos, cirujano-dentistas";"BUELE GALVEZ, KENYA YULANOVA";"Atencion Odontologica";"22 Hrs.";"CIRUJANO DENTISTA";"Región Metropolitana de Santiago";"(188)(186)";"$ 2.308.335";"$ 1.865.119";"$ 0";-;"No";"No tiene";"No tiene";"No tiene";"01/01/2026";"31/12/2026";"No informa";"Sin observaciones";
"2026";"Julio";"Profesional";"BUITRAGO ALBARRACIN, JENNIFER TATIANA";"Atencion Clinica";"15";"ENFERMERA (O)";"Región Metropolitana de Santiago";"(186)";"$ 1.691.215";"$ 1.385.426";"$ 0";-;"Sí";"No tiene";"$ 50.917 : 5,00 hrs";"No tiene";"01/01/2026";"31/12/2026";"No informa";"Sin observaciones";
"2026";"Julio";"Médicos cirujanos, farmacéuticos, químico-farmacéuticos, bioquímicos, cirujano-dentistas";"BURDILES ALVAREZ, ARNALDO ANDRES";"CIRUGIA GENERAL";"22 Hrs.";"MEDICO CIRUJANO CON ESPECIALIDAD EN MEDICINA DEL DEPORTE";"Región Metropolitana de Santiago";"(186)";"$ 1.292.236";"$ 688.445";"$ 0";"$ 0";"No";"No tiene";"No tiene";"No tiene";"04/02/2026";"31/12/2026";"No informa";"REMUNERACION JUL.2026";
"2026";"Julio";"Administrativo";"BURGOS RALPH, EVELYN ALEJANDRA";"Apoyo Administrativo";"22";"ADMINISTRATIVO";"Región Metropolitana de Santiago";"(186)";"$ 705.283";"$ 581.294";"$ 0";-;"No";"No tiene";"No tiene";"No tiene";"01/01/2026";"31/12/2026";"No informa";"Sin observaciones";
"2026";"Julio";"Profesional";"BUSTAMANTE ALIAGA, JENNIFER ANDREA";"Atencion Clinica";"16";"KINESIOLOGO (A)";"Región Metropolitana de Santiago";"(01)";"$ 694.362";"$ 566.322";"$ 0";-;"No";"No tiene";"No tiene";"No tiene";"01/01/2026";"30/09/2026";"No informa";"Sin observaciones";
"2026";"Julio";"Médicos cirujanos, farmacéuticos, químico-farmacéuticos, bioquímicos, cirujano-dentistas";"BUSTAMANTE HERNANDEZ, JUAN PABLO ALBERTO";"Atencion Clinica Medica";"44 Hrs.";"MEDICO CIRUJANO";"Región Metropolitana de Santiago";"(86)(186)";"$ 3.514.428";"$ 2.789.533";"$ 0";-;"No";"No tiene";"No tiene";"No tiene";"01/01/2026";"31/12/2026";"No informa";"Sin observaciones";
"2026";"Julio";"Profesional";"BUSTOS CAMPOS, NICOLET PAMELA";"Atencion Clinica";"7";"NUTRICIONISTA";"Región Metropolitana de Santiago";"(01)";"$ 3.132.698";"$ 2.501.722";"$ 0";-;"No";"No tiene";"No tiene";"No tiene";"01/01/2026";"31/12/2026";"No informa";"Sin observaciones";
"2026";"Julio";"Técnico";"BUSTOS CARRASCO, DANIELA PAZ";"Atencion Clinica";"21";"TECNICO NIVEL SUPERIOR ENFERMERIA";"Región Metropolitana de Santiago";"(186)";"$ 785.187";"$ 652.042";"$ 0";-;"Sí";"No tiene";"$ 27.818 : 6,00 hrs";"No tiene";"01/01/2026";"31/12/2026";"No informa";"Sin observaciones";
"2026";"Julio";"Profesional";"BUSTOS CLASING, TATIANA PAOLA";"Apoyo Administrativo";"3";"ABOGADO (A)";"Región Metropolitana de Santiago";"(36)";"$ 4.578.494";"$ 3.723.099";"$ 0";-;"No";"No tiene";"No tiene";"No tiene";"01/01/2026";"31/12/2026";"No informa";"Sin observaciones";
"2026";"Julio";"Administrativo";"BUSTOS LOBOS, MARCELA ALEJANDRA";"Apoyo Administrativo";"21";"ADMINISTRATIVO";"Región Metropolitana de Santiago";"(01)";"$ 721.975";"$ 588.843";"$ 0";-;"No";"No tiene";"No tiene";"No tiene";"01/01/2026";"31/12/2026";"No informa";"Sin observaciones";
"2026";"Julio";"Profesional";"BUSTOS PIZARRO, JOSELYN ELENA";"Atencion Clinica";"16";"KINESIOLOGO (A)";"Región Metropolitana de Santiago";"(186)";"$ 1.396.805";"$ 1.132.355";"$ 0";-;"No";"No tiene";"No tiene";"No tiene";"01/01/2026";"31/12/2026";"No informa";"Sin observaciones";
"2026";"Julio";"Profesional";"BUSTOS SEPULVEDA, PAOLA DAYAN";"Atencion Clinica";"15";"PSICOLOGO (A)";"Región Metropolitana de Santiago";"(01)";"$ 1.611.980";"$ 1.322.493";"$ 0";-;"Sí";"$ 99.394 : 12,00 hrs";"No tiene";"No tiene";"01/01/2026";"31/12/2026";"No informa";"Sin observaciones";
"2026";"Julio";"Técnico";"BUSTOS TORRES, ALEJANDRA SOLANGE";"Atencion Clinica";"20";"TECNICO NIVEL SUPERIOR ODONTOLOGIA";"Región Metropolitana de Santiago";"(186)";"$ 887.053";"$ 746.760";"$ 0";-;"Sí";"$ 119.167 : 30,00 hrs";"No tiene";"No tiene";"01/01/2026";"31/12/2026";"No informa";"Sin observaciones";
"2026";"Julio";"Profesional";"CABALLERO CANAS, EVELYN";"Apoyo Administrativo";"11";"ADMINISTRADOR (A) PUBLICO";"Región Metropolitana de Santiago";"(186)";"$ 2.249.629";"$ 1.803.768";"$ 0";-;"No";"No tiene";"No tiene";"No tiene";"01/01/2026";"31/12/2026";"No informa";"Sin observaciones";
"2026";"Julio";"Administrativo";"CABALLERO CAÑAS, SONIA ELIZABETH";"Secretaria";"20";"ADMINISTRATIVO";"Región Metropolitana de Santiago";"(186)";"$ 746.358";"$ 610.820";"$ 0";-;"No";"No tiene";"No tiene";"No tiene";"01/01/2026";"31/12/2026";"No informa";"Sin observaciones";
"2026";"Julio";"Técnico";"CABELLO MUÑOZ, PAULINA ESTER";"ATENCION CLINICA";"21";"TECNICO NIVEL SUPERIOR ENFERMERIA";"Región Metropolitana de Santiago";"(203)(204)(186)";"$ 1.335.477";"$ 962.270";"$ 0";"$ 0";"Sí";"$ 108.183 : 28,00 hrs";"$ 204.002 : 44,00 hrs";"No tiene";"01/01/2026";"31/12/2026";"No informa";"REMUNERACION JUL.2026";
"2026";"Julio";"Técnico";"CABELLO POBLETE, IRMA DEL PILAR";"ATENCION CLINICA";"22";"TECNICO NIVEL SUPERIOR ENFERMERIA";"Región Metropolitana de Santiago";"(203)(204)(186)";"$ 955.189";"$ 492.698";"$ 0";"$ 0";"No";"No tiene";"No tiene";"No tiene";"01/01/2026";"31/12/2026";"No informa";"CANCELA DIFERENCIAS DE ASIGNACIÓN FAMILIAR.+REMUNERACION JUL.2026";
"2026";"Julio";"Médicos cirujanos, farmacéuticos, químico-farmacéuticos, bioquímicos, cirujano-dentistas";"CABELLO SAAVEDRA, ELIZABETH LETICIA";"MEDICINA GENERAL";"44 Hrs.";"MEDICO CIRUJANO";"Región Metropolitana de Santiago";"(86)";"$ 4.280.276";"$ 3.465.140";"$ 0";-;"No";"No tiene";"No tiene";"No tiene";"01/01/2026";"31/12/2026";"No informa";"Sin observaciones";
"2026";"Julio";"Profesional";"CABELLO SANDOVAL, FELIPE IGNACIO";"Atencion Clinica";"13";"TERAPEUTA OCUPACIONAL";"Región Metropolitana de Santiago";"(01)";"$ 1.795.022";"$ 1.448.975";"$ 0";-;"No";"No tiene";"No tiene";"No tiene";"01/01/2026";"31/12/2026";"No informa";"Sin observaciones";
"2026";"Julio";"Técnico";"CABELLO VALDES, DANIELA TATIANA";"Atencion Clinica";"20";"TECNICO NIVEL SUPERIOR ODONTOLOGIA";"Región Metropolitana de Santiago";"(186)";"$ 761.830";"$ 627.900";"$ 0";-;"No";"No tiene";"No tiene";"No tiene";"01/01/2026";"31/12/2026";"No informa";"Sin observaciones";
"2026";"Julio";"Médicos cirujanos, farmacéuticos, químico-farmacéuticos, bioquímicos, cirujano-dentistas";"CABEZAS ARAMAYO, GUILLERMO GASPAR";"MEDICO CIRUJANO CON ESPECIALIDAD EN MEDICINA DE URGENCIA";"22 Hrs.";"MEDICO CIRUJANO CON ESPECIALIDAD EN MEDICINA DE URGENCIA";"Región Metropolitana de Santiago";"(186)";"$ 2.140.141";"$ 1.906.590";"$ 0";"$ 0";"No";"No tiene";"No tiene";"No tiene";"01/01/2026";"31/12/2026";"No informa";"REMUNERACION JUL.2026";
"2026";"Julio";"Médicos cirujanos, farmacéuticos, químico-farmacéuticos, bioquímicos, cirujano-dentistas";"CABEZAS ARAMAYO, GUILLERMO GASPAR";"MEDICO CIRUJANO CON ESPECIALIDAD EN MEDICINA DE URGENCIA";"28 Hrs.";"MEDICO CIRUJANO CON ESPECIALIDAD EN MEDICINA DE URGENCIA";"Región Metropolitana de Santiago";"(194)(193)(198)(186)";"$ 4.261.504";"$ 3.105.200";"$ 0";"$ 0";"No";"No tiene";"No tiene";"No tiene";"01/01/2026";"31/12/2026";"No informa";"REMUNERACION JUL.2026";
"2026";"Julio";"Médicos cirujanos, farmacéuticos, químico-farmacéuticos, bioquímicos, cirujano-dentistas";"CABEZAS BAEZA, YASMIN ESTEPHANI";"Quimico Farmaceutico";"44 Hrs.";"QUIMICO FARMACEUTICO";"Región Metropolitana de Santiago";"(186)";"$ 2.420.358";"$ 1.940.181";"$ 0";-;"No";"No tiene";"No tiene";"No tiene";"01/01/2026";"30/09/2026";"No informa";"Sin observaciones";
"2026";"Julio";"Administrativo";"CABEZAS CUBILLOS, PEDRO ANGEL";"Apoyo Administrativo";"16";"ADMINISTRATIVO";"Región Metropolitana de Santiago";"(186)";"$ 1.029.530";"$ 879.312";"$ 0";-;"Sí";"$ 145.873 : 30,00 hrs";"$ 29.175 : 5,00 hrs";"No tiene";"01/01/2026";"31/12/2026";"No informa";"Sin observaciones";
"2026";"Julio";"Profesional";"CABRERA ARAYA, FRANCISCO ALONSO";"APOYO ADMINISTRATIVO";"15";"INGENIERO (A) ADMINISTRACION DE EMPRESAS";"Región Metropolitana de Santiago";"(01)";"$ 1.512.586";"$ 1.203.289";"$ 0";"$ 0";"No";"No tiene";"No tiene";"No tiene";"01/01/2026";"31/12/2026";"No informa";"REMUNERACION JUL.2026";
"2026";"Julio";"Administrativo";"CABRERA CANALES, FELIPE SEGUNDO";"APOYO ADMINISTRATIVO";"22";"ADMINISTRATIVO";"Región Metropolitana de Santiago";"(186)";"$ 905.144";"$ 768.023";"$ 0";"$ 0";"Sí";"$ 100.300 : 28,00 hrs";"$ 90.270 : 21,00 hrs";"No tiene";"01/01/2026";"31/12/2026";"No informa";"CANCELA DIFERENCIAS DE ASIGNACIÓN FAMILIAR.+PAGO BONO MENSUAL+REMUNERACION JUL.2026";
"2026";"Julio";"Profesional";"CACERES ALBORNOZ, KAREN NAYADETH";"ATENCION CLINICA";"13";"ENFERMERA (O)";"Región Metropolitana de Santiago";"(203)(204)";"$ 3.009.446";"$ 2.440.611";"$ 0";"$ 0";"Sí";"$ 138.081 : 14,00 hrs";"$ 402.407 : 34,00 hrs";"No tiene";"01/01/2026";"30/09/2026";"No informa";"REMUNERACION JUL.2026";
"2026";"Julio";"Auxiliar";"CACERES CONTRERAS, TERESITA";"Apoyo Administrativo";"17";"AUXILIAR";"Región Metropolitana de Santiago";"(186)";"$ 1.026.805";"$ 872.681";"$ 0";-;"Sí";"$ 190.991 : 40,00 hrs";"No tiene";"No tiene";"01/01/2026";"31/12/2026";"No informa";"Sin observaciones";
"2026";"Julio";"Profesional";"CACERES ISLA, ROBERTO ANGEL";"Apoyo Administrativo";"12";"ENFERMERA (O)";"Región Metropolitana de Santiago";"(01)";"$ 1.971.427";"$ 1.582.540";"$ 0";-;"No";"No tiene";"No tiene";"No tiene";"01/01/2026";"31/12/2026";"No informa";"Sin observaciones";
"2026";"Julio";"Profesional";"CACERES SERRANO, LUIS FELIPE";"Apoyo Administrativo";"11";"INGENIERO (A) ELECTRICO";"Región Metropolitana de Santiago";"(186)";"$ 2.457.418";"$ 2.019.516";"$ 0";-;"Sí";"$ 187.852 : 16,00 hrs";"$ 112.711 : 8,00 hrs";"No tiene";"01/01/2026";"31/12/2026";"No informa";"Sin observaciones";
"2026";"Julio";"Profesional";"CACHANA ALVARADO, JOSE";"Apoyo Administrativo";"5";"INGENIERO (A) EN INFORMATICA";"Región Metropolitana de Santiago";"(186)";"$ 3.745.178";"$ 2.946.602";"$ 0";-;"No";"No tiene";"No tiene";"No tiene";"01/01/2026";"31/12/2026";"No informa";"Sin observaciones";
"2026";"Julio";"Administrativo";"CADENA ARAYA, KAREN YANINA";"Secretaria";"20";"ADMINISTRATIVO";"Región Metropolitana de Santiago";"(01)";"$ 742.899";"$ 605.908";"$ 0";-;"No";"No tiene";"No tiene";"No tiene";"13/04/2026";"31/12/2026";"No informa";"Sin observaciones";
"2026";"Julio";"Profesional";"CADIZ QUEZADA, SANDRA MARGARITA";"Apoyo Administrativo";"8";"ARQUITECTO(A)";"Región Metropolitana de Santiago";"(186)";"$ 2.921.716";"$ 2.321.554";"$ 0";-;"No";"No tiene";"No tiene";"No tiene";"01/01/2026";"31/12/2026";"No informa";"Sin observaciones";
"2026";"Julio";"Administrativo";"CALDERON BUENO, GEORGINA DE LA ROSA";"Apoyo Administrativo";"16";"INGENIERO (A) EJECUCION ADMINISTRACION DE EMPRESAS";"Región Metropolitana de Santiago";"(186)";"$ 1.379.660";"$ 1.118.931";"$ 0";-;"No";"No tiene";"No tiene";"No tiene";"01/01/2026";"31/12/2026";"No informa";"Sin observaciones";
"2026";"Julio";"Técnico";"CALDERON CASTRO, TRINIDAD DEL CARMEN";"Atencion Clinica";"22";"TECNICO NIVEL SUPERIOR ENFERMERIA";"Región Metropolitana de Santiago";"(186)";"$ 753.752";"$ 616.870";"$ 0";-;"No";"No tiene";"No tiene";"No tiene";"01/01/2026";"31/12/2026";"No informa";"Sin observaciones";
"2026";"Julio";"Técnico";"CALDERON CATALAN, KAMILA FRANCISCA POLLETT";"Atencion Clinica";"22";"TECNICO NIVEL SUPERIOR ENFERMERIA";"Región Metropolitana de Santiago";"(186)";"$ 753.752";"$ 621.242";"$ 0";-;"No";"No tiene";"No tiene";"No tiene";"01/01/2026";"31/12/2026";"No informa";"Sin observaciones";
"2026";"Julio";"Auxiliar";"CALDERON PELLISSA, MAURICIO ANTONIO";"CONDUCTOR";"22";"AUXILIAR";"Región Metropolitana de Santiago";"(205)(202)(204)";"$ 1.094.314";"$ 467.321";"$ 0";"$ 0";"No";"No tiene";"No tiene";"No tiene";"01/01/2026";"31/12/2026";"No informa";"REMUNERACION JUL.2026";
"2026";"Julio";"Profesional";"CALDERON PIZARRO, LESLY BELEN";"Atencion Clinica";"12";"ENFERMERA (O)";"Región Metropolitana de Santiago";"(01)";"$ 1.971.427";"$ 1.600.960";"$ 0";-;"No";"No tiene";"No tiene";"No tiene";"01/01/2026";"31/12/2026";"No informa";"Sin observaciones";
"2026";"Julio";"Profesional";"CALDERON QUIJADA, CONSTANZA ANDREA";"Apoyo Administrativo";"12";"ADMINISTRADOR (A) PUBLICO";"Región Metropolitana de Santiago";"(186)";"$ 2.014.755";"$ 1.639.091";"$ 0";-;"Sí";"$ 32.324 : 3,00 hrs";"No tiene";"No tiene";"01/01/2026";"31/12/2026";"No informa";"Sin observaciones";
"2026";"Julio";"Técnico";"CALDERON VASQUEZ, JESVANA ARLY";"Atencion Clinica";"21";"TECNICO NIVEL SUPERIOR ENFERMERIA";"Región Metropolitana de Santiago";"(186)";"$ 753.080";"$ 616.322";"$ 0";-;"No";"No tiene";"No tiene";"No tiene";"01/01/2026";"30/09/2026";"No informa";"Sin observaciones";
"2026";"Julio";"Profesional";"CALFULEO CORNEJO, PAULINA ISABEL";"Atencion Clinica";"15";"MATRON (A)";"Región Metropolitana de Santiago";"(186)";"$ 1.521.320";"$ 1.232.330";"$ 0";-;"No";"No tiene";"No tiene";"No tiene";"01/01/2026";"30/09/2026";"No informa";"Sin observaciones";
"2026";"Julio";"Médicos cirujanos, farmacéuticos, químico-farmacéuticos, bioquímicos, cirujano-dentistas";"CALLEJAS CALVO, ROSARIO";"Medico Becario Primario";"44 Hrs.";"MEDICO CIRUJANO";"Región Metropolitana de Santiago";"(01)";"$ 2.916.243";"$ 2.407.067";"$ 0";-;"No";"No tiene";"No tiene";"No tiene";"06/04/2026";"05/04/2027";"No informa";"Sin observaciones";
"2026";"Julio";"Técnico";"CALVO GALLARDO, PATRICIA IVONNE";"Atencion Clinica";"21";"TECNICO NIVEL SUPERIOR ODONTOLOGIA";"Región Metropolitana de Santiago";"(186)";"$ 755.939";"$ 616.543";"$ 0";-;"No";"No tiene";"No tiene";"No tiene";"01/01/2026";"31/12/2026";"No informa";"Sin observaciones";
"2026";"Julio";"Profesional";"CAMARADA SOTO, NATTALY ALEJANDRA";"Atencion Clinica";"15";"MATRON (A)";"Región Metropolitana de Santiago";"(186)";"$ 1.622.830";"$ 1.313.689";"$ 0";-;"No";"No tiene";"No tiene";"No tiene";"01/01/2026";"31/12/2026";"No informa";"Sin observaciones";
"2026";"Julio";"Profesional";"CAMIROAGA PEÑA, PIA IGNACIA";"Atencion Clinica";"16";"ENFERMERA (O)";"Región Metropolitana de Santiago";"(186)";"$ 1.396.805";"$ 1.132.793";"$ 0";-;"No";"No tiene";"No tiene";"No tiene";"01/01/2026";"31/12/2026";"No informa";"Sin observaciones";
"2026";"Julio";"Administrativo";"CAMPBELL ALFARO, MILTON ALEXIS";"Apoyo Administrativo";"22";"ADMINISTRATIVO";"Región Metropolitana de Santiago";"(186)";"$ 778.148";"$ 647.231";"$ 0";-;"Sí";"No tiene";"$ 68.186 : 16,00 hrs";"No tiene";"01/01/2026";"31/12/2026";"No informa";"Sin observaciones";
"2026";"Julio";"Profesional";"CAMPILLAY FERNANDEZ, PAULA IRENE";"Atencion Clinica";"15";"PSICOLOGO (A)";"Región Metropolitana de Santiago";"(01)";"$ 756.294";"$ 618.119";"$ 0";-;"No";"No tiene";"No tiene";"No tiene";"01/01/2026";"31/12/2026";"No informa";"Sin observaciones";
"2026";"Julio";"Profesional";"CAMPOS ALARCON, CATALINA DE LOS ANGELES";"Atencion Clinica";"15";"TERAPEUTA OCUPACIONAL";"Región Metropolitana de Santiago";"(186)";"$ 1.614.094";"$ 1.307.024";"$ 0";-;"No";"No tiene";"No tiene";"No tiene";"01/01/2026";"31/12/2026";"No informa";"Sin observaciones";
"2026";"Julio";"Administrativo";"CAMPOS BUSTAMANTE, JUDITH";"Apoyo Administrativo";"13";"ADMINISTRATIVO";"Región Metropolitana de Santiago";"(186)";"$ 1.066.937";"$ 870.193";"$ 0";-;"No";"No tiene";"No tiene";"No tiene";"01/01/2026";"31/12/2026";"No informa";"Sin observaciones";
"2026";"Julio";"Administrativo";"CAMPOS CAMPOS, ANDRES DAVID";"Apoyo Administrativo";"13";"ADMINISTRADOR (A) PUBLICO";"Región Metropolitana de Santiago";"(186)";"$ 1.823.250";"$ 1.470.010";"$ 0";-;"No";"No tiene";"No tiene";"No tiene";"01/01/2026";"31/12/2026";"No informa";"Sin observaciones";
"2026";"Julio";"Profesional";"CAMPOS CONTRERAS, CINDY MACARENA";"Atencion Clinica";"15";"ENFERMERA (O)";"Región Metropolitana de Santiago";"(186)";"$ 963.501";"$ 785.735";"$ 0";-;"No";"No tiene";"No tiene";"No tiene";"01/01/2026";"19/07/2026";"No informa";"Sin observaciones";
"2026";"Julio";"Profesional";"CAMPOS MARAMBIO, RODRIGO FERNANDO";"Atencion Clinica";"15";"KINESIOLOGO (A)";"Región Metropolitana de Santiago";"(186)";"$ 1.521.320";"$ 1.237.479";"$ 0";-;"Sí";"$ 123.279 : 15,00 hrs";"No tiene";"No tiene";"01/01/2026";"31/12/2026";"No informa";"Sin observaciones";
"2026";"Julio";"Profesional";"CAMPOS MATURANA, NATALIA DEL ROSARIO";"APOYO ADMINISTRATIVO";"15";"PERIODISTA";"Región Metropolitana de Santiago";"(01)";"$ 1.605.360";"$ 1.272.260";"$ 0";"$ 0";"No";"No tiene";"No tiene";"No tiene";"01/01/2026";"31/12/2026";"No informa";"REMUNERACION JUL.2026";
"2026";"Julio";"Profesional";"CAMPOS SANDOVAL, ROMINA MABEL";"Atencion Clinica";"14";"ENFERMERA (O)";"Región Metropolitana de Santiago";"(186)(186)";"$ 3.533.268";"$ 3.078.494";"$ 0";-;"Sí";"$ 277.713 : 30,00 hrs";"$ 1.477.431 : 133,00 hrs";"No tiene";"01/01/2026";"31/12/2026";"No informa";"Sin observaciones";
"2026";"Julio";"Administrativo";"CAMPOS SEREY, ANTONIETA JANETT";"Apoyo Administrativo";"22";"ADMINISTRATIVO";"Región Metropolitana de Santiago";"(186)";"$ 705.283";"$ 576.428";"$ 0";-;"No";"No tiene";"No tiene";"No tiene";"01/01/2026";"31/12/2026";"No informa";"Sin observaciones";
"2026";"Julio";"Profesional";"CAMPOS VILLALOBOS, LEDA CHANEL";"Apoyo Administrativo";"10";"ADMINISTRADOR (A) PUBLICO";"Región Metropolitana de Santiago";"(186)";"$ 2.346.712";"$ 1.882.960";"$ 0";-;"No";"No tiene";"No tiene";"No tiene";"01/01/2026";"31/12/2026";"No informa";"Sin observaciones";
"2026";"Julio";"Administrativo";"CANALES ALVAREZ, ALEJANDRO ANTONIO";"Atencion Clinica";"21";"ADMINISTRATIVO";"Región Metropolitana de Santiago";"(01)";"$ 974.253";"$ 841.049";"$ 0";-;"Sí";"$ 149.278 : 40,00 hrs";"$ 103.001 : 23,00 hrs";"No tiene";"01/01/2026";"31/12/2026";"No informa";"Sin observaciones";
"2026";"Julio";"Profesional";"CANALES SAAVEDRA, PAOLA ANDREA";"Atencion Clinica";"15";"MATRON (A)";"Región Metropolitana de Santiago";"(186)";"$ 1.985.776";"$ 1.661.936";"$ 0";-;"Sí";"$ 291.680 : 35,00 hrs";"$ 80.003 : 8,00 hrs";"No tiene";"01/01/2026";"31/12/2026";"No informa";"Sin observaciones";
"2026";"Julio";"Técnico";"CANALES SALAZAR, TAMARA ALEJANDRA";"Atencion Clinica";"21";"TECNICO NIVEL SUPERIOR ENFERMERIA";"Región Metropolitana de Santiago";"(186)(186)";"$ 870.861";"$ 728.512";"$ 0";-;"Sí";"$ 114.922 : 30,00 hrs";"No tiene";"No tiene";"01/01/2026";"31/12/2026";"No informa";"Sin observaciones";
"2026";"Julio";"Profesional";"CANALES URRIOLA, CLAUDIA ANGELICA";"Atencion Clinica";"12";"ASISTENTE SOCIAL";"Región Metropolitana de Santiago";"(186)";"$ 2.108.218";"$ 1.692.816";"$ 0";-;"No";"No tiene";"No tiene";"No tiene";"01/01/2026";"31/12/2026";"No informa";"Sin observaciones";
"2026";"Julio";"Profesional";"CANDIA MILLAR, TAMARA ANDREA";"Atencion Clinica";"15";"ASISTENTE SOCIAL";"Región Metropolitana de Santiago";"(186)";"$ 1.631.564";"$ 1.330.244";"$ 0";-;"No";"No tiene";"No tiene";"No tiene";"01/01/2026";"31/12/2026";"No informa";"Sin observaciones";
"2026";"Julio";"Auxiliar";"CANDIA ORELLANA, JOSE LUIS";"CONDUCTOR";"24";"AUXILIAR";"Región Metropolitana de Santiago";"(01)";"$ 923.583";"$ 794.877";"$ 0";"$ 0";"Sí";"No tiene";"$ 296.082 : 142,00 hrs";"No tiene";"04/04/2026";"31/08/2026";"No informa";"PAGO BONO MENSUAL+REMUNERACION JUL.2026";
"2026";"Julio";"Técnico";"CANDIA VALENZUELA, NADIA SOLEDAD";"Atencion Clinica";"20";"ENFERMERA (O)";"Región Metropolitana de Santiago";"(186)";"$ 1.013.234";"$ 828.117";"$ 0";-;"No";"No tiene";"No tiene";"No tiene";"01/01/2026";"31/12/2026";"No informa";"Sin observaciones";
"2026";"Julio";"Médicos cirujanos, farmacéuticos, químico-farmacéuticos, bioquímicos, cirujano-dentistas";"CANIUMILLA ADONIS, ERIK ESTEBAN";"Atencion Clinica Medica";"44 Hrs.";"MEDICO CIRUJANO";"Región Metropolitana de Santiago";"(86)(186)";"$ 3.514.428";"$ 2.790.438";"$ 0";-;"No";"No tiene";"No tiene";"No tiene";"01/01/2026";"31/12/2026";"No informa";"Sin observaciones";
"2026";"Julio";"Profesional";"CANO DELGADO, CARLOS";"Atencion Clinica";"14";"PSICOLOGO (A)";"Región Metropolitana de Santiago";"(186)";"$ 828.527";"$ 678.066";"$ 0";-;"No";"No tiene";"No tiene";"No tiene";"01/01/2026";"31/12/2026";"No informa";"Sin observaciones";
"2026";"Julio";"Profesional";"CANO DELGADO, CARLOS";"Atencion Clinica";"14";"PSICOLOGO (A)";"Región Metropolitana de Santiago";"(186)";"$ 828.527";"$ 662.511";"$ 0";-;"No";"No tiene";"No tiene";"No tiene";"01/01/2026";"31/12/2026";"No informa";"Sin observaciones";
"2026";"Julio";"Médicos cirujanos, farmacéuticos, químico-farmacéuticos, bioquímicos, cirujano-dentistas";"CANQUIL MATUS, IGNACIO ISMAEL";"Atencion Clinica Medica";"44 Hrs.";"MEDICO CIRUJANO";"Región Metropolitana de Santiago";"(86)";"$ 3.049.448";"$ 2.417.598";"$ 0";-;"No";"No tiene";"No tiene";"No tiene";"01/01/2026";"31/12/2026";"No informa";"Sin observaciones";
"2026";"Julio";"Administrativo";"CANTILLANA GLORIA, ALEJANDRA SOLANGE";"Apoyo Administrativo";"21";"ADMINISTRATIVO";"Región Metropolitana de Santiago";"(01)";"$ 721.975";"$ 595.052";"$ 0";-;"No";"No tiene";"No tiene";"No tiene";"01/01/2026";"31/12/2026";"No informa";"Sin observaciones";
"2026";"Julio";"Administrativo";"CARCAMO OYARCE, CINDY ANDREA";"Apoyo Administrativo";"21";"ADMINISTRATIVO";"Región Metropolitana de Santiago";"(186)";"$ 727.635";"$ 434.106";"$ 0";-;"No";"No tiene";"No tiene";"No tiene";"01/01/2026";"31/12/2026";"No informa";"Sin observaciones";
"2026";"Julio";"Técnico";"CARCAMO PEREZ, ANDREA DANITZA";"Atencion Clinica";"22";"TECNICO NIVEL SUPERIOR EN FARMACIA";"Región Metropolitana de Santiago";"(186)";"$ 753.752";"$ 616.041";"$ 0";-;"No";"No tiene";"No tiene";"No tiene";"01/01/2026";"31/12/2026";"No informa";"Sin observaciones";
"2026";"Julio";"Profesional";"CARDENAS LAZCANO, CONSUELO BEATRIZ";"Apoyo Administrativo";"8";"MATRON (A)";"Región Metropolitana de Santiago";"(01)";"$ 2.769.058";"$ 2.226.092";"$ 0";-;"No";"No tiene";"No tiene";"No tiene";"01/01/2026";"31/12/2026";"No informa";"Sin observaciones";
"2026";"Julio";"Técnico";"CARDENAS MATAMALA, ELIZABETH TERESA";"Atencion Clinica";"22";"TECNICO NIVEL SUPERIOR ENFERMERIA";"Región Metropolitana de Santiago";"(186)";"$ 753.752";"$ 616.041";"$ 0";-;"No";"No tiene";"No tiene";"No tiene";"01/01/2026";"31/12/2026";"No informa";"Sin observaciones";
"2026";"Julio";"Técnico";"CARDENAS MONTECINOS, PATRICIA ALEJANDRA";"ATENCION CLINICA";"22";"TECNICO NIVEL SUPERIOR ENFERMERIA";"Región Metropolitana de Santiago";"(203)(204)(186)";"$ 1.143.002";"$ 815.065";"$ 0";"$ 0";"Sí";"$ 3.551 : 1,00 hrs";"$ 196.035 : 46,00 hrs";"No tiene";"01/01/2026";"31/12/2026";"No informa";"CANCELA DIFERENCIAS DE ASIGNACIÓN FAMILIAR.+REMUNERACION JUL.2026";
"2026";"Julio";"Auxiliar";"CARDENAS PALMA, ALEX RODRIGO";"CONDUCTOR";"22";"AUXILIAR";"Región Metropolitana de Santiago";"(205)(202)(204)(186)";"$ 1.198.500";"$ 946.332";"$ 0";"$ 0";"Sí";"$ 3.490 : 1,00 hrs";"$ 92.130 : 22,00 hrs";"No tiene";"01/01/2026";"31/12/2026";"No informa";"REMUNERACION JUL.2026";
"2026";"Julio";"Administrativo";"CARES SANDOVAL, NINOSKA XIMENA";"Secretaria";"16";"RELACIONADOR (A) PUBLICO";"Región Metropolitana de Santiago";"(186)";"$ 1.371.575";"$ 1.123.924";"$ 0";-;"No";"No tiene";"No tiene";"No tiene";"01/01/2026";"31/12/2026";"No informa";"Sin observaciones";
"2026";"Julio";"Profesional";"CARO OLIVARES, GERSON ARIEL";"ATENCION CLINICA";"13";"ENFERMERA (O)";"Región Metropolitana de Santiago";"(203)(204)(186)";"$ 3.175.289";"$ 2.547.731";"$ 0";"$ 0";"Sí";"$ 199.630 : 20,00 hrs";"$ 479.112 : 40,00 hrs";"No tiene";"01/01/2026";"31/12/2026";"No informa";"REMUNERACION JUL.2026";
"2026";"Julio";"Técnico";"CARO PINO, NICOLE LISSETTE";"Atencion Clinica";"22";"TECNICO NIVEL SUPERIOR ENFERMERIA";"Región Metropolitana de Santiago";"(186)";"$ 803.040";"$ 666.158";"$ 0";-;"Sí";"$ 49.288 : 14,00 hrs";"No tiene";"No tiene";"01/01/2026";"31/12/2026";"No informa";"Sin observaciones";
"2026";"Julio";"Auxiliar";"CAROCA MADARIAGA, NIBALDO ALEXANDER";"CONDUCTOR";"22";"AUXILIAR";"Región Metropolitana de Santiago";"(205)(202)(204)";"$ 1.456.818";"$ 1.065.499";"$ 0";"$ 0";"Sí";"$ 138.360 : 40,00 hrs";"$ 224.144 : 54,00 hrs";"No tiene";"01/01/2026";"31/12/2026";"No informa";"REMUNERACION JUL.2026";
"2026";"Julio";"Profesional";"CARRASCO CORNEJO, JUAN CARLOS";"Apoyo Administrativo";"8";"INGENIERO (A) COMERCIAL";"Región Metropolitana de Santiago";"(186)";"$ 2.936.687";"$ 2.332.811";"$ 0";-;"No";"No tiene";"No tiene";"No tiene";"01/01/2026";"31/12/2026";"No informa";"Sin observaciones";
"2026";"Julio";"Profesional";"CARRASCO DIAZ, FABIOLA ANDREA";"Apoyo Administrativo";"8";"ENFERMERA (O)";"Región Metropolitana de Santiago";"(01)";"$ 2.769.058";"$ 2.202.438";"$ 0";-;"No";"No tiene";"No tiene";"No tiene";"07/01/2026";"31/12/2026";"No informa";"Sin observaciones";
"2026";"Julio";"Técnico";"CARRASCO DONOSO, CRISTIAN ELIAS ALBERTO";"ATENCION CLINICA";"22";"TECNICO NIVEL SUPERIOR ENFERMERIA";"Región Metropolitana de Santiago";"(202)(204)(186)";"$ 1.207.058";"$ 476.997";"$ 0";"$ 0";"Sí";"$ 50.150 : 14,00 hrs";"$ 42.986 : 10,00 hrs";"No tiene";"01/01/2026";"31/12/2026";"No informa";"CANCELA DIFERENCIAS DE ASIGNACIÓN FAMILIAR.+REMUNERACION JUL.2026";
"2026";"Julio";"Administrativo";"CARRASCO GOMEZ, MARIBEL DAISY";"Apoyo Administrativo";"13";"ADMINISTRATIVO";"Región Metropolitana de Santiago";"(186)";"$ 1.212.375";"$ 1.015.438";"$ 0";-;"Sí";"$ 145.438 : 24,00 hrs";"No tiene";"No tiene";"01/01/2026";"31/12/2026";"No informa";"Sin observaciones";
"2026";"Julio";"Profesional";"CARRASCO MANCILLA, CAMILA FERNANDA";"Atencion Clinica";"13";"TERAPEUTA OCUPACIONAL";"Región Metropolitana de Santiago";"(01)";"$ 1.735.188";"$ 1.402.067";"$ 0";-;"No";"No tiene";"No tiene";"No tiene";"01/01/2026";"31/12/2026";"No informa";"Sin observaciones";
"2026";"Julio";"Profesional";"CARRASCO NAVAS, CAROL CRISTINA";"ATENCION CLINICA";"13";"ENFERMERA (O)";"Región Metropolitana de Santiago";"(203)(204)(186)";"$ 2.964.184";"$ 2.322.079";"$ 0";"$ 0";"Sí";"$ 200.816 : 20,00 hrs";"$ 253.028 : 21,00 hrs";"No tiene";"01/01/2026";"31/12/2026";"No informa";"REMUNERACION JUL.2026";
"2026";"Julio";"Profesional";"CARRASCO POBLETE, TAMARA FRANCISCA";"Atencion Clinica";"16";"NUTRICIONISTA";"Región Metropolitana de Santiago";"(01)";"$ 972.103";"$ 722.411";"$ 0";-;"No";"No tiene";"No tiene";"No tiene";"06/04/2026";"21/07/2026";"No informa";"CONTRATO POR REEMPLAZO";
"2026";"Julio";"Técnico";"CARRASCO SOTO, CAROLINA BELEN";"Atencion Clinica";"18";"TECNICO DE NIVEL SUPERIOR EN PREVENCION Y REHABILITACION EN DROGODEPENDENCIA";"Región Metropolitana de Santiago";"(01)";"$ 1.162.268";"$ 957.941";"$ 0";-;"No";"No tiene";"No tiene";"No tiene";"01/01/2026";"31/12/2026";"No informa";"Sin observaciones";
"2026";"Julio";"Médicos cirujanos, farmacéuticos, químico-farmacéuticos, bioquímicos, cirujano-dentistas";"CARRASCO VALENZUELA, SOLEDAD ALEJANDRA";"Atencion Odontologica";"44 Hrs.";"CIRUJANO DENTISTA";"Región Metropolitana de Santiago";"(86)(186)";"$ 6.153.871";"$ 5.039.041";"$ 0";-;"No";"No tiene";"No tiene";"No tiene";"01/01/2026";"31/12/2026";"No informa";"Sin observaciones";
"2026";"Julio";"Administrativo";"CARREÑO BUSTAMANTE, CRISTIAN ANDRES";"APOYO ADMINISTRATIVO";"16";"ADMINISTRATIVO";"Región Metropolitana de Santiago";"(186)";"$ 938.781";"$ 751.565";"$ 0";"$ 0";"Sí";"$ 60.043 : 12,00 hrs";"No tiene";"No tiene";"01/01/2026";"31/12/2026";"No informa";"REMUNERACION JUL.2026";
"2026";"Julio";"Profesional";"CARREÑO CARO, MARIA GABRIELA";"Apoyo Administrativo";"15";"INGENIERO (A) EJECUCION CONTROL DE GESTION";"Región Metropolitana de Santiago";"(186)";"$ 1.622.830";"$ 1.309.172";"$ 0";-;"No";"No tiene";"No tiene";"No tiene";"01/01/2026";"31/12/2026";"No informa";"Sin observaciones";
"2026";"Julio";"Profesional";"CARREÑO GAIBISSO, KARINA PAOLA";"Atencion Clinica";"12";"ENFERMERA (O)";"Región Metropolitana de Santiago";"(186)";"$ 2.075.205";"$ 1.663.526";"$ 0";-;"No";"No tiene";"No tiene";"No tiene";"01/01/2026";"31/12/2026";"No informa";"Sin observaciones";
"2026";"Julio";"Profesional";"CARRERA AZOCAR, KAREN ALEJANDRA";"Atencion Clinica";"15";"PSICOLOGO (A)";"Región Metropolitana de Santiago";"(186)";"$ 1.521.320";"$ 1.238.364";"$ 0";-;"No";"No tiene";"No tiene";"No tiene";"01/01/2026";"31/12/2026";"No informa";"Sin observaciones";
"2026";"Julio";"Profesional";"CARRIEL CAÑUTA, YESENIA JOSELYN ORIETA";"Atencion Clinica";"15";"ENFERMERA (O)";"Región Metropolitana de Santiago";"(186)";"$ 1.640.298";"$ 1.336.546";"$ 0";-;"No";"No tiene";"No tiene";"No tiene";"01/01/2026";"31/12/2026";"No informa";"Sin observaciones";
"2026";"Julio";"Médicos cirujanos, farmacéuticos, químico-farmacéuticos, bioquímicos, cirujano-dentistas";"CARRILLO ARISMENDI, DIANA ESPERANZA";"Atencion Clinica Medica";"33 Hrs.";"MEDICO CIRUJANO";"Región Metropolitana de Santiago";"(188)(186)";"$ 3.368.914";"$ 2.652.541";"$ 0";-;"No";"No tiene";"No tiene";"No tiene";"01/01/2026";"31/12/2026";"No informa";"Sin observaciones";
"2026";"Julio";"Profesional";"CARRION BUBNIAK, SUSAN CAROLINA";"Apoyo Administrativo";"11";"INGENIERO (A) EJECUCION ADMINISTRACION DE EMPRESAS";"Región Metropolitana de Santiago";"(01)";"$ 2.237.745";"$ 1.794.443";"$ 0";-;"No";"No tiene";"No tiene";"No tiene";"01/01/2026";"31/12/2026";"No informa";"Sin observaciones";
"2026";"Julio";"Profesional";"CARRION GONZALEZ, ALEXIS ALBERTO";"JEFE DE DEPARTAMENTO";"10";"TRABAJADOR (A) SOCIAL";"Región Metropolitana de Santiago";"(186)";"$ 2.359.547";"$ 1.447.782";"$ 0";"$ 0";"No";"No tiene";"No tiene";"No tiene";"01/01/2026";"31/12/2026";"No informa";"REMUNERACION JUL.2026";
"2026";"Julio";"Médicos cirujanos, farmacéuticos, químico-farmacéuticos, bioquímicos, cirujano-dentistas";"CARTAGENA GIL, DANIELA PAZ";"Medico Becario Primario";"44 Hrs.";"MEDICO CIRUJANO";"Región Metropolitana de Santiago";"(01)";"$ 2.916.243";"$ 2.407.067";"$ 0";-;"No";"No tiene";"No tiene";"No tiene";"06/05/2025";"05/05/2027";"No informa";"Sin observaciones";
"2026";"Julio";"Técnico";"CARTES GAETE, PAULA ANDREA";"Atencion Clinica";"20";"TECNICO NIVEL SUPERIOR ENFERMERIA";"Región Metropolitana de Santiago";"(186)";"$ 761.830";"$ 622.644";"$ 0";-;"No";"No tiene";"No tiene";"No tiene";"01/01/2026";"31/12/2026";"No informa";"Sin observaciones";
"2026";"Julio";"Técnico";"CARVACHO LOBELUZ, VALERY MAKARENA";"Atencion Clinica";"22";"TECNICO NIVEL SUPERIOR ENFERMERIA";"Región Metropolitana de Santiago";"(186)";"$ 752.415";"$ 614.950";"$ 0";-;"No";"No tiene";"No tiene";"No tiene";"01/01/2026";"30/09/2026";"No informa";"Sin observaciones";
"2026";"Julio";"Profesional";"CARVACHO SAEZ, RUBEN ALEJANDRO";"Jefe Unidad de Apoyo";"6";"ABOGADO (A)";"Región Metropolitana de Santiago";"(186)";"$ 3.425.183";"$ 2.695.984";"$ 0";-;"No";"No tiene";"No tiene";"No tiene";"01/01/2026";"31/12/2026";"No informa";"Sin observaciones";
"2026";"Julio";"Profesional";"CARVALLO GUTIERREZ, ANA MARIA";"Atencion Clinica";"16";"NUTRICIONISTA";"Región Metropolitana de Santiago";"(01)";"$ 1.388.719";"$ 1.128.290";"$ 0";-;"No";"No tiene";"No tiene";"No tiene";"01/01/2026";"31/12/2026";"No informa";"Sin observaciones";
"2026";"Julio";"Técnico";"CASTAÑEDA ESPINOZA, FLORENCIA DE LAS NIEVES";"ATENCION CLINICA";"22";"TECNICO NIVEL SUPERIOR ENFERMERIA";"Región Metropolitana de Santiago";"(203)(204)(186)";"$ 936.256";"$ 421.501";"$ 0";"$ 0";"No";"No tiene";"No tiene";"No tiene";"01/01/2026";"31/12/2026";"No informa";"CANCELA DIFERENCIAS DE ASIGNACIÓN FAMILIAR.+REMUNERACION JUL.2026";
"2026";"Julio";"Técnico";"CASTAÑEDA HOLTMANN, IGNACIO ALEXIS";"ATENCION CLINICA";"22";"TECNICO NIVEL SUPERIOR ENFERMERIA";"Región Metropolitana de Santiago";"(203)(204)(186)";"$ 953.126";"$ 357.028";"$ 0";"$ 0";"No";"No tiene";"No tiene";"No tiene";"01/01/2026";"31/12/2026";"No informa";"REMUNERACION JUL.2026";
"2026";"Julio";"Técnico";"CASTAÑEDA MUÑOZ, KARYN MARION";"ATENCION CLINICA";"22";"FONOAUDIOLOGO (A)";"Región Metropolitana de Santiago";"(203)(204)(186)";"$ 1.253.295";"$ 790.818";"$ 0";"$ 0";"No";"No tiene";"No tiene";"No tiene";"01/01/2026";"31/12/2026";"No informa";"CANCELA DIFERENCIAS DE ASIGNACIÓN FAMILIAR.+REMUNERACION JUL.2026";
"2026";"Julio";"Auxiliar";"CASTILLO ALDUNCE, RICHARD MANUEL";"Apoyo Logistico";"23";"AUXILIAR";"Región Metropolitana de Santiago";"(01)";"$ 858.848";"$ 744.894";"$ 0";-;"Sí";"No tiene";"$ 231.347 : 61,00 hrs";"No tiene";"01/01/2026";"31/12/2026";"No informa";"Sin observaciones";
"2026";"Julio";"Médicos cirujanos, farmacéuticos, químico-farmacéuticos, bioquímicos, cirujano-dentistas";"CASTILLO ARAYA, ANA MARCELA";"Atencion Clinica Medica";"44 Hrs.";"MEDICO CIRUJANO";"Región Metropolitana de Santiago";"(188)(186)";"$ 5.292.290";"$ 4.318.591";"$ 0";-;"No";"No tiene";"No tiene";"No tiene";"01/01/2026";"31/12/2026";"No informa";"Sin observaciones";
"2026";"Julio";"Médicos cirujanos, farmacéuticos, químico-farmacéuticos, bioquímicos, cirujano-dentistas";"CASTILLO ARIAS, KARINA ELIZABETH";"Quimico Farmaceutico";"44 Hrs.";"QUIMICO FARMACEUTICO";"Región Metropolitana de Santiago";"(86)(186)";"$ 6.249.602";"$ 5.116.223";"$ 0";-;"No";"No tiene";"No tiene";"No tiene";"01/01/2026";"31/12/2026";"No informa";"Sin observaciones";
"2026";"Julio";"Profesional";"CASTILLO BUDIN, MARUZELLA SOLANGE";"Coordinador";"9";"INGENIERO (A) EJECUCION ADMINISTRACION";"Región Metropolitana de Santiago";"(186)";"$ 2.664.773";"$ 2.124.187";"$ 0";-;"No";"No tiene";"No tiene";"No tiene";"01/01/2026";"31/12/2026";"No informa";"Sin observaciones";
"2026";"Julio";"Profesional";"CASTILLO CARRASCO, JESSICA MADELAINE";"Apoyo Administrativo";"13";"PSICOLOGO (A)";"Región Metropolitana de Santiago";"(186)";"$ 1.805.212";"$ 1.469.088";"$ 0";-;"No";"No tiene";"No tiene";"No tiene";"01/01/2026";"31/12/2026";"No informa";"Sin observaciones";
"2026";"Julio";"Profesional";"CASTILLO CASTILLO, NATHALIE NICOLE";"Atencion Clinica";"16";"ENFERMERA (O)";"Región Metropolitana de Santiago";"(01)";"$ 1.571.657";"$ 1.215.565";"$ 0";-;"Sí";"$ 45.550 : 6,00 hrs";"$ 91.099 : 10,00 hrs";"No tiene";"01/01/2026";"08/08/2026";"No informa";"CONTRATO POR REEMPLAZO";
"2026";"Julio";"Profesional";"CASTILLO CHACON, CONSTANZA FERNANDA";"Apoyo Logistico";"12";"INGENIERO (A) COMERCIAL";"Región Metropolitana de Santiago";"(01)";"$ 2.192.068";"$ 1.812.632";"$ 0";-;"Sí";"$ 117.818 : 11,00 hrs";"$ 102.823 : 8,00 hrs";"No tiene";"01/01/2026";"31/12/2026";"No informa";"Sin observaciones";
"2026";"Julio";"Auxiliar";"CASTILLO CRISOSTOMO, ROLANDO ADRIÁN";"CONDUCTOR";"24";"AUXILIAR";"Región Metropolitana de Santiago";"(01)";"$ 37.640";"$ 30.270";"$ 0";"$ 0";"No";"No tiene";"No tiene";"No tiene";"15/06/2026";"01/07/2026";"No informa";"REEMPLAZO JUL.2026 (01)+SUPLENCIA JUN.2026 (15) (19)";
"2026";"Julio";"Administrativo";"CASTILLO CURUMILLA, OSCAR";"Apoyo Administrativo";"14";"ADMINISTRATIVO";"Región Metropolitana de Santiago";"(01)";"$ 1.299.232";"$ 1.119.012";"$ 0";-;"Sí";"$ 217.135 : 40,00 hrs";"$ 130.281 : 20,00 hrs";"No tiene";"01/01/2026";"31/12/2026";"No informa";"Sin observaciones";
"2026";"Julio";"Profesional";"CASTILLO HENRIQUEZ, JORGE IGNACIO";"Atencion Clinica";"14";"KINESIOLOGO (A)";"Región Metropolitana de Santiago";"(186)";"$ 1.759.259";"$ 1.419.019";"$ 0";-;"No";"No tiene";"No tiene";"No tiene";"01/01/2026";"31/12/2026";"No informa";"Sin observaciones";
"2026";"Julio";"Administrativo";"CASTILLO RIVAS, NESTOR FRANCISCO";"APOYO ADMINISTRATIVO";"22";"KINESIOLOGO (A)";"Región Metropolitana de Santiago";"(203)(204)(186)";"$ 390.102";"$ 307.088";"$ 0";"$ 0";"No";"No tiene";"No tiene";"No tiene";"01/01/2026";"10/07/2026";"No informa";"REMUNERACION JUL.2026";
"2026";"Julio";"Administrativo";"CASTILLO ROCCO, ALEX CHRISTIAN";"Apoyo Administrativo";"21";"ADMINISTRATIVO";"Región Metropolitana de Santiago";"(186)";"$ 763.676";"$ 628.457";"$ 0";-;"Sí";"$ 30.382 : 8,00 hrs";"No tiene";"No tiene";"01/01/2026";"31/12/2026";"No informa";"Sin observaciones";
"2026";"Julio";"Médicos cirujanos, farmacéuticos, químico-farmacéuticos, bioquímicos, cirujano-dentistas";"CASTILLO SAEZ, PAOLA ANGELICA";"Atencion Odontologica";"22 Hrs.";"MÉDICOS CIRUJANOS, FARMACÉUTICOS, QUÍMICO-FARMACÉUTICOS, BIOQUÍMICOS, CIRUJANO-DENTISTAS";"Región Metropolitana de Santiago";"(86)(186)";"$ 2.618.797";"$ 2.279.866";"$ 0";-;"No";"No tiene";"No tiene";"No tiene";"01/01/2026";"31/12/2026";"No informa";"Sin observaciones";
"2026";"Julio";"Médicos cirujanos, farmacéuticos, químico-farmacéuticos, bioquímicos, cirujano-dentistas";"CASTILLO SAEZ, PAOLA ANGELICA";"Atencion Odontologica";"22 Hrs.";"MÉDICOS CIRUJANOS, FARMACÉUTICOS, QUÍMICO-FARMACÉUTICOS, BIOQUÍMICOS, CIRUJANO-DENTISTAS";"Región Metropolitana de Santiago";"(86)(186)";"$ 2.618.797";"$ 1.986.006";"$ 0";-;"No";"No tiene";"No tiene";"No tiene";"01/01/2026";"31/12/2026";"No informa";"Sin observaciones";
"2026";"Julio";"Médicos cirujanos, farmacéuticos, químico-farmacéuticos, bioquímicos, cirujano-dentistas";"CASTILLO SAEZ, RODRIGO ERIC";"Atencion Odontologica";"22 Hrs.";"CIRUJANO DENTISTA";"Región Metropolitana de Santiago";"(188)(186)";"$ 2.242.710";"$ 1.734.325";"$ 0";-;"No";"No tiene";"No tiene";"No tiene";"01/01/2026";"31/12/2026";"No informa";"Sin observaciones";
"2026";"Julio";"Médicos cirujanos, farmacéuticos, químico-farmacéuticos, bioquímicos, cirujano-dentistas";"CASTILLO SAEZ, RODRIGO ERIC";"Atencion Odontologica";"11 Hrs.";"CIRUJANO DENTISTA";"Región Metropolitana de Santiago";"(188)(186)";"$ 1.121.356";"$ 914.577";"$ 0";-;"No";"No tiene";"No tiene";"No tiene";"01/01/2026";"31/12/2026";"No informa";"Sin observaciones";
"2026";"Julio";"Profesional";"CASTILLO SEPULVEDA, AGUEDA";"Atencion Clinica";"15";"TERAPEUTA OCUPACIONAL";"Región Metropolitana de Santiago";"(186)";"$ 1.622.830";"$ 1.311.976";"$ 0";-;"No";"No tiene";"No tiene";"No tiene";"01/01/2026";"31/12/2026";"No informa";"Sin observaciones";
"2026";"Julio";"Profesional";"CASTILLO VELOSO, NATALIA SOFIA";"Atencion Clinica";"14";"KINESIOLOGO (A)";"Región Metropolitana de Santiago";"(186)";"$ 2.010.424";"$ 1.678.344";"$ 0";-;"Sí";"$ 201.240 : 22,00 hrs";"$ 142.698 : 13,00 hrs";"No tiene";"01/01/2026";"31/12/2026";"No informa";"Sin observaciones";
"2026";"Julio";"Médicos cirujanos, farmacéuticos, químico-farmacéuticos, bioquímicos, cirujano-dentistas";"CASTRO ARENAS, JAVIERA CAROLINA";"Atencion Clinica Medica";"44 Hrs.";"MEDICO CIRUJANO";"Región Metropolitana de Santiago";"(86)";"$ 3.049.448";"$ 2.424.193";"$ 0";-;"No";"No tiene";"No tiene";"No tiene";"01/01/2026";"31/12/2026";"No informa";"Sin observaciones";
"2026";"Julio";"Auxiliar";"CASTRO MENA, AMELIA ROSA";"Apoyo Administrativo";"21";"AUXILIAR";"Región Metropolitana de Santiago";"(186)";"$ 968.587";"$ 834.412";"$ 0";-;"Sí";"$ 150.595 : 40,00 hrs";"$ 90.357 : 20,00 hrs";"No tiene";"01/01/2026";"31/12/2026";"No informa";"Sin observaciones";
"2026";"Julio";"Médicos cirujanos, farmacéuticos, químico-farmacéuticos, bioquímicos, cirujano-dentistas";"CASTRO MOROCHO, LUIS VLADIMIR";"Medicina Familiar";"22 Hrs.";"MEDICO CIRUJANO";"Región Metropolitana de Santiago";"(188)(86)(186)";"$ 3.453.026";"$ 2.479.782";"$ 0";-;"No";"No tiene";"No tiene";"No tiene";"01/01/2026";"31/12/2026";"No informa";"Sin observaciones";
"2026";"Julio";"Médicos cirujanos, farmacéuticos, químico-farmacéuticos, bioquímicos, cirujano-dentistas";"CASTRO MOROCHO, LUIS VLADIMIR";"Medicina Familiar";"11 Hrs.";"MEDICO CIRUJANO";"Región Metropolitana de Santiago";"(188)(86)(186)";"$ 1.726.514";"$ 1.557.048";"$ 0";-;"No";"No tiene";"No tiene";"No tiene";"01/01/2026";"31/12/2026";"No informa";"Sin observaciones";
"2026";"Julio";"Auxiliar";"CASTRO MUÑOZ, CLAUDIO ANDRES";"CONDUCTOR";"24";"AUXILIAR";"Región Metropolitana de Santiago";"(205)(202)";"$ 896.718";"$ 705.802";"$ 0";"$ 0";"No";"No tiene";"No tiene";"No tiene";"01/01/2026";"31/08/2026";"No informa";"REMUNERACION JUL.2026";
"2026";"Julio";"Técnico";"CASTRO ORTEGA, LORENA SOLEDAD";"Apoyo Administrativo";"21";"TECNICO AMBIENTAL";"Región Metropolitana de Santiago";"(186)";"$ 736.321";"$ 600.544";"$ 0";-;"No";"No tiene";"No tiene";"No tiene";"01/01/2026";"31/12/2026";"No informa";"Sin observaciones";
"2026";"Julio";"Profesional";"CASTRO ROBLES, LYSSA FRANCESCA";"Atencion Clinica";"15";"NUTRICIONISTA";"Región Metropolitana de Santiago";"(186)";"$ 1.640.298";"$ 1.325.681";"$ 0";-;"No";"No tiene";"No tiene";"No tiene";"01/01/2026";"31/12/2026";"No informa";"Sin observaciones";
"2026";"Julio";"Profesional";"CASTRO TOBAR, CYNDI ELISA";"ATENCION CLINICA";"13";"ENFERMERA (O)";"Región Metropolitana de Santiago";"(203)";"$ 3.288.269";"$ 2.613.626";"$ 0";"$ 0";"Sí";"$ 246.573 : 25,00 hrs";"$ 647.008 : 146,00 hrs";"No tiene";"01/07/2026";"30/09/2026";"No informa";"REMUNERACION JUL.2026";
"2026";"Julio";"Profesional";"CASTRUCCIO ALVAREZ, CAROLINA PAZ";"Apoyo Administrativo";"6";"PSICOLOGO (A)";"Región Metropolitana de Santiago";"(186)";"$ 3.332.409";"$ 2.624.842";"$ 0";-;"No";"No tiene";"No tiene";"No tiene";"01/01/2026";"31/12/2026";"No informa";"Sin observaciones";
"2026";"Julio";"Técnico";"CATALAN GONZALEZ, GABRIELA VALENTINA";"Atencion Clinica";"21";"TECNICO NIVEL SUPERIOR ODONTOLOGIA";"Región Metropolitana de Santiago";"(186)";"$ 753.080";"$ 616.322";"$ 0";-;"No";"No tiene";"No tiene";"No tiene";"01/01/2026";"31/12/2026";"No informa";"Sin observaciones";
"2026";"Julio";"Médicos cirujanos, farmacéuticos, químico-farmacéuticos, bioquímicos, cirujano-dentistas";"CATALAN PEREZ, CLAUDIO RODRIGO";"Imagenologia Oral y Maxilofacial";"22 Hrs.";"CIRUJANO DENTISTA";"Región Metropolitana de Santiago";"(188)(86)(186)";"$ 2.823.936";"$ 2.248.031";"$ 0";-;"No";"No tiene";"No tiene";"No tiene";"01/01/2026";"31/12/2026";"No informa";"Sin observaciones";
"2026";"Julio";"Profesional";"CATRIPIL CARIQUEO, RODRIGO";"Apoyo Administrativo";"12";"ADMINISTRADOR (A) PUBLICO";"Región Metropolitana de Santiago";"(186)";"$ 2.119.224";"$ 1.704.513";"$ 0";-;"No";"No tiene";"No tiene";"No tiene";"01/01/2026";"31/12/2026";"No informa";"Sin observaciones";
"2026";"Julio";"Administrativo";"CAVIERES SAGREDO, DANIELA ALEJANDRA";"Apoyo Administrativo";"22";"ADMINISTRATIVO";"Región Metropolitana de Santiago";"(186)";"$ 700.605";"$ 577.439";"$ 0";-;"No";"No tiene";"No tiene";"No tiene";"01/01/2026";"31/12/2026";"No informa";"Sin observaciones";
"2026";"Julio";"Médicos cirujanos, farmacéuticos, químico-farmacéuticos, bioquímicos, cirujano-dentistas";"CEA VILLANUEVA, MICHELLE";"Medico Becario Primario";"44 Hrs.";"MEDICO CIRUJANO";"Región Metropolitana de Santiago";"(01)";"$ 2.916.243";"$ 2.386.654";"$ 0";-;"No";"No tiene";"No tiene";"No tiene";"06/05/2025";"05/05/2027";"No informa";"Sin observaciones";
"2026";"Julio";"Médicos cirujanos, farmacéuticos, químico-farmacéuticos, bioquímicos, cirujano-dentistas";"CELEDON AGUERO, NATALIA VANESA";"Atencion Clinica Medica";"22 Hrs.";"MEDICO CIRUJANO";"Región Metropolitana de Santiago";"(188)(186)";"$ 1.305.878";"$ 1.067.293";"$ 0";-;"No";"No tiene";"No tiene";"No tiene";"01/01/2026";"31/12/2026";"No informa";"Sin observaciones";
"2026";"Julio";"Médicos cirujanos, farmacéuticos, químico-farmacéuticos, bioquímicos, cirujano-dentistas";"CELEDON AGUERO, NATALIA VANESA";"Atencion Clinica Medica";"22 Hrs.";"MEDICO CIRUJANO";"Región Metropolitana de Santiago";"(188)(186)";"$ 1.305.878";"$ 1.020.600";"$ 0";-;"No";"No tiene";"No tiene";"No tiene";"01/01/2026";"31/12/2026";"No informa";"Sin observaciones";
"2026";"Julio";"Profesional";"CERDA MUÑOZ, MAURICIO ANGELO";"Apoyo Administrativo";"11";"CONTADOR (A) AUDITOR (A)";"Región Metropolitana de Santiago";"(186)";"$ 2.249.629";"$ 1.800.096";"$ 0";-;"No";"No tiene";"No tiene";"No tiene";"01/01/2026";"31/12/2026";"No informa";"Sin observaciones";
"2026";"Julio";"Profesional";"CERON PEREDA, FELIPE IGNACIO";"ATENCION CLINICA";"13";"ENFERMERA (O)";"Región Metropolitana de Santiago";"(203)(204)";"$ 3.595.303";"$ 2.990.326";"$ 0";"$ 0";"Sí";"$ 345.202 : 35,00 hrs";"$ 781.143 : 66,00 hrs";"No tiene";"01/01/2026";"31/12/2026";"No informa";"REMUNERACION JUL.2026";
"2026";"Julio";"Médicos cirujanos, farmacéuticos, químico-farmacéuticos, bioquímicos, cirujano-dentistas";"CHAVEZ GARATE, TOMAS IGNACIO";"Quimico Farmaceutico";"44 Hrs.";"QUIMICO FARMACEUTICO";"Región Metropolitana de Santiago";"(186)";"$ 4.198.221";"$ 3.372.871";"$ 0";-;"No";"No tiene";"No tiene";"No tiene";"01/01/2026";"31/12/2026";"No informa";"Sin observaciones";
"2026";"Julio";"Profesional";"CHAVEZ RAMIREZ, PABLO ANDRES";"Apoyo Administrativo";"12";"ASISTENTE SOCIAL";"Región Metropolitana de Santiago";"(01)";"$ 1.971.427";"$ 1.598.546";"$ 0";-;"No";"No tiene";"No tiene";"No tiene";"01/01/2026";"31/12/2026";"No informa";"Sin observaciones";
"2026";"Julio";"Médicos cirujanos, farmacéuticos, químico-farmacéuticos, bioquímicos, cirujano-dentistas";"CHAVEZ VARGAS, JAVIERA IGNACIA";"Atencion Clinica Medica";"44 Hrs.";"MEDICO CIRUJANO";"Región Metropolitana de Santiago";"(86)";"$ 3.049.448";"$ 2.436.956";"$ 0";-;"No";"No tiene";"No tiene";"No tiene";"01/01/2026";"31/12/2026";"No informa";"Sin observaciones";
"2026";"Julio";"Técnico";"CHERY , WILMENE";"Atencion Clinica";"22";"TECNICO NIVEL SUPERIOR ENFERMERIA";"Región Metropolitana de Santiago";"(186)";"$ 753.752";"$ 616.870";"$ 0";-;"No";"No tiene";"No tiene";"No tiene";"01/01/2026";"30/09/2026";"No informa";"Sin observaciones";
"2026";"Julio";"Profesional";"CHIAPPE VASQUEZ, NELLY ANDREA";"Atencion Clinica";"12";"ENFERMERA (O)";"Región Metropolitana de Santiago";"(01)";"$ 2.064.201";"$ 1.658.280";"$ 0";-;"No";"No tiene";"No tiene";"No tiene";"01/01/2026";"31/12/2026";"No informa";"Sin observaciones";
"2026";"Julio";"Auxiliar";"CHIPLE CABELLO, JUAN EVARISTO";"CONDUCTOR";"24";"AUXILIAR";"Región Metropolitana de Santiago";"(205)(202)(204)(186)";"$ 1.054.919";"$ 731.358";"$ 0";"$ 0";"Sí";"$ 41.928 : 14,00 hrs";"$ 35.938 : 10,00 hrs";"No tiene";"01/01/2026";"31/12/2026";"No informa";"CANCELA DIFERENCIAS DE ASIGNACIÓN FAMILIAR.+REMUNERACION JUL.2026";
"2026";"Julio";"Profesional";"CID ASTUDILLO, TIMOTEO ESTEBAN";"Apoyo Administrativo";"8";"KINESIOLOGO (A)";"Región Metropolitana de Santiago";"(186)";"$ 2.843.913";"$ 2.267.713";"$ 0";-;"No";"No tiene";"No tiene";"No tiene";"01/01/2026";"31/12/2026";"No informa";"Sin observaciones";
"2026";"Julio";"Profesional";"CID CIFUENTES, GONZALO ANDRES";"Atencion Clinica";"15";"KINESIOLOGO (A)";"Región Metropolitana de Santiago";"(186)";"$ 1.884.655";"$ 1.558.221";"$ 0";-;"Sí";"$ 153.667 : 18,00 hrs";"$ 81.955 : 8,00 hrs";"No tiene";"01/01/2026";"31/12/2026";"No informa";"Sin observaciones";
"2026";"Julio";"Profesional";"CIFUENTES BOYD, MARIO ANTONIO";"ATENCION CLINICA";"9";"KINESIOLOGO (A)";"Región Metropolitana de Santiago";"(203)(201)(204)(186)";"$ 3.814.336";"$ 2.686.059";"$ 0";"$ 0";"No";"No tiene";"No tiene";"No tiene";"01/01/2026";"31/12/2026";"No informa";"REMUNERACION JUL.2026";
"2026";"Julio";"Profesional";"CIFUENTES CID, ROLANDO ANDRES";"Apoyo Administrativo";"12";"INGENIERO (A) EJECUCION EN INFORMATICA";"Región Metropolitana de Santiago";"(01)";"$ 1.971.427";"$ 1.582.270";"$ 0";-;"No";"No tiene";"No tiene";"No tiene";"01/01/2026";"31/07/2026";"No informa";"Contrato por reemplazo";
"2026";"Julio";"Médicos cirujanos, farmacéuticos, químico-farmacéuticos, bioquímicos, cirujano-dentistas";"CISTERNA CORTES, MATIAS IGNACIO";"Medico Becario Primario";"44 Hrs.";"MEDICO CIRUJANO";"Región Metropolitana de Santiago";"(01)";"$ 2.916.243";"$ 2.407.067";"$ 0";-;"No";"No tiene";"No tiene";"No tiene";"07/04/2025";"06/04/2027";"No informa";"Sin observaciones";
"2026";"Julio";"Médicos cirujanos, farmacéuticos, químico-farmacéuticos, bioquímicos, cirujano-dentistas";"CISTERNA GRANIFO, LUIS EDUARDO";"Medico General Especialidad Basica";"22 Hrs.";"MEDICO CIRUJANO";"Región Metropolitana de Santiago";"(86)(186)";"$ 3.008.560";"$ 2.385.887";"$ 0";-;"No";"No tiene";"No tiene";"No tiene";"01/01/2026";"31/12/2026";"No informa";"Sin observaciones";
"2026";"Julio";"Profesional";"CISTERNA MATAMALA, DANIELA IVANIA";"Atencion Clinica";"15";"TERAPEUTA OCUPACIONAL";"Región Metropolitana de Santiago";"(186)";"$ 1.611.324";"$ 1.330.564";"$ 0";-;"Sí";"$ 50.002 : 6,00 hrs";"$ 40.002 : 4,00 hrs";"No tiene";"01/01/2026";"31/12/2026";"No informa";"Sin observaciones";
"2026";"Julio";"Técnico";"CISTERNA RIVERA, CAROLINA AYESHA";"Atencion Clinica";"20";"TECNICO NIVEL SUPERIOR ENFERMERIA";"Región Metropolitana de Santiago";"(01)";"$ 760.037";"$ 619.811";"$ 0";-;"No";"No tiene";"No tiene";"No tiene";"01/01/2026";"31/12/2026";"No informa";"Sin observaciones";
"2026";"Julio";"Profesional";"CISTERNAS ESPINOZA, CLAUDIA MARINA";"Apoyo Administrativo";"7";"ASISTENTE SOCIAL";"Región Metropolitana de Santiago";"(01)";"$ 3.132.698";"$ 2.500.081";"$ 0";-;"No";"No tiene";"No tiene";"No tiene";"01/01/2026";"31/12/2026";"No informa";"Sin observaciones";
"2026";"Julio";"Administrativo";"CISTERNAS SANCHEZ, NATALIE ANDREA";"Apoyo Administrativo";"22";"ADMINISTRATIVO";"Región Metropolitana de Santiago";"(186)";"$ 709.962";"$ 580.252";"$ 0";-;"No";"No tiene";"No tiene";"No tiene";"01/01/2026";"31/12/2026";"No informa";"Sin observaciones";
"2026";"Julio";"Administrativo";"COFRE ALVAREZ, NADIA ANDREA";"Apoyo Administrativo";"21";"ADMINISTRATIVO";"Región Metropolitana de Santiago";"(186)";"$ 825.522";"$ 697.605";"$ 0";-;"Sí";"$ 97.887 : 26,00 hrs";"No tiene";"No tiene";"01/01/2026";"31/12/2026";"No informa";"Sin observaciones";
"2026";"Julio";"Auxiliar";"COFRE ROJAS, RENE ALEJANDRO";"CONDUCTOR";"22";"TECNICO NIVEL SUPERIOR ENFERMERIA";"Región Metropolitana de Santiago";"(205)(202)(204)";"$ 1.150.314";"$ 889.773";"$ 0";"$ 0";"No";"No tiene";"No tiene";"No tiene";"01/01/2026";"31/12/2026";"No informa";"REMUNERACION JUL.2026";
"2026";"Julio";"Profesional";"COLLANTES ESCUDERO, PABLO ANDRES";"Atencion Clinica";"15";"KINESIOLOGO (A)";"Región Metropolitana de Santiago";"(186)";"$ 1.646.325";"$ 1.353.942";"$ 0";-;"Sí";"$ 125.005 : 15,00 hrs";"No tiene";"No tiene";"01/01/2026";"31/12/2026";"No informa";"Sin observaciones";
"2026";"Julio";"Médicos cirujanos, farmacéuticos, químico-farmacéuticos, bioquímicos, cirujano-dentistas";"COLLAO CHAVEZ, JAVIERA ANDREA";"Atencion Clinica Medica";"44 Hrs.";"MEDICO CIRUJANO";"Región Metropolitana de Santiago";"(86)";"$ 3.049.448";"$ 2.441.907";"$ 0";-;"No";"No tiene";"No tiene";"No tiene";"01/01/2026";"31/12/2026";"No informa";"Sin observaciones";
"2026";"Julio";"Profesional";"COLLAO COLLAO, JOSE GABRIEL";"ATENCION CLINICA";"13";"ENFERMERA (O)";"Región Metropolitana de Santiago";"(203)(204)(186)";"$ 3.303.862";"$ 2.175.379";"$ 0";"$ 0";"Sí";"$ 404.004 : 40,00 hrs";"$ 375.724 : 31,00 hrs";"No tiene";"01/01/2026";"31/12/2026";"No informa";"REMUNERACION JUL.2026";
"2026";"Julio";"Médicos cirujanos, farmacéuticos, químico-farmacéuticos, bioquímicos, cirujano-dentistas";"COLMENAREZ , BLANCA CRISTINA";"Psiquiatria Adultos";"22 Hrs.";"MEDICO CIRUJANO";"Región Metropolitana de Santiago";"(86)(186)";"$ 3.476.677";"$ 3.099.314";"$ 0";-;"No";"No tiene";"No tiene";"No tiene";"01/01/2026";"09/08/2026";"No informa";"Sin observaciones";
"2026";"Julio";"Técnico";"CONCHA HERNANDEZ, DANIELA VIVIANA";"Atencion Clinica";"20";"TECNICO NIVEL SUPERIOR ENFERMERIA";"Región Metropolitana de Santiago";"(186)";"$ 767.886";"$ 627.593";"$ 0";-;"No";"No tiene";"No tiene";"No tiene";"01/01/2026";"31/12/2026";"No informa";"Sin observaciones";
"2026";"Julio";"Profesional";"CONCHA HERRERA, MYRIAM ANDREA";"JEFE DE DEPARTAMENTO";"6";"ADMINISTRADOR (A) PUBLICO";"Región Metropolitana de Santiago";"(186)";"$ 3.385.037";"$ 2.605.940";"$ 0";"$ 0";"No";"No tiene";"No tiene";"No tiene";"01/01/2026";"31/12/2026";"No informa";"REMUNERACION JUL.2026";
"2026";"Julio";"Administrativo";"CONCHA VALLEJOS, MARIA TERESA";"Apoyo Administrativo";"22";"ADMINISTRATIVO";"Región Metropolitana de Santiago";"(186)";"$ 705.283";"$ 576.428";"$ 0";-;"No";"No tiene";"No tiene";"No tiene";"01/01/2026";"31/12/2026";"No informa";"Sin observaciones";
"2026";"Julio";"Profesional";"CONCHA VEGA, MAURICIO ALEXIS";"ATENCION CLINICA";"12";"ENFERMERA (O)";"Región Metropolitana de Santiago";"(203)(204)";"$ 4.179.276";"$ 2.837.744";"$ 0";"$ 0";"Sí";"$ 364.165 : 34,00 hrs";"$ 1.118.201 : 87,00 hrs";"No tiene";"01/01/2026";"31/12/2026";"No informa";"REMUNERACION JUL.2026";
"2026";"Julio";"Médicos cirujanos, farmacéuticos, químico-farmacéuticos, bioquímicos, cirujano-dentistas";"CONDORI ALVAREZ, EDWIN FERNANDO";"Atencion Clinica Medica";"44 Hrs.";"MEDICO CIRUJANO";"Región Metropolitana de Santiago";"(01)";"$ 1.955.378";"$ 1.588.101";"$ 0";-;"No";"No tiene";"No tiene";"No tiene";"21/04/2026";"31/08/2026";"No informa";"CONTRATO POR REEMPLAZO";
"2026";"Julio";"Profesional";"CONEJERA ROJAS, CLAUDIO RODRIGO";"Apoyo Administrativo";"10";"ABOGADO (A)";"Región Metropolitana de Santiago";"(01)";"$ 2.333.878";"$ 1.869.870";"$ 0";-;"No";"No tiene";"No tiene";"No tiene";"01/01/2026";"31/12/2026";"No informa";"Sin observaciones";
"2026";"Julio";"Médicos cirujanos, farmacéuticos, químico-farmacéuticos, bioquímicos, cirujano-dentistas";"CONEJEROS DE LA CRUZ, MELINCKA ISIDORA";"Atencion Odontologica";"22 Hrs.";"CIRUJANO DENTISTA";"Región Metropolitana de Santiago";"(188)(186)";"$ 1.415.281";"$ 1.158.505";"$ 0";-;"No";"No tiene";"No tiene";"No tiene";"01/01/2026";"31/12/2026";"No informa";"Sin observaciones";
"2026";"Julio";"Médicos cirujanos, farmacéuticos, químico-farmacéuticos, bioquímicos, cirujano-dentistas";"CONEJEROS ZAPATA, MARCELO ESTEBAN";"Atencion Clinica Medica";"44 Hrs.";"MEDICO CIRUJANO";"Región Metropolitana de Santiago";"(86)(186)";"$ 3.701.597";"$ 2.906.507";"$ 0";-;"No";"No tiene";"No tiene";"No tiene";"01/01/2026";"31/12/2026";"No informa";"Sin observaciones";
"2026";"Julio";"Profesional";"CONTRERAS AGUILERA, DEYANIRA MARIBEL";"Atencion Clinica";"14";"NUTRICIONISTA";"Región Metropolitana de Santiago";"(01)";"$ 1.740.393";"$ 1.406.054";"$ 0";-;"No";"No tiene";"No tiene";"No tiene";"01/01/2026";"30/09/2026";"No informa";"Sin observaciones";
"2026";"Julio";"Profesional";"CONTRERAS ANCAO, ANDRES ALEJANDRO";"Apoyo Administrativo";"12";"INGENIERO (A) CIVIL";"Región Metropolitana de Santiago";"(01)";"$ 1.971.427";"$ 1.582.357";"$ 0";-;"No";"No tiene";"No tiene";"No tiene";"01/04/2026";"02/08/2026";"No informa";"Contrato por reemplazo";
"2026";"Julio";"Profesional";"CONTRERAS ARREDONDO, MACARENA ANDREA";"Atencion Clinica";"16";"TERAPEUTA OCUPACIONAL";"Región Metropolitana de Santiago";"(01)";"$ 1.573.955";"$ 1.315.316";"$ 0";-;"Sí";"$ 121.465 : 16,00 hrs";"$ 63.770 : 7,00 hrs";"No tiene";"01/01/2026";"31/12/2026";"No informa";"Sin observaciones";
"2026";"Julio";"Técnico";"CONTRERAS BASCUÑAN, NICOLE MONSERRAT";"Atencion Clinica";"20";"TECNICO NIVEL SUPERIOR ENFERMERIA";"Región Metropolitana de Santiago";"(01)";"$ 760.037";"$ 627.335";"$ 0";-;"No";"No tiene";"No tiene";"No tiene";"01/01/2026";"30/09/2026";"No informa";"Sin observaciones";
"2026";"Julio";"Técnico";"CONTRERAS CIFUENTES, DIANA VALERIA";"Atencion Clinica";"21";"TECNICO NIVEL SUPERIOR ENFERMERIA";"Región Metropolitana de Santiago";"(186)";"$ 753.080";"$ 614.137";"$ 0";-;"No";"No tiene";"No tiene";"No tiene";"01/01/2026";"31/12/2026";"No informa";"Sin observaciones";
"2026";"Julio";"Técnico";"CONTRERAS DIAZ, ROCIO CONCEPCION";"Atencion Clinica";"21";"TECNICO NIVEL SUPERIOR ENFERMERIA";"Región Metropolitana de Santiago";"(186)";"$ 755.939";"$ 618.660";"$ 0";-;"No";"No tiene";"No tiene";"No tiene";"01/01/2026";"31/12/2026";"No informa";"Sin observaciones";
"2026";"Julio";"Técnico";"CONTRERAS GONZALEZ, CAMILA ANDREA";"Atencion Clinica";"21";"TECNICO NIVEL SUPERIOR ENFERMERIA";"Región Metropolitana de Santiago";"(186)";"$ 753.080";"$ 616.322";"$ 0";-;"No";"No tiene";"No tiene";"No tiene";"01/01/2026";"31/12/2026";"No informa";"Sin observaciones";
"2026";"Julio";"Técnico";"CONTRERAS GUAJARDO, DANIELA CAROLINA";"ATENCION CLINICA";"22";"TECNICO NIVEL SUPERIOR ENFERMERIA";"Región Metropolitana de Santiago";"(203)(204)(186)";"$ 1.034.832";"$ 854.350";"$ 0";"$ 0";"Sí";"$ 14.082 : 4,00 hrs";"$ 84.494 : 20,00 hrs";"No tiene";"01/01/2026";"31/12/2026";"No informa";"CANCELA DIFERENCIAS DE ASIGNACIÓN FAMILIAR.+REMUNERACION JUL.2026";
"2026";"Julio";"Auxiliar";"CONTRERAS GUZMAN, FERNANDO PATRICIO";"CONDUCTOR";"24";"AUXILIAR";"Región Metropolitana de Santiago";"(205)(203)(204)(186)";"$ 873.277";"$ 567.548";"$ 0";"$ 0";"Sí";"$ 35.760 : 12,00 hrs";"No tiene";"No tiene";"01/01/2026";"31/12/2026";"No informa";"REMUNERACION JUL.2026+REGULARIZA PAGO HHEE MES(ES) ANTERIOR(ES)";
"2026";"Julio";"Administrativo";"CONTRERAS LOPEZ, GLADYS VIOLETA";"Apoyo Administrativo";"15";"INGENIERO (A) EJECUCION EN ADMINISTRACION DE EMPRESAS MENCION RECURSOS HUMANOS";"Región Metropolitana de Santiago";"(186)";"$ 1.595.467";"$ 1.300.838";"$ 0";-;"Sí";"$ 49.601 : 6,00 hrs";"No tiene";"No tiene";"01/01/2026";"31/12/2026";"No informa";"Sin observaciones";
"2026";"Julio";"Médicos cirujanos, farmacéuticos, químico-farmacéuticos, bioquímicos, cirujano-dentistas";"CONTRERAS MARAMBIO, JULIO CESAR ENRIQUE";"Atencion Clinica Medica";"44 Hrs.";"MEDICO CIRUJANO";"Región Metropolitana de Santiago";"(86)";"$ 3.049.448";"$ 2.440.323";"$ 0";-;"No";"No tiene";"No tiene";"No tiene";"01/01/2026";"31/12/2026";"No informa";"Sin observaciones";
"2026";"Julio";"Auxiliar";"CONTRERAS MUÑOZ, PEDRO CRISTIAN";"CONDUCTOR";"22";"TECNICO NIVEL SUPERIOR ENFERMERIA";"Región Metropolitana de Santiago";"(205)(202)(204)";"$ 1.538.185";"$ 1.268.581";"$ 0";"$ 0";"Sí";"$ 96.852 : 28,00 hrs";"$ 282.255 : 68,00 hrs";"No tiene";"01/01/2026";"31/12/2026";"No informa";"CANCELA DIFERENCIAS DE ASIGNACIÓN FAMILIAR.+REMUNERACION JUL.2026";
"2026";"Julio";"Técnico";"CONTRERAS PEÑA, GLORIA CAROLINA";"Atencion Clinica";"22";"TECNICO NIVEL SUPERIOR ENFERMERIA";"Región Metropolitana de Santiago";"(186)";"$ 753.752";"$ 616.870";"$ 0";-;"No";"No tiene";"No tiene";"No tiene";"01/01/2026";"31/12/2026";"No informa";"Sin observaciones";
"2026";"Julio";"Administrativo";"CONTRERAS PEÑALOZA, PAOLA ALEJANDRA";"ADMINISTRATIVO";"21";"ADMINISTRATIVO";"Región Metropolitana de Santiago";"(01)";"$ 721.975";"$ 595.052";"$ 0";-;"No";"No tiene";"No tiene";"No tiene";"01/01/2026";"31/12/2026";"No informa";"Sin observaciones";
"2026";"Julio";"Profesional";"CONTRERAS PINO, TAMARA ELIZABETH";"Atencion Clinica";"15";"ENFERMERA (O)";"Región Metropolitana de Santiago";"(186)";"$ 1.671.326";"$ 1.386.413";"$ 0";-;"Sí";"$ 150.006 : 18,00 hrs";"No tiene";"No tiene";"01/01/2026";"31/12/2026";"No informa";"Sin observaciones";
"2026";"Julio";"Profesional";"CONTRERAS SANTA MARIA, NICOLE ELIZABETH";"Atencion Clinica";"15";"ENFERMERA (O)";"Región Metropolitana de Santiago";"(186)";"$ 1.661.326";"$ 1.364.108";"$ 0";-;"Sí";"$ 100.004 : 12,00 hrs";"$ 40.002 : 4,00 hrs";"No tiene";"01/01/2026";"31/12/2026";"No informa";"Sin observaciones";
"2026";"Julio";"Médicos cirujanos, farmacéuticos, químico-farmacéuticos, bioquímicos, cirujano-dentistas";"CONTRERAS VERA, PABLO RENAN";"Atencion Odontologica";"11 Hrs.";"CIRUJANO DENTISTA";"Región Metropolitana de Santiago";"(86)(186)";"$ 1.647.877";"$ 1.479.973";"$ 0";-;"No";"No tiene";"No tiene";"No tiene";"01/01/2026";"31/12/2026";"No informa";"Sin observaciones";
"2026";"Julio";"Profesional";"CORDERO ACEVEDO, NATALIA IRINA";"Atencion Clinica";"13";"NUTRICIONISTA";"Región Metropolitana de Santiago";"(01)";"$ 1.873.925";"$ 1.534.716";"$ 0";-;"Sí";"$ 78.903 : 8,00 hrs";"No tiene";"No tiene";"01/01/2026";"31/12/2026";"No informa";"Sin observaciones";
"2026";"Julio";"Administrativo";"CORDERO MORALES, JOAQUIN OSVALDO";"APOYO ADMINISTRATIVO";"22";"ADMINISTRATIVO";"Región Metropolitana de Santiago";"(186)";"$ 721.728";"$ 580.333";"$ 0";"$ 0";"Sí";"$ 21.123 : 6,00 hrs";"No tiene";"No tiene";"01/01/2026";"31/12/2026";"No informa";"PAGO BONO MENSUAL+REMUNERACION JUL.2026";
"2026";"Julio";"Profesional";"CORDOVA DIAZ, HORTENSIA ISOLINA";"Atencion Clinica";"15";"KINESIOLOGO (A)";"Región Metropolitana de Santiago";"(186)";"$ 2.137.686";"$ 1.802.043";"$ 0";-;"Sí";"$ 303.672 : 36,00 hrs";"$ 202.449 : 20,00 hrs";"No tiene";"01/01/2026";"31/12/2026";"No informa";"Sin observaciones";
"2026";"Julio";"Profesional";"CORDOVA FARIAS, CAROLINE ANDREA";"Atencion Clinica";"15";"KINESIOLOGO (A)";"Región Metropolitana de Santiago";"(186)";"$ 1.622.830";"$ 1.280.738";"$ 0";-;"No";"No tiene";"No tiene";"No tiene";"01/01/2026";"31/12/2026";"No informa";"Sin observaciones";
"2026";"Julio";"Técnico";"CORDOVEZ URREJOLA, ROXANA JOSELYNNE";"ATENCION CLINICA";"21";"TECNICO NIVEL SUPERIOR ENFERMERIA";"Región Metropolitana de Santiago";"(203)(204)(186)";"$ 1.441.341";"$ 1.016.602";"$ 0";"$ 0";"Sí";"$ 112.046 : 29,00 hrs";"$ 306.003 : 66,00 hrs";"No tiene";"01/01/2026";"31/12/2026";"No informa";"REMUNERACION JUL.2026";
"2026";"Julio";"Profesional";"CORNEJO MANAUT, DIEGO FELIPE";"Atencion Clinica";"15";"PSICOLOGO (A)";"Región Metropolitana de Santiago";"(01)";"$ 1.512.586";"$ 1.227.074";"$ 0";-;"No";"No tiene";"No tiene";"No tiene";"01/01/2026";"31/12/2026";"No informa";"Sin observaciones";
"2026";"Julio";"Profesional";"CORNEJO ROJAS, JOCELYN DANIELA";"Atencion Clinica";"16";"ENFERMERA (O)";"Región Metropolitana de Santiago";"(01)";"$ 1.388.719";"$ 1.137.489";"$ 0";-;"No";"No tiene";"No tiene";"No tiene";"01/01/2026";"05/08/2026";"No informa";"CONTRATO POR REEMPLAZO";
"2026";"Julio";"Técnico";"CORONA OBANDO, TATIANA IGNACIA";"Atencion Clinica";"22";"TECNICO NIVEL SUPERIOR ENFERMERIA";"Región Metropolitana de Santiago";"(186)";"$ 753.752";"$ 621.242";"$ 0";-;"No";"No tiene";"No tiene";"No tiene";"01/01/2026";"31/12/2026";"No informa";"Sin observaciones";
"2026";"Julio";"Técnico";"CORONADO ALARCON, CRISTIAN ALFREDO";"ATENCION CLINICA";"22";"TECNICO NIVEL SUPERIOR ENFERMERIA";"Región Metropolitana de Santiago";"(202)(204)(186)";"$ 1.396.219";"$ 1.056.268";"$ 0";"$ 0";"Sí";"$ 56.822 : 16,00 hrs";"$ 238.651 : 56,00 hrs";"No tiene";"01/01/2026";"31/12/2026";"No informa";"REMUNERACION JUL.2026";
"2026";"Julio";"Administrativo";"CORREA CORTEZ, STEPHANIE ESPERANZA";"Apoyo Administrativo";"18";"RELACIONADOR (A) PUBLICO";"Región Metropolitana de Santiago";"(01)";"$ 1.162.268";"$ 949.921";"$ 0";-;"No";"No tiene";"No tiene";"No tiene";"01/01/2026";"30/09/2026";"No informa";"Sin observaciones";
"2026";"Julio";"Técnico";"CORREA DONOSO, PIA DANIELA";"Atencion Clinica";"22";"TECNICO NIVEL SUPERIOR ENFERMERIA";"Región Metropolitana de Santiago";"(186)";"$ 755.088";"$ 617.964";"$ 0";-;"No";"No tiene";"No tiene";"No tiene";"01/01/2026";"31/12/2026";"No informa";"Sin observaciones";
"2026";"Julio";"Administrativo";"CORREA PAREDES, DANITZA JAVIERA";"Apoyo Administrativo";"22";"ADMINISTRATIVO";"Región Metropolitana de Santiago";"(186)";"$ 769.212";"$ 642.067";"$ 0";-;"Sí";"$ 73.286 : 21,00 hrs";"No tiene";"No tiene";"01/01/2026";"30/09/2026";"No informa";"Sin observaciones";
"2026";"Julio";"Técnico";"CORREA SOBELL, JAVIERA SCARLETTE";"Atencion Clinica";"21";"TECNICO NIVEL SUPERIOR ENFERMERIA";"Región Metropolitana de Santiago";"(186)";"$ 753.080";"$ 621.592";"$ 0";-;"No";"No tiene";"No tiene";"No tiene";"01/01/2026";"30/09/2026";"No informa";"Sin observaciones";
"2026";"Julio";"Profesional";"CORTES BRAVO, CLAUDIA MELINA";"ATENCION CLINICA";"11";"ENFERMERA (O)";"Región Metropolitana de Santiago";"(203)(204)(186)";"$ 3.791.702";"$ 2.625.351";"$ 0";"$ 0";"Sí";"$ 447.203 : 37,00 hrs";"$ 319.086 : 22,00 hrs";"No tiene";"01/01/2026";"31/12/2026";"No informa";"REMUNERACION JUL.2026";
"2026";"Julio";"Técnico";"CORTES CONEJEROS, FERNANDO IGNACIO";"ATENCION CLINICA";"22";"TECNICO NIVEL SUPERIOR ENFERMERIA";"Región Metropolitana de Santiago";"(202)(204)";"$ 1.266.025";"$ 1.051.851";"$ 0";"$ 0";"Sí";"$ 93.393 : 27,00 hrs";"$ 153.580 : 37,00 hrs";"No tiene";"01/01/2026";"31/12/2026";"No informa";"REMUNERACION JUL.2026";
"2026";"Julio";"Profesional";"CORTES CORTES, SOFIA ESMERALDA";"JEFE DE DEPARTAMENTO";"10";"ENFERMERA (O)";"Región Metropolitana de Santiago";"(203)(204)(186)";"$ 3.250.995";"$ 1.680.256";"$ 0";"$ 0";"No";"No tiene";"No tiene";"No tiene";"01/01/2026";"31/12/2026";"No informa";"REMUNERACION JUL.2026";
"2026";"Julio";"Profesional";"CORTES JARA, FELIPE ANDRES";"Jefe de Departamento";"6";"PSICOLOGO (A)";"Región Metropolitana de Santiago";"(186)";"$ 3.332.409";"$ 2.626.890";"$ 0";-;"No";"No tiene";"No tiene";"No tiene";"01/01/2026";"31/12/2026";"No informa";"Sin observaciones";
"2026";"Julio";"Técnico";"CORTES MEZA, PAULA CRISTINA";"ATENCION CLINICA";"22";"TECNICO NIVEL SUPERIOR ENFERMERIA";"Región Metropolitana de Santiago";"(202)(204)(186)";"$ 1.096.564";"$ 706.608";"$ 0";"$ 0";"No";"No tiene";"No tiene";"No tiene";"01/01/2026";"31/12/2026";"No informa";"REMUNERACION JUL.2026";
"2026";"Julio";"Médicos cirujanos, farmacéuticos, químico-farmacéuticos, bioquímicos, cirujano-dentistas";"CORTES PICAZO, PATRICIO ALEJANDRO";"MEDICO CIRUJANO CON ESPECIALIDAD EN MEDICINA DE URGENCIA";"22 Hrs.";"MEDICO CIRUJANO CON ESPECIALIDAD EN MEDICINA DE URGENCIA";"Región Metropolitana de Santiago";"(186)";"$ 2.796.583";"$ 2.406.687";"$ 0";"$ 0";"No";"No tiene";"No tiene";"No tiene";"01/01/2026";"31/12/2026";"No informa";"REMUNERACION JUL.2026";
"2026";"Julio";"Administrativo";"CORTES SAEZ, VIVIANA JACQUELINE";"Secretaria";"13";"ADMINISTRATIVO";"Región Metropolitana de Santiago";"(186)";"$ 1.066.937";"$ 872.007";"$ 0";-;"No";"No tiene";"No tiene";"No tiene";"01/01/2026";"31/07/2026";"No informa";"Sin observaciones";
"2026";"Julio";"Profesional";"CORTEZ CAVINILICH, NATALIA CATALINA";"Atencion Clinica";"15";"TERAPEUTA OCUPACIONAL";"Región Metropolitana de Santiago";"(01)";"$ 1.512.586";"$ 1.237.239";"$ 0";-;"No";"No tiene";"No tiene";"No tiene";"01/01/2026";"31/07/2026";"No informa";"Sin observaciones";
"2026";"Julio";"Médicos cirujanos, farmacéuticos, químico-farmacéuticos, bioquímicos, cirujano-dentistas";"CORVALAN DAVILA, JOSE MANUEL";"Atencion Clinica Medica";"44 Hrs.";"MEDICO CIRUJANO";"Región Metropolitana de Santiago";"(86)(186)";"$ 5.235.765";"$ 4.273.195";"$ 0";-;"Sí";"$ 525.400 : 40,00 hrs";"$ 1.008.768 : 64,00 hrs";"No tiene";"01/01/2026";"31/12/2026";"No informa";"Sin observaciones";
"2026";"Julio";"Profesional";"CORVALAN VILLARROEL, CLAUDIO ALEJANDRO";"Apoyo Administrativo";"15";"ASISTENTE SOCIAL";"Región Metropolitana de Santiago";"(01)";"$ 1.605.360";"$ 1.295.649";"$ 0";-;"No";"No tiene";"No tiene";"No tiene";"01/01/2026";"31/12/2026";"No informa";"Sin observaciones";
"2026";"Julio";"Técnico";"COSTE HERNANDEZ, KARLA ANDREA";"ATENCION CLINICA";"22";"TECNICO NIVEL SUPERIOR ENFERMERIA";"Región Metropolitana de Santiago";"(203)(204)(186)";"$ 1.306.964";"$ 1.096.866";"$ 0";"$ 0";"Sí";"$ 97.714 : 28,00 hrs";"$ 284.767 : 68,00 hrs";"No tiene";"01/01/2026";"31/12/2026";"No informa";"REMUNERACION JUL.2026";
"2026";"Julio";"Profesional";"CRISOSTOMO NARANJO, PABLO ANDRES";"Apoyo Administrativo";"8";"INGENIERO (A) CIVIL INDUSTRIAL";"Región Metropolitana de Santiago";"(186)";"$ 2.784.029";"$ 2.225.191";"$ 0";-;"No";"No tiene";"No tiene";"No tiene";"01/01/2026";"31/12/2026";"No informa";"Sin observaciones";
"2026";"Julio";"Profesional";"CRUCES ORTIZ, YESSENIA BELEN";"Atencion Clinica";"15";"PSICOLOGO (A)";"Región Metropolitana de Santiago";"(01)";"$ 1.512.586";"$ 1.237.239";"$ 0";-;"No";"No tiene";"No tiene";"No tiene";"01/01/2026";"31/12/2026";"No informa";"Sin observaciones";
"2026";"Julio";"Médicos cirujanos, farmacéuticos, químico-farmacéuticos, bioquímicos, cirujano-dentistas";"CRUZ GONZALEZ, NICOLAS ANTONIO";"Medico Becario Primario";"44 Hrs.";"MEDICO CIRUJANO";"Región Metropolitana de Santiago";"(01)";"$ 2.916.243";"$ 2.407.067";"$ 0";-;"No";"No tiene";"No tiene";"No tiene";"06/04/2026";"05/04/2027";"No informa";"Sin observaciones";
"2026";"Julio";"Profesional";"CRUZ ORTIZ, ROCIO PAULINA";"Atencion Clinica";"12";"ENFERMERA (O)";"Región Metropolitana de Santiago";"(01)";"$ 1.971.427";"$ 1.600.817";"$ 0";-;"No";"No tiene";"No tiene";"No tiene";"01/01/2026";"31/12/2026";"No informa";"Sin observaciones";
"2026";"Julio";"Médicos cirujanos, farmacéuticos, químico-farmacéuticos, bioquímicos, cirujano-dentistas";"CRUZ VERA, GISELLA BERTILDA";"Atencion Clinica Medica";"22 Hrs.";"MEDICO CIRUJANO";"Región Metropolitana de Santiago";"(188)(186)";"$ 2.625.634";"$ 1.993.278";"$ 0";-;"No";"No tiene";"No tiene";"No tiene";"01/01/2026";"31/12/2026";"No informa";"Sin observaciones";
"2026";"Julio";"Médicos cirujanos, farmacéuticos, químico-farmacéuticos, bioquímicos, cirujano-dentistas";"CRUZ VERA, GISELLA BERTILDA";"Atencion Clinica Medica";"22 Hrs.";"MEDICO CIRUJANO";"Región Metropolitana de Santiago";"(188)(186)";"$ 2.625.634";"$ 2.289.828";"$ 0";-;"No";"No tiene";"No tiene";"No tiene";"01/01/2026";"31/12/2026";"No informa";"Sin observaciones";
"2026";"Julio";"Administrativo";"CUADROS GARCIA, MARCELO ALEJANDRO";"Apoyo Administrativo";"16";"CONTADOR (A) AUDITOR (A)";"Región Metropolitana de Santiago";"(186)(186)";"$ 1.496.958";"$ 1.229.676";"$ 0";-;"Sí";"$ 117.298 : 16,00 hrs";"No tiene";"No tiene";"01/01/2026";"31/12/2026";"No informa";"Sin observaciones";
"2026";"Julio";"Administrativo";"CUBILLOS MORAGA, JOAN FELIPE";"APOYO ADMINISTRATIVO";"22";"KINESIOLOGO (A)";"Región Metropolitana de Santiago";"(203)(204)(186)";"$ 1.561.331";"$ 1.309.241";"$ 0";"$ 0";"Sí";"$ 34.897 : 9,00 hrs";"$ 348.967 : 75,00 hrs";"No tiene";"01/01/2026";"31/12/2026";"No informa";"REMUNERACION JUL.2026";
"2026";"Julio";"Auxiliar";"CUELLAR ARANCIBIA, MATIAS EDUARDO";"CONDUCTOR";"24";"AUXILIAR";"Región Metropolitana de Santiago";"(01)";"$ 1.238.317";"$ 1.108.719";"$ 0";"$ 0";"Sí";"$ 116.568 : 40,00 hrs";"$ 494.248 : 198,00 hrs";"No tiene";"01/07/2026";"30/07/2026";"No informa";"PAGO BONO MENSUAL+REEMPLAZO JUL.2026 (01-16)+REEMPLAZO JUL.2026 (17-30)";
"2026";"Julio";"Médicos cirujanos, farmacéuticos, químico-farmacéuticos, bioquímicos, cirujano-dentistas";"CUEVAS GUERRERO, EDUARDO ANDRES";"Atencion Odontologica";"11 Hrs.";"CIRUJANO DENTISTA";"Región Metropolitana de Santiago";"(188)(186)";"$ 1.292.459";"$ 1.065.794";"$ 0";-;"No";"No tiene";"No tiene";"No tiene";"01/01/2026";"31/12/2026";"No informa";"Sin observaciones";
"2026";"Julio";"Médicos cirujanos, farmacéuticos, químico-farmacéuticos, bioquímicos, cirujano-dentistas";"CUEVAS GUERRERO, EDUARDO ANDRES";"Atencion Odontologica";"22 Hrs.";"CIRUJANO DENTISTA";"Región Metropolitana de Santiago";"(188)(186)";"$ 2.537.102";"$ 1.964.189";"$ 0";-;"No";"No tiene";"No tiene";"No tiene";"01/01/2026";"31/12/2026";"No informa";"Sin observaciones";
"2026";"Julio";"Administrativo";"CUEVAS LOBOS, EVA LUISA";"APOYO ADMINISTRATIVO";"22";"ADMINISTRATIVO";"Región Metropolitana de Santiago";"(203)(204)(186)";"$ 892.028";"$ 714.684";"$ 0";"$ 0";"No";"No tiene";"No tiene";"No tiene";"01/01/2026";"31/12/2026";"No informa";"CANCELA DIFERENCIAS DE ASIGNACIÓN FAMILIAR.+REMUNERACION JUL.2026";
"2026";"Julio";"Profesional";"CUEVAS MARTINEZ, GONZALO ANDRES";"Coordinador";"11";"INGENIERO (A) EN GESTION DE RECURSOS HUMANOS";"Región Metropolitana de Santiago";"(186)";"$ 2.379.929";"$ 1.960.073";"$ 0";-;"Sí";"$ 223.074 : 19,00 hrs";"No tiene";"No tiene";"01/01/2026";"31/12/2026";"No informa";"Sin observaciones";
"2026";"Julio";"Médicos cirujanos, farmacéuticos, químico-farmacéuticos, bioquímicos, cirujano-dentistas";"CURRIN ANTIL, VIVIANA ALEJANDRA";"Atencion Odontologica";"22 Hrs.";"CIRUJANO DENTISTA";"Región Metropolitana de Santiago";"(186)";"$ 2.413.659";"$ 1.928.527";"$ 0";-;"No";"No tiene";"No tiene";"No tiene";"01/01/2026";"31/12/2026";"No informa";"Sin observaciones";
"2026";"Julio";"Profesional";"DAMES VERGARA, VICTOR HUGO";"ATENCION CLINICA";"12";"ENFERMERA (O)";"Región Metropolitana de Santiago";"(203)(204)(186)";"$ 2.771.401";"$ 1.986.566";"$ 0";"$ 0";"No";"No tiene";"No tiene";"No tiene";"01/01/2026";"31/12/2026";"No informa";"REMUNERACION JUL.2026";
"2026";"Julio";"Técnico";"DANIELS MUÑOZ, MONICA ALEJANDRA";"Apoyo Administrativo";"14";"ADMINISTRADOR (A) PUBLICO";"Región Metropolitana de Santiago";"(186)";"$ 1.896.382";"$ 1.562.927";"$ 0";-;"Sí";"$ 179.555 : 20,00 hrs";"$ 43.093 : 4,00 hrs";"No tiene";"01/01/2026";"31/12/2026";"No informa";"Sin observaciones";
"2026";"Julio";"Profesional";"D?AQUIN LEMA, ELISA MARIA";"Apoyo Administrativo";"15";"ABOGADO (A)";"Región Metropolitana de Santiago";"(01)";"$ 1.058.811";"$ 873.942";"$ 0";-;"No";"No tiene";"No tiene";"No tiene";"25/04/2026";"21/07/2026";"No informa";"CONTRATO POR REEMPLAZO";
"2026";"Julio";"Médicos cirujanos, farmacéuticos, químico-farmacéuticos, bioquímicos, cirujano-dentistas";"DE LA FUENTE BASTIAS, OSCAR BALDEMAR";"Atencion Clinica Medica";"44 Hrs.";"MEDICO CIRUJANO";"Región Metropolitana de Santiago";"(188)(186)";"$ 5.182.884";"$ 4.223.955";"$ 0";-;"No";"No tiene";"No tiene";"No tiene";"01/01/2026";"31/12/2026";"No informa";"Sin observaciones";
"2026";"Julio";"Auxiliar";"DE LA FUENTE NUÑEZ, ISRAEL ISAIAS";"Apoyo Logistico";"23";"AUXILIAR";"Región Metropolitana de Santiago";"(186)";"$ 631.874";"$ 520.791";"$ 0";-;"No";"No tiene";"No tiene";"No tiene";"01/01/2026";"31/12/2026";"No informa";"Sin observaciones";
"2026";"Julio";"Técnico";"DEL CANTO ARAYA, ANGELINA BEATRIZ";"Atencion Clinica";"21";"TECNICO NIVEL SUPERIOR ENFERMERIA";"Región Metropolitana de Santiago";"(01)";"$ 731.315";"$ 597.704";"$ 0";-;"No";"No tiene";"No tiene";"No tiene";"01/01/2026";"31/12/2026";"No informa";"Sin observaciones";
"2026";"Julio";"Médicos cirujanos, farmacéuticos, químico-farmacéuticos, bioquímicos, cirujano-dentistas";"DELGADO DIOCARES, PAOLA VANESSA";"Atencion Odontologica";"44 Hrs.";"CIRUJANO DENTISTA";"Región Metropolitana de Santiago";"(188)(186)";"$ 5.196.559";"$ 4.235.784";"$ 0";-;"No";"No tiene";"No tiene";"No tiene";"01/01/2026";"31/12/2026";"No informa";"Sin observaciones";
"2026";"Julio";"Médicos cirujanos, farmacéuticos, químico-farmacéuticos, bioquímicos, cirujano-dentistas";"DELGADO FLORES, JOSE MANUEL";"Medico Becario Primario";"44 Hrs.";"MEDICO CIRUJANO";"Región Metropolitana de Santiago";"(01)";"$ 2.916.243";"$ 2.403.568";"$ 0";-;"No";"No tiene";"No tiene";"No tiene";"06/05/2025";"05/05/2027";"No informa";"Sin observaciones";
"2026";"Julio";"Médicos cirujanos, farmacéuticos, químico-farmacéuticos, bioquímicos, cirujano-dentistas";"DELGADO HENRIQUEZ, FELIPE DANIEL";"Atencion Odontologica";"44 Hrs.";"CIRUJANO DENTISTA";"Región Metropolitana de Santiago";"(186)";"$ 4.239.249";"$ 3.410.617";"$ 0";-;"No";"No tiene";"No tiene";"No tiene";"01/02/2026";"31/07/2026";"No informa";"Sin observaciones";
"2026";"Julio";"Médicos cirujanos, farmacéuticos, químico-farmacéuticos, bioquímicos, cirujano-dentistas";"DELGADO VARON, NATALIA";"MEDICO CIRUJANO CON ESPECIALIDAD EN MEDICINA DE URGENCIA";"22 Hrs.";"MEDICO CIRUJANO CON ESPECIALIDAD EN MEDICINA DE URGENCIA";"Región Metropolitana de Santiago";"(86)(186)";"$ 1.893.974";"$ 1.526.718";"$ 0";"$ 0";"No";"No tiene";"No tiene";"No tiene";"01/01/2026";"31/12/2026";"No informa";"REMUNERACION JUL.2026";
"2026";"Julio";"Técnico";"DEL RIO PARRA, CRISTIAN JAVIER";"ATENCION CLINICA";"22";"TECNICO NIVEL SUPERIOR ENFERMERIA";"Región Metropolitana de Santiago";"(202)(204)(186)";"$ 1.092.182";"$ 743.262";"$ 0";"$ 0";"No";"No tiene";"No tiene";"No tiene";"01/01/2026";"31/12/2026";"No informa";"REMUNERACION JUL.2026";
"2026";"Julio";"Administrativo";"DELZO REYES, FRANCO ALEJANDRO";"APOYO ADMINISTRATIVO";"15";"ADMINISTRATIVO";"Región Metropolitana de Santiago";"(186)";"$ 921.728";"$ 655.623";"$ 0";"$ 0";"No";"No tiene";"No tiene";"No tiene";"01/01/2026";"31/12/2026";"No informa";"CANCELA DIFERENCIAS DE ASIGNACIÓN FAMILIAR.+REMUNERACION JUL.2026";
"2026";"Julio";"Profesional";"DIAZ ARAOS, FELIPE ANDRES";"Apoyo Administrativo";"6";"INGENIERO (A) EJECUCION ADMINISTRACION DE EMPRESAS";"Región Metropolitana de Santiago";"(186)";"$ 3.460.268";"$ 2.749.673";"$ 0";-;"No";"No tiene";"No tiene";"No tiene";"01/01/2026";"31/12/2026";"No informa";"Sin observaciones";
"2026";"Julio";"Profesional";"DIAZ ARENAS, ROBERT DAVID";"Apoyo Administrativo";"9";"INGENIERO (A) COMERCIAL";"Región Metropolitana de Santiago";"(186)";"$ 2.558.139";"$ 2.041.406";"$ 0";-;"No";"No tiene";"No tiene";"No tiene";"01/01/2026";"31/12/2026";"No informa";"Sin observaciones";
"2026";"Julio";"Profesional";"DIAZ CONTRERAS, MARIA BELEN";"Atencion Clinica";"15";"ENFERMERA (O)";"Región Metropolitana de Santiago";"(186)";"$ 1.614.094";"$ 1.302.487";"$ 0";-;"No";"No tiene";"No tiene";"No tiene";"01/01/2026";"31/12/2026";"No informa";"Sin observaciones";
"2026";"Julio";"Profesional";"DIAZ DENECKEN, OSCAR ANTONIO";"APOYO LOGISTICO";"12";"INGENIERO (A) EJECUCION MECANICA AUTOMOTRIZ";"Región Metropolitana de Santiago";"(01)";"$ 2.035.691";"$ 1.369.104";"$ 0";"$ 0";"Sí";"$ 64.264 : 6,00 hrs";"No tiene";"No tiene";"01/01/2026";"31/12/2026";"No informa";"REMUNERACION JUL.2026";
"2026";"Julio";"Administrativo";"DIAZ FARIAS, ALEJANDRA";"Apoyo Administrativo";"15";"ADMINISTRATIVO";"Región Metropolitana de Santiago";"(186)";"$ 938.708";"$ 765.516";"$ 0";-;"No";"No tiene";"No tiene";"No tiene";"01/01/2026";"31/12/2026";"No informa";"Sin observaciones";
"2026";"Julio";"Profesional";"DIAZ FONSECA, CATHERINE VALENTINA";"Atencion Clinica";"15";"FONOAUDIOLOGO (A)";"Región Metropolitana de Santiago";"(01)";"$ 1.512.586";"$ 1.235.497";"$ 0";-;"No";"No tiene";"No tiene";"No tiene";"01/01/2026";"31/12/2026";"No informa";"Sin observaciones";
"2026";"Julio";"Profesional";"DIAZ GOMEZ, JOAN JARNETT";"Atencion Clinica";"15";"MATRON (A)";"Región Metropolitana de Santiago";"(186)";"$ 1.631.564";"$ 1.325.336";"$ 0";-;"No";"No tiene";"No tiene";"No tiene";"01/01/2026";"31/12/2026";"No informa";"Sin observaciones";
"2026";"Julio";"Profesional";"DIAZ GUZMAN, EDUARDO ALBERTO";"ENCARGADO (A)";"9";"INGENIERO (A) COMERCIAL";"Región Metropolitana de Santiago";"(186)";"$ 2.692.494";"$ 2.003.943";"$ 0";"$ 0";"No";"No tiene";"No tiene";"No tiene";"01/01/2026";"31/12/2026";"No informa";"REMUNERACION JUL.2026";
"2026";"Julio";"Profesional";"DIAZ JARAQUEMADA, ISABEL MARGARITA";"Atencion Clinica";"15";"PROFESOR (A)";"Región Metropolitana de Santiago";"(186)";"$ 1.631.564";"$ 1.320.667";"$ 0";-;"No";"No tiene";"No tiene";"No tiene";"01/01/2026";"31/12/2026";"No informa";"Sin observaciones";
"2026";"Julio";"Profesional";"DIAZ MOLINA, MANUEL ULISES";"Apoyo Administrativo";"8";"INGENIERO (A) AGRONOMO";"Región Metropolitana de Santiago";"(186)";"$ 2.891.773";"$ 2.301.966";"$ 0";-;"No";"No tiene";"No tiene";"No tiene";"01/01/2026";"31/12/2026";"No informa";"Sin observaciones";
"2026";"Julio";"Técnico";"DIAZ ORTIZ, NAYARETH PAOLA";"Atencion Clinica";"22";"TECNICO NIVEL SUPERIOR ODONTOLOGIA";"Región Metropolitana de Santiago";"(186)";"$ 753.752";"$ 621.242";"$ 0";-;"No";"No tiene";"No tiene";"No tiene";"01/01/2026";"31/12/2026";"No informa";"Sin observaciones";
"2026";"Julio";"Administrativo";"DIAZ ORTIZ, NICOLAS IGNACIO";"Apoyo Administrativo";"21";"ADMINISTRATIVO";"Región Metropolitana de Santiago";"(01)";"$ 804.077";"$ 677.154";"$ 0";-;"Sí";"$ 37.320 : 10,00 hrs";"$ 44.783 : 10,00 hrs";"No tiene";"01/01/2026";"31/12/2026";"No informa";"Sin observaciones";
"2026";"Julio";"Profesional";"DIAZ PERALTA, KATHERINE ANDREA";"Atencion Clinica";"15";"KINESIOLOGO (A)";"Región Metropolitana de Santiago";"(186)";"$ 1.640.298";"$ 1.325.681";"$ 0";-;"No";"No tiene";"No tiene";"No tiene";"01/01/2026";"31/12/2026";"No informa";"Sin observaciones";
"2026";"Julio";"Auxiliar";"DIAZ SILVA, FABIAN ANTONIO";"CONDUCTOR";"24";"AUXILIAR";"Región Metropolitana de Santiago";"(01)";"$ 1.363.632";"$ 1.228.366";"$ 0";"$ 0";"Sí";"$ 87.426 : 30,00 hrs";"$ 648.704 : 245,00 hrs";"No tiene";"01/07/2026";"31/07/2026";"No informa";"PAGO BONO MENSUAL+REEMPLAZO JUL.2026 (01-29)+SUPLENCIA JUL.2026 (30-31)+REGULARIZA PAGO HHEE MES(ES) ANTERIOR(ES)";
"2026";"Julio";"Médicos cirujanos, farmacéuticos, químico-farmacéuticos, bioquímicos, cirujano-dentistas";"DIAZ VALDIVIA, FRANCISCO IGNACIO";"Atencion Clinica Medica";"44 Hrs.";"MEDICO CIRUJANO";"Región Metropolitana de Santiago";"(86)(186)";"$ 3.514.428";"$ 2.767.652";"$ 0";-;"No";"No tiene";"No tiene";"No tiene";"01/01/2026";"31/12/2026";"No informa";"Sin observaciones";
"2026";"Julio";"Técnico";"DIAZ VASQUEZ, VICTOR RICARDO";"ATENCION CLINICA";"22";"TECNICO NIVEL SUPERIOR ENFERMERIA";"Región Metropolitana de Santiago";"(202)(204)(186)";"$ 1.117.875";"$ 755.794";"$ 0";"$ 0";"No";"No tiene";"No tiene";"No tiene";"01/01/2026";"31/12/2026";"No informa";"REMUNERACION JUL.2026";
"2026";"Julio";"Técnico";"DIAZ VERGARA, CARLOS MAURICIO";"Apoyo Administrativo";"12";"TECNICO AUDITOR";"Región Metropolitana de Santiago";"(186)";"$ 1.549.960";"$ 1.325.173";"$ 0";-;"Sí";"$ 257.768 : 40,00 hrs";"$ 154.661 : 20,00 hrs";"No tiene";"01/01/2026";"31/12/2026";"No informa";"Sin observaciones";
"2026";"Julio";"Administrativo";"DIETZOLD PINO, MURIEL CAROLINA";"APOYO ADMINISTRATIVO";"22";"ADMINISTRATIVO";"Región Metropolitana de Santiago";"(203)(204)(186)";"$ 896.640";"$ 607.535";"$ 0";"$ 0";"No";"No tiene";"No tiene";"No tiene";"01/01/2026";"31/12/2026";"No informa";"CANCELA DIFERENCIAS DE ASIGNACIÓN FAMILIAR.+REMUNERACION JUL.2026";
"2026";"Julio";"Técnico";"DINAMARCA DEL POZO, LORETO HORTENCIA";"Atencion Clinica";"22";"TECNICO NIVEL SUPERIOR ENFERMERIA";"Región Metropolitana de Santiago";"(186)";"$ 752.415";"$ 621.044";"$ 0";-;"No";"No tiene";"No tiene";"No tiene";"01/01/2026";"30/09/2026";"No informa";"Sin observaciones";
"2026";"Julio";"Profesional";"DINAMARCA PARADA, NATALIA LORETTO";"Subdirector";"7";"NUTRICIONISTA";"Región Metropolitana de Santiago";"(01)";"$ 3.039.924";"$ 2.410.437";"$ 0";-;"No";"No tiene";"No tiene";"No tiene";"01/01/2026";"31/12/2026";"No informa";"Sin observaciones";
"2026";"Julio";"Médicos cirujanos, farmacéuticos, químico-farmacéuticos, bioquímicos, cirujano-dentistas";"DISI SALAZAR, CESAR ENRIQUE";"Atencion Odontologica";"22 Hrs.";"CIRUJANO DENTISTA";"Región Metropolitana de Santiago";"(188)(186)";"$ 2.564.831";"$ 2.069.398";"$ 0";-;"No";"No tiene";"No tiene";"No tiene";"01/01/2026";"03/08/2026";"No informa";"Sin observaciones";
"2026";"Julio";"Profesional";"DOCMAC WALKOWIAK, DOMINIQUE MARIE";"ATENCION CLINICA";"13";"ENFERMERA (O)";"Región Metropolitana de Santiago";"(203)(204)(186)";"$ 3.316.219";"$ 2.425.910";"$ 0";"$ 0";"Sí";"$ 297.666 : 30,00 hrs";"$ 535.800 : 45,00 hrs";"No tiene";"01/01/2026";"31/12/2026";"No informa";"REMUNERACION JUL.2026";
"2026";"Julio";"Profesional";"DOMINGUEZ ESPINOSA, MARIA JOSE";"Apoyo Administrativo";"8";"INGENIERO (A) CIVIL BIOMEDICO";"Región Metropolitana de Santiago";"(186)";"$ 2.798.999";"$ 2.254.434";"$ 0";-;"No";"No tiene";"No tiene";"No tiene";"01/01/2026";"31/12/2026";"No informa";"Sin observaciones";
"2026";"Julio";"Médicos cirujanos, farmacéuticos, químico-farmacéuticos, bioquímicos, cirujano-dentistas";"DONAIRE VERA, EUGENIO ANDRES";"MEDICO CIRUJANO CON ESPECIALIDAD EN MEDICINA DE URGENCIA";"11 Hrs.";"MEDICO CIRUJANO CON ESPECIALIDAD EN MEDICINA DE URGENCIA";"Región Metropolitana de Santiago";"(86)(186)";"$ 1.196.574";"$ 1.033.246";"$ 0";"$ 0";"No";"No tiene";"No tiene";"No tiene";"01/01/2026";"31/12/2026";"No informa";"REMUNERACION JUL.2026";
"2026";"Julio";"Técnico";"DONOSO GONZALEZ, ARACELI DEL SAGRADO CORAZON";"Atencion Clinica";"21";"TECNICO NIVEL SUPERIOR ENFERMERIA";"Región Metropolitana de Santiago";"(186)";"$ 754.510";"$ 615.378";"$ 0";-;"No";"No tiene";"No tiene";"No tiene";"01/01/2026";"31/12/2026";"No informa";"Sin observaciones";
"2026";"Julio";"Profesional";"DONOSO NILO, WILLIAMS ENRIQUE";"Apoyo Administrativo";"9";"KINESIOLOGO (A)";"Región Metropolitana de Santiago";"(01)";"$ 2.544.278";"$ 2.030.799";"$ 0";-;"No";"No tiene";"No tiene";"No tiene";"01/01/2026";"31/12/2026";"No informa";"Sin observaciones";
"2026";"Julio";"Médicos cirujanos, farmacéuticos, químico-farmacéuticos, bioquímicos, cirujano-dentistas";"DOREN ALARCON, SOLANGE FRANCISCA";"Atencion Odontologica";"22 Hrs.";"CIRUJANO DENTISTA";"Región Metropolitana de Santiago";"(188)(186)";"$ 2.523.065";"$ 2.187.259";"$ 0";-;"No";"No tiene";"No tiene";"No tiene";"01/01/2026";"31/12/2026";"No informa";"Sin observaciones";
"2026";"Julio";"Médicos cirujanos, farmacéuticos, químico-farmacéuticos, bioquímicos, cirujano-dentistas";"DOREN ALARCON, SOLANGE FRANCISCA";"Atencion Odontologica";"22 Hrs.";"CIRUJANO DENTISTA";"Región Metropolitana de Santiago";"(188)(186)";"$ 2.523.065";"$ 1.918.403";"$ 0";-;"No";"No tiene";"No tiene";"No tiene";"01/01/2026";"31/12/2026";"No informa";"Sin observaciones";
"2026";"Julio";"Profesional";"DROGUETT ARIAS, JULISSA ALEJANDRA";"Apoyo Administrativo";"15";"INGENIERO (A) EJECUCION ADMINISTRACION DE NEGOCIOS";"Región Metropolitana de Santiago";"(01)";"$ 1.948.265";"$ 1.643.729";"$ 0";-;"Sí";"$ 256.769 : 31,00 hrs";"$ 178.910 : 18,00 hrs";"No tiene";"01/01/2026";"31/12/2026";"No informa";"Sin observaciones";
"2026";"Julio";"Profesional";"DROGUETT SAAVEDRA, CLAUDIO";"Apoyo Administrativo";"8";"INGENIERO (A) EJECUCION EN INFORMATICA";"Región Metropolitana de Santiago";"(01)";"$ 2.769.058";"$ 2.205.984";"$ 0";-;"No";"No tiene";"No tiene";"No tiene";"01/01/2026";"31/12/2026";"No informa";"Sin observaciones";
"2026";"Julio";"Administrativo";"DUARTE ARCE, MARIA ELIANA";"Apoyo Administrativo";"13";"ADMINISTRATIVO";"Región Metropolitana de Santiago";"(186)";"$ 1.351.754";"$ 1.149.241";"$ 0";-;"Sí";"$ 212.098 : 35,00 hrs";"$ 72.719 : 10,00 hrs";"No tiene";"01/01/2026";"31/12/2026";"No informa";"Sin observaciones";
"2026";"Julio";"Auxiliar";"DUARTE ARRIAZA, GABRIEL MICHEL";"CONDUCTOR";"22";"AUXILIAR";"Región Metropolitana de Santiago";"(205)(202)(204)";"$ 1.378.644";"$ 1.002.052";"$ 0";"$ 0";"Sí";"$ 93.393 : 27,00 hrs";"$ 190.937 : 46,00 hrs";"No tiene";"01/01/2026";"31/12/2026";"No informa";"REMUNERACION JUL.2026";
"2026";"Julio";"Profesional";"DUARTE PARRA, LAURA VICTORIA";"Atencion Clinica";"13";"ASISTENTE SOCIAL";"Región Metropolitana de Santiago";"(01)";"$ 2.008.061";"$ 1.651.596";"$ 0";-;"Sí";"$ 118.355 : 12,00 hrs";"$ 94.684 : 8,00 hrs";"No tiene";"01/01/2026";"31/12/2026";"No informa";"Sin observaciones";
"2026";"Julio";"Técnico";"DUARTE SALGADO, FRANCISCA ANDREA";"Atencion Clinica";"20";"TECNICO NIVEL SUPERIOR ODONTOLOGIA";"Región Metropolitana de Santiago";"(186)";"$ 761.830";"$ 627.900";"$ 0";-;"No";"No tiene";"No tiene";"No tiene";"01/01/2026";"31/12/2026";"No informa";"Sin observaciones";
"2026";"Julio";"Profesional";"DUK DIAZ, ANDREA MARGARITA";"ATENCION CLINICA";"9";"ENFERMERA (O)";"Región Metropolitana de Santiago";"(203)(204)(186)";"$ 3.538.301";"$ 1.927.803";"$ 0";"$ 0";"No";"No tiene";"No tiene";"No tiene";"01/01/2026";"31/12/2026";"No informa";"REMUNERACION JUL.2026";
"2026";"Julio";"Profesional";"DURAN BARAHONA, ROSSANA ESTER";"Apoyo Administrativo";"10";"ASISTENTE SOCIAL";"Región Metropolitana de Santiago";"(186)";"$ 2.490.826";"$ 1.994.875";"$ 0";-;"No";"No tiene";"No tiene";"No tiene";"01/01/2026";"31/12/2026";"No informa";"Sin observaciones";
"2026";"Julio";"Profesional";"DURAN MEDINA, FRANCISCA ALEJANDRA";"Atencion Clinica";"13";"PSICOLOGO (A)";"Región Metropolitana de Santiago";"(01)";"$ 1.795.022";"$ 1.458.969";"$ 0";-;"No";"No tiene";"No tiene";"No tiene";"01/01/2026";"31/12/2026";"No informa";"Sin observaciones";
"2026";"Julio";"Profesional";"DURAN MELLADO, SUSANA MELISSA";"APOYO ADMINISTRATIVO";"15";"INGENIERO (A) COMERCIAL";"Región Metropolitana de Santiago";"(01)";"$ 1.512.586";"$ 1.198.856";"$ 0";"$ 0";"No";"No tiene";"No tiene";"No tiene";"01/01/2026";"31/08/2026";"No informa";"REMUNERACION JUL.2026";
"2026";"Julio";"Profesional";"ECHANIZ FARIAS, CATALINA MAGDALENA";"Atencion Clinica";"15";"ENFERMERA (O)";"Región Metropolitana de Santiago";"(186)";"$ 1.521.320";"$ 1.232.330";"$ 0";-;"No";"No tiene";"No tiene";"No tiene";"01/01/2026";"31/12/2026";"No informa";"Sin observaciones";
"2026";"Julio";"Administrativo";"ECHEVERRIA GUZMAN, CLAUDIA PATRICIA";"SECRETARIA";"21";"ADMINISTRATIVO";"Región Metropolitana de Santiago";"(186)";"$ 772.800";"$ 484.315";"$ 0";"$ 0";"Sí";"$ 19.318 : 5,00 hrs";"No tiene";"No tiene";"01/01/2026";"31/12/2026";"No informa";"CANCELA DIFERENCIAS DE ASIGNACIÓN FAMILIAR.+PAGO BONO MENSUAL+REMUNERACION JUL.2026";
"2026";"Julio";"Técnico";"ELGUETA JARA, PATRICIA ELIANA";"SECRETARIA";"22";"TECNICO NIVEL SUPERIOR EN TRABAJO SOCIAL";"Región Metropolitana de Santiago";"(01)";"$ 1.002.962";"$ 892.660";"$ 0";"$ 0";"Sí";"$ 138.360 : 40,00 hrs";"$ 128.675 : 31,00 hrs";"No tiene";"01/01/2026";"31/12/2026";"No informa";"CANCELA DIFERENCIAS DE ASIGNACIÓN FAMILIAR.+PAGO BONO MENSUAL+REMUNERACION JUL.2026";
"2026";"Julio";"Técnico";"ELGUETA MALDONADO, KIMBERLY LISSETTS";"ATENCION CLINICA";"22";"TECNICO NIVEL SUPERIOR ENFERMERIA";"Región Metropolitana de Santiago";"(202)(204)";"$ 1.252.881";"$ 1.044.906";"$ 0";"$ 0";"Sí";"$ 138.360 : 40,00 hrs";"$ 95.469 : 23,00 hrs";"No tiene";"01/01/2026";"31/07/2026";"No informa";"REMUNERACION JUL.2026";
"2026";"Julio";"Profesional";"ELGUETA RODRIGUEZ, ELIZABETH JOVANNA";"Apoyo Administrativo";"8";"ENFERMERA (O)";"Región Metropolitana de Santiago";"(01)";"$ 2.769.058";"$ 2.224.346";"$ 0";-;"No";"No tiene";"No tiene";"No tiene";"01/01/2026";"31/12/2026";"No informa";"Sin observaciones";
"2026";"Julio";"Profesional";"ELLIOTT FELIU, SOPHIA CATALINA";"Atencion Clinica";"16";"PSICOLOGO (A)";"Región Metropolitana de Santiago";"(01)";"$ 1.296.138";"$ 1.046.505";"$ 0";-;"No";"No tiene";"No tiene";"No tiene";"02/04/2026";"28/07/2026";"No informa";"CONTRATO POR REEMPLAZO";
"2026";"Julio";"Profesional";"ENRIQUEZ LOPEZ, SERGIO ANTONIO";"APOYO ADMINISTRATIVO";"7";"KINESIOLOGO (A)";"Región Metropolitana de Santiago";"(186)";"$ 3.104.603";"$ 2.128.982";"$ 0";"$ 0";"No";"No tiene";"No tiene";"No tiene";"01/01/2026";"31/12/2026";"No informa";"REMUNERACION JUL.2026";
"2026";"Julio";"Auxiliar";"ESCALANTE PEÑAILILLO, DAVID JACOB";"CONDUCTOR";"21";"AUXILIAR";"Región Metropolitana de Santiago";"(205)(202)(204)(186)";"$ 1.493.448";"$ 827.445";"$ 0";"$ 0";"Sí";"$ 105.416 : 28,00 hrs";"$ 198.785 : 44,00 hrs";"No tiene";"01/01/2026";"31/12/2026";"No informa";"REMUNERACION JUL.2026";
"2026";"Julio";"Auxiliar";"ESCALANTE SALAMANCA, JUAN FRANCISCO";"CONDUCTOR";"22";"AUXILIAR";"Región Metropolitana de Santiago";"(205)(202)(204)";"$ 1.094.314";"$ 867.406";"$ 0";"$ 0";"No";"No tiene";"No tiene";"No tiene";"01/01/2026";"31/12/2026";"No informa";"REMUNERACION JUL.2026";
"2026";"Julio";"Técnico";"ESCAMILLA ROJAS, ANDREA ALEJANDRA";"Atencion Clinica";"21";"ENFERMERA (O)";"Región Metropolitana de Santiago";"(186)";"$ 986.798";"$ 806.510";"$ 0";-;"No";"No tiene";"No tiene";"No tiene";"01/01/2026";"31/12/2026";"No informa";"Sin observaciones";
"2026";"Julio";"Técnico";"ESCOBAR FIGUEROA, VANESA BEATRIZ";"Atencion Clinica";"20";"TECNICO NIVEL SUPERIOR ENFERMERIA";"Región Metropolitana de Santiago";"(01)";"$ 231.924";"$ 186.950";"$ 0";-;"No";"No tiene";"No tiene";"No tiene";"21/07/2026";"31/10/2026";"No informa";"Sin observaciones";
"2026";"Julio";"Profesional";"ESCOBAR PEÑALOZA, MARIA BELEN";"ATENCION CLINICA";"13";"ENFERMERA (O)";"Región Metropolitana de Santiago";"(203)(204)(186)";"$ 2.524.134";"$ 1.941.991";"$ 0";"$ 0";"No";"No tiene";"No tiene";"No tiene";"01/01/2026";"31/12/2026";"No informa";"REMUNERACION JUL.2026";
"2026";"Julio";"Técnico";"ESCOBAR VILLAGRA, JOSE LUIS";"Atencion Clinica";"22";"TECNICO NIVEL SUPERIOR ENFERMERIA";"Región Metropolitana de Santiago";"(01)";"$ 751.079";"$ 613.856";"$ 0";-;"No";"No tiene";"No tiene";"No tiene";"01/01/2026";"30/09/2026";"No informa";"Sin observaciones";
"2026";"Julio";"Administrativo";"ESCORZA BARRIGA, FRANCISCA";"Apoyo Administrativo";"21";"ADMINISTRATIVO";"Región Metropolitana de Santiago";"(186)";"$ 936.718";"$ 772.043";"$ 0";-;"No";"No tiene";"No tiene";"No tiene";"01/01/2026";"31/12/2026";"No informa";"Sin observaciones";
"2026";"Julio";"Auxiliar";"ESCORZA PIZARRO, LUIS HERNAN";"CONDUCTOR";"24";"AUXILIAR";"Región Metropolitana de Santiago";"(202)(204)(186)";"$ 892.567";"$ 461.788";"$ 0";"$ 0";"No";"No tiene";"No tiene";"No tiene";"01/01/2026";"31/12/2026";"No informa";"REMUNERACION JUL.2026";
"2026";"Julio";"Profesional";"ESPINOSA ROMERO, ANTONIO ALEJANDRO";"ATENCION CLINICA";"13";"ENFERMERA (O)";"Región Metropolitana de Santiago";"(203)(204)(186)";"$ 3.454.646";"$ 2.437.024";"$ 0";"$ 0";"Sí";"$ 289.326 : 29,00 hrs";"$ 668.773 : 56,00 hrs";"No tiene";"01/01/2026";"31/12/2026";"No informa";"REMUNERACION JUL.2026+REGULARIZA PAGO HHEE MES(ES) ANTERIOR(ES)";
"2026";"Julio";"Técnico";"ESPINOSA VALENZUELA, GUILLERMO MOISES";"ATENCION CLINICA";"21";"KINESIOLOGO (A)";"Región Metropolitana de Santiago";"(203)(204)(186)";"$ 1.288.368";"$ 1.029.403";"$ 0";"$ 0";"No";"No tiene";"No tiene";"No tiene";"01/01/2026";"31/12/2026";"No informa";"CANCELA DIFERENCIAS DE ASIGNACIÓN FAMILIAR.+REMUNERACION JUL.2026";
"2026";"Julio";"Profesional";"ESPINOZA ACUÑA, MARIA JOSE";"Atencion Clinica";"14";"MATRON (A)";"Región Metropolitana de Santiago";"(186)";"$ 58.327";"$ 47.734";"$ 0";-;"No";"No tiene";"No tiene";"No tiene";"01/01/2026";"31/12/2026";"No informa";"Sin observaciones";
"2026";"Julio";"Médicos cirujanos, farmacéuticos, químico-farmacéuticos, bioquímicos, cirujano-dentistas";"ESPINOZA CALLEJAS, HUGO FERNANDO";"Atencion Odontologica";"22 Hrs.";"CIRUJANO DENTISTA";"Región Metropolitana de Santiago";"(188)(186)";"$ 2.550.418";"$ 2.036.879";"$ 0";-;"No";"No tiene";"No tiene";"No tiene";"01/01/2026";"31/12/2026";"No informa";"Sin observaciones";
"2026";"Julio";"Médicos cirujanos, farmacéuticos, químico-farmacéuticos, bioquímicos, cirujano-dentistas";"ESPINOZA DIAZ, NATALIA BELEN";"Atencion Clinica Medica";"44 Hrs.";"MEDICO CIRUJANO";"Región Metropolitana de Santiago";"(86)(186)";"$ 3.514.428";"$ 2.789.533";"$ 0";-;"No";"No tiene";"No tiene";"No tiene";"01/01/2026";"31/12/2026";"No informa";"Sin observaciones";
"2026";"Julio";"Médicos cirujanos, farmacéuticos, químico-farmacéuticos, bioquímicos, cirujano-dentistas";"ESPINOZA FARIAS, RODRIGO ANDRES";"Medicina Interna";"44 Hrs.";"MEDICO CIRUJANO";"Región Metropolitana de Santiago";"(86)(186)";"$ 6.290.630";"$ 5.120.003";"$ 0";-;"No";"No tiene";"No tiene";"No tiene";"01/01/2026";"31/12/2026";"No informa";"Sin observaciones";
"2026";"Julio";"Técnico";"ESPINOZA FUENZALIDA, PRISCILLA ANDREA";"Atencion Clinica";"21";"TECNICO NIVEL SUPERIOR DE PARVULO";"Región Metropolitana de Santiago";"(186)(186)";"$ 747.616";"$ 610.735";"$ 0";-;"Sí";"$ 11.295 : 3,00 hrs";"No tiene";"No tiene";"01/01/2026";"31/12/2026";"No informa";"Sin observaciones";
"2026";"Julio";"Profesional";"ESPINOZA GONZALEZ, SERGIO EMANUEL";"ATENCION CLINICA";"13";"ENFERMERA (O)";"Región Metropolitana de Santiago";"(203)(204)(186)";"$ 2.865.863";"$ 2.257.535";"$ 0";"$ 0";"Sí";"$ 369.316 : 37,00 hrs";"No tiene";"No tiene";"01/01/2026";"31/12/2026";"No informa";"REMUNERACION JUL.2026";
"2026";"Julio";"Profesional";"ESPINOZA LARREA, FELIPE MARCELO";"Apoyo Administrativo";"5";"INGENIERO (A) CONSTRUCTOR";"Región Metropolitana de Santiago";"(01)";"$ 3.522.228";"$ 2.799.336";"$ 0";-;"No";"No tiene";"No tiene";"No tiene";"01/01/2026";"31/12/2026";"No informa";"Sin observaciones";
"2026";"Julio";"Técnico";"ESPINOZA LOPEZ, VICTOR HILARIO";"Apoyo Administrativo";"12";"INGENIERO (A) EN RECURSOS HUMANOS";"Región Metropolitana de Santiago";"(186)";"$ 2.212.408";"$ 1.808.704";"$ 0";-;"Sí";"$ 213.255 : 20,00 hrs";"No tiene";"No tiene";"01/01/2026";"31/12/2026";"No informa";"Sin observaciones";
"2026";"Julio";"Médicos cirujanos, farmacéuticos, químico-farmacéuticos, bioquímicos, cirujano-dentistas";"ESPINOZA MALDONADO, RAUL ENRIQUE";"Atencion Clinica Medica";"44 Hrs.";"MEDICO CIRUJANO";"Región Metropolitana de Santiago";"(188)(186)";"$ 5.333.318";"$ 4.365.109";"$ 0";-;"No";"No tiene";"No tiene";"No tiene";"01/01/2026";"31/12/2026";"No informa";"Sin observaciones";
"2026";"Julio";"Médicos cirujanos, farmacéuticos, químico-farmacéuticos, bioquímicos, cirujano-dentistas";"ESPINOZA MORALES, DEYANIRA FERNANDA";"Medico PAO";"44 Hrs.";"MEDICO CIRUJANO";"Región Metropolitana de Santiago";"(188)(86)(186)";"$ 4.389.683";"$ 3.541.334";"$ 0";-;"No";"No tiene";"No tiene";"No tiene";"01/01/2026";"31/12/2026";"No informa";"Sin observaciones";
"2026";"Julio";"Profesional";"ESPINOZA PARRAGUEZ, LAURA ADRIANA";"Apoyo Administrativo";"5";"MATRON (A)";"Región Metropolitana de Santiago";"(186)";"$ 3.745.178";"$ 2.946.602";"$ 0";-;"No";"No tiene";"No tiene";"No tiene";"01/01/2026";"31/12/2026";"No informa";"Sin observaciones";
"2026";"Julio";"Administrativo";"ESPINOZA PARRAO, FRESIA";"Secretaria";"13";"ADMINISTRATIVO";"Región Metropolitana de Santiago";"(186)";"$ 1.262.800";"$ 1.053.124";"$ 0";-;"Sí";"$ 134.730 : 21,00 hrs";"No tiene";"No tiene";"01/01/2026";"31/12/2026";"No informa";"Sin observaciones";
"2026";"Julio";"Médicos cirujanos, farmacéuticos, químico-farmacéuticos, bioquímicos, cirujano-dentistas";"ESPINOZA POOL, CAROLINA HEIDY";"Atencion Clinica Medica";"22 Hrs.";"MEDICO CIRUJANO";"Región Metropolitana de Santiago";"(188)(86)(186)";"$ 2.782.908";"$ 2.429.472";"$ 0";-;"No";"No tiene";"No tiene";"No tiene";"01/01/2026";"31/12/2026";"No informa";"Sin observaciones";
"2026";"Julio";"Profesional";"ESPINOZA RETAMAL, GERARDO IGNACIO";"ATENCION CLINICA";"13";"ENFERMERA (O)";"Región Metropolitana de Santiago";"(203)(204)(186)";"$ 2.496.547";"$ 1.934.915";"$ 0";"$ 0";"No";"No tiene";"No tiene";"No tiene";"01/01/2026";"31/12/2026";"No informa";"REMUNERACION JUL.2026";
"2026";"Julio";"Profesional";"ESPINOZA VERGARA, EVELYN VALESKA";"APOYO ADMINISTRATIVO";"13";"ADMINISTRADOR (A) PUBLICO";"Región Metropolitana de Santiago";"(186)";"$ 1.928.552";"$ 1.530.101";"$ 0";"$ 0";"No";"No tiene";"No tiene";"No tiene";"01/01/2026";"31/12/2026";"No informa";"REMUNERACION JUL.2026";
"2026";"Julio";"Profesional";"EYZAGUIRRE ARZOLAS, LUIS HUMBERTO";"ATENCION CLINICA";"11";"KINESIOLOGO (A)";"Región Metropolitana de Santiago";"(203)(201)(204)(186)";"$ 4.783.575";"$ 3.758.904";"$ 0";"$ 0";"Sí";"$ 374.684 : 31,00 hrs";"$ 1.232.831 : 85,00 hrs";"No tiene";"01/01/2026";"31/12/2026";"No informa";"REMUNERACION JUL.2026";
"2026";"Julio";"Auxiliar";"FALCON VISCARRA, JUAN ANDRES";"CONDUCTOR";"21";"AUXILIAR";"Región Metropolitana de Santiago";"(205)(202)(204)(186)";"$ 1.387.279";"$ 1.097.836";"$ 0";"$ 0";"Sí";"$ 48.943 : 13,00 hrs";"$ 149.089 : 33,00 hrs";"No tiene";"01/01/2026";"31/12/2026";"No informa";"REMUNERACION JUL.2026";
"2026";"Julio";"Profesional";"FARFAN TORRES, KAREN PATRICIA";"Apoyo Administrativo";"5";"ENFERMERA (O)";"Región Metropolitana de Santiago";"(186)";"$ 3.559.422";"$ 2.824.303";"$ 0";-;"No";"No tiene";"No tiene";"No tiene";"01/01/2026";"31/12/2026";"No informa";"Sin observaciones";
"2026";"Julio";"Profesional";"FARIAS LOPEZ, MARJORIE NICOLE";"Atencion Clinica";"16";"ENFERMERA (O)";"Región Metropolitana de Santiago";"(186)(186)";"$ 1.396.805";"$ 1.135.588";"$ 0";-;"No";"No tiene";"No tiene";"No tiene";"01/01/2026";"30/09/2026";"No informa";"Sin observaciones";
"2026";"Julio";"Administrativo";"FAUNDEZ MARTINEZ, MARISOL";"Apoyo Administrativo";"13";"ADMINISTRATIVO";"Región Metropolitana de Santiago";"(186)";"$ 1.066.937";"$ 870.193";"$ 0";-;"No";"No tiene";"No tiene";"No tiene";"01/01/2026";"31/12/2026";"No informa";"Sin observaciones";
"2026";"Julio";"Médicos cirujanos, farmacéuticos, químico-farmacéuticos, bioquímicos, cirujano-dentistas";"FAUNDEZ TORO, FRANCISCA SOLEDAD";"Atencion Clinica Medica";"44 Hrs.";"MEDICO CIRUJANO";"Región Metropolitana de Santiago";"(86)(186)";"$ 3.943.628";"$ 3.188.278";"$ 0";-;"Sí";"$ 313.456 : 26,00 hrs";"$ 115.744 : 8,00 hrs";"No tiene";"01/01/2026";"31/12/2026";"No informa";"Sin observaciones";
"2026";"Julio";"Profesional";"FAUNES NILO, CARLOS ALBERTO";"Apoyo Administrativo";"8";"KINESIOLOGO (A)";"Región Metropolitana de Santiago";"(01)";"$ 2.769.058";"$ 2.207.194";"$ 0";-;"No";"No tiene";"No tiene";"No tiene";"01/01/2026";"30/09/2026";"No informa";"Sin observaciones";
"2026";"Julio";"Auxiliar";"FERNANDEZ CASTRO, GUILLERMO VICTOR";"CONDUCTOR";"22";"AUXILIAR";"Región Metropolitana de Santiago";"(205)(202)(204)";"$ 1.094.314";"$ 689.803";"$ 0";"$ 0";"No";"No tiene";"No tiene";"No tiene";"01/01/2026";"31/07/2026";"No informa";"REMUNERACION JUL.2026";
"2026";"Julio";"Médicos cirujanos, farmacéuticos, químico-farmacéuticos, bioquímicos, cirujano-dentistas";"FERNANDEZ FLORES, ESTEBAN NICOLAS";"Medico PAO";"44 Hrs.";"MEDICO CIRUJANO";"Región Metropolitana de Santiago";"(86)(186)";"$ 4.198.221";"$ 3.396.544";"$ 0";-;"No";"No tiene";"No tiene";"No tiene";"01/01/2026";"31/12/2026";"No informa";"Sin observaciones";
"2026";"Julio";"Profesional";"FERNANDEZ FUENTES, PAOLA JACQUELINE";"Apoyo Administrativo";"7";"KINESIOLOGO (A)";"Región Metropolitana de Santiago";"(01)";"$ 3.132.698";"$ 2.480.195";"$ 0";-;"No";"No tiene";"No tiene";"No tiene";"01/01/2026";"31/12/2026";"No informa";"Sin observaciones";
"2026";"Julio";"Profesional";"FERNANDEZ GUTIERREZ, ALVARO ORLANDO";"ATENCION CLINICA";"12";"ENFERMERA (O)";"Región Metropolitana de Santiago";"(203)(204)(186)";"$ 2.771.401";"$ 1.842.808";"$ 0";"$ 0";"No";"No tiene";"No tiene";"No tiene";"01/01/2026";"31/12/2026";"No informa";"REMUNERACION JUL.2026";
"2026";"Julio";"Médicos cirujanos, farmacéuticos, químico-farmacéuticos, bioquímicos, cirujano-dentistas";"FERNANDEZ MORENO, DANIELA DEL CARMEN";"Atencion Clinica Medica";"44 Hrs.";"MEDICO CIRUJANO";"Región Metropolitana de Santiago";"(86)";"$ 3.049.448";"$ 2.438.658";"$ 0";-;"No";"No tiene";"No tiene";"No tiene";"01/01/2026";"31/12/2026";"No informa";"Sin observaciones";
"2026";"Julio";"Médicos cirujanos, farmacéuticos, químico-farmacéuticos, bioquímicos, cirujano-dentistas";"FERNANDEZ MUÑOZ, ARELIS FRANCISCA";"Atencion Clinica Medica";"44 Hrs.";"MEDICO CIRUJANO";"Región Metropolitana de Santiago";"(86)";"$ 3.049.448";"$ 2.420.684";"$ 0";-;"No";"No tiene";"No tiene";"No tiene";"01/01/2026";"31/12/2026";"No informa";"Sin observaciones";
"2026";"Julio";"Profesional";"FERNANDEZ NEIRA, ISAAC FERNANDO";"JEFE DE DEPARTAMENTO";"7";"CONTADOR (A) AUDITOR (A)";"Región Metropolitana de Santiago";"(186)";"$ 3.197.377";"$ 2.370.317";"$ 0";"$ 0";"No";"No tiene";"No tiene";"No tiene";"01/01/2026";"31/12/2026";"No informa";"REMUNERACION JUL.2026";
"2026";"Julio";"Médicos cirujanos, farmacéuticos, químico-farmacéuticos, bioquímicos, cirujano-dentistas";"FERNANDEZ URTUBIA, DIEGO ALEJANDRO";"Atencion Odontologica";"22 Hrs.";"CIRUJANO DENTISTA";"Región Metropolitana de Santiago";"(186)";"$ 1.299.073";"$ 1.058.413";"$ 0";-;"No";"No tiene";"No tiene";"No tiene";"01/04/2026";"30/09/2026";"No informa";"CONTRATO POR REEMPLAZO";
"2026";"Julio";"Médicos cirujanos, farmacéuticos, químico-farmacéuticos, bioquímicos, cirujano-dentistas";"FERNANDEZ URTUBIA, DIEGO ALEJANDRO";"Atencion Odontologica";"22 Hrs.";"CIRUJANO DENTISTA";"Región Metropolitana de Santiago";"(186)";"$ 1.299.073";"$ 1.030.268";"$ 0";-;"No";"No tiene";"No tiene";"No tiene";"07/04/2026";"15/09/2026";"No informa";"CONTRATO POR REEMPLAZO";
"2026";"Julio";"Profesional";"FERRER HERNANDEZ, MARIA ESTHER";"Apoyo Administrativo";"8";"PSICOLOGO (A)";"Región Metropolitana de Santiago";"(186)";"$ 2.843.913";"$ 2.263.003";"$ 0";-;"No";"No tiene";"No tiene";"No tiene";"01/01/2026";"31/12/2026";"No informa";"Sin observaciones";
"2026";"Julio";"Administrativo";"FERRERA NUÑEZ, GUILLERMO ULICES";"APOYO LOGISTICO";"20";"ADMINISTRATIVO";"Región Metropolitana de Santiago";"(01)";"$ 778.332";"$ 630.082";"$ 0";"$ 0";"Sí";"$ 35.433 : 9,00 hrs";"No tiene";"No tiene";"16/01/2026";"17/09/2026";"No informa";"PAGO BONO MENSUAL+REMUNERACION JUL.2026";
"2026";"Julio";"Administrativo";"FICA CONTRERAS, YERTY NELLY";"Secretaria";"13";"ADMINISTRATIVO";"Región Metropolitana de Santiago";"(186)";"$ 1.058.442";"$ 867.236";"$ 0";-;"Sí";"$ 11.883 : 2,00 hrs";"No tiene";"No tiene";"01/01/2026";"31/12/2026";"No informa";"Sin observaciones";
"2026";"Julio";"Médicos cirujanos, farmacéuticos, químico-farmacéuticos, bioquímicos, cirujano-dentistas";"FIERRO FUENTES, VALERY NATASHA";"Atencion Clinica Medica";"22 Hrs.";"MEDICO CIRUJANO";"Región Metropolitana de Santiago";"(188)";"$ 1.093.935";"$ 902.933";"$ 0";-;"No";"No tiene";"No tiene";"No tiene";"01/01/2026";"30/09/2026";"No informa";"Sin observaciones";
"2026";"Julio";"Médicos cirujanos, farmacéuticos, químico-farmacéuticos, bioquímicos, cirujano-dentistas";"FIERRO FUENTES, VALERY NATASHA";"Atencion Clinica Medica";"22 Hrs.";"MEDICO CIRUJANO";"Región Metropolitana de Santiago";"(188)";"$ 1.093.935";"$ 869.389";"$ 0";-;"No";"No tiene";"No tiene";"No tiene";"01/01/2026";"30/09/2026";"No informa";"Sin observaciones";
"2026";"Julio";"Profesional";"FIGUEREDO ALMARZA, JOSE LUIS";"Apoyo Administrativo";"5";"ENFERMERA (O)";"Región Metropolitana de Santiago";"(186)";"$ 3.652.196";"$ 2.865.101";"$ 0";-;"No";"No tiene";"No tiene";"No tiene";"01/01/2026";"31/12/2026";"No informa";"Sin observaciones";
"2026";"Julio";"Médicos cirujanos, farmacéuticos, químico-farmacéuticos, bioquímicos, cirujano-dentistas";"FIGUEROA GALLEGUILLOS, TOMAS ALEJANDRO";"Medico Becario Primario";"44 Hrs.";"MEDICO CIRUJANO";"Región Metropolitana de Santiago";"(01)";"$ 2.916.243";"$ 2.403.568";"$ 0";-;"No";"No tiene";"No tiene";"No tiene";"07/04/2025";"06/04/2027";"No informa";"Sin observaciones";
"2026";"Julio";"Profesional";"FIGUEROA GODOY, DANNAHE ERIKA";"Atencion Clinica";"16";"PROFESIONAL";"Región Metropolitana de Santiago";"(01)";"$ 1.388.719";"$ 1.137.489";"$ 0";-;"No";"No tiene";"No tiene";"No tiene";"01/01/2026";"30/09/2026";"No informa";"Sin observaciones";
"2026";"Julio";"Médicos cirujanos, farmacéuticos, químico-farmacéuticos, bioquímicos, cirujano-dentistas";"FIGUEROA MONTENEGRO, CAMILA ANDREA";"Atencion Clinica Medica";"44 Hrs.";"MEDICO CIRUJANO";"Región Metropolitana de Santiago";"(86)(186)";"$ 3.651.186";"$ 2.893.371";"$ 0";-;"No";"No tiene";"No tiene";"No tiene";"01/01/2026";"31/12/2026";"No informa";"Sin observaciones";
"2026";"Julio";"Profesional";"FIGUEROA OSSES, CLAUDIA ANDREA";"Apoyo Administrativo";"15";"ABOGADO (A)";"Región Metropolitana de Santiago";"(186)";"$ 1.564.994";"$ 1.266.598";"$ 0";-;"No";"No tiene";"No tiene";"No tiene";"01/01/2026";"31/12/2026";"No informa";"Sin observaciones";
"2026";"Julio";"Técnico";"FIGUEROA SALAZAR, CAMILA NAHARA";"Atencion Clinica";"21";"TECNICO NIVEL SUPERIOR ENFERMERIA";"Región Metropolitana de Santiago";"(186)";"$ 754.510";"$ 621.867";"$ 0";-;"No";"No tiene";"No tiene";"No tiene";"01/01/2026";"31/12/2026";"No informa";"Sin observaciones";
"2026";"Julio";"Técnico";"FIGUEROA VILLEGAS, SOLANGE CAROLINE";"Atencion Clinica";"21";"TECNICO NIVEL SUPERIOR ENFERMERIA";"Región Metropolitana de Santiago";"(186)";"$ 753.080";"$ 615.493";"$ 0";-;"No";"No tiene";"No tiene";"No tiene";"01/01/2026";"31/12/2026";"No informa";"Sin observaciones";
"2026";"Julio";"Médicos cirujanos, farmacéuticos, químico-farmacéuticos, bioquímicos, cirujano-dentistas";"FIGUEROA ZAMORA, CARLOS FRANCISCO";"Atencion Clinica Medica";"22 Hrs.";"MEDICO CIRUJANO";"Región Metropolitana de Santiago";"(188)(186)";"$ 1.340.101";"$ 1.052.458";"$ 0";-;"No";"No tiene";"No tiene";"No tiene";"01/01/2026";"31/12/2026";"No informa";"Sin observaciones";
"2026";"Julio";"Médicos cirujanos, farmacéuticos, químico-farmacéuticos, bioquímicos, cirujano-dentistas";"FIGUEROA ZAMORA, CARLOS FRANCISCO";"Atencion Clinica Medica";"22 Hrs.";"MEDICO CIRUJANO";"Región Metropolitana de Santiago";"(188)(186)";"$ 1.340.101";"$ 1.104.511";"$ 0";-;"No";"No tiene";"No tiene";"No tiene";"01/01/2026";"31/12/2026";"No informa";"Sin observaciones";
"2026";"Julio";"Médicos cirujanos, farmacéuticos, químico-farmacéuticos, bioquímicos, cirujano-dentistas";"FILER LOPEZ, ISIDORA PAZ";"Atencion Odontologica";"44 Hrs.";"CIRUJANO DENTISTA";"Región Metropolitana de Santiago";"(01)";"$ 1.955.378";"$ 1.585.849";"$ 0";-;"No";"No tiene";"No tiene";"No tiene";"01/03/2026";"31/08/2026";"No informa";"Sin observaciones";
"2026";"Julio";"Médicos cirujanos, farmacéuticos, químico-farmacéuticos, bioquímicos, cirujano-dentistas";"FLETE MEZA, JORGE LUIS";"Atencion Clinica Medica";"22 Hrs.";"MEDICO CIRUJANO";"Región Metropolitana de Santiago";"(01)";"$ 977.690";"$ 805.812";"$ 0";-;"No";"No tiene";"No tiene";"No tiene";"01/01/2026";"30/09/2026";"No informa";"Sin observaciones";
"2026";"Julio";"Profesional";"FLORES ESCOBAR, NATALY YESSICA";"ASISTENTE SOCIAL";"10";"ASISTENTE SOCIAL";"Región Metropolitana de Santiago";"(186)";"$ 2.477.991";"$ 1.986.297";"$ 0";-;"No";"No tiene";"No tiene";"No tiene";"01/01/2026";"31/12/2026";"No informa";"Sin observaciones";
"2026";"Julio";"Médicos cirujanos, farmacéuticos, químico-farmacéuticos, bioquímicos, cirujano-dentistas";"FLORES FERNANDEZ DAVILA, MARTIN ANDRES";"Atencion Odontologica";"44 Hrs.";"CIRUJANO DENTISTA";"Región Metropolitana de Santiago";"(86)(186)(86)(186)";"$ 2.386.617";"$ 1.935.124";"$ 0";-;"No";"No tiene";"No tiene";"No tiene";"01/02/2026";"28/07/2026";"No informa";"CONTRATO POR REEMPLAZO";
"2026";"Julio";"Auxiliar";"FLORES LEIVA, SEBASTIAN ADOLFO";"CONDUCTOR";"21";"AUXILIAR";"Región Metropolitana de Santiago";"(205)(202)(204)(186)";"$ 1.201.389";"$ 932.555";"$ 0";"$ 0";"Sí";"$ 7.530 : 2,00 hrs";"No tiene";"No tiene";"01/01/2026";"31/12/2026";"No informa";"CANCELA DIFERENCIAS DE ASIGNACIÓN FAMILIAR.+REMUNERACION JUL.2026";
"2026";"Julio";"Médicos cirujanos, farmacéuticos, químico-farmacéuticos, bioquímicos, cirujano-dentistas";"FLORES MATURANA, ANDRES JAINS";"Atencion Clinica Medica";"44 Hrs.";"MEDICO CIRUJANO";"Región Metropolitana de Santiago";"(86)(186)";"$ 5.675.216";"$ 4.649.822";"$ 0";-;"No";"No tiene";"No tiene";"No tiene";"01/01/2026";"31/12/2026";"No informa";"Sin observaciones";
"2026";"Julio";"Profesional";"FLORES PAULLETTS, ANGIE ESMERALDA";"Atencion Clinica";"14";"PSICOLOGO (A)";"Región Metropolitana de Santiago";"(186)";"$ 1.685.350";"$ 1.374.134";"$ 0";-;"No";"No tiene";"No tiene";"No tiene";"01/01/2026";"31/12/2026";"No informa";"Sin observaciones";
"2026";"Julio";"Auxiliar";"FLORES PIZARRO, JOSE ANTONIO";"CONDUCTOR";"21";"AUXILIAR";"Región Metropolitana de Santiago";"(205)(202)(204)(186)";"$ 1.385.020";"$ 850.222";"$ 0";"$ 0";"Sí";"$ 105.416 : 28,00 hrs";"$ 90.357 : 20,00 hrs";"No tiene";"01/01/2026";"31/12/2026";"No informa";"REMUNERACION JUL.2026";
"2026";"Julio";"Administrativo";"FLORES SILVA, YOCELYN POLETT";"Apoyo Administrativo";"22";"ADMINISTRATIVO";"Región Metropolitana de Santiago";"(186)";"$ 799.181";"$ 669.920";"$ 0";-;"Sí";"$ 98.576 : 28,00 hrs";"No tiene";"No tiene";"01/01/2026";"30/09/2026";"No informa";"Sin observaciones";
"2026";"Julio";"Administrativo";"FOLCH MONTIEL, DARLING PAULETTE";"APOYO ADMINISTRATIVO";"17";"ADMINISTRATIVO";"Región Metropolitana de Santiago";"(186)";"$ 952.674";"$ 792.920";"$ 0";"$ 0";"Sí";"$ 139.322 : 30,00 hrs";"No tiene";"No tiene";"01/01/2026";"31/12/2026";"No informa";"REMUNERACION JUL.2026";
"2026";"Julio";"Médicos cirujanos, farmacéuticos, químico-farmacéuticos, bioquímicos, cirujano-dentistas";"FRANCAVILA HORMAZABAL, CARLA ANTONELLA";"Atencion Odontologica";"22 Hrs.";"CIRUJANO DENTISTA";"Región Metropolitana de Santiago";"(188)(186)";"$ 2.276.900";"$ 1.738.703";"$ 0";-;"No";"No tiene";"No tiene";"No tiene";"01/01/2026";"30/09/2026";"No informa";"Sin observaciones";
"2026";"Julio";"Médicos cirujanos, farmacéuticos, químico-farmacéuticos, bioquímicos, cirujano-dentistas";"FRANCAVILA HORMAZABAL, CARLA ANTONELLA";"Atencion Odontologica";"11 Hrs.";"CIRUJANO DENTISTA";"Región Metropolitana de Santiago";"(188)(186)";"$ 1.138.451";"$ 970.547";"$ 0";-;"No";"No tiene";"No tiene";"No tiene";"01/01/2026";"31/12/2026";"No informa";"Sin observaciones";
"2026";"Julio";"Profesional";"FRANCO PEÑA, CATALINA ANDREA";"Jefe de Departamento";"5";"KINESIOLOGO (A)";"Región Metropolitana de Santiago";"(186)";"$ 3.559.422";"$ 2.824.303";"$ 0";-;"No";"No tiene";"No tiene";"No tiene";"01/01/2026";"31/12/2026";"No informa";"Sin observaciones";
"2026";"Julio";"Profesional";"FREZ CANELO, RENATO ORLANDO";"Subdirector";"7";"KINESIOLOGO (A)";"Región Metropolitana de Santiago";"(186)";"$ 3.165.038";"$ 2.507.373";"$ 0";-;"No";"No tiene";"No tiene";"No tiene";"01/01/2026";"31/12/2026";"No informa";"Sin observaciones";
"2026";"Julio";"Administrativo";"FREZ CUADRA, CLAUDIA ELI";"Secretaria";"13";"ADMINISTRATIVO";"Región Metropolitana de Santiago";"(186)";"$ 1.384.698";"$ 1.170.146";"$ 0";-;"Sí";"$ 256.628 : 40,00 hrs";"No tiene";"No tiene";"01/01/2026";"31/12/2026";"No informa";"Sin observaciones";
"2026";"Julio";"Médicos cirujanos, farmacéuticos, químico-farmacéuticos, bioquímicos, cirujano-dentistas";"FRIAS CUMSILLE, NATACHA PATRICIA";"Atencion Clinica Medica";"44 Hrs.";"MEDICO CIRUJANO";"Región Metropolitana de Santiago";"(86)(186)";"$ 3.514.428";"$ 2.794.318";"$ 0";-;"No";"No tiene";"No tiene";"No tiene";"01/01/2026";"31/12/2026";"No informa";"Sin observaciones";
"2026";"Julio";"Técnico";"FRIAS GODOY, FABIAN NICOLAS";"ATENCION CLINICA";"22";"TECNICO NIVEL SUPERIOR ENFERMERIA";"Región Metropolitana de Santiago";"(202)(204)(186)";"$ 1.478.036";"$ 987.351";"$ 0";"$ 0";"Sí";"$ 98.576 : 28,00 hrs";"$ 287.278 : 68,00 hrs";"No tiene";"01/01/2026";"31/12/2026";"No informa";"REMUNERACION JUL.2026";
"2026";"Julio";"Médicos cirujanos, farmacéuticos, químico-farmacéuticos, bioquímicos, cirujano-dentistas";"FUENTEALBA ARCOS, JOSE LUIS";"Quimico Farmaceutico";"44 Hrs.";"QUIMICO FARMACEUTICO";"Región Metropolitana de Santiago";"(86)(186)";"$ 5.620.512";"$ 4.602.503";"$ 0";-;"No";"No tiene";"No tiene";"No tiene";"01/01/2026";"31/12/2026";"No informa";"Sin observaciones";
"2026";"Julio";"Profesional";"FUENTES DE LA CUADRA, SEBASTIAN ESTEBAN";"APOYO ADMINISTRATIVO";"9";"INGENIERO (A) EN AGRONEGOCIOS";"Región Metropolitana de Santiago";"(01)";"$ 2.544.278";"$ 1.998.519";"$ 0";"$ 0";"No";"No tiene";"No tiene";"No tiene";"01/01/2026";"31/12/2026";"No informa";"REMUNERACION JUL.2026";
"2026";"Julio";"Médicos cirujanos, farmacéuticos, químico-farmacéuticos, bioquímicos, cirujano-dentistas";"FUENTES FLORES, JUAN DOMINGO";"Atencion Clinica Medica";"44 Hrs.";"MEDICO CIRUJANO";"Región Metropolitana de Santiago";"(86)(186)";"$ 3.651.186";"$ 2.897.402";"$ 0";-;"No";"No tiene";"No tiene";"No tiene";"01/01/2026";"31/12/2026";"No informa";"Sin observaciones";
"2026";"Julio";"Administrativo";"FUENTES JUICA, MONICA SOLEDAD";"Apoyo Administrativo";"14";"ADMINISTRATIVO";"Región Metropolitana de Santiago";"(186)";"$ 1.358.259";"$ 1.167.406";"$ 0";-;"Sí";"$ 222.411 : 39,00 hrs";"$ 136.868 : 20,00 hrs";"No tiene";"01/01/2026";"31/12/2026";"No informa";"Sin observaciones";
"2026";"Julio";"Médicos cirujanos, farmacéuticos, químico-farmacéuticos, bioquímicos, cirujano-dentistas";"FUENTES KAY, MARCO ANTONIO";"Atencion Clinica Medica";"44 Hrs.";"CIRUJANO DENTISTA";"Región Metropolitana de Santiago";"(188)(186)";"$ 2.748.578";"$ 2.214.011";"$ 0";-;"No";"No tiene";"No tiene";"No tiene";"01/01/2026";"31/12/2026";"No informa";"Sin observaciones";
"2026";"Julio";"Auxiliar";"FUENTES LIZANA, MAURICIO SEBASTIAN";"CONDUCTOR";"22";"AUXILIAR";"Región Metropolitana de Santiago";"(205)(202)(204)(186)";"$ 1.102.880";"$ 866.271";"$ 0";"$ 0";"No";"No tiene";"No tiene";"No tiene";"01/01/2026";"31/12/2026";"No informa";"REMUNERACION JUL.2026";
"2026";"Julio";"Profesional";"FUENTES MARIVIL, NICOLAS ELIAS";"Apoyo Administrativo";"12";"ADMINISTRADOR (A) PUBLICO";"Región Metropolitana de Santiago";"(01)";"$ 1.971.427";"$ 1.598.546";"$ 0";-;"No";"No tiene";"No tiene";"No tiene";"01/01/2026";"31/12/2026";"No informa";"Sin observaciones";
"2026";"Julio";"Médicos cirujanos, farmacéuticos, químico-farmacéuticos, bioquímicos, cirujano-dentistas";"FUENTES MONTECINOS, VALENTINA MARIA";"Atencion Odontologica";"33 Hrs.";"CIRUJANO DENTISTA";"Región Metropolitana de Santiago";"(01)";"$ 1.466.534";"$ 1.184.609";"$ 0";-;"No";"No tiene";"No tiene";"No tiene";"01/01/2026";"30/09/2026";"No informa";"Sin observaciones";
"2026";"Julio";"Médicos cirujanos, farmacéuticos, químico-farmacéuticos, bioquímicos, cirujano-dentistas";"FUENTES MONTECINOS, VALENTINA MARIA";"Atencion Odontologica";"11 Hrs.";"CIRUJANO DENTISTA";"Región Metropolitana de Santiago";"(01)";"$ 488.846";"$ 403.493";"$ 0";-;"No";"No tiene";"No tiene";"No tiene";"01/01/2026";"30/09/2026";"No informa";"Sin observaciones";
"2026";"Julio";"Administrativo";"FUENTES ORELLANA, VERONICA JACQUELINE";"Apoyo Administrativo";"16";"ADMINISTRATIVO";"Región Metropolitana de Santiago";"(186)";"$ 982.788";"$ 815.320";"$ 0";-;"Sí";"$ 159.390 : 32,00 hrs";"No tiene";"No tiene";"01/01/2026";"31/12/2026";"No informa";"Sin observaciones";
"2026";"Julio";"Profesional";"FUENTES SOLAR, BARBARA ELISETTE";"Coordinador";"7";"MATRON (A)";"Región Metropolitana de Santiago";"(186)";"$ 3.165.038";"$ 2.501.998";"$ 0";-;"No";"No tiene";"No tiene";"No tiene";"01/01/2026";"31/12/2026";"No informa";"Sin observaciones";
"2026";"Julio";"Profesional";"FUENZALIDA RAMIREZ, YERKA MARLENE";"Atencion Clinica";"12";"NUTRICIONISTA";"Región Metropolitana de Santiago";"(186)";"$ 2.075.205";"$ 1.667.535";"$ 0";-;"No";"No tiene";"No tiene";"No tiene";"01/01/2026";"30/09/2026";"No informa";"Sin observaciones";
"2026";"Julio";"Técnico";"GABY CONTRERAS, BRIAN ARNALDO";"ATENCION CLINICA";"22";"TECNICO NIVEL SUPERIOR ENFERMERIA";"Región Metropolitana de Santiago";"(202)";"$ 1.161.811";"$ 793.225";"$ 0";"$ 0";"Sí";"$ 51.885 : 15,00 hrs";"$ 132.826 : 32,00 hrs";"No tiene";"01/01/2026";"30/09/2026";"No informa";"PAGO POR MANTENEDOR DE CARGAS FAMILIARES RETROACTI+REMUNERACION JUL.2026";
"2026";"Julio";"Profesional";"GAC LABRA, MARCELO ESTEBAN";"Apoyo Administrativo";"5";"INGENIERO (A) COMERCIAL";"Región Metropolitana de Santiago";"(186)";"$ 3.652.196";"$ 2.865.101";"$ 0";-;"No";"No tiene";"No tiene";"No tiene";"01/01/2026";"31/12/2026";"No informa";"Sin observaciones";
"2026";"Julio";"Auxiliar";"GAETE LUCO, MANUEL JULIO";"CONDUCTOR";"24";"AUXILIAR";"Región Metropolitana de Santiago";"(205)(203)(204)(186)";"$ 837.517";"$ 57.022";"$ 0";"$ 0";"No";"No tiene";"No tiene";"No tiene";"01/01/2026";"31/12/2026";"No informa";"REMUNERACION JUL.2026";
"2026";"Julio";"Médicos cirujanos, farmacéuticos, químico-farmacéuticos, bioquímicos, cirujano-dentistas";"GAETE RIVERA, MARIA JOSE";"Quimico Farmaceutico";"44 Hrs.";"QUIMICO FARMACEUTICO";"Región Metropolitana de Santiago";"(186)";"$ 2.420.297";"$ 1.937.674";"$ 0";-;"No";"No tiene";"No tiene";"No tiene";"01/01/2026";"31/12/2026";"No informa";"Sin observaciones";
"2026";"Julio";"Profesional";"GAETE YAÑEZ, CECILIA MARGARITA";"Apoyo Administrativo";"5";"ENFERMERO (A) MATRON (A)";"Región Metropolitana de Santiago";"(186)";"$ 3.670.791";"$ 2.879.085";"$ 0";-;"No";"No tiene";"No tiene";"No tiene";"01/01/2026";"31/12/2026";"No informa";"Sin observaciones";
"2026";"Julio";"Técnico";"GAJARDO BOLADOS, AGUSTIN ENRIQUE";"ATENCION CLINICA";"21";"TECNICO NIVEL SUPERIOR ENFERMERIA";"Región Metropolitana de Santiago";"(203)(204)(186)";"$ 1.023.292";"$ 597.270";"$ 0";"$ 0";"No";"No tiene";"No tiene";"No tiene";"01/01/2026";"31/12/2026";"No informa";"REMUNERACION JUL.2026";
"2026";"Julio";"Técnico";"GAJARDO VILCHES, PATRICIA DEL CARMEN";"Atencion Clinica";"22";"TECNICO NIVEL SUPERIOR ENFERMERIA";"Región Metropolitana de Santiago";"(186)";"$ 755.088";"$ 617.134";"$ 0";-;"No";"No tiene";"No tiene";"No tiene";"01/01/2026";"31/12/2026";"No informa";"Sin observaciones";
"2026";"Julio";"Técnico";"GALARCE ABARCA, ANDREA CAROLINA";"Atencion Clinica";"20";"TECNICO NIVEL SUPERIOR ENFERMERIA";"Región Metropolitana de Santiago";"(186)";"$ 857.105";"$ 716.624";"$ 0";-;"Sí";"$ 66.930 : 17,00 hrs";"$ 28.346 : 6,00 hrs";"No tiene";"01/01/2026";"31/12/2026";"No informa";"Sin observaciones";
"2026";"Julio";"Administrativo";"GALARCE DUCHENS, CARLA ANDREA";"Apoyo Administrativo";"22";"ADMINISTRATIVO";"Región Metropolitana de Santiago";"(186)";"$ 888.352";"$ 758.642";"$ 0";-;"Sí";"$ 75.225 : 21,00 hrs";"$ 103.165 : 24,00 hrs";"No tiene";"01/01/2026";"31/12/2026";"No informa";"Sin observaciones";
"2026";"Julio";"Administrativo";"GALAZ LEIVA, DIANA PAULA";"APOYO ADMINISTRATIVO";"22";"ADMINISTRATIVO";"Región Metropolitana de Santiago";"(203)(204)(186)";"$ 875.644";"$ 512.875";"$ 0";"$ 0";"No";"No tiene";"No tiene";"No tiene";"01/01/2026";"31/12/2026";"No informa";"REMUNERACION JUL.2026";
"2026";"Julio";"Administrativo";"GALAZ LORCA, YBSEN";"APOYO ADMINISTRATIVO";"13";"INGENIERO (A) EN ADMINISTRACION DE RECURSOS HUMANOS";"Región Metropolitana de Santiago";"(186)";"$ 1.893.908";"$ 1.493.644";"$ 0";"$ 0";"Sí";"No tiene";"$ 70.658 : 6,00 hrs";"No tiene";"01/01/2026";"31/12/2026";"No informa";"REMUNERACION JUL.2026";
"2026";"Julio";"Profesional";"GALDAMES PALMA, KATHERINE ODETTE";"ATENCION CLINICA";"9";"ENFERMERA (O)";"Región Metropolitana de Santiago";"(203)(204)(186)";"$ 3.538.301";"$ 2.581.957";"$ 0";"$ 0";"No";"No tiene";"No tiene";"No tiene";"01/01/2026";"31/12/2026";"No informa";"REMUNERACION JUL.2026";
"2026";"Julio";"Profesional";"GALDAMES POLANCO, DANIELA ISABEL";"Apoyo Administrativo";"11";"INGENIERO (A) EJECUCION ADMINISTRACION DE EMPRESAS";"Región Metropolitana de Santiago";"(186)";"$ 2.249.629";"$ 1.818.669";"$ 0";-;"No";"No tiene";"No tiene";"No tiene";"01/01/2026";"31/12/2026";"No informa";"Sin observaciones";
"2026";"Julio";"Técnico";"GALEAS MAULEN, TANIA ANDREA";"Atencion Clinica";"22";"TECNICO NIVEL SUPERIOR ENFERMERIA";"Región Metropolitana de Santiago";"(01)";"$ 820.259";"$ 683.036";"$ 0";-;"Sí";"$ 69.180 : 20,00 hrs";"No tiene";"No tiene";"01/01/2026";"31/12/2026";"No informa";"Sin observaciones";
"2026";"Julio";"Administrativo";"GALINDO CASTRO, LEONOR ALEJANDRA";"Apoyo Administrativo";"16";"INGENIERO (A) EN RECURSOS HUMANOS";"Región Metropolitana de Santiago";"(186)";"$ 1.489.627";"$ 1.226.751";"$ 0";-;"Sí";"$ 109.967 : 15,00 hrs";"No tiene";"No tiene";"01/01/2026";"31/12/2026";"No informa";"Sin observaciones";
"2026";"Julio";"Técnico";"GALINDO MADRID, CARLA DEL CARMEN";"Atencion Clinica";"22";"PSICOLOGO (A)";"Región Metropolitana de Santiago";"(186)(186)";"$ 954.973";"$ 782.504";"$ 0";-;"No";"No tiene";"No tiene";"No tiene";"01/01/2026";"31/12/2026";"No informa";"Sin observaciones";
"2026";"Julio";"Técnico";"GALINDO PAINEQUIR, ANGELO STEPHANO";"Atencion Clinica";"21";"TECNICO NIVEL SUPERIOR ODONTOLOGIA";"Región Metropolitana de Santiago";"(186)";"$ 753.080";"$ 620.689";"$ 0";-;"No";"No tiene";"No tiene";"No tiene";"01/01/2026";"31/12/2026";"No informa";"Sin observaciones";
"2026";"Julio";"Profesional";"GALLARDO ALLENDE, RUBEN IGNACIO";"Atencion Clinica";"13";"TRABAJADOR (A) SOCIAL";"Región Metropolitana de Santiago";"(186)";"$ 1.992.020";"$ 1.618.366";"$ 0";-;"Sí";"No tiene";"$ 83.845 : 7,00 hrs";"No tiene";"01/01/2026";"31/12/2026";"No informa";"Sin observaciones";
"2026";"Julio";"Técnico";"GALLARDO ARAYA, CONSTANZA MORIELL";"Apoyo Administrativo";"21";"TECNICO NIVEL SUPERIOR RECURSOS HUMANOS";"Región Metropolitana de Santiago";"(186)";"$ 740.803";"$ 604.198";"$ 0";-;"No";"No tiene";"No tiene";"No tiene";"01/01/2026";"31/12/2026";"No informa";"Sin observaciones";
"2026";"Julio";"Médicos cirujanos, farmacéuticos, químico-farmacéuticos, bioquímicos, cirujano-dentistas";"GALLARDO BARRIA, ARTURO EFRAIN";"Atencion Clinica Medica";"44 Hrs.";"MEDICO CIRUJANO";"Región Metropolitana de Santiago";"(188)(186)";"$ 5.346.993";"$ 4.360.504";"$ 0";-;"No";"No tiene";"No tiene";"No tiene";"01/01/2026";"31/12/2026";"No informa";"Sin observaciones";
"2026";"Julio";"Profesional";"GALLARDO CORTES, MARIA JOSE";"Atencion Clinica";"15";"PSICOLOGO (A)";"Región Metropolitana de Santiago";"(01)";"$ 1.512.586";"$ 1.227.074";"$ 0";-;"No";"No tiene";"No tiene";"No tiene";"01/01/2026";"31/08/2026";"No informa";"Sin observaciones";
"2026";"Julio";"Técnico";"GALLARDO FUENTES, JONATHAN ALEXANDER";"ATENCION CLINICA";"22";"TECNICO NIVEL SUPERIOR ENFERMERIA";"Región Metropolitana de Santiago";"(202)(204)(186)";"$ 1.327.356";"$ 1.007.618";"$ 0";"$ 0";"Sí";"$ 49.288 : 14,00 hrs";"$ 185.886 : 44,00 hrs";"No tiene";"01/01/2026";"31/12/2026";"No informa";"REMUNERACION JUL.2026";
"2026";"Julio";"Médicos cirujanos, farmacéuticos, químico-farmacéuticos, bioquímicos, cirujano-dentistas";"GALLARDO LEON, DANIEL";"Atencion Clinica Medica";"44 Hrs.";"MEDICO CIRUJANO";"Región Metropolitana de Santiago";"(86)(186)";"$ 3.514.428";"$ 2.794.318";"$ 0";-;"No";"No tiene";"No tiene";"No tiene";"01/01/2026";"31/12/2026";"No informa";"Sin observaciones";
"2026";"Julio";"Administrativo";"GALLARDO MUÑOZ, VANESSA ALEJANDRA";"Apoyo Administrativo";"22";"ADMINISTRATIVO";"Región Metropolitana de Santiago";"(186)(186)";"$ 772.048";"$ 643.474";"$ 0";-;"Sí";"$ 49.719 : 14,00 hrs";"$ 17.046 : 4,00 hrs";"No tiene";"01/01/2026";"31/12/2026";"No informa";"Sin observaciones";
"2026";"Julio";"Administrativo";"GALLMETZER GONZALEZ, HANS JACOBO";"Apoyo Administrativo";"21";"ADMINISTRATIVO";"Región Metropolitana de Santiago";"(186)";"$ 993.064";"$ 859.898";"$ 0";-;"Sí";"$ 136.721 : 36,00 hrs";"$ 123.049 : 27,00 hrs";"No tiene";"01/01/2026";"31/12/2026";"No informa";"Sin observaciones";
"2026";"Julio";"Profesional";"GALLYAS JEREZ, CAMILO ESTEBAN";"Atencion Clinica";"13";"PSICOLOGO (A)";"Región Metropolitana de Santiago";"(01)";"$ 1.795.022";"$ 1.458.969";"$ 0";-;"No";"No tiene";"No tiene";"No tiene";"01/02/2026";"31/12/2026";"No informa";"Sin observaciones";
"2026";"Julio";"Profesional";"GALVEZ ESPINOZA, JOICE KAREN";"Atencion Clinica";"13";"TERAPEUTA OCUPACIONAL";"Región Metropolitana de Santiago";"(01)";"$ 1.795.022";"$ 1.447.079";"$ 0";-;"No";"No tiene";"No tiene";"No tiene";"04/03/2026";"31/12/2026";"No informa";"Sin observaciones";
"2026";"Julio";"Médicos cirujanos, farmacéuticos, químico-farmacéuticos, bioquímicos, cirujano-dentistas";"GALVEZ FLORES, JOAQUIN EDGARDO";"Medico Becario Primario";"44 Hrs.";"MEDICO CIRUJANO";"Región Metropolitana de Santiago";"(01)";"$ 2.916.243";"$ 2.407.067";"$ 0";-;"No";"No tiene";"No tiene";"No tiene";"07/04/2025";"06/04/2027";"No informa";"Sin observaciones";
"2026";"Julio";"Profesional";"GALVEZ GONZALEZ, MARCELO ADOLFO";"Atencion Clinica";"15";"KINESIOLOGO (A)";"Región Metropolitana de Santiago";"(186)";"$ 1.556.321";"$ 1.265.920";"$ 0";-;"Sí";"$ 25.002 : 3,00 hrs";"$ 10.000 : 1,00 hrs";"No tiene";"01/01/2026";"31/12/2026";"No informa";"Sin observaciones";
"2026";"Julio";"Profesional";"GALVEZ PEREZ, CLAUDIO MARCELO";"ATENCION CLINICA";"13";"ENFERMERA (O)";"Región Metropolitana de Santiago";"(203)(204)(186)";"$ 2.496.547";"$ 1.868.819";"$ 0";"$ 0";"No";"No tiene";"No tiene";"No tiene";"01/01/2026";"31/12/2026";"No informa";"REMUNERACION JUL.2026";
"2026";"Julio";"Médicos cirujanos, farmacéuticos, químico-farmacéuticos, bioquímicos, cirujano-dentistas";"GAMBOA ALIAGA, DANIELA FERNANDA";"Atencion Clinica Medica";"44 Hrs.";"MEDICO CIRUJANO";"Región Metropolitana de Santiago";"(86)";"$ 3.049.448";"$ 2.440.323";"$ 0";-;"No";"No tiene";"No tiene";"No tiene";"06/04/2026";"31/12/2026";"No informa";"Sin observaciones";
"2026";"Julio";"Técnico";"GAMBOA VALENZUELA, ZUNILDA MARCELA";"ATENCION CLINICA";"22";"TECNICO NIVEL SUPERIOR ENFERMERIA";"Región Metropolitana de Santiago";"(203)(204)(186)";"$ 1.044.448";"$ 649.937";"$ 0";"$ 0";"Sí";"$ 86.710 : 24,00 hrs";"No tiene";"No tiene";"01/01/2026";"31/12/2026";"No informa";"CANCELA DIFERENCIAS DE ASIGNACIÓN FAMILIAR.+REMUNERACION JUL.2026";
"2026";"Julio";"Profesional";"GARCES LUCERO, OLGA ISABEL";"Apoyo Administrativo";"10";"TRABAJADOR (A) SOCIAL";"Región Metropolitana de Santiago";"(01)";"$ 2.333.878";"$ 1.872.956";"$ 0";-;"No";"No tiene";"No tiene";"No tiene";"01/01/2026";"31/12/2026";"No informa";"Sin observaciones";
"2026";"Julio";"Profesional";"GARCES MIRANDA, MARIA ESPERANZA";"Atencion Clinica";"16";"NUTRICIONISTA";"Región Metropolitana de Santiago";"(01)";"$ 1.502.593";"$ 1.246.808";"$ 0";-;"Sí";"$ 113.874 : 15,00 hrs";"No tiene";"No tiene";"01/01/2026";"30/09/2026";"No informa";"Sin observaciones";
"2026";"Julio";"Técnico";"GARCES VEGA, ELISABETH TAREC";"ATENCION CLINICA";"22";"TECNICO NIVEL SUPERIOR ENFERMERIA";"Región Metropolitana de Santiago";"(01)";"$ 171.566";"$ 171.566";"$ 0";"$ 0";"Sí";"No tiene";"$ 171.566 : 108,00 hrs";"No tiene";"01/06/2026";"12/06/2026";"No informa";"PAGO HHEE";
"2026";"Julio";"Profesional";"GARCIA DUARTE, RODOLFO CRISTIAN";"Jefe de Departamento";"8";"KINESIOLOGO (A)";"Región Metropolitana de Santiago";"(186)";"$ 2.921.716";"$ 2.321.176";"$ 0";-;"No";"No tiene";"No tiene";"No tiene";"01/01/2026";"31/12/2026";"No informa";"Sin observaciones";
"2026";"Julio";"Profesional";"GARCIA NAVARRO, DANIELLA CONSTANZA";"Atencion Clinica";"15";"KINESIOLOGO (A)";"Región Metropolitana de Santiago";"(186)";"$ 1.621.324";"$ 1.340.220";"$ 0";-;"Sí";"No tiene";"$ 100.004 : 10,00 hrs";"No tiene";"01/01/2026";"31/12/2026";"No informa";"Sin observaciones";
"2026";"Julio";"Técnico";"GARCIA OLEA, VERONICA JAVIERA";"Atencion Clinica";"22";"TECNICO NIVEL SUPERIOR ENFERMERIA";"Región Metropolitana de Santiago";"(01)";"$ 751.079";"$ 612.579";"$ 0";-;"No";"No tiene";"No tiene";"No tiene";"01/01/2026";"30/09/2026";"No informa";"Sin observaciones";
"2026";"Julio";"Profesional";"GARCIA SOTO, XIMENA BEATRIZ";"Apoyo Administrativo";"7";"INGENIERO (A) EJECUCION INDUSTRIAL";"Región Metropolitana de Santiago";"(186)";"$ 3.229.717";"$ 2.548.094";"$ 0";-;"No";"No tiene";"No tiene";"No tiene";"01/01/2026";"31/12/2026";"No informa";"Sin observaciones";
"2026";"Julio";"Profesional";"GARCIA ULLOA, CONSTANZA NICOLE";"Apoyo Administrativo";"8";"ABOGADO (A)";"Región Metropolitana de Santiago";"(186)";"$ 2.876.803";"$ 2.295.171";"$ 0";-;"No";"No tiene";"No tiene";"No tiene";"01/01/2026";"31/12/2026";"No informa";"Sin observaciones";
"2026";"Julio";"Técnico";"GARCIA WOLFF, JAVIER ARTURO";"ATENCION CLINICA";"22";"TECNICO NIVEL SUPERIOR ENFERMERIA";"Región Metropolitana de Santiago";"(202)(204)(186)";"$ 1.470.797";"$ 982.620";"$ 0";"$ 0";"Sí";"$ 110.092 : 31,00 hrs";"$ 259.959 : 61,00 hrs";"No tiene";"01/01/2026";"31/12/2026";"No informa";"REMUNERACION JUL.2026";
"2026";"Julio";"Médicos cirujanos, farmacéuticos, químico-farmacéuticos, bioquímicos, cirujano-dentistas";"GARCIAS FRANCO, SARA MARIA";"Atencion Odontologica";"22 Hrs.";"CIRUJANO DENTISTA";"Región Metropolitana de Santiago";"(188)(186)";"$ 2.618.796";"$ 1.986.005";"$ 0";-;"No";"No tiene";"No tiene";"No tiene";"01/01/2026";"31/12/2026";"No informa";"Sin observaciones";
"2026";"Julio";"Médicos cirujanos, farmacéuticos, químico-farmacéuticos, bioquímicos, cirujano-dentistas";"GARCIAS FRANCO, SARA MARIA";"Atencion Odontologica";"22 Hrs.";"CIRUJANO DENTISTA";"Región Metropolitana de Santiago";"(188)(186)";"$ 2.618.796";"$ 2.279.865";"$ 0";-;"No";"No tiene";"No tiene";"No tiene";"01/01/2026";"31/12/2026";"No informa";"Sin observaciones";
"2026";"Julio";"Auxiliar";"GARRIDO ARAYA, DANIEL ALFREDO";"CONDUCTOR";"21";"AUXILIAR";"Región Metropolitana de Santiago";"(205)(203)(204)(186)";"$ 1.521.634";"$ 1.191.009";"$ 0";"$ 0";"Sí";"$ 16.985 : 4,00 hrs";"$ 168.156 : 33,00 hrs";"No tiene";"01/01/2026";"31/12/2026";"No informa";"CANCELA DIFERENCIAS DE ASIGNACIÓN FAMILIAR.+REMUNERACION JUL.2026";
"2026";"Julio";"Profesional";"GARRIDO CASTRO, CRISTOPHER ABDON";"Apoyo Administrativo";"11";"INGENIERO (A) ADMINISTRACION DE EMPRESAS";"Región Metropolitana de Santiago";"(186)";"$ 2.261.514";"$ 1.813.966";"$ 0";-;"No";"No tiene";"No tiene";"No tiene";"01/01/2026";"31/12/2026";"No informa";"Sin observaciones";
"2026";"Julio";"Profesional";"GARRIDO CORDOVA, DANIELA PAZ";"Atencion Clinica";"16";"MATRON (A)";"Región Metropolitana de Santiago";"(186)";"$ 1.497.664";"$ 1.223.691";"$ 0";-;"No";"No tiene";"No tiene";"No tiene";"01/01/2026";"31/12/2026";"No informa";"Sin observaciones";
"2026";"Julio";"Profesional";"GARRIDO GOMEZ, MARISOL EUGENIA";"Director Zonal";"8";"NUTRICIONISTA";"Región Metropolitana de Santiago";"(01)";"$ 2.861.832";"$ 2.295.691";"$ 0";-;"No";"No tiene";"No tiene";"No tiene";"01/01/2026";"31/12/2026";"No informa";"Sin observaciones";
"2026";"Julio";"Administrativo";"GARRIDO JIMENEZ, MARIA ELENA";"Secretaria";"18";"TRABAJADOR (A) SOCIAL";"Región Metropolitana de Santiago";"(01)";"$ 1.162.268";"$ 947.829";"$ 0";-;"No";"No tiene";"No tiene";"No tiene";"01/01/2026";"31/12/2026";"No informa";"Sin observaciones";
"2026";"Julio";"Administrativo";"GARRIDO MENDEZ, KEVIN CAMILO";"APOYO ADMINISTRATIVO";"22";"ADMINISTRATIVO";"Región Metropolitana de Santiago";"(203)(204)(186)";"$ 887.416";"$ 712.484";"$ 0";"$ 0";"No";"No tiene";"No tiene";"No tiene";"01/01/2026";"31/12/2026";"No informa";"CANCELA DIFERENCIAS DE ASIGNACIÓN FAMILIAR.+REMUNERACION JUL.2026";
"2026";"Julio";"Administrativo";"GARRIDO OLMEDO, XIMENA DEL ROSARIO";"Secretaria";"13";"ADMINISTRATIVO";"Región Metropolitana de Santiago";"(186)";"$ 1.182.761";"$ 995.796";"$ 0";-;"Sí";"$ 126.013 : 21,00 hrs";"No tiene";"No tiene";"01/01/2026";"31/12/2026";"No informa";"Sin observaciones";
"2026";"Julio";"Técnico";"GARRIDO PALMA, CONSTANZA IRENE";"Atencion Clinica";"22";"TECNICO NIVEL SUPERIOR ENFERMERIA";"Región Metropolitana de Santiago";"(186)";"$ 887.819";"$ 755.545";"$ 0";-;"Sí";"$ 97.714 : 28,00 hrs";"$ 37.690 : 9,00 hrs";"No tiene";"01/01/2026";"31/12/2026";"No informa";"Sin observaciones";
"2026";"Julio";"Técnico";"GATICA ARANGUIZ, PABLO CESAR";"ATENCION CLINICA";"21";"TECNICO NIVEL SUPERIOR ENFERMERIA";"Región Metropolitana de Santiago";"(203)(204)(186)";"$ 1.027.904";"$ 362.680";"$ 0";"$ 0";"No";"No tiene";"No tiene";"No tiene";"01/01/2026";"31/12/2026";"No informa";"CANCELA DIFERENCIAS DE ASIGNACIÓN FAMILIAR.+REMUNERACION JUL.2026";
"2026";"Julio";"Profesional";"GATICA ARIAS, RICARDO MAURICIO";"Atencion Clinica";"15";"PSICOLOGO (A)";"Región Metropolitana de Santiago";"(186)";"$ 1.731.285";"$ 1.431.436";"$ 0";-;"Sí";"$ 201.229 : 24,00 hrs";"No tiene";"No tiene";"01/01/2026";"31/12/2026";"No informa";"Sin observaciones";
"2026";"Julio";"Técnico";"GATICA GATICA, GIULIANA ANTONELLA";"ATENCION CLINICA";"22";"TECNICO NIVEL SUPERIOR ENFERMERIA";"Región Metropolitana de Santiago";"(01)";"$ 754.178";"$ 643.515";"$ 0";"$ 0";"Sí";"No tiene";"$ 120.373 : 97,00 hrs";"No tiene";"01/07/2026";"27/07/2026";"No informa";"PAGO BONO MENSUAL+REEMPLAZO JUL.2026 (01-09) (11-27)";
"2026";"Julio";"Profesional";"GATICA HALVORSEN, FRANCISCA CONSTANZA";"Atencion Clinica";"16";"ENFERMERA (O)";"Región Metropolitana de Santiago";"(186)";"$ 1.604.159";"$ 1.314.848";"$ 0";-;"Sí";"$ 114.580 : 15,00 hrs";"No tiene";"No tiene";"01/01/2026";"31/12/2026";"No informa";"Sin observaciones";
"2026";"Julio";"Profesional";"GATICA JIMENEZ, PATRICIO JAVIER";"ATENCION CLINICA";"13";"ENFERMERA (O)";"Región Metropolitana de Santiago";"(203)(204)(186)";"$ 2.524.134";"$ 1.520.798";"$ 0";"$ 0";"No";"No tiene";"No tiene";"No tiene";"01/01/2026";"31/12/2026";"No informa";"REMUNERACION JUL.2026";
"2026";"Julio";"Profesional";"GEISER CORVALAN, JAVIERA ESPERANZA";"Atencion Clinica";"16";"PSICOLOGO (A)";"Región Metropolitana de Santiago";"(01)";"$ 1.502.593";"$ 1.246.808";"$ 0";-;"Sí";"$ 113.874 : 15,00 hrs";"No tiene";"No tiene";"01/03/2026";"30/09/2026";"No informa";"Sin observaciones";
"2026";"Julio";"Profesional";"GEORGE TRONCOSO, PATRICIO GUILLERMO";"Apoyo Administrativo";"6";"INGENIERO (A) CIVIL ELECTRICISTA";"Región Metropolitana de Santiago";"(186)";"$ 3.332.409";"$ 2.625.148";"$ 0";-;"No";"No tiene";"No tiene";"No tiene";"01/01/2026";"31/12/2026";"No informa";"Sin observaciones";
"2026";"Julio";"Administrativo";"GHREZ CONEJEROS, IVAN";"Apoyo Administrativo";"16";"ADMINISTRATIVO";"Región Metropolitana de Santiago";"(186)";"$ 907.028";"$ 743.408";"$ 0";-;"Sí";"$ 20.203 : 4,00 hrs";"No tiene";"No tiene";"01/01/2026";"31/12/2026";"No informa";"Sin observaciones";
"2026";"Julio";"Técnico";"GIL FERNANDEZ, DARIANA SARAYD";"Atencion Clinica";"21";"TECNICO NIVEL MEDIO ENFERMERIA";"Región Metropolitana de Santiago";"(01)";"$ 731.315";"$ 602.750";"$ 0";-;"No";"No tiene";"No tiene";"No tiene";"01/01/2026";"31/12/2026";"No informa";"Sin observaciones";
"2026";"Julio";"Profesional";"GODOY CABELLO, LYA CAROL";"Atencion Clinica";"15";"ENFERMERO (A) MATRON (A)";"Región Metropolitana de Santiago";"(186)";"$ 1.614.094";"$ 1.305.121";"$ 0";-;"No";"No tiene";"No tiene";"No tiene";"01/01/2026";"31/12/2026";"No informa";"Sin observaciones";
"2026";"Julio";"Profesional";"GODOY GALVEZ, MACARENA CATHERINA";"Apoyo Administrativo";"8";"NUTRICIONISTA";"Región Metropolitana de Santiago";"(01)";"$ 2.861.832";"$ 2.295.378";"$ 0";-;"No";"No tiene";"No tiene";"No tiene";"01/01/2026";"31/12/2026";"No informa";"Sin observaciones";
"2026";"Julio";"Profesional";"GODOY GUIÑEZ, GONZALO ANDRES";"Atencion Clinica";"12";"PSICOLOGO (A)";"Región Metropolitana de Santiago";"(186)";"$ 1.993.436";"$ 1.606.791";"$ 0";-;"No";"No tiene";"No tiene";"No tiene";"01/01/2026";"31/12/2026";"No informa";"Sin observaciones";
"2026";"Julio";"Profesional";"GODOY QUIRINO, PAMELA ALEJANDRA";"Atencion Clinica";"14";"NUTRICIONISTA";"Región Metropolitana de Santiago";"(186)";"$ 1.843.429";"$ 1.494.037";"$ 0";-;"Sí";"No tiene";"$ 55.872 : 5,00 hrs";"No tiene";"01/01/2026";"31/12/2026";"No informa";"Sin observaciones";
"2026";"Julio";"Profesional";"GODOY SANCHEZ, ERNESTO";"Apoyo Administrativo";"15";"ABOGADO (A)";"Región Metropolitana de Santiago";"(186)";"$ 1.868.529";"$ 1.532.829";"$ 0";-;"Sí";"$ 175.823 : 20,00 hrs";"No tiene";"No tiene";"01/01/2026";"31/12/2026";"No informa";"Sin observaciones";
"2026";"Julio";"Profesional";"GODOY TAPIA, MARIA JOSE";"Atencion Clinica";"15";"NUTRICIONISTA";"Región Metropolitana de Santiago";"(186)";"$ 1.646.325";"$ 1.362.412";"$ 0";-;"Sí";"$ 125.005 : 15,00 hrs";"No tiene";"No tiene";"01/01/2026";"31/12/2026";"No informa";"Sin observaciones";
"2026";"Julio";"Profesional";"GOMEZ ARAYA, MARCELO NICOLAS";"Apoyo Administrativo";"12";"INGENIERO (A) CIVIL INDUSTRIAL";"Región Metropolitana de Santiago";"(01)";"$ 2.164.220";"$ 1.783.628";"$ 0";-;"Sí";"$ 192.793 : 18,00 hrs";"No tiene";"No tiene";"01/01/2026";"31/12/2026";"No informa";"Sin observaciones";
"2026";"Julio";"Profesional";"GOMEZ DIAZ, AGUSTIN IGNACIO";"Atencion Clinica";"15";"ENFERMERA (O)";"Región Metropolitana de Santiago";"(186)";"$ 2.047.446";"$ 1.721.139";"$ 0";-;"Sí";"$ 333.348 : 40,00 hrs";"$ 100.004 : 10,00 hrs";"No tiene";"01/01/2026";"31/12/2026";"No informa";"Sin observaciones";
"2026";"Julio";"Médicos cirujanos, farmacéuticos, químico-farmacéuticos, bioquímicos, cirujano-dentistas";"GOMEZ OLIVEROS, CATALINA SUSANA";"Atencion Odontologica";"44 Hrs.";"CIRUJANO DENTISTA";"Región Metropolitana de Santiago";"(188)(86)(220)(186)";"$ 6.796.637";"$ 5.532.628";"$ 0";-;"No";"No tiene";"No tiene";"No tiene";"01/01/2026";"31/12/2026";"No informa";"Sin observaciones";
"2026";"Julio";"Profesional";"GOMEZ PEREIRA, CLAUDIO ESTEBAN";"Apoyo Administrativo";"9";"PSICOLOGO (A)";"Región Metropolitana de Santiago";"(01)";"$ 2.544.278";"$ 2.030.799";"$ 0";-;"No";"No tiene";"No tiene";"No tiene";"01/01/2026";"31/12/2026";"No informa";"Sin observaciones";
"2026";"Julio";"Médicos cirujanos, farmacéuticos, químico-farmacéuticos, bioquímicos, cirujano-dentistas";"GOMEZ PEREZ, SEBASTIAN EMANUEL";"Atencion Clinica Medica";"44 Hrs.";"MEDICO CIRUJANO";"Región Metropolitana de Santiago";"(86)";"$ 3.049.448";"$ 2.420.684";"$ 0";-;"No";"No tiene";"No tiene";"No tiene";"01/01/2026";"31/12/2026";"No informa";"Sin observaciones";
"2026";"Julio";"Médicos cirujanos, farmacéuticos, químico-farmacéuticos, bioquímicos, cirujano-dentistas";"GONZALEZ ABARZUA, DANIELA FERNANDA";"Atencion Clinica Medica";"44 Hrs.";"MEDICO CIRUJANO";"Región Metropolitana de Santiago";"(86)(186)";"$ 3.514.428";"$ 2.767.224";"$ 0";-;"No";"No tiene";"No tiene";"No tiene";"01/01/2026";"31/12/2026";"No informa";"Sin observaciones";
"2026";"Julio";"Profesional";"GONZALEZ ARENAS, ESTEBAN";"Apoyo Administrativo";"16";"KINESIOLOGO (A)";"Región Metropolitana de Santiago";"(01)";"$ 694.362";"$ 572.294";"$ 0";-;"No";"No tiene";"No tiene";"No tiene";"01/01/2026";"31/12/2026";"No informa";"Sin observaciones";
"2026";"Julio";"Profesional";"GONZALEZ BIZAMA, SOLANGE ALEJANDRA";"Atencion Clinica";"15";"TERAPEUTA OCUPACIONAL";"Región Metropolitana de Santiago";"(186)";"$ 1.614.094";"$ 1.305.121";"$ 0";-;"No";"No tiene";"No tiene";"No tiene";"01/01/2026";"31/12/2026";"No informa";"Sin observaciones";
"2026";"Julio";"Administrativo";"GONZALEZ CABRERA, CAMILO IVAN";"Apoyo Administrativo";"22";"ADMINISTRATIVO";"Región Metropolitana de Santiago";"(186)";"$ 700.605";"$ 572.605";"$ 0";-;"No";"No tiene";"No tiene";"No tiene";"01/01/2026";"31/12/2026";"No informa";"Sin observaciones";
"2026";"Julio";"Técnico";"GONZALEZ CASTRO, JAVIERA FRANCISCA";"Atencion Clinica";"22";"TECNICO NIVEL SUPERIOR ENFERMERIA";"Región Metropolitana de Santiago";"(01)";"$ 751.079";"$ 619.940";"$ 0";-;"No";"No tiene";"No tiene";"No tiene";"01/01/2026";"30/09/2026";"No informa";"Sin observaciones";
"2026";"Julio";"Administrativo";"GONZALEZ CONTRERAS, DAYANA ANDREA";"Apoyo Administrativo";"21";"ADMINISTRATIVO";"Región Metropolitana de Santiago";"(01)";"$ 120.330";"$ 99.321";"$ 0";-;"No";"No tiene";"No tiene";"No tiene";"01/01/2026";"31/12/2026";"No informa";"Sin observaciones";
"2026";"Julio";"Administrativo";"GONZALEZ FUENTES, DAVID ENRIQUE";"Apoyo Administrativo";"16";"ADMINISTRATIVO";"Región Metropolitana de Santiago";"(01)";"$ 880.103";"$ 724.027";"$ 0";-;"Sí";"$ 33.708 : 7,00 hrs";"No tiene";"No tiene";"01/01/2026";"31/12/2026";"No informa";"Sin observaciones";
"2026";"Julio";"Profesional";"GONZALEZ GONZALEZ, PAOLA ARACELLI";"Apoyo Administrativo";"8";"INGENIERO (A) EJECUCION ADMINISTRACION DE EMPRESAS";"Región Metropolitana de Santiago";"(01)";"$ 2.861.832";"$ 2.276.527";"$ 0";-;"No";"No tiene";"No tiene";"No tiene";"01/01/2026";"31/12/2026";"No informa";"Sin observaciones";
"2026";"Julio";"Profesional";"GONZALEZ GOYENECHEA, GONZALO ANDRES";"Apoyo Administrativo";"10";"ABOGADO (A)";"Región Metropolitana de Santiago";"(01)";"$ 2.333.878";"$ 1.885.330";"$ 0";-;"No";"No tiene";"No tiene";"No tiene";"01/01/2026";"31/12/2026";"No informa";"Sin observaciones";
"2026";"Julio";"Técnico";"GONZALEZ GUTIERREZ, CAMILA MARGARITA";"Atencion Clinica";"21";"TECNICO NIVEL SUPERIOR ENFERMERIA";"Región Metropolitana de Santiago";"(186)";"$ 755.939";"$ 616.543";"$ 0";-;"No";"No tiene";"No tiene";"No tiene";"01/01/2026";"31/12/2026";"No informa";"Sin observaciones";
"2026";"Julio";"Profesional";"GONZALEZ GUTIERREZ, CAMILA PILAR";"Atencion Clinica";"13";"PSICOLOGO (A)";"Región Metropolitana de Santiago";"(01)";"$ 1.795.022";"$ 1.448.975";"$ 0";-;"No";"No tiene";"No tiene";"No tiene";"01/01/2026";"31/12/2026";"No informa";"Sin observaciones";
"2026";"Julio";"Técnico";"GONZALEZ LEIVA, RENEE FRANCISCA";"Atencion Clinica";"20";"TECNICO NIVEL SUPERIOR ENFERMERIA";"Región Metropolitana de Santiago";"(186)";"$ 767.886";"$ 632.891";"$ 0";-;"No";"No tiene";"No tiene";"No tiene";"01/01/2026";"31/12/2026";"No informa";"Sin observaciones";
"2026";"Julio";"Médicos cirujanos, farmacéuticos, químico-farmacéuticos, bioquímicos, cirujano-dentistas";"GONZALEZ MADARIAGA, BENJAMIN IVAN";"Medico Becario Primario";"44 Hrs.";"MEDICO CIRUJANO";"Región Metropolitana de Santiago";"(01)";"$ 3.600.037";"$ 2.946.270";"$ 0";-;"No";"No tiene";"No tiene";"No tiene";"06/05/2025";"05/05/2027";"No informa";"Sin observaciones";
"2026";"Julio";"Administrativo";"GONZALEZ MARTINEZ, ALEJANDRO ANDRES";"Apoyo Administrativo";"16";"ADMINISTRATIVO";"Región Metropolitana de Santiago";"(186)";"$ 854.481";"$ 696.914";"$ 0";-;"No";"No tiene";"No tiene";"No tiene";"01/01/2026";"31/12/2026";"No informa";"Sin observaciones";
"2026";"Julio";"Técnico";"GONZALEZ NUÑEZ, JULIO JOSE";"Atencion Clinica";"18";"TECNICO NIVEL SUPERIOR ENFERMERIA";"Región Metropolitana de Santiago";"(186)";"$ 930.121";"$ 776.023";"$ 0";-;"Sí";"$ 17.689 : 4,00 hrs";"$ 68.984 : 13,00 hrs";"No tiene";"01/01/2026";"31/12/2026";"No informa";"Sin observaciones";
"2026";"Julio";"Profesional";"GONZALEZ OJEDA, XIMENA LORETO";"Atencion Clinica";"15";"PSICOLOGO (A)";"Región Metropolitana de Santiago";"(186)";"$ 1.622.830";"$ 1.311.976";"$ 0";-;"No";"No tiene";"No tiene";"No tiene";"01/01/2026";"31/12/2026";"No informa";"Sin observaciones";
"2026";"Julio";"Técnico";"GONZALEZ ORTIZ, ARACELY BELEN";"Atencion Clinica";"22";"TECNICO NIVEL SUPERIOR ENFERMERIA";"Región Metropolitana de Santiago";"(186)(186)";"$ 752.415";"$ 619.224";"$ 0";-;"No";"No tiene";"No tiene";"No tiene";"01/01/2026";"30/09/2026";"No informa";"Sin observaciones";
"2026";"Julio";"Médicos cirujanos, farmacéuticos, químico-farmacéuticos, bioquímicos, cirujano-dentistas";"GONZALEZ PEÑA, DIEGO ALEJANDRO";"Atencion Odontologica";"22 Hrs.";"CIRUJANO DENTISTA";"Región Metropolitana de Santiago";"(188)(186)";"$ 2.823.935";"$ 2.211.838";"$ 0";-;"No";"No tiene";"No tiene";"No tiene";"01/01/2026";"31/12/2026";"No informa";"Sin observaciones";
"2026";"Julio";"Médicos cirujanos, farmacéuticos, químico-farmacéuticos, bioquímicos, cirujano-dentistas";"GONZALEZ PEÑA, DIEGO ALEJANDRO";"Atencion Odontologica";"11 Hrs.";"CIRUJANO DENTISTA";"Región Metropolitana de Santiago";"(188)(186)";"$ 1.411.969";"$ 1.185.894";"$ 0";-;"No";"No tiene";"No tiene";"No tiene";"01/01/2026";"31/12/2026";"No informa";"Sin observaciones";
"2026";"Julio";"Profesional";"GONZALEZ PEREDO, CAMILA MONSERRAT";"Atencion Clinica";"15";"NUTRICIONISTA";"Región Metropolitana de Santiago";"(186)";"$ 1.521.320";"$ 1.248.441";"$ 0";-;"No";"No tiene";"No tiene";"No tiene";"01/01/2026";"31/12/2026";"No informa";"Sin observaciones";
"2026";"Julio";"Profesional";"GONZALEZ PINO, GUILLERMO JORGE";"Apoyo Administrativo";"5";"ABOGADO (A)";"Región Metropolitana de Santiago";"(186)";"$ 3.726.581";"$ 2.929.493";"$ 0";-;"No";"No tiene";"No tiene";"No tiene";"01/01/2026";"31/12/2026";"No informa";"Sin observaciones";
"2026";"Julio";"Administrativo";"GONZALEZ QUINTEROS, MARITZA MARGARITA";"Apoyo Administrativo";"13";"INGENIERO (A) ADMINISTRACION DE EMPRESAS";"Región Metropolitana de Santiago";"(01)";"$ 1.762.116";"$ 1.419.852";"$ 0";-;"No";"No tiene";"No tiene";"No tiene";"01/01/2026";"31/12/2026";"No informa";"Sin observaciones";
"2026";"Julio";"Médicos cirujanos, farmacéuticos, químico-farmacéuticos, bioquímicos, cirujano-dentistas";"GONZALEZ RODRIGUEZ, FELIPE ANDRES";"Atencion Clinica Medica";"44 Hrs.";"MEDICO CIRUJANO";"Región Metropolitana de Santiago";"(86)(186)";"$ 3.514.428";"$ 2.793.414";"$ 0";-;"No";"No tiene";"No tiene";"No tiene";"01/01/2026";"31/12/2026";"No informa";"Sin observaciones";
"2026";"Julio";"Profesional";"GONZALEZ RUBIO, MAXIMILIANO ANDRES";"APOYO ADMINISTRATIVO";"10";"PSICOLOGO (A)";"Región Metropolitana de Santiago";"(186)";"$ 2.346.712";"$ 1.696.288";"$ 0";"$ 0";"No";"No tiene";"No tiene";"No tiene";"01/01/2026";"31/12/2026";"No informa";"REMUNERACION JUL.2026";
"2026";"Julio";"Profesional";"GONZALEZ SALDAÑA, FELIPE ANDRES";"Apoyo Administrativo";"7";"ARQUITECTO(A)";"Región Metropolitana de Santiago";"(186)";"$ 3.197.377";"$ 2.526.508";"$ 0";-;"No";"No tiene";"No tiene";"No tiene";"01/01/2026";"31/12/2026";"No informa";"Sin observaciones";
"2026";"Julio";"Técnico";"GONZALEZ SILVA, EVELYN DANIELA";"Atencion Clinica";"21";"TECNICO NIVEL SUPERIOR ENFERMERIA";"Región Metropolitana de Santiago";"(186)";"$ 753.080";"$ 620.689";"$ 0";-;"No";"No tiene";"No tiene";"No tiene";"01/01/2026";"31/12/2026";"No informa";"Sin observaciones";
"2026";"Julio";"Profesional";"GONZALEZ UNDURRAGA, KEVIN ANDRES";"Atencion Clinica";"15";"KINESIOLOGO (A)";"Región Metropolitana de Santiago";"(186)";"$ 1.807.289";"$ 1.500.594";"$ 0";-;"Sí";"$ 134.153 : 16,00 hrs";"$ 50.307 : 5,00 hrs";"No tiene";"01/01/2026";"31/12/2026";"No informa";"Sin observaciones";
"2026";"Julio";"Profesional";"GONZALEZ VEGA, KAREN ALLINSON";"Atencion Clinica";"15";"TRABAJADOR (A) SOCIAL";"Región Metropolitana de Santiago";"(186)";"$ 1.631.564";"$ 1.320.419";"$ 0";-;"No";"No tiene";"No tiene";"No tiene";"01/01/2026";"31/12/2026";"No informa";"Sin observaciones";
"2026";"Julio";"Médicos cirujanos, farmacéuticos, químico-farmacéuticos, bioquímicos, cirujano-dentistas";"GONZALEZ VENEGAS, NATALIA BELEN";"Atencion Clinica Medica";"44 Hrs.";"MEDICO CIRUJANO";"Región Metropolitana de Santiago";"(86)";"$ 3.049.448";"$ 2.442.649";"$ 0";-;"No";"No tiene";"No tiene";"No tiene";"01/01/2026";"31/12/2026";"No informa";"Sin observaciones";
"2026";"Julio";"Auxiliar";"GONZALEZ ZAVALA, MARCO ANTONIO";"Apoyo Logistico";"22";"AUXILIAR";"Región Metropolitana de Santiago";"(01)";"$ 665.246";"$ 543.706";"$ 0";-;"No";"No tiene";"No tiene";"No tiene";"01/01/2026";"30/09/2026";"No informa";"Sin observaciones";
"2026";"Julio";"Profesional";"GRADO ESCOBAR, NATHALIE DESIREE";"Apoyo Administrativo";"10";"EDUCADOR (A) DE PARVULOS";"Región Metropolitana de Santiago";"(186)";"$ 2.346.712";"$ 1.880.476";"$ 0";-;"No";"No tiene";"No tiene";"No tiene";"01/01/2026";"31/12/2026";"No informa";"Sin observaciones";
"2026";"Julio";"Profesional";"GRANIFO ROUDERGUE, ANA MARIA";"Atencion Clinica";"12";"ENFERMERA (O)";"Región Metropolitana de Santiago";"(01)";"$ 2.278.416";"$ 1.867.348";"$ 0";-;"Sí";"$ 214.215 : 20,00 hrs";"No tiene";"No tiene";"01/01/2026";"31/12/2026";"No informa";"Sin observaciones";
"2026";"Julio";"Administrativo";"GRILLE ORELLANA, MARICEL DEL CARMEN";"Apoyo Administrativo";"21";"ADMINISTRATIVO";"Región Metropolitana de Santiago";"(186)";"$ 888.019";"$ 753.844";"$ 0";-;"Sí";"$ 124.240 : 33,00 hrs";"$ 36.143 : 8,00 hrs";"No tiene";"01/01/2026";"30/09/2026";"No informa";"Sin observaciones";
"2026";"Julio";"Médicos cirujanos, farmacéuticos, químico-farmacéuticos, bioquímicos, cirujano-dentistas";"GROVE MAUREIRA, MARGARITA XIMENA";"JEFE DE DEPARTAMENTO";"22 Hrs.";"MEDICO CIRUJANO CON ESPECIALIDAD EN MEDICINA DE URGENCIA";"Región Metropolitana de Santiago";"(86)(186)";"$ 2.584.607";"$ 2.362.929";"$ 0";"$ 0";"No";"No tiene";"No tiene";"No tiene";"01/01/2026";"31/12/2026";"No informa";"REMUNERACION JUL.2026";
"2026";"Julio";"Administrativo";"GUAJARDO GUAJARDO, ANGELICA MARIA";"Apoyo Administrativo";"22";"ADMINISTRATIVO";"Región Metropolitana de Santiago";"(186)";"$ 776.191";"$ 647.862";"$ 0";-;"Sí";"$ 59.326 : 17,00 hrs";"$ 20.939 : 5,00 hrs";"No tiene";"01/01/2026";"31/12/2026";"No informa";"Sin observaciones";
"2026";"Julio";"Administrativo";"GUAJARDO POBLETE, DAISY ISABEL";"Apoyo Administrativo";"21";"ADMINISTRATIVO";"Región Metropolitana de Santiago";"(186)";"$ 733.294";"$ 599.322";"$ 0";-;"No";"No tiene";"No tiene";"No tiene";"01/01/2026";"31/12/2026";"No informa";"Sin observaciones";
"2026";"Julio";"Profesional";"GUAJARDO RETAMAL, FRANCISCA IGNACIA";"Atencion Clinica";"15";"ENFERMERA (O)";"Región Metropolitana de Santiago";"(01)";"$ 1.621.905";"$ 1.282.409";"$ 0";-;"Sí";"No tiene";"$ 109.319 : 12,00 hrs";"No tiene";"01/01/2026";"30/09/2026";"No informa";"Sin observaciones";
"2026";"Julio";"Administrativo";"GUALDRON CHACON, RONALD ALEJANDRO";"Apoyo Administrativo";"16";"ADMINISTRATIVO";"Región Metropolitana de Santiago";"(186)";"$ 912.830";"$ 757.656";"$ 0";-;"Sí";"$ 58.349 : 12,00 hrs";"No tiene";"No tiene";"01/01/2026";"31/12/2026";"No informa";"Sin observaciones";
"2026";"Julio";"Profesional";"GUAMAN BECKETT, GASTON ANDRES";"ATENCION CLINICA";"12";"KINESIOLOGO (A)";"Región Metropolitana de Santiago";"(203)(204)(186)";"$ 2.978.783";"$ 2.093.189";"$ 0";"$ 0";"Sí";"$ 22.062 : 2,00 hrs";"$ 185.320 : 14,00 hrs";"No tiene";"01/01/2026";"31/12/2026";"No informa";"REMUNERACION JUL.2026";
"2026";"Julio";"Profesional";"GUERRA DIAZ, NATALIA CAMILA";"Atencion Clinica";"13";"TERAPEUTA OCUPACIONAL";"Región Metropolitana de Santiago";"(01)";"$ 1.795.022";"$ 1.311.705";"$ 0";"$ 310.629";"No";"No tiene";"No tiene";"No tiene";"01/01/2026";"17/09/2026";"No informa";"Pago Ley 19.937 cuota abril a junio 2026";
"2026";"Julio";"Profesional";"GUERRA HEVIA, CARLA ANDREA";"Apoyo Administrativo";"5";"PERIODISTA";"Región Metropolitana de Santiago";"(186)";"$ 3.596.614";"$ 2.852.298";"$ 0";-;"No";"No tiene";"No tiene";"No tiene";"01/01/2026";"31/12/2026";"No informa";"Sin observaciones";
"2026";"Julio";"Administrativo";"GUERRA LABRA, LUIS ALBERTO";"APOYO ADMINISTRATIVO";"13";"ADMINISTRATIVO";"Región Metropolitana de Santiago";"(186)";"$ 1.382.097";"$ 1.053.459";"$ 0";"$ 0";"Sí";"$ 148.534 : 25,00 hrs";"$ 178.240 : 25,00 hrs";"No tiene";"01/01/2026";"31/12/2026";"No informa";"REMUNERACION JUL.2026";
"2026";"Julio";"Médicos cirujanos, farmacéuticos, químico-farmacéuticos, bioquímicos, cirujano-dentistas";"GUERRERO CRUZ, MARCELA PAZ";"Atencion Odontologica";"11 Hrs.";"CIRUJANO DENTISTA";"Región Metropolitana de Santiago";"(188)(186)";"$ 1.497.443";"$ 1.327.977";"$ 0";-;"No";"No tiene";"No tiene";"No tiene";"01/01/2026";"31/12/2026";"No informa";"Sin observaciones";
"2026";"Julio";"Médicos cirujanos, farmacéuticos, químico-farmacéuticos, bioquímicos, cirujano-dentistas";"GUERRERO DONOSO, IGNACIO ANTONIO";"Atencion Clinica Medica";"44 Hrs.";"MEDICO CIRUJANO";"Región Metropolitana de Santiago";"(86)";"$ 3.049.448";"$ 2.440.323";"$ 0";-;"No";"No tiene";"No tiene";"No tiene";"01/01/2026";"31/12/2026";"No informa";"Sin observaciones";
"2026";"Julio";"Médicos cirujanos, farmacéuticos, químico-farmacéuticos, bioquímicos, cirujano-dentistas";"GUERRERO VALENZUELA, LUCY CECILIA";"Atencion Clinica Medica";"22 Hrs.";"MEDICO CIRUJANO";"Región Metropolitana de Santiago";"(188)(86)(186)";"$ 3.699.192";"$ 3.418.570";"$ 0";-;"No";"No tiene";"No tiene";"No tiene";"01/01/2026";"31/12/2026";"No informa";"Sin observaciones";
"2026";"Julio";"Profesional";"GULPPI MONCADA, FABIOLA";"Atencion Clinica";"8";"ENFERMERO (A) MATRON (A)";"Región Metropolitana de Santiago";"(01)";"$ 2.861.832";"$ 2.279.423";"$ 0";-;"No";"No tiene";"No tiene";"No tiene";"01/01/2026";"31/12/2026";"No informa";"Sin observaciones";
"2026";"Julio";"Técnico";"GUMERA HURTADO, LISSETTE GERALDINE";"Atencion Clinica";"21";"TECNICO NIVEL SUPERIOR ENFERMERIA";"Región Metropolitana de Santiago";"(202)(186)";"$ 1.132.477";"$ 923.648";"$ 0";-;"No";"No tiene";"No tiene";"No tiene";"01/01/2026";"31/12/2026";"No informa";"Sin observaciones";
"2026";"Julio";"Auxiliar";"GUTI GUTIERREZ, CLAUDIO ANDRES";"CONDUCTOR";"22";"AUXILIAR";"Región Metropolitana de Santiago";"(205)(202)(204)";"$ 1.108.150";"$ 684.523";"$ 0";"$ 0";"No";"No tiene";"No tiene";"No tiene";"01/01/2026";"31/12/2026";"No informa";"CANCELA DIFERENCIAS DE ASIGNACIÓN FAMILIAR.+REMUNERACION JUL.2026";
"2026";"Julio";"Administrativo";"GUTIERREZ DELGADO, JUAN LUIS";"Apoyo Administrativo";"16";"ADMINISTRATIVO";"Región Metropolitana de Santiago";"(186)";"$ 1.407.995";"$ 1.158.888";"$ 0";-;"Sí";"$ 36.420 : 5,00 hrs";"No tiene";"No tiene";"01/01/2026";"31/12/2026";"No informa";"Sin observaciones";
"2026";"Julio";"Técnico";"GUTIERREZ GONZALEZ, MARCELA SILVANA";"Atencion Clinica";"22";"TECNICO NIVEL SUPERIOR ENFERMERIA";"Región Metropolitana de Santiago";"(186)";"$ 753.752";"$ 616.041";"$ 0";-;"No";"No tiene";"No tiene";"No tiene";"01/01/2026";"31/12/2026";"No informa";"Sin observaciones";
"2026";"Julio";"Profesional";"GUTIERREZ HERNANDEZ, BARBARA ANDREA";"ABOGADO";"6";"ABOGADO (A)";"Región Metropolitana de Santiago";"(01)";"$ 3.407.641";"$ 2.562.368";"$ 0";"$ 0";"No";"No tiene";"No tiene";"No tiene";"01/01/2026";"31/12/2026";"No informa";"REMUNERACION JUL.2026";
"2026";"Julio";"Médicos cirujanos, farmacéuticos, químico-farmacéuticos, bioquímicos, cirujano-dentistas";"GUTIERREZ JIMENEZ, GRISET IRENE";"Atencion Odontologica";"22 Hrs.";"CIRUJANO DENTISTA";"Región Metropolitana de Santiago";"(86)(188)(186)";"$ 3.015.760";"$ 2.238.030";"$ 0";-;"No";"No tiene";"No tiene";"No tiene";"01/01/2026";"31/12/2026";"No informa";"Sin observaciones";
"2026";"Julio";"Médicos cirujanos, farmacéuticos, químico-farmacéuticos, bioquímicos, cirujano-dentistas";"GUTIERREZ JIMENEZ, GRISET IRENE";"Atencion Odontologica";"22 Hrs.";"CIRUJANO DENTISTA";"Región Metropolitana de Santiago";"(86)(188)(186)";"$ 2.591.980";"$ 2.258.196";"$ 0";-;"No";"No tiene";"No tiene";"No tiene";"01/01/2026";"31/12/2026";"No informa";"Sin observaciones";
"2026";"Julio";"Médicos cirujanos, farmacéuticos, químico-farmacéuticos, bioquímicos, cirujano-dentistas";"GUTIERREZ MARTINI, JEANNINA VIVIANA";"Atencion Odontologica";"11 Hrs.";"CIRUJANO DENTISTA";"Región Metropolitana de Santiago";"(188)(186)";"$ 1.394.873";"$ 1.226.969";"$ 0";-;"No";"No tiene";"No tiene";"No tiene";"01/01/2026";"31/12/2026";"No informa";"Sin observaciones";
"2026";"Julio";"Auxiliar";"GUTIERREZ MONTENEGRO, RAMON RODRIGO";"CONDUCTOR";"22";"AUXILIAR";"Región Metropolitana de Santiago";"(205)(202)";"$ 1.269.786";"$ 1.050.673";"$ 0";"$ 0";"Sí";"$ 124.524 : 36,00 hrs";"$ 99.619 : 24,00 hrs";"No tiene";"01/04/2026";"31/12/2026";"No informa";"REMUNERACION JUL.2026";
"2026";"Julio";"Profesional";"GUTIERREZ ORELLANA, NATALIA ANDREA";"JEFE DE DEPARTAMENTO";"9";"INGENIERO (A) EJECUCION ADMINISTRACION DE EMPRESAS";"Región Metropolitana de Santiago";"(186)";"$ 2.650.913";"$ 1.774.240";"$ 0";"$ 0";"No";"No tiene";"No tiene";"No tiene";"01/01/2026";"31/12/2026";"No informa";"REMUNERACION JUL.2026";
"2026";"Julio";"Profesional";"GUTIERREZ ORTIZ, CLAUDIA GISELL";"Apoyo Administrativo";"15";"TECNOLOGO (A) EN INFORMATICA BIOMEDICA";"Región Metropolitana de Santiago";"(186)(186)";"$ 1.750.618";"$ 1.431.477";"$ 0";-;"Sí";"$ 8.486 : 1,00 hrs";"$ 101.834 : 10,00 hrs";"No tiene";"01/01/2026";"31/12/2026";"No informa";"Sin observaciones";
"2026";"Julio";"Técnico";"GUTIERREZ PANDO, SEBASTIAN IGNACIO";"Atencion Clinica";"21";"TECNICO NIVEL SUPERIOR ENFERMERIA";"Región Metropolitana de Santiago";"(01)";"$ 731.315";"$ 602.750";"$ 0";-;"No";"No tiene";"No tiene";"No tiene";"01/01/2026";"31/12/2026";"No informa";"Sin observaciones";
"2026";"Julio";"Médicos cirujanos, farmacéuticos, químico-farmacéuticos, bioquímicos, cirujano-dentistas";"GUTIERREZ RIESCO, MARIA DEL PILAR";"Atencion Clinica Medica";"44 Hrs.";"MÉDICOS CIRUJANOS, FARMACÉUTICOS, QUÍMICO-FARMACÉUTICOS, BIOQUÍMICOS, CIRUJANO-DENTISTAS";"Región Metropolitana de Santiago";"(86)(186)";"$ 3.514.428";"$ 2.790.438";"$ 0";-;"No";"No tiene";"No tiene";"No tiene";"01/01/2026";"31/12/2026";"No informa";"Sin observaciones";
"2026";"Julio";"Profesional";"GUTIERREZ VERA, JOAQUIN ANTONIO";"Apoyo Administrativo";"13";"ADMINISTRADOR (A) PUBLICO";"Región Metropolitana de Santiago";"(01)";"$ 1.795.022";"$ 1.461.037";"$ 0";-;"No";"No tiene";"No tiene";"No tiene";"01/01/2026";"30/09/2026";"No informa";"Sin observaciones";
"2026";"Julio";"Profesional";"GUTIERREZ VILLARROEL, RODRIGO HERNAN";"ATENCION CLINICA";"13";"ENFERMERA (O)";"Región Metropolitana de Santiago";"(203)(204)(186)";"$ 2.496.547";"$ 1.941.568";"$ 0";"$ 0";"No";"No tiene";"No tiene";"No tiene";"01/01/2026";"31/12/2026";"No informa";"REMUNERACION JUL.2026";
"2026";"Julio";"Médicos cirujanos, farmacéuticos, químico-farmacéuticos, bioquímicos, cirujano-dentistas";"GUZMAN FRANCO, FREDDY ADOLFO";"Medicina Familiar";"22 Hrs.";"MEDICO CIRUJANO";"Región Metropolitana de Santiago";"(188)(86)(186)";"$ 3.507.729";"$ 3.168.615";"$ 0";-;"No";"No tiene";"No tiene";"No tiene";"01/01/2026";"31/12/2026";"No informa";"Sin observaciones";
"2026";"Julio";"Médicos cirujanos, farmacéuticos, químico-farmacéuticos, bioquímicos, cirujano-dentistas";"GUZMAN FRANCO, FREDDY ADOLFO";"Medicina Familiar";"22 Hrs.";"MEDICO CIRUJANO";"Región Metropolitana de Santiago";"(188)(86)(186)";"$ 3.507.729";"$ 2.509.222";"$ 0";-;"No";"No tiene";"No tiene";"No tiene";"01/01/2026";"31/12/2026";"No informa";"Sin observaciones";
"2026";"Julio";"Médicos cirujanos, farmacéuticos, químico-farmacéuticos, bioquímicos, cirujano-dentistas";"GUZMAN FUENTES, CAMILA IGNACIA";"CIRUGIA GENERAL";"28 Hrs.";"MEDICO CIRUJANO";"Región Metropolitana de Santiago";"(194)(193)(198)(186)";"$ 2.959.561";"$ 2.354.401";"$ 0";"$ 0";"No";"No tiene";"No tiene";"No tiene";"01/01/2026";"31/12/2026";"No informa";"REMUNERACION JUL.2026";
"2026";"Julio";"Técnico";"GUZMAN HERMOSILLA, CAROLINA DENISSE";"Atencion Clinica";"20";"TECNICO NIVEL SUPERIOR ENFERMERIA";"Región Metropolitana de Santiago";"(01)";"$ 742.899";"$ 607.172";"$ 0";-;"No";"No tiene";"No tiene";"No tiene";"23/04/2026";"31/12/2026";"No informa";"Sin observaciones";
"2026";"Julio";"Profesional";"GUZMAN LEAL, JEVHI ANDREA";"Apoyo Administrativo";"7";"KINESIOLOGO (A)";"Región Metropolitana de Santiago";"(186)";"$ 3.072.264";"$ 2.457.638";"$ 0";-;"No";"No tiene";"No tiene";"No tiene";"01/01/2026";"31/12/2026";"No informa";"Sin observaciones";
"2026";"Julio";"Profesional";"GUZMAN NORAMBUENA, MARIOLY ALEJANDRA";"Atencion Clinica";"16";"MATRON (A)";"Región Metropolitana de Santiago";"(01)";"$ 1.064.684";"$ 871.338";"$ 0";-;"No";"No tiene";"No tiene";"No tiene";"09/07/2026";"30/09/2026";"No informa";"CONTRATO POR REEMPLAZO";
"2026";"Julio";"Médicos cirujanos, farmacéuticos, químico-farmacéuticos, bioquímicos, cirujano-dentistas";"GUZMAN SALAS, CAMILA FERNANDA";"Medicina Legal";"44 Hrs.";"MÉDICOS CIRUJANOS, FARMACÉUTICOS, QUÍMICO-FARMACÉUTICOS, BIOQUÍMICOS, CIRUJANO-DENTISTAS";"Región Metropolitana de Santiago";"(86)(186)";"$ 6.290.630";"$ 5.124.814";"$ 0";-;"No";"No tiene";"No tiene";"No tiene";"01/01/2026";"31/12/2026";"No informa";"Sin observaciones";
"2026";"Julio";"Médicos cirujanos, farmacéuticos, químico-farmacéuticos, bioquímicos, cirujano-dentistas";"HAFEMANN CABRERA, MARIA IGNACIA ELIZABETH AI";"Atencion Clinica Medica";"22 Hrs.";"MEDICO CIRUJANO";"Región Metropolitana de Santiago";"(188)(186)";"$ 2.222.196";"$ 1.700.245";"$ 0";-;"No";"No tiene";"No tiene";"No tiene";"01/01/2026";"31/07/2026";"No informa";"Sin observaciones";
"2026";"Julio";"Médicos cirujanos, farmacéuticos, químico-farmacéuticos, bioquímicos, cirujano-dentistas";"HAFEMANN CABRERA, MARIA IGNACIA ELIZABETH AI";"Atencion Clinica Medica";"22 Hrs.";"MEDICO CIRUJANO";"Región Metropolitana de Santiago";"(188)(186)";"$ 2.222.196";"$ 1.888.412";"$ 0";-;"No";"No tiene";"No tiene";"No tiene";"01/01/2026";"31/07/2026";"No informa";"Sin observaciones";
"2026";"Julio";"Profesional";"HENRIQUEZ ARIAS, CAROLINA VALESKA";"Atencion Clinica";"16";"ENFERMERA (O)";"Región Metropolitana de Santiago";"(01)";"$ 1.388.719";"$ 1.129.757";"$ 0";-;"No";"No tiene";"No tiene";"No tiene";"08/05/2026";"30/07/2026";"No informa";"CONTRATO POR REEMPLAZO";
"2026";"Julio";"Administrativo";"HENRIQUEZ CARRASCO, JUDITH MARIA MAGDALENA";"Apoyo Administrativo";"19";"ADMINISTRATIVO";"Región Metropolitana de Santiago";"(01)";"$ 906.344";"$ 768.280";"$ 0";-;"Sí";"$ 150.654 : 36,00 hrs";"No tiene";"No tiene";"01/01/2026";"31/12/2026";"No informa";"Sin observaciones";
"2026";"Julio";"Médicos cirujanos, farmacéuticos, químico-farmacéuticos, bioquímicos, cirujano-dentistas";"HENRIQUEZ GUEVARA, ALEJANDRA PAOLA";"Atencion Clinica Medica";"44 Hrs.";"MEDICO CIRUJANO";"Región Metropolitana de Santiago";"(86)";"$ 3.049.448";"$ 2.423.820";"$ 0";-;"No";"No tiene";"No tiene";"No tiene";"01/01/2026";"31/12/2026";"No informa";"Sin observaciones";
"2026";"Julio";"Técnico";"HENRIQUEZ ROJAS, ANNABELLA PATRICIA";"Atencion Clinica";"21";"TECNICO NIVEL SUPERIOR ODONTOLOGIA";"Región Metropolitana de Santiago";"(186)";"$ 754.510";"$ 617.490";"$ 0";-;"No";"No tiene";"No tiene";"No tiene";"01/01/2026";"31/12/2026";"No informa";"Sin observaciones";
"2026";"Julio";"Médicos cirujanos, farmacéuticos, químico-farmacéuticos, bioquímicos, cirujano-dentistas";"HENRIQUEZ TOLEDO, CAMILA CONSTANZA";"Atencion Clinica Medica";"44 Hrs.";"MEDICO CIRUJANO";"Región Metropolitana de Santiago";"(86)(186)";"$ 3.796.548";"$ 3.049.501";"$ 0";-;"Sí";"$ 108.504 : 9,00 hrs";"$ 173.616 : 12,00 hrs";"No tiene";"01/01/2026";"31/12/2026";"No informa";"Sin observaciones";
"2026";"Julio";"Profesional";"HENRIQUEZ VALDES, NICOLAS IGNACIO";"ATENCION CLINICA";"13";"KINESIOLOGO (A)";"Región Metropolitana de Santiago";"(203)(204)(186)";"$ 2.524.134";"$ 1.573.626";"$ 0";"$ 0";"No";"No tiene";"No tiene";"No tiene";"01/01/2026";"31/12/2026";"No informa";"REMUNERACION JUL.2026";
"2026";"Julio";"Administrativo";"HENRIQUEZ VENEGAS, MARIA SALOME";"Secretaria";"22";"ADMINISTRATIVO";"Región Metropolitana de Santiago";"(186)";"$ 705.283";"$ 576.428";"$ 0";-;"No";"No tiene";"No tiene";"No tiene";"01/01/2026";"31/12/2026";"No informa";"Sin observaciones";
"2026";"Julio";"Médicos cirujanos, farmacéuticos, químico-farmacéuticos, bioquímicos, cirujano-dentistas";"HERNANDEZ CONTRERAS, MARIA PAZ";"Atencion Clinica Medica";"44 Hrs.";"MEDICO CIRUJANO";"Región Metropolitana de Santiago";"(01)";"$ 195.537";"$ 2.071";"$ 0";-;"No";"No tiene";"No tiene";"No tiene";"17/06/2026";"03/07/2026";"No informa";"CONTRATO POR REEMPLAZO";
"2026";"Julio";"Profesional";"HERNANDEZ DUQUE, DANIELA ANDREA";"Apoyo Administrativo";"13";"PSICOLOGO (A)";"Región Metropolitana de Santiago";"(01)";"$ 1.795.022";"$ 1.444.819";"$ 0";-;"No";"No tiene";"No tiene";"No tiene";"01/01/2026";"31/12/2026";"No informa";"Sin observaciones";
"2026";"Julio";"Administrativo";"HERNANDEZ HERRERA, JOSE ABEL";"Apoyo Administrativo";"14";"ADMINISTRATIVO";"Región Metropolitana de Santiago";"(01)";"$ 1.299.232";"$ 1.119.012";"$ 0";-;"Sí";"$ 217.135 : 40,00 hrs";"$ 130.281 : 20,00 hrs";"No tiene";"01/01/2026";"31/12/2026";"No informa";"Sin observaciones";
"2026";"Julio";"Auxiliar";"HERNANDEZ JARA, CHRISTOPHER ENRIQUE";"Apoyo Logistico";"24";"AUXILIAR";"Región Metropolitana de Santiago";"(01)";"$ 1.162.548";"$ 1.048.834";"$ 0";-;"Sí";"No tiene";"$ 535.047 : 203,00 hrs";"No tiene";"01/01/2026";"30/09/2026";"No informa";"Sin observaciones";
"2026";"Julio";"Profesional";"HERNANDEZ LABARCA, ISIDORA MARIELA";"ATENCION CLINICA";"13";"ENFERMERA (O)";"Región Metropolitana de Santiago";"(01)";"$ 1.508.361";"$ 1.406.484";"$ 0";"$ 0";"Sí";"$ 157.807 : 16,00 hrs";"$ 871.882 : 131,00 hrs";"No tiene";"01/07/2026";"08/07/2026";"No informa";"REEMPLAZO JUL.2026 (01-08)";
"2026";"Julio";"Técnico";"HERNANDEZ LIZAMA, MARGARITA ALICIA";"Atencion Clinica";"20";"TECNICO NIVEL SUPERIOR ENFERMERIA";"Región Metropolitana de Santiago";"(186)";"$ 974.743";"$ 834.185";"$ 0";-;"Sí";"$ 79.445 : 20,00 hrs";"$ 133.468 : 28,00 hrs";"No tiene";"01/01/2026";"31/12/2026";"No informa";"Sin observaciones";
"2026";"Julio";"Médicos cirujanos, farmacéuticos, químico-farmacéuticos, bioquímicos, cirujano-dentistas";"HERNANDEZ LUZARDO, ANDRES ALEJANDRO";"Atencion Clinica Medica";"44 Hrs.";"MEDICO CIRUJANO";"Región Metropolitana de Santiago";"(188)(186)";"$ 4.389.571";"$ 3.563.496";"$ 0";-;"No";"No tiene";"No tiene";"No tiene";"01/01/2026";"31/12/2026";"No informa";"Sin observaciones";
"2026";"Julio";"Administrativo";"HERNANDEZ QUINTANA, TAMARA ANDREA";"Apoyo Administrativo";"21";"ADMINISTRATIVO";"Región Metropolitana de Santiago";"(186)";"$ 832.037";"$ 703.125";"$ 0";-;"Sí";"$ 75.956 : 20,00 hrs";"$ 22.787 : 5,00 hrs";"No tiene";"01/01/2026";"31/12/2026";"No informa";"Sin observaciones";
"2026";"Julio";"Profesional";"HERNANDEZ ROMAN, MIRELA CONSTANZA";"Atencion Clinica";"12";"TECNOLOGO (A) MEDICO";"Región Metropolitana de Santiago";"(186)";"$ 2.430.884";"$ 2.020.253";"$ 0";-;"Sí";"$ 32.516 : 3,00 hrs";"$ 312.158 : 24,00 hrs";"No tiene";"01/01/2026";"31/12/2026";"No informa";"Sin observaciones";
"2026";"Julio";"Administrativo";"HERNANDEZ TORRES, SOLEDAD CATALINA";"Apoyo Administrativo";"22";"ADMINISTRATIVO";"Región Metropolitana de Santiago";"(186)";"$ 731.455";"$ 601.745";"$ 0";-;"Sí";"$ 21.493 : 6,00 hrs";"No tiene";"No tiene";"01/01/2026";"31/12/2026";"No informa";"Sin observaciones";
"2026";"Julio";"Técnico";"HERNANDEZ VILLAR, CESAR ANTONIO";"ATENCION CLINICA";"18";"TECNICO NIVEL SUPERIOR ENFERMERIA";"Región Metropolitana de Santiago";"(201)(202)(204)(186)";"$ 2.002.069";"$ 1.073.933";"$ 0";"$ 0";"Sí";"$ 75.142 : 16,00 hrs";"$ 383.107 : 68,00 hrs";"No tiene";"01/01/2026";"31/12/2026";"No informa";"REMUNERACION JUL.2026+REGULARIZA PAGO HHEE MES(ES) ANTERIOR(ES)";
"2026";"Julio";"Auxiliar";"HERRERA CHAVEZ, MARIO ALEJANDRO";"CONDUCTOR";"24";"AUXILIAR";"Región Metropolitana de Santiago";"(202)";"$ 1.066.115";"$ 883.833";"$ 0";"$ 0";"Sí";"$ 78.683 : 27,00 hrs";"$ 160.864 : 46,00 hrs";"No tiene";"01/01/2026";"31/08/2026";"No informa";"CANCELA DIFERENCIAS DE ASIGNACIÓN FAMILIAR.+REMUNERACION JUL.2026";
"2026";"Julio";"Administrativo";"HERRERA DURAN, ANITA MARIA";"SECRETARIA";"13";"ADMINISTRATIVO";"Región Metropolitana de Santiago";"(186)";"$ 1.056.748";"$ 741.520";"$ 0";"$ 0";"No";"No tiene";"No tiene";"No tiene";"01/01/2026";"31/12/2026";"No informa";"REMUNERACION JUL.2026";
"2026";"Julio";"Profesional";"HERRERA FUENTES, SEBASTIAN PATRICIO";"Apoyo Administrativo";"13";"INGENIERO (A) PREVENCION DE RIESGOS Y MEDIO AMBIENTE";"Región Metropolitana de Santiago";"(01)";"$ 1.795.022";"$ 1.448.975";"$ 0";-;"No";"No tiene";"No tiene";"No tiene";"01/01/2026";"31/12/2026";"No informa";"Sin observaciones";
"2026";"Julio";"Médicos cirujanos, farmacéuticos, químico-farmacéuticos, bioquímicos, cirujano-dentistas";"HERRERA HERRERA, JOSEFA CONSTANZA";"Medico Becario Primario";"44 Hrs.";"MEDICO CIRUJANO";"Región Metropolitana de Santiago";"(01)";"$ 3.600.037";"$ 2.971.470";"$ 0";-;"No";"No tiene";"No tiene";"No tiene";"06/05/2025";"05/05/2027";"No informa";"Sin observaciones";
"2026";"Julio";"Profesional";"HERRERA MENESES, WALESKA ALEJANDRA";"Atencion Clinica";"12";"ENFERMERA (O)";"Región Metropolitana de Santiago";"(01)";"$ 2.142.799";"$ 1.750.005";"$ 0";-;"Sí";"$ 171.372 : 16,00 hrs";"No tiene";"No tiene";"01/01/2026";"31/12/2026";"No informa";"Sin observaciones";
"2026";"Julio";"Médicos cirujanos, farmacéuticos, químico-farmacéuticos, bioquímicos, cirujano-dentistas";"HERRERA MORI, ANTONELLA MIROSLAVA";"Atencion Clinica Medica";"44 Hrs.";"MEDICO CIRUJANO";"Región Metropolitana de Santiago";"(86)(186)";"$ 4.768.308";"$ 3.917.037";"$ 0";-;"Sí";"$ 241.120 : 20,00 hrs";"$ 1.012.760 : 70,00 hrs";"No tiene";"01/01/2026";"31/12/2026";"No informa";"Sin observaciones";
"2026";"Julio";"Profesional";"HERRERA PALLEROS, MICHEL DANGELO";"Atencion Clinica";"15";"KINESIOLOGO (A)";"Región Metropolitana de Santiago";"(186)";"$ 1.521.320";"$ 1.232.330";"$ 0";-;"No";"No tiene";"No tiene";"No tiene";"01/01/2026";"31/12/2026";"No informa";"Sin observaciones";
"2026";"Julio";"Administrativo";"HERRERA ROMAN, TERESA ANTONIETA";"Apoyo Administrativo";"21";"CONTADOR (A) AUDITOR (A)";"Región Metropolitana de Santiago";"(01)";"$ 1.058.116";"$ 895.439";"$ 0";-;"Sí";"$ 101.122 : 24,00 hrs";"$ 25.281 : 5,00 hrs";"No tiene";"02/03/2026";"31/08/2026";"No informa";"Sin observaciones";
"2026";"Julio";"Técnico";"HERRERA ROMERO, CAMILA CONSTANZA";"Apoyo Administrativo";"16";"TECNICO NIVEL SUPERIOR ENFERMERIA";"Región Metropolitana de Santiago";"(186)";"$ 957.825";"$ 789.439";"$ 0";-;"No";"No tiene";"No tiene";"No tiene";"01/01/2026";"31/12/2026";"No informa";"Sin observaciones";
"2026";"Julio";"Profesional";"HERRERA SALGADO, ROCIO BERENICE";"Apoyo Administrativo";"6";"INGENIERO (A) CIVIL INDUSTRIAL";"Región Metropolitana de Santiago";"(01)";"$ 3.407.641";"$ 2.686.929";"$ 0";-;"No";"No tiene";"No tiene";"No tiene";"01/01/2026";"31/12/2026";"No informa";"Sin observaciones";
"2026";"Julio";"Profesional";"HERRERA TORRES, ALVARO RODRIGO";"Apoyo Administrativo";"12";"RELACIONADOR (A) PUBLICO";"Región Metropolitana de Santiago";"(186)";"$ 2.086.210";"$ 1.675.547";"$ 0";-;"No";"No tiene";"No tiene";"No tiene";"01/01/2026";"31/12/2026";"No informa";"Sin observaciones";
"2026";"Julio";"Administrativo";"HERRERA VALDES, SARA HERMINIA";"Apoyo Administrativo";"21";"ADMINISTRATIVO";"Región Metropolitana de Santiago";"(186)";"$ 737.265";"$ 602.566";"$ 0";-;"No";"No tiene";"No tiene";"No tiene";"01/01/2026";"31/12/2026";"No informa";"Sin observaciones";
"2026";"Julio";"Técnico";"HERWITTE MORA, ESCARLET DENEY";"Atencion Clinica";"22";"TECNICO NIVEL MEDIO ENFERMERIA";"Región Metropolitana de Santiago";"(186)";"$ 737.756";"$ 602.967";"$ 0";-;"No";"No tiene";"No tiene";"No tiene";"01/01/2026";"31/12/2026";"No informa";"Sin observaciones";
"2026";"Julio";"Médicos cirujanos, farmacéuticos, químico-farmacéuticos, bioquímicos, cirujano-dentistas";"HEYERMANN GAJARDO, BEATRIZ EUGENIA";"Medicina de Urgencia";"44 Hrs.";"MEDICO CIRUJANO";"Región Metropolitana de Santiago";"(86)(186)";"$ 5.497.429";"$ 4.496.037";"$ 0";-;"No";"No tiene";"No tiene";"No tiene";"01/01/2026";"31/12/2026";"No informa";"Sin observaciones";
"2026";"Julio";"Profesional";"HIDALGO FERNANDEZ, HUGO STARSKY";"Apoyo Administrativo";"7";"TECNOLOGO (A) MEDICO";"Región Metropolitana de Santiago";"(186)";"$ 3.197.377";"$ 2.531.508";"$ 0";-;"No";"No tiene";"No tiene";"No tiene";"01/01/2026";"31/12/2026";"No informa";"Sin observaciones";
"2026";"Julio";"Administrativo";"HIDALGO GARRIDO, CAROLINA DEL CARMEN";"Apoyo Administrativo";"22";"ADMINISTRATIVO";"Región Metropolitana de Santiago";"(186)";"$ 695.926";"$ 573.582";"$ 0";-;"No";"No tiene";"No tiene";"No tiene";"01/01/2026";"30/09/2026";"No informa";"Sin observaciones";
"2026";"Julio";"Profesional";"HIDALGO NOCETTI, NELSON ANDRES";"Atencion Clinica";"12";"KINESIOLOGO (A)";"Región Metropolitana de Santiago";"(01)";"$ 2.064.201";"$ 1.658.280";"$ 0";-;"No";"No tiene";"No tiene";"No tiene";"01/01/2026";"31/12/2026";"No informa";"Sin observaciones";
"2026";"Julio";"Técnico";"HIGUERA SEPULVEDA, KESIA BELEN";"Atencion Clinica";"22";"TECNICO NIVEL SUPERIOR ENFERMERIA";"Región Metropolitana de Santiago";"(186)";"$ 790.602";"$ 657.857";"$ 0";-;"Sí";"$ 35.514 : 10,00 hrs";"No tiene";"No tiene";"01/01/2026";"31/12/2026";"No informa";"Sin observaciones";
"2026";"Julio";"Profesional";"HIGUERA VARGAS, CARLOS ALBERTO";"Atencion Clinica";"12";"TERAPEUTA OCUPACIONAL";"Región Metropolitana de Santiago";"(186)";"$ 2.223.687";"$ 1.804.338";"$ 0";-;"Sí";"$ 21.806 : 2,00 hrs";"$ 104.667 : 8,00 hrs";"No tiene";"01/01/2026";"31/12/2026";"No informa";"Sin observaciones";
"2026";"Julio";"Técnico";"HIGUERAS MIÑO, DIGNA LISETTE";"ATENCION CLINICA";"22";"TECNICO NIVEL SUPERIOR ENFERMERIA";"Región Metropolitana de Santiago";"(01)";"$ 311.240";"$ 259.746";"$ 0";"$ 0";"Sí";"$ 27.672 : 8,00 hrs";"$ 88.551 : 94,00 hrs";"No tiene";"01/07/2026";"08/07/2026";"No informa";"PAGO BONO MENSUAL+REEMPLAZO JUL.2026 (01-08)";
"2026";"Julio";"Profesional";"HINOJOSA BAEZA, CAMILA JAVIERA";"Atencion Clinica";"16";"MATRON (A)";"Región Metropolitana de Santiago";"(186)";"$ 1.503.746";"$ 1.248.160";"$ 0";-;"Sí";"$ 106.941 : 14,00 hrs";"No tiene";"No tiene";"01/01/2026";"30/09/2026";"No informa";"Sin observaciones";
"2026";"Julio";"Técnico";"HINOJOSA TRUJILLO, JOSELYN NOEMI";"ATENCION CLINICA";"22";"TECNICO NIVEL SUPERIOR ENFERMERIA";"Región Metropolitana de Santiago";"(202)(204)";"$ 1.075.052";"$ 853.145";"$ 0";"$ 0";"No";"No tiene";"No tiene";"No tiene";"01/01/2026";"31/12/2026";"No informa";"REMUNERACION JUL.2026";
"2026";"Julio";"Profesional";"HOLUIGUE MIRANDA, CAROLINA ANDREA";"Apoyo Administrativo";"7";"PSICOLOGO (A)";"Región Metropolitana de Santiago";"(186)";"$ 3.165.038";"$ 2.505.994";"$ 0";-;"No";"No tiene";"No tiene";"No tiene";"01/01/2026";"31/12/2026";"No informa";"Sin observaciones";
"2026";"Julio";"Administrativo";"HORMAZABAL OPAZO, SYLVIA ANGELICA";"APOYO ADMINISTRATIVO";"22";"ADMINISTRATIVO";"Región Metropolitana de Santiago";"(203)(204)(186)";"$ 889.965";"$ 623.241";"$ 0";"$ 0";"No";"No tiene";"No tiene";"No tiene";"01/01/2026";"31/12/2026";"No informa";"REMUNERACION JUL.2026";
"2026";"Julio";"Profesional";"HORMAZABAL ROMERO, PEDRO ALEJANDRO";"Atencion Clinica";"15";"KINESIOLOGO (A)";"Región Metropolitana de Santiago";"(186)";"$ 2.174.927";"$ 1.852.141";"$ 0";-;"Sí";"$ 330.962 : 39,00 hrs";"$ 203.668 : 20,00 hrs";"No tiene";"01/01/2026";"31/12/2026";"No informa";"Sin observaciones";
"2026";"Julio";"Profesional";"HOVER ROMAN, LORENA PAZ";"Atencion Clinica";"13";"ENFERMERA (O)";"Región Metropolitana de Santiago";"(01)";"$ 1.795.022";"$ 1.448.975";"$ 0";-;"No";"No tiene";"No tiene";"No tiene";"01/01/2026";"31/12/2026";"No informa";"Sin observaciones";
"2026";"Julio";"Administrativo";"HUAQUIN HUAQUIN, JOSUE DAVID";"Apoyo Administrativo";"21";"ADMINISTRATIVO";"Región Metropolitana de Santiago";"(186)";"$ 924.205";"$ 789.506";"$ 0";-;"Sí";"$ 99.599 : 26,00 hrs";"$ 87.341 : 19,00 hrs";"No tiene";"01/01/2026";"31/12/2026";"No informa";"Sin observaciones";
"2026";"Julio";"Técnico";"HUEICHALEO HUAIQUIMAN, MARIA ELENA";"Atencion Clinica";"20";"TECNICO NIVEL SUPERIOR ODONTOLOGIA";"Región Metropolitana de Santiago";"(186)";"$ 767.886";"$ 626.211";"$ 0";-;"No";"No tiene";"No tiene";"No tiene";"01/01/2026";"31/12/2026";"No informa";"Sin observaciones";
"2026";"Julio";"Técnico";"HUENCHUL HUANQUILEN, ANA ESTEFANY";"Atencion Clinica";"21";"TECNICO NIVEL SUPERIOR ODONTOLOGIA";"Región Metropolitana de Santiago";"(01)";"$ 731.315";"$ 602.750";"$ 0";-;"No";"No tiene";"No tiene";"No tiene";"06/04/2026";"30/09/2026";"No informa";"Sin observaciones";
"2026";"Julio";"Técnico";"HUERAMAN HUAICHAPAN, MARIA TERESA";"Atencion Clinica";"21";"TECNICO NIVEL SUPERIOR ODONTOLOGIA";"Región Metropolitana de Santiago";"(186)(186)";"$ 755.939";"$ 611.398";"$ 0";-;"No";"No tiene";"No tiene";"No tiene";"01/01/2026";"31/12/2026";"No informa";"Sin observaciones";
"2026";"Julio";"Profesional";"HUERTA ALLENDES, NADIA BELEN";"Apoyo Administrativo";"16";"EDUCADOR (A) DE PARVULOS";"Región Metropolitana de Santiago";"(01)";"$ 609.371";"$ 380.156";"$ 0";-;"Sí";"$ 7.592 : 1,00 hrs";"No tiene";"No tiene";"23/04/2026";"27/07/2026";"No informa";"CONTRATO POR REEMPLAZO";
"2026";"Julio";"Auxiliar";"HUERTA GARCIA, FREDERIK ALBERTO";"CONDUCTOR";"22";"AUXILIAR";"Región Metropolitana de Santiago";"(205)(202)(204)";"$ 1.094.314";"$ 523.658";"$ 0";"$ 0";"No";"No tiene";"No tiene";"No tiene";"01/01/2026";"31/12/2026";"No informa";"REMUNERACION JUL.2026";
"2026";"Julio";"Administrativo";"HURTADO MONTAÑO, LAURA";"APOYO ADMINISTRATIVO";"22";"TECNICO NIVEL SUPERIOR ENFERMERIA";"Región Metropolitana de Santiago";"(203)(204)(186)";"$ 950.577";"$ 768.897";"$ 0";"$ 0";"No";"No tiene";"No tiene";"No tiene";"01/01/2026";"31/12/2026";"No informa";"CANCELA DIFERENCIAS DE ASIGNACIÓN FAMILIAR.+REMUNERACION JUL.2026";
"2026";"Julio";"Administrativo";"IBACACHE CONTRERAS, NICOLE ANDREA";"APOYO ADMINISTRATIVO";"22";"ADMINISTRATIVO";"Región Metropolitana de Santiago";"(01)";"$ 852.069";"$ 743.644";"$ 0";"$ 0";"Sí";"$ 51.885 : 15,00 hrs";"$ 224.144 : 122,00 hrs";"No tiene";"01/07/2026";"25/07/2026";"No informa";"PAGO BONO MENSUAL+REEMPLAZO JUL.2026 (01-25)";
"2026";"Julio";"Administrativo";"IBACACHE HUIRCAN, JUAN CARLOS";"Apoyo Administrativo";"22";"ADMINISTRATIVO";"Región Metropolitana de Santiago";"(01)";"$ 691.247";"$ 565.717";"$ 0";-;"No";"No tiene";"No tiene";"No tiene";"01/01/2026";"31/12/2026";"No informa";"Sin observaciones";
"2026";"Julio";"Auxiliar";"IBACACHE RIVAS, MARCELO DEL CARMEN";"CONDUCTOR";"22";"AUXILIAR";"Región Metropolitana de Santiago";"(205)(202)(204)(186)";"$ 1.477.216";"$ 1.123.521";"$ 0";"$ 0";"Sí";"$ 139.592 : 40,00 hrs";"$ 234.514 : 56,00 hrs";"No tiene";"01/01/2026";"31/12/2026";"No informa";"CANCELA DIFERENCIAS DE ASIGNACIÓN FAMILIAR.+REMUNERACION JUL.2026";
"2026";"Julio";"Profesional";"IBAÑEZ MUÑOZ, ALVARO SEBASTIAN";"Atencion Clinica";"15";"TERAPEUTA OCUPACIONAL";"Región Metropolitana de Santiago";"(186)";"$ 1.622.830";"$ 1.316.980";"$ 0";-;"No";"No tiene";"No tiene";"No tiene";"01/01/2026";"31/12/2026";"No informa";"Sin observaciones";
"2026";"Julio";"Técnico";"IBARRA CONTRERAS, KATHERIN LESLIE";"Atencion Clinica";"21";"TECNICO NIVEL SUPERIOR ENFERMERIA";"Región Metropolitana de Santiago";"(186)";"$ 755.939";"$ 623.045";"$ 0";-;"No";"No tiene";"No tiene";"No tiene";"01/01/2026";"31/12/2026";"No informa";"Sin observaciones";
"2026";"Julio";"Técnico";"IBARRA ECHEVERRIA, JUANA BERNARDA DEL CARMEN";"Atencion Clinica";"22";"TECNICO NIVEL SUPERIOR ODONTOLOGIA";"Región Metropolitana de Santiago";"(186)";"$ 756.424";"$ 616.939";"$ 0";-;"No";"No tiene";"No tiene";"No tiene";"01/01/2026";"31/12/2026";"No informa";"Sin observaciones";
"2026";"Julio";"Auxiliar";"IBARRA MONDACA, JORGE LUIS";"CONDUCTOR";"24";"AUXILIAR";"Región Metropolitana de Santiago";"(202)";"$ 897.225";"$ 716.977";"$ 0";"$ 0";"Sí";"$ 40.799 : 14,00 hrs";"$ 34.970 : 10,00 hrs";"No tiene";"01/01/2026";"31/08/2026";"No informa";"REMUNERACION JUL.2026";
"2026";"Julio";"Auxiliar";"IBARRA TAMAYO, CRISTIAN ANDRES";"CONDUCTOR";"24";"AUXILIAR";"Región Metropolitana de Santiago";"(205)(202)(204)(186)";"$ 975.308";"$ 363.558";"$ 0";"$ 0";"No";"No tiene";"No tiene";"No tiene";"01/01/2026";"31/12/2026";"No informa";"REMUNERACION JUL.2026";
"2026";"Julio";"Profesional";"IGLESIAS VALDIVIA, SANDY FANNY";"Apoyo Administrativo";"5";"ASISTENTE SOCIAL";"Región Metropolitana de Santiago";"(186)";"$ 3.670.791";"$ 2.884.826";"$ 0";-;"No";"No tiene";"No tiene";"No tiene";"01/01/2026";"31/12/2026";"No informa";"Sin observaciones";
"2026";"Julio";"Técnico";"INOSTROZA HIDALGO, ISABEL CRISTINA";"ATENCION CLINICA";"21";"TECNICO NIVEL SUPERIOR ENFERMERIA";"Región Metropolitana de Santiago";"(203)(204)(186)";"$ 1.335.477";"$ 1.110.559";"$ 0";"$ 0";"Sí";"$ 108.183 : 28,00 hrs";"$ 204.002 : 44,00 hrs";"No tiene";"01/01/2026";"31/12/2026";"No informa";"REMUNERACION JUL.2026";
"2026";"Julio";"Médicos cirujanos, farmacéuticos, químico-farmacéuticos, bioquímicos, cirujano-dentistas";"INTURIAS ALVAREZ, CAMILA FERNANDA";"Atencion Odontologica";"11 Hrs.";"CIRUJANO DENTISTA";"Región Metropolitana de Santiago";"(188)(186)";"$ 1.143.769";"$ 936.060";"$ 0";-;"No";"No tiene";"No tiene";"No tiene";"01/01/2026";"31/12/2026";"No informa";"Sin observaciones";
"2026";"Julio";"Médicos cirujanos, farmacéuticos, químico-farmacéuticos, bioquímicos, cirujano-dentistas";"IRRAZABAL ALBORNOZ, JORGE ANDRES";"Atencion Clinica Medica";"44 Hrs.";"MEDICO CIRUJANO";"Región Metropolitana de Santiago";"(86)(186)";"$ 5.882.007";"$ 4.813.289";"$ 0";-;"Sí";"$ 525.400 : 40,00 hrs";"$ 1.655.010 : 105,00 hrs";"No tiene";"01/01/2026";"31/12/2026";"No informa";"Sin observaciones";
"2026";"Julio";"Profesional";"IRRIBARREN ORREGO, KARLA PIA FRANCESCA";"Atencion Clinica";"14";"NUTRICIONISTA";"Región Metropolitana de Santiago";"(186)";"$ 2.092.865";"$ 1.741.286";"$ 0";-;"Sí";"$ 314.741 : 34,00 hrs";"No tiene";"No tiene";"01/01/2026";"31/12/2026";"No informa";"Sin observaciones";
"2026";"Julio";"Administrativo";"JAÑA FERRADA, MARIA JOSE";"Secretaria";"17";"TECNICO NIVEL MEDIO ADMINISTRACION";"Región Metropolitana de Santiago";"(01)";"$ 805.865";"$ 664.193";"$ 0";-;"No";"No tiene";"No tiene";"No tiene";"16/04/2026";"31/12/2026";"No informa";"Sin observaciones";
"2026";"Julio";"Médicos cirujanos, farmacéuticos, químico-farmacéuticos, bioquímicos, cirujano-dentistas";"JAQUE VILLASECA, TYRON ALEXANDER";"Atencion Odontologica";"44 Hrs.";"CIRUJANO DENTISTA";"Región Metropolitana de Santiago";"(86)(186)";"$ 6.331.658";"$ 5.151.594";"$ 0";-;"No";"No tiene";"No tiene";"No tiene";"01/01/2026";"31/12/2026";"No informa";"Sin observaciones";
"2026";"Julio";"Profesional";"JARA ABELLO, MARIA CAMILA BELEN";"Atencion Clinica";"15";"NUTRICIONISTA";"Región Metropolitana de Santiago";"(186)";"$ 1.712.995";"$ 1.413.710";"$ 0";-;"Sí";"$ 191.675 : 23,00 hrs";"No tiene";"No tiene";"01/01/2026";"31/12/2026";"No informa";"Sin observaciones";
"2026";"Julio";"Profesional";"JARA BOBADILLA, MARIA JOSE";"ATENCION CLINICA";"12";"GRADO DE MAGISTER EN EDUCACION Y CIENCIAS DE LA SALUD";"Región Metropolitana de Santiago";"(203)(204)(186)";"$ 4.283.019";"$ 2.865.368";"$ 0";"$ 0";"Sí";"$ 441.238 : 40,00 hrs";"$ 1.070.380 : 81,00 hrs";"No tiene";"01/01/2026";"31/12/2026";"No informa";"REMUNERACION JUL.2026+REGULARIZA PAGO HHEE MES(ES) ANTERIOR(ES)";
"2026";"Julio";"Profesional";"JARA GUERRA, EVELYN ANDREA";"Atencion Clinica";"15";"ENFERMERA (O)";"Región Metropolitana de Santiago";"(186)";"$ 1.731.101";"$ 1.414.385";"$ 0";-;"Sí";"$ 59.047 : 7,00 hrs";"$ 40.490 : 4,00 hrs";"No tiene";"01/01/2026";"31/12/2026";"No informa";"Sin observaciones";
"2026";"Julio";"Médicos cirujanos, farmacéuticos, químico-farmacéuticos, bioquímicos, cirujano-dentistas";"JARA NAVARRETE, PAULINA JANETT";"Atencion Clinica Medica";"22 Hrs.";"MEDICO CIRUJANO";"Región Metropolitana de Santiago";"(86)(186)(188)(86)(186)";"$ 2.844.450";"$ 2.286.169";"$ 0";-;"No";"No tiene";"No tiene";"No tiene";"01/01/2026";"31/12/2026";"No informa";"Sin observaciones";
"2026";"Julio";"Administrativo";"JARA PALMA, KAREN PAMELA";"APOYO ADMINISTRATIVO";"22";"ADMINISTRATIVO";"Región Metropolitana de Santiago";"(01)";"$ 299.541";"$ 244.815";"$ 0";"$ 0";"No";"No tiene";"No tiene";"No tiene";"08/07/2026";"20/07/2026";"No informa";"PAGO BONO MENSUAL+REEMPLAZO JUL.2026 (08-20)";
"2026";"Julio";"Profesional";"JARA RIQUELME, JONATHAN RODRIGO";"Atencion Clinica";"15";"ENFERMERA (O)";"Región Metropolitana de Santiago";"(186)";"$ 1.614.094";"$ 1.315.813";"$ 0";-;"No";"No tiene";"No tiene";"No tiene";"01/01/2026";"31/12/2026";"No informa";"Sin observaciones";
"2026";"Julio";"Profesional";"JARA SEPULVEDA, PATRICIA ANGELICA";"Jefe de Unidad";"6";"INGENIERO (A) COMERCIAL";"Región Metropolitana de Santiago";"(186)";"$ 3.425.183";"$ 2.701.524";"$ 0";-;"No";"No tiene";"No tiene";"No tiene";"01/01/2026";"31/12/2026";"No informa";"Sin observaciones";
"2026";"Julio";"Profesional";"JARA ULLOA, CONSTANZA CYNTHIA MELINA";"Atencion Clinica";"8";"ENFERMERA (O)";"Región Metropolitana de Santiago";"(01)";"$ 2.861.832";"$ 2.281.087";"$ 0";-;"No";"No tiene";"No tiene";"No tiene";"01/01/2026";"31/12/2026";"No informa";"Sin observaciones";
"2026";"Julio";"Médicos cirujanos, farmacéuticos, químico-farmacéuticos, bioquímicos, cirujano-dentistas";"JARA VERA, HELLEN VANESA";"Atencion Odontologica";"22 Hrs.";"CIRUJANO DENTISTA";"Región Metropolitana de Santiago";"(01)";"$ 977.690";"$ 806.986";"$ 0";-;"No";"No tiene";"No tiene";"No tiene";"01/01/2026";"31/12/2026";"No informa";"Sin observaciones";
"2026";"Julio";"Profesional";"JARAMILLO ESPINOZA, CONSTANZA ISABEL";"Atencion Clinica";"12";"ENFERMERA (O)";"Región Metropolitana de Santiago";"(186)";"$ 1.982.431";"$ 1.607.254";"$ 0";-;"No";"No tiene";"No tiene";"No tiene";"01/01/2026";"31/12/2026";"No informa";"Sin observaciones";
"2026";"Julio";"Técnico";"JARAMILLO LEYTON, INES ISABEL";"Atencion Clinica";"20";"TECNICO NIVEL SUPERIOR ENFERMERIA";"Región Metropolitana de Santiago";"(186)";"$ 811.968";"$ 671.675";"$ 0";-;"Sí";"$ 44.082 : 11,00 hrs";"No tiene";"No tiene";"01/01/2026";"31/12/2026";"No informa";"Sin observaciones";
"2026";"Julio";"Profesional";"JAUREGUI QUEZADA, MAGALY DEL ROSARIO";"Atencion Clinica";"15";"PROFESIONAL";"Región Metropolitana de Santiago";"(186)";"$ 1.521.320";"$ 1.233.937";"$ 0";-;"No";"No tiene";"No tiene";"No tiene";"01/01/2026";"31/12/2026";"No informa";"Sin observaciones";
"2026";"Julio";"Médicos cirujanos, farmacéuticos, químico-farmacéuticos, bioquímicos, cirujano-dentistas";"JELDES AGUERO, JAVIERA CATALINA";"Atencion Odontologica";"22 Hrs.";"CIRUJANO DENTISTA";"Región Metropolitana de Santiago";"(188)(86)(186)";"$ 1.415.282";"$ 1.118.035";"$ 0";-;"No";"No tiene";"No tiene";"No tiene";"01/01/2026";"31/12/2026";"No informa";"Sin observaciones";
"2026";"Julio";"Médicos cirujanos, farmacéuticos, químico-farmacéuticos, bioquímicos, cirujano-dentistas";"JELDES AGUERO, JAVIERA CATALINA";"Atencion Odontologica";"22 Hrs.";"CIRUJANO DENTISTA";"Región Metropolitana de Santiago";"(186)";"$ 1.210.149";"$ 997.405";"$ 0";-;"No";"No tiene";"No tiene";"No tiene";"01/01/2026";"31/12/2026";"No informa";"Sin observaciones";
"2026";"Julio";"Médicos cirujanos, farmacéuticos, químico-farmacéuticos, bioquímicos, cirujano-dentistas";"JEREZ PEREZ, CLAUDIO ALEXANDER";"CIRUGIA GENERAL";"28 Hrs.";"MEDICO CIRUJANO";"Región Metropolitana de Santiago";"(194)(193)(198)(186)";"$ 3.109.480";"$ 2.411.796";"$ 0";"$ 0";"No";"No tiene";"No tiene";"No tiene";"01/01/2026";"31/12/2026";"No informa";"REMUNERACION JUL.2026";
"2026";"Julio";"Médicos cirujanos, farmacéuticos, químico-farmacéuticos, bioquímicos, cirujano-dentistas";"JEREZ RIOS, MARIA PILAR";"Atencion Odontologica";"44 Hrs.";"CIRUJANO DENTISTA";"Región Metropolitana de Santiago";"(86)(186)";"$ 5.333.319";"$ 4.376.022";"$ 0";-;"No";"No tiene";"No tiene";"No tiene";"01/01/2026";"31/12/2026";"No informa";"Sin observaciones";
"2026";"Julio";"Profesional";"JEREZ TORO, CLAUDIO ANDRES";"ATENCION CLINICA";"10";"KINESIOLOGO (A)";"Región Metropolitana de Santiago";"(203)(201)(204)(186)";"$ 3.468.174";"$ 2.688.940";"$ 0";"$ 0";"No";"No tiene";"No tiene";"No tiene";"01/01/2026";"31/12/2026";"No informa";"REMUNERACION JUL.2026";
"2026";"Julio";"Administrativo";"JIL PIZARRO, VIRGINIA ANDREA";"Secretaria";"13";"ADMINISTRADOR (A) PUBLICO";"Región Metropolitana de Santiago";"(01)";"$ 1.762.116";"$ 1.418.215";"$ 0";-;"No";"No tiene";"No tiene";"No tiene";"01/01/2026";"31/12/2026";"No informa";"Sin observaciones";
"2026";"Julio";"Técnico";"JIMENEZ MENDEZ, NATARY FERNANDA";"ATENCION CLINICA";"22";"TECNICO NIVEL SUPERIOR ENFERMERIA";"Región Metropolitana de Santiago";"(202)(204)(186)";"$ 1.370.479";"$ 1.133.369";"$ 0";"$ 0";"Sí";"$ 52.347 : 15,00 hrs";"$ 234.514 : 56,00 hrs";"No tiene";"01/01/2026";"31/12/2026";"No informa";"REMUNERACION JUL.2026";
"2026";"Julio";"Médicos cirujanos, farmacéuticos, químico-farmacéuticos, bioquímicos, cirujano-dentistas";"JIMENEZ ZENTENO, CAROLINA";"Atencion Clinica Medica";"44 Hrs.";"MEDICO CIRUJANO";"Región Metropolitana de Santiago";"(86)";"$ 3.049.448";"$ 2.440.323";"$ 0";-;"No";"No tiene";"No tiene";"No tiene";"01/01/2026";"31/12/2026";"No informa";"Sin observaciones";
"2026";"Julio";"Profesional";"JOFRE ALQUINTA, BARBARA CAMILA";"Atencion Clinica";"15";"EDUCADOR (A) DE PARVULOS";"Región Metropolitana de Santiago";"(186)";"$ 1.622.830";"$ 1.322.726";"$ 0";-;"No";"No tiene";"No tiene";"No tiene";"01/01/2026";"31/12/2026";"No informa";"Sin observaciones";
"2026";"Julio";"Profesional";"JORDAN RUIZ, TAMARA FRANCISCA";"Coordinador";"8";"PSICOLOGO (A)";"Región Metropolitana de Santiago";"(186)";"$ 2.891.773";"$ 2.300.265";"$ 0";-;"No";"No tiene";"No tiene";"No tiene";"01/01/2026";"31/12/2026";"No informa";"Sin observaciones";
"2026";"Julio";"Médicos cirujanos, farmacéuticos, químico-farmacéuticos, bioquímicos, cirujano-dentistas";"JORQUERA SOTOMAYOR, JOSE MIGUEL";"Medico Becario Primario";"44 Hrs.";"MEDICO CIRUJANO";"Región Metropolitana de Santiago";"(01)";"$ 3.600.037";"$ 2.971.470";"$ 0";-;"No";"No tiene";"No tiene";"No tiene";"06/05/2025";"05/05/2027";"No informa";"Sin observaciones";
"2026";"Julio";"Médicos cirujanos, farmacéuticos, químico-farmacéuticos, bioquímicos, cirujano-dentistas";"KAUFMANN ISENSEE, SOFIA RAQUEL";"Medico Becario Primario";"44 Hrs.";"MEDICO CIRUJANO";"Región Metropolitana de Santiago";"(01)";"$ 2.916.243";"$ 2.407.067";"$ 0";-;"No";"No tiene";"No tiene";"No tiene";"07/04/2025";"06/04/2027";"No informa";"Sin observaciones";
"2026";"Julio";"Médicos cirujanos, farmacéuticos, químico-farmacéuticos, bioquímicos, cirujano-dentistas";"KREMSER RUIZ, INGRID ROSMARY";"Atencion Clinica Medica";"44 Hrs.";"MEDICO CIRUJANO";"Región Metropolitana de Santiago";"(188)(86)(186)";"$ 6.988.098";"$ 5.657.053";"$ 0";-;"No";"No tiene";"No tiene";"No tiene";"01/01/2026";"31/12/2026";"No informa";"Sin observaciones";
"2026";"Julio";"Profesional";"KSINSKI ARMAS, ANDREA";"Atencion Clinica";"15";"PSICOLOGO (A)";"Región Metropolitana de Santiago";"(186)";"$ 1.547.524";"$ 1.253.121";"$ 0";-;"No";"No tiene";"No tiene";"No tiene";"01/01/2026";"31/12/2026";"No informa";"Sin observaciones";
"2026";"Julio";"Médicos cirujanos, farmacéuticos, químico-farmacéuticos, bioquímicos, cirujano-dentistas";"LABARCA AMPUERO, ALFREDO MARCIAL";"CIRUGIA GENERAL";"28 Hrs.";"MEDICO CIRUJANO";"Región Metropolitana de Santiago";"(194)(193)(198)(186)";"$ 4.261.504";"$ 3.112.116";"$ 0";"$ 0";"No";"No tiene";"No tiene";"No tiene";"01/03/2026";"31/07/2026";"No informa";"REMUNERACION JUL.2026";
"2026";"Julio";"Administrativo";"LABARCA MOYA, CARLOS ENRIQUE";"Apoyo Administrativo";"22";"ADMINISTRATIVO";"Región Metropolitana de Santiago";"(186)";"$ 902.513";"$ 772.734";"$ 0";-;"Sí";"$ 144.517 : 40,00 hrs";"$ 43.355 : 10,00 hrs";"No tiene";"01/01/2026";"31/12/2026";"No informa";"Sin observaciones";
"2026";"Julio";"Profesional";"LABARCA MOYA, FRANCISCO JAVIER";"Atencion Clinica";"15";"ENFERMERA (O)";"Región Metropolitana de Santiago";"(186)";"$ 1.622.830";"$ 1.311.976";"$ 0";-;"No";"No tiene";"No tiene";"No tiene";"01/01/2026";"31/12/2026";"No informa";"Sin observaciones";
"2026";"Julio";"Profesional";"LABARCA VIAL, ANDRES ESTEBAN";"Apoyo Administrativo";"8";"INGENIERO (A) EN INFORMACION Y CONTROL DE GESTION";"Región Metropolitana de Santiago";"(186)";"$ 2.891.773";"$ 2.301.966";"$ 0";-;"No";"No tiene";"No tiene";"No tiene";"01/01/2026";"31/12/2026";"No informa";"Sin observaciones";
"2026";"Julio";"Profesional";"LABBE SOTO, ANDREA NAOMI";"Atencion Clinica";"13";"TRABAJADOR (A) SOCIAL";"Región Metropolitana de Santiago";"(01)";"$ 1.795.022";"$ 1.458.969";"$ 0";-;"No";"No tiene";"No tiene";"No tiene";"01/01/2026";"31/12/2026";"No informa";"Sin observaciones";
"2026";"Julio";"Profesional";"LABRA CALLEJAS, CLAUDIA LORENA";"Apoyo Administrativo";"8";"INGENIERO (A) EJECUCION ADMINISTRACION";"Región Metropolitana de Santiago";"(186)";"$ 2.951.657";"$ 2.340.769";"$ 0";-;"No";"No tiene";"No tiene";"No tiene";"01/01/2026";"31/12/2026";"No informa";"Sin observaciones";
"2026";"Julio";"Profesional";"LABRA RODRIGUEZ, MARIA ORFELINA";"ATENCION CLINICA";"13";"ENFERMERA (O)";"Región Metropolitana de Santiago";"(203)(204)(186)";"$ 2.482.753";"$ 1.932.249";"$ 0";"$ 0";"No";"No tiene";"No tiene";"No tiene";"01/01/2026";"31/12/2026";"No informa";"REMUNERACION JUL.2026";
"2026";"Julio";"Médicos cirujanos, farmacéuticos, químico-farmacéuticos, bioquímicos, cirujano-dentistas";"LABRIN FERNANDEZ, CONSTANZA ANTONIA";"Atencion Clinica Medica";"44 Hrs.";"MEDICO CIRUJANO";"Región Metropolitana de Santiago";"(86)";"$ 3.049.448";"$ 2.437.968";"$ 0";-;"No";"No tiene";"No tiene";"No tiene";"01/01/2026";"31/12/2026";"No informa";"Sin observaciones";
"2026";"Julio";"Profesional";"LAGOS VERDUGO, MARJORIE LISSETTE";"Atencion Clinica";"16";"PSICOLOGO (A)";"Región Metropolitana de Santiago";"(186)";"$ 1.497.664";"$ 1.223.691";"$ 0";-;"No";"No tiene";"No tiene";"No tiene";"01/01/2026";"31/12/2026";"No informa";"Sin observaciones";
"2026";"Julio";"Auxiliar";"LARA AGUILAR, DANIEL SEGUNDO";"CONDUCTOR";"20";"AUXILIAR";"Región Metropolitana de Santiago";"(205)(201)(202)(204)(186)";"$ 1.409.075";"$ 856.328";"$ 0";"$ 0";"No";"No tiene";"No tiene";"No tiene";"01/01/2026";"31/12/2026";"No informa";"REMUNERACION JUL.2026";
"2026";"Julio";"Administrativo";"LARA ARRIAGADA, MARJORIE KATHINA";"Apoyo Administrativo";"21";"ADMINISTRATIVO";"Región Metropolitana de Santiago";"(186)";"$ 733.294";"$ 599.322";"$ 0";-;"No";"No tiene";"No tiene";"No tiene";"01/01/2026";"31/12/2026";"No informa";"Sin observaciones";
"2026";"Julio";"Profesional";"LARA HEWSTONE, JOCELYN AMANDA";"Atencion Clinica";"9";"PROFESIONAL";"Región Metropolitana de Santiago";"(186)";"$ 2.558.139";"$ 2.049.876";"$ 0";-;"No";"No tiene";"No tiene";"No tiene";"01/01/2026";"31/12/2026";"No informa";"Sin observaciones";
"2026";"Julio";"Profesional";"LARA PIÑA, JENNIFER DINA";"Atencion Clinica";"15";"KINESIOLOGO (A)";"Región Metropolitana de Santiago";"(186)";"$ 1.649.034";"$ 1.335.300";"$ 0";-;"No";"No tiene";"No tiene";"No tiene";"01/01/2026";"31/12/2026";"No informa";"Sin observaciones";
"2026";"Julio";"Técnico";"LARA SALVATIERRA, MARIELA CAROLINE";"Atencion Clinica";"22";"TECNICO NIVEL SUPERIOR ENFERMERIA";"Región Metropolitana de Santiago";"(202)(186)";"$ 1.052.075";"$ 867.120";"$ 0";-;"No";"No tiene";"No tiene";"No tiene";"01/01/2026";"31/12/2026";"No informa";"Sin observaciones";
"2026";"Julio";"Auxiliar";"LARA STEPHENS, CRISTIAN RODRIGO";"CONDUCTOR";"21";"AUXILIAR";"Región Metropolitana de Santiago";"(205)(202)(204)(186)";"$ 1.493.448";"$ 1.132.211";"$ 0";"$ 0";"Sí";"$ 105.416 : 28,00 hrs";"$ 198.785 : 44,00 hrs";"No tiene";"01/01/2026";"31/12/2026";"No informa";"REMUNERACION JUL.2026";
"2026";"Julio";"Profesional";"LARENAS MIRANDA, PAULO";"ATENCION CLINICA";"13";"ENFERMERA (O)";"Región Metropolitana de Santiago";"(203)(204)(186)";"$ 3.456.769";"$ 2.844.920";"$ 0";"$ 0";"Sí";"$ 169.686 : 17,00 hrs";"$ 790.536 : 66,00 hrs";"No tiene";"01/01/2026";"31/12/2026";"No informa";"REMUNERACION JUL.2026";
"2026";"Julio";"Técnico";"LAVENA TORRES, ANDREA ALEJANDRA";"Atencion Clinica";"22";"TECNICO NIVEL SUPERIOR ENFERMERIA";"Región Metropolitana de Santiago";"(186)";"$ 900.382";"$ 762.917";"$ 0";-;"Sí";"$ 118.653 : 34,00 hrs";"$ 29.314 : 7,00 hrs";"No tiene";"01/01/2026";"31/12/2026";"No informa";"Sin observaciones";
"2026";"Julio";"Profesional";"LAVIGNE PLAZA, RICARDO ESTEBAN";"Apoyo Administrativo";"8";"ABOGADO (A)";"Región Metropolitana de Santiago";"(186)";"$ 2.798.999";"$ 2.228.244";"$ 0";-;"No";"No tiene";"No tiene";"No tiene";"01/01/2026";"31/12/2026";"No informa";"Sin observaciones";
"2026";"Julio";"Profesional";"LAVIN SANDOVAL, NICOLE THALIA";"Atencion Clinica";"15";"ENFERMERA (O)";"Región Metropolitana de Santiago";"(186)";"$ 1.693.260";"$ 1.392.438";"$ 0";-;"Sí";"No tiene";"$ 70.430 : 7,00 hrs";"No tiene";"01/01/2026";"31/12/2026";"No informa";"Sin observaciones";
"2026";"Julio";"Profesional";"LAZCANO HAFEMANN, PAULA ANDREA";"Apoyo Administrativo";"8";"NUTRICIONISTA";"Región Metropolitana de Santiago";"(186)";"$ 2.843.913";"$ 2.267.713";"$ 0";-;"No";"No tiene";"No tiene";"No tiene";"01/01/2026";"31/12/2026";"No informa";"Sin observaciones";
"2026";"Julio";"Profesional";"LAZO CHACON, VALENTINA PASCAL";"Apoyo Administrativo";"8";"ABOGADO (A)";"Región Metropolitana de Santiago";"(186)";"$ 2.784.029";"$ 2.240.694";"$ 0";-;"No";"No tiene";"No tiene";"No tiene";"01/01/2026";"31/12/2026";"No informa";"Sin observaciones";
"2026";"Julio";"Profesional";"LAZO VALDENEGRO, ARACELIS ELENA";"Apoyo Administrativo";"10";"PSICOLOGO (A)";"Región Metropolitana de Santiago";"(186)";"$ 2.346.712";"$ 1.886.140";"$ 0";-;"No";"No tiene";"No tiene";"No tiene";"01/01/2026";"31/12/2026";"No informa";"Sin observaciones";
"2026";"Julio";"Auxiliar";"LEAL AGUILAR, MARIO ENRIQUE";"CONDUCTOR";"22";"AUXILIAR";"Región Metropolitana de Santiago";"(205)(202)(204)";"$ 1.094.544";"$ 686.818";"$ 0";"$ 0";"No";"No tiene";"No tiene";"No tiene";"01/01/2026";"31/12/2026";"No informa";"CANCELA DIFERENCIAS DE ASIGNACIÓN FAMILIAR.+REMUNERACION JUL.2026";
"2026";"Julio";"Médicos cirujanos, farmacéuticos, químico-farmacéuticos, bioquímicos, cirujano-dentistas";"LEAL GEOFFROY, ALICIA CATALINA";"Atencion Odontologica";"22 Hrs.";"CIRUJANO DENTISTA";"Región Metropolitana de Santiago";"(01)";"$ 977.690";"$ 806.986";"$ 0";-;"No";"No tiene";"No tiene";"No tiene";"01/01/2026";"30/09/2026";"No informa";"Sin observaciones";
"2026";"Julio";"Médicos cirujanos, farmacéuticos, químico-farmacéuticos, bioquímicos, cirujano-dentistas";"LEAL SALINAS, CATALINA";"Atencion Clinica Medica";"44 Hrs.";"MEDICO CIRUJANO";"Región Metropolitana de Santiago";"(86)(186)";"$ 3.514.428";"$ 2.794.318";"$ 0";-;"No";"No tiene";"No tiene";"No tiene";"01/01/2026";"31/12/2026";"No informa";"Sin observaciones";
"2026";"Julio";"Profesional";"LEAL VALENZUELA, GABRIELA ANDREA";"Atencion Clinica";"12";"NUTRICIONISTA";"Región Metropolitana de Santiago";"(186)";"$ 2.277.771";"$ 1.864.734";"$ 0";-;"Sí";"$ 150.847 : 14,00 hrs";"$ 51.719 : 4,00 hrs";"No tiene";"01/01/2026";"31/12/2026";"No informa";"Sin observaciones";
"2026";"Julio";"Médicos cirujanos, farmacéuticos, químico-farmacéuticos, bioquímicos, cirujano-dentistas";"LEDEZMA ROJAS, PAULINA CONSTANZA";"Atencion Odontologica";"22 Hrs.";"CIRUJANO DENTISTA";"Región Metropolitana de Santiago";"(188)(186)";"$ 2.585.629";"$ 2.066.229";"$ 0";-;"No";"No tiene";"No tiene";"No tiene";"01/01/2026";"31/12/2026";"No informa";"Sin observaciones";
"2026";"Julio";"Profesional";"LEFEVRE CABRERA, STEPHANIE MICHELLE";"Atencion Clinica";"16";"FONOAUDIOLOGO (A)";"Región Metropolitana de Santiago";"(186)";"$ 1.795.870";"$ 1.501.516";"$ 0";-;"Sí";"$ 261.315 : 34,00 hrs";"$ 36.891 : 4,00 hrs";"No tiene";"01/01/2026";"31/12/2026";"No informa";"Sin observaciones";
"2026";"Julio";"Administrativo";"LEIVA ALVAREZ, ISABEL JANET";"Apoyo Administrativo";"22";"ADMINISTRATIVO";"Región Metropolitana de Santiago";"(186)";"$ 700.605";"$ 572.605";"$ 0";-;"No";"No tiene";"No tiene";"No tiene";"01/01/2026";"31/12/2026";"No informa";"Sin observaciones";
"2026";"Julio";"Profesional";"LEIVA GONZALEZ, JUAN ANTONIO";"Apoyo Administrativo";"6";"CONTADOR (A) AUDITOR (A)";"Región Metropolitana de Santiago";"(186)";"$ 3.512.896";"$ 2.788.371";"$ 0";-;"No";"No tiene";"No tiene";"No tiene";"01/01/2026";"31/12/2026";"No informa";"Sin observaciones";
"2026";"Julio";"Técnico";"LEIVA GONZALEZ, SELMA ELIZABETH";"Atencion Clinica";"21";"TECNICO NIVEL SUPERIOR ENFERMERIA";"Región Metropolitana de Santiago";"(186)";"$ 878.523";"$ 825.607";"$ 0";-;"Sí";"$ 76.615 : 20,00 hrs";"$ 45.969 : 10,00 hrs";"No tiene";"01/01/2026";"31/12/2026";"No informa";"Sin observaciones";
"2026";"Julio";"Técnico";"LEIVA MANRIQUEZ, DOMINIQUE FERNANDA";"Atencion Clinica";"21";"TECNICO NIVEL SUPERIOR ODONTOLOGIA";"Región Metropolitana de Santiago";"(01)";"$ 731.315";"$ 602.750";"$ 0";-;"No";"No tiene";"No tiene";"No tiene";"06/04/2026";"30/09/2026";"No informa";"Sin observaciones";
"2026";"Julio";"Profesional";"LEIVA MENDEZ, SOFIA VALENTINA";"Apoyo Administrativo";"15";"TERAPEUTA OCUPACIONAL";"Región Metropolitana de Santiago";"(01)";"$ 1.512.586";"$ 1.236.029";"$ 0";-;"No";"No tiene";"No tiene";"No tiene";"01/01/2026";"31/12/2026";"No informa";"Sin observaciones";
"2026";"Julio";"Auxiliar";"LEIVA ORELLANA, MARCELO ALEJANDRO";"CONDUCTOR";"24";"AUXILIAR";"Región Metropolitana de Santiago";"(01)";"$ 484.205";"$ 404.348";"$ 0";"$ 0";"Sí";"$ 37.885 : 13,00 hrs";"$ 38.467 : 11,00 hrs";"No tiene";"16/06/2026";"20/07/2026";"No informa";"PAGO BONO MENSUAL+SUPLENCIA JUL.2026 (02-04) (09-20)+SUPLENCIA JUN.2026 (16-17) (20) (23-24)";
"2026";"Julio";"Profesional";"LEON CUBILLOS, ALVARO FRANCISCO";"ATENCION CLINICA";"11";"ENFERMERA (O)";"Región Metropolitana de Santiago";"(203)(201)(204)(186)";"$ 3.858.520";"$ 3.023.652";"$ 0";"$ 0";"Sí";"$ 36.052 : 3,00 hrs";"$ 663.361 : 46,00 hrs";"No tiene";"01/01/2026";"31/12/2026";"No informa";"REMUNERACION JUL.2026";
"2026";"Julio";"Médicos cirujanos, farmacéuticos, químico-farmacéuticos, bioquímicos, cirujano-dentistas";"LEON NAVARRO, SAMUEL AARON";"Atencion Odontologica";"22 Hrs.";"CIRUJANO DENTISTA";"Región Metropolitana de Santiago";"(188)(186)";"$ 2.295.334";"$ 1.749.878";"$ 0";-;"No";"No tiene";"No tiene";"No tiene";"01/01/2026";"31/12/2026";"No informa";"Sin observaciones";
"2026";"Julio";"Médicos cirujanos, farmacéuticos, químico-farmacéuticos, bioquímicos, cirujano-dentistas";"LEON NAVARRO, SAMUEL AARON";"Atencion Odontologica";"22 Hrs.";"CIRUJANO DENTISTA";"Región Metropolitana de Santiago";"(188)(186)";"$ 2.295.334";"$ 1.956.403";"$ 0";-;"No";"No tiene";"No tiene";"No tiene";"01/01/2026";"31/12/2026";"No informa";"Sin observaciones";
"2026";"Julio";"Profesional";"LESCOT VIEYRA, KAREN ANDREA";"Atencion Clinica";"15";"PSICOLOGO (A)";"Región Metropolitana de Santiago";"(186)";"$ 1.622.830";"$ 1.317.725";"$ 0";-;"No";"No tiene";"No tiene";"No tiene";"01/01/2026";"31/12/2026";"No informa";"Sin observaciones";
"2026";"Julio";"Médicos cirujanos, farmacéuticos, químico-farmacéuticos, bioquímicos, cirujano-dentistas";"LETELIER ESCOBAR, DARWIN ANTONIO";"JEFE DE DEPARTAMENTO";"33 Hrs.";"MEDICO CIRUJANO CON ESPECIALIDAD EN MEDICINA INTERNA Y SALUD PUBLICA";"Región Metropolitana de Santiago";"(86)(186)";"$ 4.358.980";"$ 3.488.277";"$ 0";"$ 0";"No";"No tiene";"No tiene";"No tiene";"01/01/2026";"31/12/2026";"No informa";"REMUNERACION JUL.2026";
"2026";"Julio";"Profesional";"LETELIER SANZANA, ALEJANDRO";"Apoyo Administrativo";"5";"QUIMICO FARMACEUTICO";"Región Metropolitana de Santiago";"(186)";"$ 3.689.596";"$ 2.924.551";"$ 0";-;"No";"No tiene";"No tiene";"No tiene";"01/01/2026";"31/12/2026";"No informa";"Sin observaciones";
"2026";"Julio";"Profesional";"LEYTON RENCORET, DANIELA DE LOS ANGELES";"Atencion Clinica";"13";"FONOAUDIOLOGO (A)";"Región Metropolitana de Santiago";"(01)";"$ 1.795.022";"$ 1.447.619";"$ 0";-;"No";"No tiene";"No tiene";"No tiene";"05/02/2026";"31/12/2026";"No informa";"Sin observaciones";
"2026";"Julio";"Médicos cirujanos, farmacéuticos, químico-farmacéuticos, bioquímicos, cirujano-dentistas";"LIBERONA ROJAS, ANDRES IGNACIO";"Medico Becario Primario";"44 Hrs.";"MEDICO CIRUJANO";"Región Metropolitana de Santiago";"(01)";"$ 2.916.243";"$ 2.407.067";"$ 0";-;"No";"No tiene";"No tiene";"No tiene";"07/04/2025";"06/04/2027";"No informa";"Sin observaciones";
"2026";"Julio";"Médicos cirujanos, farmacéuticos, químico-farmacéuticos, bioquímicos, cirujano-dentistas";"LINARES FLORES, IGNACIO SEBASTIAN";"Medico Becario Primario";"44 Hrs.";"MEDICO CIRUJANO";"Región Metropolitana de Santiago";"(01)";"$ 3.600.037";"$ 2.971.470";"$ 0";-;"No";"No tiene";"No tiene";"No tiene";"06/04/2026";"05/04/2027";"No informa";"Sin observaciones";
"2026";"Julio";"Administrativo";"LIRA DIAZ, VICTOR HUGO";"Apoyo Administrativo";"16";"ADMINISTRATIVO";"Región Metropolitana de Santiago";"(01)";"$ 1.363.489";"$ 1.117.527";"$ 0";-;"No";"No tiene";"No tiene";"No tiene";"01/01/2026";"31/12/2026";"No informa";"Sin observaciones";
"2026";"Julio";"Profesional";"LIZANA TORRES, SERGIO FRANCISCO";"Apoyo Administrativo";"6";"ADMINISTRADOR (A) PUBLICO";"Región Metropolitana de Santiago";"(186)";"$ 3.512.896";"$ 2.761.490";"$ 0";-;"No";"No tiene";"No tiene";"No tiene";"01/01/2026";"31/12/2026";"No informa";"Sin observaciones";
"2026";"Julio";"Administrativo";"LLANCAMAN HUICHAQUEO, VIVIANA DEL PILAR";"Apoyo Administrativo";"22";"ADMINISTRATIVO";"Región Metropolitana de Santiago";"(186)";"$ 700.605";"$ 572.605";"$ 0";-;"No";"No tiene";"No tiene";"No tiene";"01/01/2026";"31/12/2026";"No informa";"Sin observaciones";
"2026";"Julio";"Médicos cirujanos, farmacéuticos, químico-farmacéuticos, bioquímicos, cirujano-dentistas";"LLANILLOS LEON, JEAN PAUL";"Medico PAO";"44 Hrs.";"MEDICO CIRUJANO";"Región Metropolitana de Santiago";"(01)";"$ 1.955.378";"$ 1.579.452";"$ 0";-;"No";"No tiene";"No tiene";"No tiene";"08/05/2025";"31/12/2026";"No informa";"Sin observaciones";
"2026";"Julio";"Técnico";"LLANOS CATALAN, DANIELA ELIZABETH";"ATENCION CLINICA";"22";"TECNICO NIVEL SUPERIOR ENFERMERIA";"Región Metropolitana de Santiago";"(203)(204)(186)";"$ 931.644";"$ 659.470";"$ 0";"$ 0";"No";"No tiene";"No tiene";"No tiene";"01/01/2026";"31/12/2026";"No informa";"REMUNERACION JUL.2026";
"2026";"Julio";"Médicos cirujanos, farmacéuticos, químico-farmacéuticos, bioquímicos, cirujano-dentistas";"LLANOS CORTES, JAVIER ALEJANDRO";"Quimico Farmaceutico";"44 Hrs.";"QUIMICO FARMACEUTICO";"Región Metropolitana de Santiago";"(01)";"$ 3.596.483";"$ 2.828.923";"$ 0";-;"No";"No tiene";"No tiene";"No tiene";"01/01/2026";"31/12/2026";"No informa";"Sin observaciones";
"2026";"Julio";"Médicos cirujanos, farmacéuticos, químico-farmacéuticos, bioquímicos, cirujano-dentistas";"LLANTEN AROCA, PAMELA";"Atencion Clinica Medica";"44 Hrs.";"MEDICO CIRUJANO";"Región Metropolitana de Santiago";"(188)(86)(186)";"$ 6.249.602";"$ 5.096.337";"$ 0";-;"No";"No tiene";"No tiene";"No tiene";"01/01/2026";"31/12/2026";"No informa";"Sin observaciones";
"2026";"Julio";"Profesional";"LOBOS AEDO, ROSARIO ANDREA";"Apoyo Administrativo";"10";"PSICOLOGO (A)";"Región Metropolitana de Santiago";"(186)";"$ 2.346.712";"$ 1.883.168";"$ 0";-;"No";"No tiene";"No tiene";"No tiene";"01/01/2026";"31/12/2026";"No informa";"Sin observaciones";
"2026";"Julio";"Médicos cirujanos, farmacéuticos, químico-farmacéuticos, bioquímicos, cirujano-dentistas";"LOBOS GALVEZ, JUAN PABLO";"MEDICO CIRUJANO CON ESPECIALIDAD EN MEDICINA DE URGENCIA";"28 Hrs.";"MEDICO CIRUJANO CON ESPECIALIDAD EN MEDICINA DE URGENCIA";"Región Metropolitana de Santiago";"(194)(193)(198)(186)";"$ 4.261.504";"$ 3.332.187";"$ 0";"$ 0";"No";"No tiene";"No tiene";"No tiene";"01/01/2026";"31/12/2026";"No informa";"REMUNERACION JUL.2026";
"2026";"Julio";"Administrativo";"LOPEZ ANGUITA, CECILIA";"Apoyo Administrativo";"15";"TRABAJADOR (A) SOCIAL";"Región Metropolitana de Santiago";"(186)";"$ 1.528.398";"$ 1.235.389";"$ 0";-;"No";"No tiene";"No tiene";"No tiene";"01/01/2026";"31/12/2026";"No informa";"Sin observaciones";
"2026";"Julio";"Médicos cirujanos, farmacéuticos, químico-farmacéuticos, bioquímicos, cirujano-dentistas";"LOPEZ ARAVENA, ESTEBAN IGNACIO";"Atencion Clinica Medica";"44 Hrs.";"MEDICO CIRUJANO";"Región Metropolitana de Santiago";"(86)";"$ 3.049.448";"$ 2.436.956";"$ 0";-;"No";"No tiene";"No tiene";"No tiene";"01/01/2026";"31/12/2026";"No informa";"Sin observaciones";
"2026";"Julio";"Profesional";"LOPEZ GONZALEZ, ALVARO ANTONIO";"Apoyo Administrativo";"8";"INGENIERO (A) EN COMPUTACION E INFORMATICA";"Región Metropolitana de Santiago";"(186)";"$ 2.891.773";"$ 2.297.268";"$ 0";-;"No";"No tiene";"No tiene";"No tiene";"01/01/2026";"31/12/2026";"No informa";"Sin observaciones";
"2026";"Julio";"Técnico";"LOPEZ LEYTON, ALEJANDRA JIMENA";"Atencion Clinica";"21";"TECNICO NIVEL SUPERIOR ENFERMERIA";"Región Metropolitana de Santiago";"(01)";"$ 731.315";"$ 596.461";"$ 0";-;"No";"No tiene";"No tiene";"No tiene";"01/01/2026";"31/12/2026";"No informa";"Sin observaciones";
"2026";"Julio";"Auxiliar";"LOPEZ MARIN, JUAN CARLOS";"Apoyo Logistico";"24";"AUXILIAR";"Región Metropolitana de Santiago";"(202)(186)";"$ 861.649";"$ 707.039";"$ 0";-;"Sí";"$ 3.022 : 1,00 hrs";"$ 7.252 : 2,00 hrs";"No tiene";"01/01/2026";"31/12/2026";"No informa";"Sin observaciones";
"2026";"Julio";"Administrativo";"LOPEZ MEDEL, LORENA MACKARENA";"Apoyo Administrativo";"16";"ADMINISTRATIVO";"Región Metropolitana de Santiago";"(01)";"$ 942.703";"$ 788.997";"$ 0";-;"Sí";"$ 96.308 : 20,00 hrs";"No tiene";"No tiene";"01/01/2026";"30/09/2026";"No informa";"Sin observaciones";
"2026";"Julio";"Técnico";"LOPEZ NORIEGA, HENYEL YUSCETT";"Atencion Clinica";"21";"TECNICO NIVEL SUPERIOR ENFERMERIA";"Región Metropolitana de Santiago";"(01)";"$ 731.315";"$ 596.388";"$ 0";-;"No";"No tiene";"No tiene";"No tiene";"01/01/2026";"31/12/2026";"No informa";"Sin observaciones";
"2026";"Julio";"Profesional";"LOPEZ PEREZ, JOSE ARTURO";"Director Zonal";"5";"INGENIERO (A) COMERCIAL";"Región Metropolitana de Santiago";"(186)";"$ 3.689.388";"$ 2.895.275";"$ 0";-;"No";"No tiene";"No tiene";"No tiene";"01/01/2026";"31/12/2026";"No informa";"Sin observaciones";
"2026";"Julio";"Auxiliar";"LOPEZ QUINTANA, FELIPE GILBERTO";"Apoyo Logistico";"19";"AUXILIAR";"Región Metropolitana de Santiago";"(01)";"$ 1.005.174";"$ 858.483";"$ 0";-;"Sí";"$ 87.881 : 21,00 hrs";"$ 220.959 : 44,00 hrs";"No tiene";"15/04/2026";"26/07/2026";"No informa";"CONTRATO POR REEMPLAZO";
"2026";"Julio";"Técnico";"LOPEZ REYES, CARLA DE LAS MERCEDES";"Atencion Clinica";"22";"TECNICO NIVEL SUPERIOR ENFERMERIA";"Región Metropolitana de Santiago";"(186)(186)";"$ 752.415";"$ 610.127";"$ 0";-;"No";"No tiene";"No tiene";"No tiene";"01/01/2026";"31/12/2026";"No informa";"Sin observaciones";
"2026";"Julio";"Médicos cirujanos, farmacéuticos, químico-farmacéuticos, bioquímicos, cirujano-dentistas";"LOPEZ RODRIGUEZ, LYA";"Atencion Odontologica";"11 Hrs.";"CIRUJANO DENTISTA";"Región Metropolitana de Santiago";"(188)(186)";"$ 1.186.514";"$ 977.498";"$ 0";-;"No";"No tiene";"No tiene";"No tiene";"01/01/2026";"31/12/2026";"No informa";"Sin observaciones";
"2026";"Julio";"Médicos cirujanos, farmacéuticos, químico-farmacéuticos, bioquímicos, cirujano-dentistas";"LOPEZ SAN MARTIN, CAMILA ELIZABETH";"Atencion Clinica Medica";"44 Hrs.";"MEDICO CIRUJANO";"Región Metropolitana de Santiago";"(86)(186)";"$ 4.770.728";"$ 3.915.305";"$ 0";-;"Sí";"$ 84.392 : 7,00 hrs";"$ 1.171.908 : 81,00 hrs";"No tiene";"01/01/2026";"31/12/2026";"No informa";"Sin observaciones";
"2026";"Julio";"Médicos cirujanos, farmacéuticos, químico-farmacéuticos, bioquímicos, cirujano-dentistas";"LOPEZ VERGARA, JAVIERA PAZ";"Atencion Odontologica";"22 Hrs.";"CIRUJANO DENTISTA";"Región Metropolitana de Santiago";"(188)(186)";"$ 2.577.854";"$ 2.057.089";"$ 0";-;"No";"No tiene";"No tiene";"No tiene";"01/01/2026";"31/12/2026";"No informa";"Sin observaciones";
"2026";"Julio";"Administrativo";"LORCA DOÑAS, ANDREA DENISSE";"Apoyo Administrativo";"21";"ADMINISTRATIVO";"Región Metropolitana de Santiago";"(186)";"$ 839.075";"$ 704.900";"$ 0";-;"Sí";"$ 75.297 : 20,00 hrs";"$ 36.143 : 8,00 hrs";"No tiene";"01/01/2026";"31/12/2026";"No informa";"Sin observaciones";
"2026";"Julio";"Profesional";"LORCA LORCA, CRISTIAN ESTEBAN";"Apoyo Administrativo";"13";"CONTADOR (A) AUDITOR (A)";"Región Metropolitana de Santiago";"(01)";"$ 1.804.885";"$ 1.456.547";"$ 0";-;"Sí";"$ 9.863 : 1,00 hrs";"No tiene";"No tiene";"01/01/2026";"30/09/2026";"No informa";"Sin observaciones";
"2026";"Julio";"Auxiliar";"LORCA PONCE, JOHN MAURICIO";"Chofer";"19";"AUXILIAR";"Región Metropolitana de Santiago";"(205)(202)(186)";"$ 1.303.052";"$ 955.689";"$ 0";-;"No";"No tiene";"No tiene";"No tiene";"01/01/2026";"31/12/2026";"No informa";"Sin observaciones";
"2026";"Julio";"Técnico";"LOYOLA SEPULVEDA, ROSA GABRIELA";"Atencion Clinica";"22";"TECNICO NIVEL SUPERIOR ENFERMERIA";"Región Metropolitana de Santiago";"(186)";"$ 755.088";"$ 617.964";"$ 0";-;"No";"No tiene";"No tiene";"No tiene";"01/01/2026";"31/12/2026";"No informa";"Sin observaciones";
"2026";"Julio";"Técnico";"LUCERO MENDEZ, CRISTIAN ANDRES";"ATENCION CLINICA";"22";"TECNICO NIVEL SUPERIOR ENFERMERIA";"Región Metropolitana de Santiago";"(202)(204)";"$ 1.019.052";"$ 711.652";"$ 0";"$ 0";"No";"No tiene";"No tiene";"No tiene";"01/01/2026";"30/09/2026";"No informa";"REMUNERACION JUL.2026";
"2026";"Julio";"Profesional";"MACHUCA ARAYA, KARLA ANDREA";"Apoyo Administrativo";"15";"EDUCADOR (A) DE PARVULOS";"Región Metropolitana de Santiago";"(186)(186)";"$ 1.699.047";"$ 1.383.493";"$ 0";-;"Sí";"$ 67.483 : 8,00 hrs";"No tiene";"No tiene";"01/01/2026";"31/12/2026";"No informa";"Sin observaciones";
"2026";"Julio";"Profesional";"MACHUCA FERRAN, JAVIERA PAS";"Apoyo Administrativo";"15";"TECNOLOGO (A) EN INFORMATICA BIOMEDICA";"Región Metropolitana de Santiago";"(186)";"$ 1.640.298";"$ 1.337.069";"$ 0";-;"No";"No tiene";"No tiene";"No tiene";"01/01/2026";"31/12/2026";"No informa";"Sin observaciones";
"2026";"Julio";"Profesional";"MACHUCA FLORES, VALENTINA DE JESUS";"Atencion Clinica";"15";"MATRON (A)";"Región Metropolitana de Santiago";"(186)";"$ 1.614.094";"$ 1.305.121";"$ 0";-;"No";"No tiene";"No tiene";"No tiene";"01/01/2026";"31/12/2026";"No informa";"Sin observaciones";
"2026";"Julio";"Profesional";"MADRID AGUAYO, LINCOLN ROBERTO";"Apoyo Logistico";"6";"INGENIERO (A) CIVIL";"Región Metropolitana de Santiago";"(186)";"$ 3.442.726";"$ 2.707.925";"$ 0";-;"No";"No tiene";"No tiene";"No tiene";"01/01/2026";"31/12/2026";"No informa";"Sin observaciones";
"2026";"Julio";"Técnico";"MADRID TILLERIAS, ANA KARINA";"Atencion Clinica";"22";"TECNICO NIVEL SUPERIOR ENFERMERIA";"Región Metropolitana de Santiago";"(186)";"$ 756.424";"$ 616.863";"$ 0";-;"No";"No tiene";"No tiene";"No tiene";"01/01/2026";"31/12/2026";"No informa";"Sin observaciones";
"2026";"Julio";"Médicos cirujanos, farmacéuticos, químico-farmacéuticos, bioquímicos, cirujano-dentistas";"MALAVE OTAHOLA, ALEXANDRA JOSE";"Atencion Clinica Medica";"44 Hrs.";"MEDICO CIRUJANO";"Región Metropolitana de Santiago";"(01)";"$ 1.955.378";"$ 1.406.016";"$ 0";-;"No";"No tiene";"No tiene";"No tiene";"15/06/2026";"30/07/2026";"No informa";"Sin observaciones";
"2026";"Julio";"Profesional";"MALDONADO IRARRAZAVAL, CRISTIAN ADOLFO";"Apoyo Administrativo";"8";"CONSTRUCTOR (A) CIVIL";"Región Metropolitana de Santiago";"(186)";"$ 2.784.029";"$ 2.214.268";"$ 0";-;"No";"No tiene";"No tiene";"No tiene";"01/01/2026";"31/12/2026";"No informa";"Sin observaciones";
"2026";"Julio";"Técnico";"MALHUE AROS, JESSICA DANIELA";"ATENCION CLINICA";"22";"TECNICO NIVEL SUPERIOR ENFERMERIA";"Región Metropolitana de Santiago";"(01)";"$ 1.175.451";"$ 1.028.554";"$ 0";"$ 0";"Sí";"$ 124.524 : 36,00 hrs";"$ 319.612 : 161,00 hrs";"No tiene";"09/03/2026";"30/09/2026";"No informa";"PAGO BONO MENSUAL+REMUNERACION JUL.2026";
"2026";"Julio";"Profesional";"MALLEA GUTIERREZ, MICHELLE FERNANDA";"Atencion Clinica";"13";"PSICOLOGO (A)";"Región Metropolitana de Santiago";"(186)";"$ 902.608";"$ 715.880";"$ 0";-;"No";"No tiene";"No tiene";"No tiene";"01/01/2026";"31/12/2026";"No informa";"Sin observaciones";
"2026";"Julio";"Profesional";"MALLEA GUTIERREZ, MICHELLE FERNANDA";"Atencion Clinica";"13";"PSICOLOGO (A)";"Región Metropolitana de Santiago";"(186)";"$ 902.608";"$ 736.076";"$ 0";-;"No";"No tiene";"No tiene";"No tiene";"01/01/2026";"31/12/2026";"No informa";"Sin observaciones";
"2026";"Julio";"Profesional";"MALO PAINEN, DAISY PAMELA";"Atencion Clinica";"12";"ENFERMERA (O)";"Región Metropolitana de Santiago";"(01)";"$ 1.774.285";"$ 1.442.561";"$ 0";-;"No";"No tiene";"No tiene";"No tiene";"01/01/2026";"27/07/2026";"No informa";"Sin observaciones";
"2026";"Julio";"Técnico";"MANCILLA FUENTEALBA, SEBASTIAN ANDRES";"Atencion Clinica";"18";"TECNICO NIVEL SUPERIOR ENFERMERIA";"Región Metropolitana de Santiago";"(01)";"$ 904.871";"$ 757.811";"$ 0";-;"Sí";"No tiene";"$ 68.355 : 73,00 hrs";"No tiene";"01/01/2026";"31/12/2026";"No informa";"Sin observaciones";
"2026";"Julio";"Profesional";"MANCILLA MANCILLA, SIMONE SUSANA";"Atencion Clinica";"16";"MATRON (A)";"Región Metropolitana de Santiago";"(01)";"$ 185.163";"$ 79.371";"$ 0";-;"No";"No tiene";"No tiene";"No tiene";"10/06/2026";"04/07/2026";"No informa";"CONTRATO POR REEMPLAZO";
"2026";"Julio";"Médicos cirujanos, farmacéuticos, químico-farmacéuticos, bioquímicos, cirujano-dentistas";"MANDIOLA MOSTO, CATALINA PAZ";"Medico Becario Primario";"44 Hrs.";"MEDICO CIRUJANO";"Región Metropolitana de Santiago";"(01)";"$ 2.916.243";"$ 2.403.568";"$ 0";-;"No";"No tiene";"No tiene";"No tiene";"07/04/2025";"06/04/2027";"No informa";"Sin observaciones";
"2026";"Julio";"Médicos cirujanos, farmacéuticos, químico-farmacéuticos, bioquímicos, cirujano-dentistas";"MANDUJANO MUÑOZ, ISIDORA FERNANDA";"Medico Becario Primario";"44 Hrs.";"MEDICO CIRUJANO";"Región Metropolitana de Santiago";"(01)";"$ 2.916.243";"$ 2.407.067";"$ 0";-;"No";"No tiene";"No tiene";"No tiene";"07/04/2025";"06/04/2027";"No informa";"Sin observaciones";
"2026";"Julio";"Administrativo";"MANQUE CORTES, GLORIA EDITH";"Apoyo Administrativo";"22";"TECNICO NIVEL SUPERIOR ENFERMERIA";"Región Metropolitana de Santiago";"(01)";"$ 691.247";"$ 509.565";"$ 0";-;"No";"No tiene";"No tiene";"No tiene";"01/01/2026";"31/12/2026";"No informa";"Sin observaciones";
"2026";"Julio";"Profesional";"MANRIQUEZ DROGUETT, ANGELA ESTER";"Apoyo Administrativo";"7";"ABOGADO (A)";"Región Metropolitana de Santiago";"(186)";"$ 3.165.038";"$ 2.502.422";"$ 0";-;"No";"No tiene";"No tiene";"No tiene";"01/01/2026";"31/12/2026";"No informa";"Sin observaciones";
"2026";"Julio";"Profesional";"MANRIQUEZ TORRES, EVELYN ANDREA";"Atencion Clinica";"15";"ENFERMERA (O)";"Región Metropolitana de Santiago";"(186)";"$ 1.649.034";"$ 1.329.687";"$ 0";-;"No";"No tiene";"No tiene";"No tiene";"01/01/2026";"31/12/2026";"No informa";"Sin observaciones";
"2026";"Julio";"Técnico";"MANRIQUEZ ZUÑIGA, TAMARA ANGELICA";"Atencion Clinica";"21";"TECNICO NIVEL SUPERIOR ENFERMERIA";"Región Metropolitana de Santiago";"(186)";"$ 754.510";"$ 616.660";"$ 0";-;"No";"No tiene";"No tiene";"No tiene";"01/01/2026";"31/12/2026";"No informa";"Sin observaciones";
"2026";"Julio";"Profesional";"MANSILLA VASQUEZ, NICOLE IVONNE";"Atencion Clinica";"13";"PSICOLOGO (A)";"Región Metropolitana de Santiago";"(01)";"$ 1.795.022";"$ 1.448.975";"$ 0";-;"No";"No tiene";"No tiene";"No tiene";"01/01/2026";"31/12/2026";"No informa";"Sin observaciones";
"2026";"Julio";"Profesional";"MANZO PINILLA, JENNIFER GIANCARLA";"Atencion Clinica";"12";"ENFERMERA (O)";"Región Metropolitana de Santiago";"(01)";"$ 1.971.427";"$ 1.585.488";"$ 0";-;"No";"No tiene";"No tiene";"No tiene";"01/01/2026";"31/12/2026";"No informa";"Sin observaciones";
"2026";"Julio";"Profesional";"MARAMBIO CARREÑO, CRISTIAN ANDRES";"ATENCION CLINICA";"12";"KINESIOLOGO (A)";"Región Metropolitana de Santiago";"(203)(204)(186)";"$ 3.995.835";"$ 3.305.330";"$ 0";"$ 0";"Sí";"$ 165.464 : 15,00 hrs";"$ 1.058.970 : 80,00 hrs";"No tiene";"01/01/2026";"31/12/2026";"No informa";"REMUNERACION JUL.2026";
"2026";"Julio";"Médicos cirujanos, farmacéuticos, químico-farmacéuticos, bioquímicos, cirujano-dentistas";"MARAMBIO GOLDMAN, LISETTE VANESSA";"Quimico Farmaceutico";"44 Hrs.";"QUIMICO FARMACEUTICO";"Región Metropolitana de Santiago";"(86)";"$ 2.502.413";"$ 2.006.183";"$ 0";-;"No";"No tiene";"No tiene";"No tiene";"01/01/2026";"31/12/2026";"No informa";"Sin observaciones";
"2026";"Julio";"Médicos cirujanos, farmacéuticos, químico-farmacéuticos, bioquímicos, cirujano-dentistas";"MARAMBIO JAÑA, PATRICIO RODRIGO";"Atencion Clinica Medica";"44 Hrs.";"MEDICO CIRUJANO";"Región Metropolitana de Santiago";"(86)(186)";"$ 3.514.428";"$ 2.793.414";"$ 0";-;"No";"No tiene";"No tiene";"No tiene";"01/01/2026";"31/12/2026";"No informa";"Sin observaciones";
"2026";"Julio";"Profesional";"MARAMBIO YAÑEZ, ANTONIO ANDRES";"Atencion Clinica";"12";"TERAPEUTA EN ACTIVIDAD FISICA";"Región Metropolitana de Santiago";"(186)";"$ 2.182.953";"$ 1.605.005";"$ 0";-;"Sí";"$ 43.099 : 4,00 hrs";"$ 64.649 : 5,00 hrs";"No tiene";"01/01/2026";"31/12/2026";"No informa";"Sin observaciones";
"2026";"Julio";"Profesional";"MARCHANT CABRERA, CAROLINA BELEN DE RITA";"APOYO ADMINISTRATIVO";"12";"PSICOLOGO (A)";"Región Metropolitana de Santiago";"(186)";"$ 1.982.431";"$ 1.413.573";"$ 0";"$ 0";"No";"No tiene";"No tiene";"No tiene";"01/01/2026";"31/12/2026";"No informa";"REMUNERACION JUL.2026";
"2026";"Julio";"Auxiliar";"MARDONES CASTRO, CRISTOPHER GREGORY";"Apoyo Logistico";"23";"AUXILIAR";"Región Metropolitana de Santiago";"(186)";"$ 957.814";"$ 842.371";"$ 0";-;"Sí";"$ 111.623 : 35,00 hrs";"$ 214.317 : 56,00 hrs";"No tiene";"01/01/2026";"30/09/2026";"No informa";"Sin observaciones";
"2026";"Julio";"Profesional";"MARDONES LOYOLA, MARIA MAGDALENA";"Apoyo Administrativo";"8";"ENFERMERA (O)";"Región Metropolitana de Santiago";"(36)";"$ 3.769.058";"$ 2.974.320";"$ 0";-;"No";"No tiene";"No tiene";"No tiene";"01/06/2026";"31/08/2026";"No informa";"Sin observaciones";
"2026";"Julio";"Auxiliar";"MARDONES VERA, ADRIAN ALFREDO";"CONDUCTOR";"22";"INGENIERO (A) EN ADMINISTRACION";"Región Metropolitana de Santiago";"(205)(202)(204)";"$ 1.436.210";"$ 1.101.355";"$ 0";"$ 0";"No";"No tiene";"No tiene";"No tiene";"01/01/2026";"31/12/2026";"No informa";"REMUNERACION JUL.2026";
"2026";"Julio";"Profesional";"MARILAO SALINAS, CAROLINA IVONNE";"Atencion Clinica";"15";"PROFESOR (A)";"Región Metropolitana de Santiago";"(186)";"$ 1.640.298";"$ 1.327.109";"$ 0";-;"No";"No tiene";"No tiene";"No tiene";"01/01/2026";"31/12/2026";"No informa";"Sin observaciones";
"2026";"Julio";"Profesional";"MARILLAN CUBILLOS, SEBASTIAN ENRIQUE";"Atencion Clinica";"15";"PROFESOR (A)";"Región Metropolitana de Santiago";"(186)";"$ 1.521.320";"$ 1.229.702";"$ 0";-;"No";"No tiene";"No tiene";"No tiene";"01/01/2026";"31/12/2026";"No informa";"Sin observaciones";
"2026";"Julio";"Profesional";"MARIN CALDERON, LUCIA FRANCISCA DEL CARMEN";"Atencion Clinica";"15";"TRABAJADOR (A) SOCIAL";"Región Metropolitana de Santiago";"(186)(186)";"$ 1.665.305";"$ 1.343.811";"$ 0";-;"Sí";"$ 33.741 : 4,00 hrs";"No tiene";"No tiene";"01/01/2026";"31/12/2026";"No informa";"Sin observaciones";
"2026";"Julio";"Técnico";"MARIN CONTRERAS, PAMELA LUZ";"ATENCION CLINICA";"22";"TECNICO NIVEL MEDIO ENFERMERIA";"Región Metropolitana de Santiago";"(203)(204)(186)";"$ 868.483";"$ 508.011";"$ 0";"$ 0";"No";"No tiene";"No tiene";"No tiene";"01/01/2026";"31/12/2026";"No informa";"REMUNERACION JUL.2026";
"2026";"Julio";"Profesional";"MARIN GONZALEZ, EMILI ANDREA";"ATENCION CLINICA";"13";"ENFERMERA (O)";"Región Metropolitana de Santiago";"(203)(204)(186)";"$ 3.891.687";"$ 2.990.423";"$ 0";"$ 0";"Sí";"$ 313.103 : 31,00 hrs";"$ 1.054.450 : 87,00 hrs";"No tiene";"01/01/2026";"31/12/2026";"No informa";"REMUNERACION JUL.2026";
"2026";"Julio";"Técnico";"MARIN PALMA, NICOLAS ALEJANDRO";"ATENCION CLINICA";"21";"TECNICO NIVEL SUPERIOR ENFERMERIA";"Región Metropolitana de Santiago";"(203)(204)(186)";"$ 1.193.293";"$ 974.062";"$ 0";"$ 0";"Sí";"$ 7.727 : 2,00 hrs";"$ 162.274 : 35,00 hrs";"No tiene";"01/01/2026";"31/12/2026";"No informa";"REMUNERACION JUL.2026";
"2026";"Julio";"Profesional";"MARINKOVIC CHAMORRO, CRISTIAN ANDRES";"ATENCION CLINICA";"13";"ENFERMERA (O)";"Región Metropolitana de Santiago";"(203)(204)";"$ 3.624.892";"$ 2.891.071";"$ 0";"$ 0";"Sí";"$ 256.436 : 26,00 hrs";"$ 899.498 : 76,00 hrs";"No tiene";"01/01/2026";"31/12/2026";"No informa";"REMUNERACION JUL.2026";
"2026";"Julio";"Profesional";"MARQUEZ ARAYA, CAROLINA ALICIA";"Atencion Clinica";"16";"MATRON (A)";"Región Metropolitana de Santiago";"(01)";"$ 1.388.719";"$ 1.129.757";"$ 0";-;"No";"No tiene";"No tiene";"No tiene";"25/05/2026";"30/08/2026";"No informa";"CONTRATO POR REEMPLAZO";
"2026";"Julio";"Profesional";"MARQUEZ HERNANDEZ, ALEX WALDO DEL PILAR";"Apoyo Administrativo";"5";"CONTADOR (A) PUBLICO";"Región Metropolitana de Santiago";"(186)";"$ 3.689.388";"$ 2.894.937";"$ 0";-;"No";"No tiene";"No tiene";"No tiene";"01/01/2026";"31/12/2026";"No informa";"Sin observaciones";
"2026";"Julio";"Administrativo";"MARQUEZ ORTIZ, DORIS SOLANGE";"Apoyo Administrativo";"21";"ADMINISTRATIVO";"Región Metropolitana de Santiago";"(186)";"$ 727.635";"$ 600.591";"$ 0";-;"No";"No tiene";"No tiene";"No tiene";"01/01/2026";"31/12/2026";"No informa";"Sin observaciones";
"2026";"Julio";"Administrativo";"MARTINEZ ACUÑA, OSCAR MAURICIO";"Apoyo Administrativo";"16";"ADMINISTRATIVO";"Región Metropolitana de Santiago";"(186)";"$ 854.481";"$ 698.367";"$ 0";-;"No";"No tiene";"No tiene";"No tiene";"01/01/2026";"31/12/2026";"No informa";"Sin observaciones";
"2026";"Julio";"Técnico";"MARTINEZ CARCAMO, OSVALDO FELIX";"Atencion Clinica";"21";"TECNICO NIVEL SUPERIOR ENFERMERIA";"Región Metropolitana de Santiago";"(186)";"$ 753.080";"$ 615.493";"$ 0";-;"No";"No tiene";"No tiene";"No tiene";"01/01/2026";"30/09/2026";"No informa";"Sin observaciones";
"2026";"Julio";"Profesional";"MARTINEZ CARREÑO, PAMELA JESUS";"Apoyo Administrativo";"8";"ENFERMERA (O)";"Región Metropolitana de Santiago";"(186)";"$ 2.784.029";"$ 2.240.694";"$ 0";-;"No";"No tiene";"No tiene";"No tiene";"01/01/2026";"31/12/2026";"No informa";"Sin observaciones";
"2026";"Julio";"Técnico";"MARTINEZ ESCOBAR, JOSE LUIS";"Apoyo Administrativo";"12";"CONTADOR (A) GENERAL";"Región Metropolitana de Santiago";"(186)(186)";"$ 2.109.197";"$ 1.687.396";"$ 0";-;"No";"No tiene";"No tiene";"No tiene";"01/01/2026";"31/12/2026";"No informa";"Sin observaciones";
"2026";"Julio";"Profesional";"MARTINEZ JADUE, FRANCISCA SOFIA";"Atencion Clinica";"14";"NUTRICIONISTA";"Región Metropolitana de Santiago";"(186)";"$ 1.759.259";"$ 1.421.880";"$ 0";-;"No";"No tiene";"No tiene";"No tiene";"01/01/2026";"31/12/2026";"No informa";"Sin observaciones";
"2026";"Julio";"Técnico";"MARTINEZ MALLEA, BARBARA NICOLE";"Atencion Clinica";"21";"TECNICO NIVEL SUPERIOR ODONTOLOGIA";"Región Metropolitana de Santiago";"(186)";"$ 753.080";"$ 620.689";"$ 0";-;"No";"No tiene";"No tiene";"No tiene";"01/01/2026";"31/12/2026";"No informa";"Sin observaciones";
"2026";"Julio";"Profesional";"MARTINEZ MUGA, SEBASTIAN IGNACIO";"Coordinador";"7";"KINESIOLOGO (A)";"Región Metropolitana de Santiago";"(01)";"$ 3.039.924";"$ 2.410.437";"$ 0";-;"No";"No tiene";"No tiene";"No tiene";"01/01/2026";"31/08/2026";"No informa";"Sin observaciones";
"2026";"Julio";"Profesional";"MARTINEZ MUÑOZ, SUDY VALERIA";"Atencion Clinica";"12";"NUTRICIONISTA";"Región Metropolitana de Santiago";"(186)";"$ 2.075.205";"$ 1.681.671";"$ 0";-;"No";"No tiene";"No tiene";"No tiene";"01/01/2026";"31/12/2026";"No informa";"Sin observaciones";
"2026";"Julio";"Técnico";"MARTINEZ NUÑEZ, SANDRA PAOLA";"Atencion Clinica";"20";"TECNICO PARAMEDICO";"Región Metropolitana de Santiago";"(186)";"$ 761.830";"$ 622.644";"$ 0";-;"No";"No tiene";"No tiene";"No tiene";"01/01/2026";"31/12/2026";"No informa";"Sin observaciones";
"2026";"Julio";"Técnico";"MARTINEZ ROMERO, DEISY IRENE";"Atencion Clinica";"22";"TECNICO NIVEL SUPERIOR ENFERMERIA";"Región Metropolitana de Santiago";"(186)";"$ 755.088";"$ 622.343";"$ 0";-;"No";"No tiene";"No tiene";"No tiene";"01/01/2026";"31/12/2026";"No informa";"Sin observaciones";
"2026";"Julio";"Administrativo";"MARTINEZ RUBILAR, MARIA CRISTINA";"Apoyo Administrativo";"13";"ADMINISTRADOR (A) PUBLICO";"Región Metropolitana de Santiago";"(186)";"$ 1.823.250";"$ 1.469.227";"$ 0";-;"No";"No tiene";"No tiene";"No tiene";"01/01/2026";"31/12/2026";"No informa";"Sin observaciones";
"2026";"Julio";"Profesional";"MARTINEZ SAAVEDRA, CATALINA ANDREA";"Apoyo Administrativo";"12";"PSICOLOGO (A)";"Región Metropolitana de Santiago";"(186)";"$ 1.982.431";"$ 1.607.761";"$ 0";-;"No";"No tiene";"No tiene";"No tiene";"01/01/2026";"31/12/2026";"No informa";"Sin observaciones";
"2026";"Julio";"Técnico";"MARTINEZ SALAS, CINDY VICTORIA";"Atencion Clinica";"22";"TECNICO NIVEL SUPERIOR ENFERMERIA";"Región Metropolitana de Santiago";"(186)";"$ 31.094";"$ 25.444";"$ 0";-;"No";"No tiene";"No tiene";"No tiene";"01/01/2026";"30/09/2026";"No informa";"PSGS 08/06/2026 AL 31/07/2026 (PAGO RETROACTIVO DE BIENIOS)";
"2026";"Julio";"Médicos cirujanos, farmacéuticos, químico-farmacéuticos, bioquímicos, cirujano-dentistas";"MARTINEZ VERDEJO, CONSTANZA";"Atencion Odontologica";"44 Hrs.";"CIRUJANO DENTISTA";"Región Metropolitana de Santiago";"(188)(186)";"$ 2.830.562";"$ 2.254.325";"$ 0";-;"No";"No tiene";"No tiene";"No tiene";"01/01/2026";"31/12/2026";"No informa";"Sin observaciones";
"2026";"Julio";"Profesional";"MARURI CASTILLO, PAULA ANDREA";"Apoyo Administrativo";"12";"RELACIONADOR (A) PUBLICO";"Región Metropolitana de Santiago";"(186)";"$ 2.086.210";"$ 1.676.182";"$ 0";-;"No";"No tiene";"No tiene";"No tiene";"01/01/2026";"31/12/2026";"No informa";"Sin observaciones";
"2026";"Julio";"Administrativo";"MATURANA ESCOBAR, YAZMIN DANIELA";"Secretaria";"22";"ADMINISTRATIVO";"Región Metropolitana de Santiago";"(186)(186)";"$ 709.962";"$ 578.083";"$ 0";-;"No";"No tiene";"No tiene";"No tiene";"01/01/2026";"31/12/2026";"No informa";"Sin observaciones";
"2026";"Julio";"Profesional";"MATURANA GARCIA, MARCELA PAZ";"Apoyo Administrativo";"7";"ENFERMERO (A) MATRON (A)";"Región Metropolitana de Santiago";"(186)(186)";"$ 3.229.717";"$ 2.549.296";"$ 0";-;"No";"No tiene";"No tiene";"No tiene";"01/01/2026";"31/12/2026";"No informa";"Sin observaciones";
"2026";"Julio";"Auxiliar";"MATURANA PACHECO, VICTOR HUGO";"CONDUCTOR";"22";"AUXILIAR";"Región Metropolitana de Santiago";"(205)(203)(204)";"$ 1.082.518";"$ 637.842";"$ 0";"$ 0";"Sí";"$ 48.426 : 14,00 hrs";"$ 41.508 : 10,00 hrs";"No tiene";"01/01/2026";"31/12/2026";"No informa";"REMUNERACION JUL.2026";
"2026";"Julio";"Profesional";"MATURANA SILVA, MICHELLE MARGARITA";"Atencion Clinica";"16";"TERAPEUTA OCUPACIONAL";"Región Metropolitana de Santiago";"(01)";"$ 1.634.687";"$ 1.364.420";"$ 0";-;"Sí";"$ 136.649 : 18,00 hrs";"$ 109.319 : 12,00 hrs";"No tiene";"01/01/2026";"31/12/2026";"No informa";"Sin observaciones";
"2026";"Julio";"Auxiliar";"MATUS SOLIS, SANDRA PATRICIA";"Apoyo Administrativo";"22";"AUXILIAR";"Región Metropolitana de Santiago";"(01)";"$ 665.246";"$ 549.095";"$ 0";-;"No";"No tiene";"No tiene";"No tiene";"13/04/2026";"31/12/2026";"No informa";"Sin observaciones";
"2026";"Julio";"Profesional";"MAULEN SIERRA, MARCELA JUDITH";"JEFE DE DEPARTAMENTO";"5";"PERIODISTA";"Región Metropolitana de Santiago";"(186)";"$ 3.633.599";"$ 2.792.133";"$ 0";"$ 0";"No";"No tiene";"No tiene";"No tiene";"01/01/2026";"31/12/2026";"No informa";"REMUNERACION JUL.2026";
"2026";"Julio";"Médicos cirujanos, farmacéuticos, químico-farmacéuticos, bioquímicos, cirujano-dentistas";"MAYANZ SALAS, SEBASTIAN DAVID";"Medicina Legal";"11 Hrs.";"MEDICO CIRUJANO";"Región Metropolitana de Santiago";"(86)(186)";"$ 1.446.159";"$ 1.179.602";"$ 0";-;"No";"No tiene";"No tiene";"No tiene";"01/01/2026";"31/12/2026";"No informa";"Sin observaciones";
"2026";"Julio";"Profesional";"MAZRY ANDRADE, VALENTINA NICOLE";"Subdirector";"6";"NUTRICIONISTA";"Región Metropolitana de Santiago";"(01)";"$ 3.407.641";"$ 2.691.880";"$ 0";-;"No";"No tiene";"No tiene";"No tiene";"01/01/2026";"31/12/2026";"No informa";"Sin observaciones";
"2026";"Julio";"Auxiliar";"MECATO URIBE, CLAUDIO ALEXIS";"CONDUCTOR";"22";"AUXILIAR";"Región Metropolitana de Santiago";"(205)(202)(204)";"$ 1.468.578";"$ 930.061";"$ 0";"$ 0";"Sí";"$ 100.311 : 29,00 hrs";"$ 273.953 : 66,00 hrs";"No tiene";"01/01/2026";"31/12/2026";"No informa";"REMUNERACION JUL.2026";
"2026";"Julio";"Médicos cirujanos, farmacéuticos, químico-farmacéuticos, bioquímicos, cirujano-dentistas";"MEDEL TORRES, JAVIER ALEJANDRO";"Quimico Farmaceutico";"44 Hrs.";"QUIMICO FARMACEUTICO";"Región Metropolitana de Santiago";"(86)(186)";"$ 5.434.684";"$ 4.436.357";"$ 0";-;"No";"No tiene";"No tiene";"No tiene";"01/01/2026";"31/12/2026";"No informa";"Sin observaciones";
"2026";"Julio";"Médicos cirujanos, farmacéuticos, químico-farmacéuticos, bioquímicos, cirujano-dentistas";"MEDINA DIAZ, JEANETTE IVONNE";"Medicina Familiar";"44 Hrs.";"MEDICO CIRUJANO";"Región Metropolitana de Santiago";"(188)(86)(186)";"$ 7.371.023";"$ 5.933.794";"$ 0";-;"No";"No tiene";"No tiene";"No tiene";"01/01/2026";"31/12/2026";"No informa";"Sin observaciones";
"2026";"Julio";"Técnico";"MEDINA FERNANDEZ, KATHERINE ROMINA";"ATENCION CLINICA";"22";"ENFERMERA (O)";"Región Metropolitana de Santiago";"(202)(204)(186)";"$ 1.403.771";"$ 782.674";"$ 0";"$ 0";"No";"No tiene";"No tiene";"No tiene";"01/01/2026";"31/12/2026";"No informa";"REMUNERACION JUL.2026";
"2026";"Julio";"Profesional";"MEDINA GALAZ, MARCELA ROXANA";"Apoyo Administrativo";"8";"INGENIERO (A) EN GESTION AMBIENTAL";"Región Metropolitana de Santiago";"(186)";"$ 2.784.029";"$ 2.218.666";"$ 0";-;"No";"No tiene";"No tiene";"No tiene";"01/01/2026";"31/12/2026";"No informa";"Sin observaciones";
"2026";"Julio";"Médicos cirujanos, farmacéuticos, químico-farmacéuticos, bioquímicos, cirujano-dentistas";"MEDINA IBARRA, YASMIN BELEN";"Atencion Clinica Medica";"22 Hrs.";"MEDICO CIRUJANO";"Región Metropolitana de Santiago";"(188)";"$ 1.073.421";"$ 853.811";"$ 0";-;"No";"No tiene";"No tiene";"No tiene";"01/01/2026";"30/09/2026";"No informa";"Sin observaciones";
"2026";"Julio";"Médicos cirujanos, farmacéuticos, químico-farmacéuticos, bioquímicos, cirujano-dentistas";"MEDINA IBARRA, YASMIN BELEN";"Atencion Clinica Medica";"22 Hrs.";"MEDICO CIRUJANO";"Región Metropolitana de Santiago";"(188)";"$ 1.073.421";"$ 886.001";"$ 0";-;"No";"No tiene";"No tiene";"No tiene";"01/01/2026";"30/09/2026";"No informa";"Sin observaciones";
"2026";"Julio";"Médicos cirujanos, farmacéuticos, químico-farmacéuticos, bioquímicos, cirujano-dentistas";"MEDINA SALCEDO, MARISELA SORANGELY";"Atencion Clinica Medica";"44 Hrs.";"MEDICO CIRUJANO";"Región Metropolitana de Santiago";"(01)";"$ 1.955.378";"$ 1.588.272";"$ 0";-;"No";"No tiene";"No tiene";"No tiene";"01/01/2026";"30/09/2026";"No informa";"Sin observaciones";
"2026";"Julio";"Profesional";"MEDRANO ZUÑIGA, SEBASTIAN IGNACIO";"Atencion Clinica";"15";"PSICOLOGO (A)";"Región Metropolitana de Santiago";"(01)";"$ 1.512.586";"$ 1.235.497";"$ 0";-;"No";"No tiene";"No tiene";"No tiene";"01/01/2026";"30/09/2026";"No informa";"Sin observaciones";
"2026";"Julio";"Médicos cirujanos, farmacéuticos, químico-farmacéuticos, bioquímicos, cirujano-dentistas";"MEISTER GUZMAN, GUIDO ALEXANDER";"Atencion Odontologica";"22 Hrs.";"CIRUJANO DENTISTA";"Región Metropolitana de Santiago";"(188)(186)";"$ 2.317.927";"$ 1.859.802";"$ 0";-;"No";"No tiene";"No tiene";"No tiene";"01/01/2026";"31/12/2026";"No informa";"Sin observaciones";
"2026";"Julio";"Técnico";"MEJIAS FIGUEROA, MONICA DEL CARMEN";"Atencion Clinica";"21";"TECNICO PARAMEDICO";"Región Metropolitana de Santiago";"(186)";"$ 773.850";"$ 637.510";"$ 0";-;"Sí";"$ 34.477 : 9,00 hrs";"No tiene";"No tiene";"01/01/2026";"31/12/2026";"No informa";"Sin observaciones";
"2026";"Julio";"Administrativo";"MEJIAS MEDEL, JAVIERA NICOL";"APOYO ADMINISTRATIVO";"22";"ADMINISTRATIVO";"Región Metropolitana de Santiago";"(01)";"$ 691.247";"$ 564.957";"$ 0";"$ 0";"No";"No tiene";"No tiene";"No tiene";"01/07/2026";"30/09/2026";"No informa";"PAGO BONO MENSUAL+REMUNERACION JUL.2026";
"2026";"Julio";"Profesional";"MEJIAS MIRANDA, SINDY ALICIA";"Jefe de Departamento";"5";"INGENIERO (A) EJECUCION EN INFORMATICA";"Región Metropolitana de Santiago";"(186)";"$ 3.559.422";"$ 2.796.141";"$ 0";-;"No";"No tiene";"No tiene";"No tiene";"01/01/2026";"31/12/2026";"No informa";"Sin observaciones";
"2026";"Julio";"Administrativo";"MELGAREJO CHARRIE, DANIELA VICTORIA";"Apoyo Administrativo";"21";"TECNICO NIVEL SUPERIOR ENFERMERIA";"Región Metropolitana de Santiago";"(186)";"$ 727.635";"$ 599.718";"$ 0";-;"No";"No tiene";"No tiene";"No tiene";"01/01/2026";"31/12/2026";"No informa";"Sin observaciones";
"2026";"Julio";"Profesional";"MENA CONCHA, JUAN ANTONIO";"APOYO ADMINISTRATIVO";"10";"ENFERMERA (O)";"Región Metropolitana de Santiago";"(186)";"$ 2.372.382";"$ 1.202.656";"$ 0";"$ 0";"No";"No tiene";"No tiene";"No tiene";"01/01/2026";"31/12/2026";"No informa";"REMUNERACION JUL.2026";
"2026";"Julio";"Médicos cirujanos, farmacéuticos, químico-farmacéuticos, bioquímicos, cirujano-dentistas";"MENA LORCA, CARLOS FRANCISCO";"Atencion Odontologica";"11 Hrs.";"CIRUJANO DENTISTA";"Región Metropolitana de Santiago";"(186)";"$ 3.558.948";"$ 2.997.025";"$ 0";-;"No";"No tiene";"No tiene";"No tiene";"01/01/2026";"31/12/2026";"No informa";"Sin observaciones";
"2026";"Julio";"Profesional";"MENAS PEÑA, JEANNETTE IVONNE";"Apoyo Administrativo";"9";"INGENIERO (A) EJECUCION ADMINISTRACION";"Región Metropolitana de Santiago";"(186)";"$ 2.664.773";"$ 2.127.698";"$ 0";-;"No";"No tiene";"No tiene";"No tiene";"01/01/2026";"31/12/2026";"No informa";"Sin observaciones";
"2026";"Julio";"Administrativo";"MENDEZ CORTES, MARCOS PATRICIO";"APOYO ADMINISTRATIVO";"22";"ADMINISTRATIVO";"Región Metropolitana de Santiago";"(01)";"$ 506.980";"$ 482.841";"$ 0";"$ 0";"Sí";"$ 44.967 : 13,00 hrs";"$ 323.763 : 154,00 hrs";"No tiene";"26/07/2026";"31/07/2026";"No informa";"PAGO BONO MENSUAL+REEMPLAZO JUL.2026 (26-31)";
"2026";"Julio";"Profesional";"MENDEZ DEL RIO, DENISSE CHARLOT";"Atencion Clinica";"15";"NUTRICIONISTA";"Región Metropolitana de Santiago";"(186)";"$ 1.640.298";"$ 1.341.870";"$ 0";-;"No";"No tiene";"No tiene";"No tiene";"01/01/2026";"31/12/2026";"No informa";"Sin observaciones";
"2026";"Julio";"Administrativo";"MENDEZ ELGUETA, ISIDORA PATRICIA";"APOYO ADMINISTRATIVO";"22";"ADMINISTRATIVO";"Región Metropolitana de Santiago";"(203)(204)";"$ 1.251.369";"$ 975.280";"$ 0";"$ 0";"Sí";"$ 45.421 : 12,00 hrs";"$ 49.963 : 11,00 hrs";"No tiene";"01/01/2026";"31/12/2026";"No informa";"REMUNERACION JUL.2026";
"2026";"Julio";"Administrativo";"MENDEZ MEDINA, ALEXANDRA PAZ";"Apoyo Administrativo";"21";"ADMINISTRATIVO";"Región Metropolitana de Santiago";"(186)";"$ 733.294";"$ 604.382";"$ 0";-;"No";"No tiene";"No tiene";"No tiene";"01/01/2026";"31/12/2026";"No informa";"Sin observaciones";
"2026";"Julio";"Médicos cirujanos, farmacéuticos, químico-farmacéuticos, bioquímicos, cirujano-dentistas";"MENDEZ SEPULVEDA, CONSTANZA BELEN";"Atencion Clinica Medica";"44 Hrs.";"MÉDICOS CIRUJANOS, FARMACÉUTICOS, QUÍMICO-FARMACÉUTICOS, BIOQUÍMICOS, CIRUJANO-DENTISTAS";"Región Metropolitana de Santiago";"(86)(186)";"$ 3.514.428";"$ 2.767.224";"$ 0";-;"No";"No tiene";"No tiene";"No tiene";"01/01/2026";"31/12/2026";"No informa";"Sin observaciones";
"2026";"Julio";"Médicos cirujanos, farmacéuticos, químico-farmacéuticos, bioquímicos, cirujano-dentistas";"MENDOZA FUENTES, PAULA ANTONIETA";"CIRUGIA GENERAL";"28 Hrs.";"MEDICO CIRUJANO";"Región Metropolitana de Santiago";"(194)(193)(198)";"$ 4.515.360";"$ 3.022.836";"$ 0";"$ 0";"No";"No tiene";"No tiene";"No tiene";"01/01/2026";"31/12/2026";"No informa";"REEMPLAZO JUL.2026 (01-14) (20-22) (24-27) (29-31)+REMUNERACION JUL.2026";
"2026";"Julio";"Médicos cirujanos, farmacéuticos, químico-farmacéuticos, bioquímicos, cirujano-dentistas";"MENDOZA MEDINA, MARIA MARINES";"Atencion Odontologica";"44 Hrs.";"CIRUJANO DENTISTA";"Región Metropolitana de Santiago";"(186)(188)(186)";"$ 4.471.739";"$ 3.596.902";"$ 0";-;"No";"No tiene";"No tiene";"No tiene";"01/01/2026";"31/12/2026";"No informa";"Sin observaciones";
"2026";"Julio";"Auxiliar";"MENESES AZUA, ALEX RAMON";"CONDUCTOR";"22";"AUXILIAR";"Región Metropolitana de Santiago";"(205)(202)(204)(186)";"$ 1.198.226";"$ 847.999";"$ 0";"$ 0";"Sí";"$ 48.857 : 14,00 hrs";"$ 41.877 : 10,00 hrs";"No tiene";"01/01/2026";"31/12/2026";"No informa";"CANCELA DIFERENCIAS DE ASIGNACIÓN FAMILIAR.+REMUNERACION JUL.2026";
"2026";"Julio";"Técnico";"MERCADO MUÑOZ, RUTH NOEMI";"Atencion Clinica";"20";"TECNICO NIVEL SUPERIOR ODONTOLOGIA";"Región Metropolitana de Santiago";"(186)(186)";"$ 761.830";"$ 619.146";"$ 0";-;"No";"No tiene";"No tiene";"No tiene";"01/01/2026";"31/12/2026";"No informa";"Sin observaciones";
"2026";"Julio";"Auxiliar";"MERINO CELIS, MAURICIO ANDRES";"CONDUCTOR";"22";"AUXILIAR";"Región Metropolitana de Santiago";"(205)(202)(204)(186)";"$ 1.421.268";"$ 983.870";"$ 0";"$ 0";"Sí";"$ 142.503 : 41,00 hrs";"$ 175.885 : 42,00 hrs";"No tiene";"01/01/2026";"31/12/2026";"No informa";"REMUNERACION JUL.2026+REGULARIZA PAGO HHEE MES(ES) ANTERIOR(ES)";
"2026";"Julio";"Profesional";"MERIÑO MARTINEZ, JAVIERA CONSTANZA";"Atencion Clinica";"15";"FONOAUDIOLOGO (A)";"Región Metropolitana de Santiago";"(01)";"$ 1.512.586";"$ 1.235.497";"$ 0";-;"No";"No tiene";"No tiene";"No tiene";"01/01/2026";"31/12/2026";"No informa";"Sin observaciones";
"2026";"Julio";"Técnico";"MERY GATICA, KAROL LAURA";"Atencion Clinica";"21";"TECNICO NIVEL SUPERIOR RECURSOS HUMANOS";"Región Metropolitana de Santiago";"(186)";"$ 737.943";"$ 601.793";"$ 0";-;"No";"No tiene";"No tiene";"No tiene";"01/01/2026";"31/12/2026";"No informa";"Sin observaciones";
"2026";"Julio";"Profesional";"MESINA GONZALEZ, PAULA NOEMI";"Atencion Clinica";"15";"ENFERMERA (O)";"Región Metropolitana de Santiago";"(186)";"$ 1.693.260";"$ 1.385.011";"$ 0";-;"Sí";"No tiene";"$ 70.430 : 7,00 hrs";"No tiene";"01/01/2026";"31/12/2026";"No informa";"Sin observaciones";
"2026";"Julio";"Técnico";"MEZA BARRERA, NATALIA NICOLE";"ATENCION CLINICA";"21";"TECNICO NIVEL SUPERIOR ENFERMERIA";"Región Metropolitana de Santiago";"(203)(204)(186)";"$ 1.224.433";"$ 733.041";"$ 0";"$ 0";"Sí";"$ 108.183 : 28,00 hrs";"$ 92.728 : 20,00 hrs";"No tiene";"01/01/2026";"31/12/2026";"No informa";"CANCELA DIFERENCIAS DE ASIGNACIÓN FAMILIAR.+REMUNERACION JUL.2026";
"2026";"Julio";"Auxiliar";"MEZA GONZALEZ, MAXIMO ARTURO";"Chofer";"19";"AUXILIAR";"Región Metropolitana de Santiago";"(205)(186)";"$ 1.511.220";"$ 1.340.691";"$ 0";-;"Sí";"$ 148.694 : 34,00 hrs";"$ 514.308 : 98,00 hrs";"No tiene";"01/01/2026";"31/12/2026";"No informa";"Sin observaciones";
"2026";"Julio";"Profesional";"MEZA GUERRERO, MARIA ANDREA";"ATENCION CLINICA";"13";"ENFERMERA (O)";"Región Metropolitana de Santiago";"(203)(204)(186)";"$ 2.510.340";"$ 1.394.572";"$ 0";"$ 0";"No";"No tiene";"No tiene";"No tiene";"01/01/2026";"31/12/2026";"No informa";"REMUNERACION JUL.2026";
"2026";"Julio";"Profesional";"MEZA MATURANA, CATALINA PAZ";"Atencion Clinica";"16";"MATRON (A)";"Región Metropolitana de Santiago";"(186)";"$ 1.396.805";"$ 1.143.888";"$ 0";-;"No";"No tiene";"No tiene";"No tiene";"01/01/2026";"30/09/2026";"No informa";"Sin observaciones";
"2026";"Julio";"Profesional";"MEZA SANDOVAL, PATRICIO ALEJANDRO";"Apoyo Administrativo";"7";"PERIODISTA";"Región Metropolitana de Santiago";"(186)";"$ 3.197.377";"$ 2.526.309";"$ 0";-;"No";"No tiene";"No tiene";"No tiene";"01/01/2026";"31/12/2026";"No informa";"Sin observaciones";
"2026";"Julio";"Técnico";"MEZA TORRES, CONSTANZA LISSET";"ATENCION CLINICA";"21";"TECNICO NIVEL SUPERIOR ENFERMERIA";"Región Metropolitana de Santiago";"(203)(204)(186)";"$ 1.027.904";"$ 701.150";"$ 0";"$ 0";"No";"No tiene";"No tiene";"No tiene";"01/01/2026";"31/12/2026";"No informa";"CANCELA DIFERENCIAS DE ASIGNACIÓN FAMILIAR.+REMUNERACION JUL.2026";
"2026";"Julio";"Médicos cirujanos, farmacéuticos, químico-farmacéuticos, bioquímicos, cirujano-dentistas";"MEZA VASQUEZ, FRANCISCO JAVIER";"Atencion Odontologica";"33 Hrs.";"CIRUJANO DENTISTA";"Región Metropolitana de Santiago";"(186)";"$ 3.148.666";"$ 2.487.499";"$ 0";-;"No";"No tiene";"No tiene";"No tiene";"01/01/2026";"30/09/2026";"No informa";"Sin observaciones";
"2026";"Julio";"Médicos cirujanos, farmacéuticos, químico-farmacéuticos, bioquímicos, cirujano-dentistas";"MEZA VASQUEZ, FRANCISCO JAVIER";"Atencion Odontologica";"11 Hrs.";"CIRUJANO DENTISTA";"Región Metropolitana de Santiago";"(186)";"$ 1.049.558";"$ 881.654";"$ 0";-;"No";"No tiene";"No tiene";"No tiene";"01/01/2026";"30/09/2026";"No informa";"Sin observaciones";
"2026";"Julio";"Médicos cirujanos, farmacéuticos, químico-farmacéuticos, bioquímicos, cirujano-dentistas";"MILLAN GUTIERREZ, MARIA LORETO";"Atencion Odontologica";"33 Hrs.";"CIRUJANO DENTISTA";"Región Metropolitana de Santiago";"(188)(86)(186)";"$ 3.883.743";"$ 3.094.182";"$ 0";-;"No";"No tiene";"No tiene";"No tiene";"01/01/2026";"31/12/2026";"No informa";"Sin observaciones";
"2026";"Julio";"Médicos cirujanos, farmacéuticos, químico-farmacéuticos, bioquímicos, cirujano-dentistas";"MILLAN GUTIERREZ, MARIA LORETO";"Atencion Odontologica";"11 Hrs.";"CIRUJANO DENTISTA";"Región Metropolitana de Santiago";"(188)(186)";"$ 1.271.791";"$ 1.106.115";"$ 0";-;"No";"No tiene";"No tiene";"No tiene";"01/01/2026";"31/12/2026";"No informa";"Sin observaciones";
"2026";"Julio";"Profesional";"MILLAS OSORIO, CRISTIAN ALEJANDRO";"ATENCION CLINICA";"13";"ENFERMERA (O)";"Región Metropolitana de Santiago";"(203)(204)(186)";"$ 2.482.753";"$ 1.862.272";"$ 0";"$ 0";"No";"No tiene";"No tiene";"No tiene";"01/01/2026";"31/12/2026";"No informa";"REMUNERACION JUL.2026";
"2026";"Julio";"Profesional";"MINAYA TORO, MAITE ISIDORA";"Atencion Clinica";"15";"PSICOLOGO (A)";"Región Metropolitana de Santiago";"(01)";"$ 1.512.586";"$ 1.238.291";"$ 0";-;"No";"No tiene";"No tiene";"No tiene";"01/01/2026";"31/07/2026";"No informa";"Sin observaciones";
"2026";"Julio";"Profesional";"MINGO FUENTES, FERNANDA IGNACIA MACARENA";"Atencion Clinica";"12";"MATRON (A)";"Región Metropolitana de Santiago";"(01)";"$ 2.064.201";"$ 1.658.280";"$ 0";-;"No";"No tiene";"No tiene";"No tiene";"01/01/2026";"31/12/2026";"No informa";"Sin observaciones";
"2026";"Julio";"Médicos cirujanos, farmacéuticos, químico-farmacéuticos, bioquímicos, cirujano-dentistas";"MIQUEL CABIB, MARIA PAZ";"Atencion Odontologica";"22 Hrs.";"CIRUJANO DENTISTA";"Región Metropolitana de Santiago";"(01)";"$ 977.690";"$ 799.066";"$ 0";-;"No";"No tiene";"No tiene";"No tiene";"01/01/2026";"30/09/2026";"No informa";"Sin observaciones";
"2026";"Julio";"Administrativo";"MIRANDA FIGUEROA, MARISOL JEANNETTE";"Apoyo Administrativo";"22";"ADMINISTRATIVO";"Región Metropolitana de Santiago";"(186)";"$ 705.283";"$ 575.158";"$ 0";-;"No";"No tiene";"No tiene";"No tiene";"01/01/2026";"31/12/2026";"No informa";"Sin observaciones";
"2026";"Julio";"Técnico";"MIRANDA MORAGA, VANESSA IVONNE";"Apoyo Administrativo";"18";"TECNICO NIVEL SUPERIOR EN TRABAJO SOCIAL";"Región Metropolitana de Santiago";"(01)";"$ 771.516";"$ 635.883";"$ 0";-;"No";"No tiene";"No tiene";"No tiene";"01/06/2026";"31/08/2026";"No informa";"Sin observaciones";
"2026";"Julio";"Médicos cirujanos, farmacéuticos, químico-farmacéuticos, bioquímicos, cirujano-dentistas";"MIRANDA REYES, RODRIGO RODOLFO";"Atencion Clinica Medica";"44 Hrs.";"MEDICO CIRUJANO";"Región Metropolitana de Santiago";"(186)";"$ 2.557.116";"$ 2.048.157";"$ 0";-;"No";"No tiene";"No tiene";"No tiene";"01/01/2026";"31/08/2026";"No informa";"Sin observaciones";
"2026";"Julio";"Auxiliar";"MIRANDA SEREY, MIGUEL ANGEL";"CONDUCTOR";"24";"TECNICO NIVEL SUPERIOR ENFERMERIA";"Región Metropolitana de Santiago";"(205)(202)(204)(186)";"$ 1.012.829";"$ 635.672";"$ 0";"$ 0";"No";"No tiene";"No tiene";"No tiene";"01/01/2026";"31/12/2026";"No informa";"REMUNERACION JUL.2026";
"2026";"Julio";"Médicos cirujanos, farmacéuticos, químico-farmacéuticos, bioquímicos, cirujano-dentistas";"MOLINA AGUILA, GUSTAVO ADOLFO";"Medico Becario Primario";"44 Hrs.";"MEDICO CIRUJANO";"Región Metropolitana de Santiago";"(01)";"$ 2.760.027";"$ 2.251.078";"$ 0";-;"No";"No tiene";"No tiene";"No tiene";"01/07/2025";"23/07/2026";"No informa";"Sin observaciones";
"2026";"Julio";"Profesional";"MOLINA ALLENDES, RODRIGO ALBERTO";"ATENCION CLINICA";"13";"ENFERMERA (O)";"Región Metropolitana de Santiago";"(01)";"$ 1.528.080";"$ 1.321.039";"$ 0";"$ 0";"Sí";"No tiene";"$ 690.404 : 107,00 hrs";"No tiene";"02/06/2026";"30/06/2026";"No informa";"REEMPLAZO JUN.2026 (02-05)(10-11)(20)(22-23)(25-26)(28-30)";
"2026";"Julio";"Profesional";"MOLINA ARCOS, JUAN PABLO";"Apoyo Administrativo";"7";"PERIODISTA";"Región Metropolitana de Santiago";"(36)(186)";"$ 3.620.773";"$ 2.841.833";"$ 0";-;"No";"No tiene";"No tiene";"No tiene";"01/01/2026";"31/12/2026";"No informa";"Sin observaciones";
"2026";"Julio";"Profesional";"MOLINA CABRERA, SONIA MAREN";"Director Zonal";"5";"ENFERMERA (O)";"Región Metropolitana de Santiago";"(186)";"$ 3.726.581";"$ 2.935.242";"$ 0";-;"No";"No tiene";"No tiene";"No tiene";"01/01/2026";"31/12/2026";"No informa";"Sin observaciones";
"2026";"Julio";"Profesional";"MOLINA DOTTE, NICOLAS CRISTOBAL";"Apoyo Administrativo";"5";"INGENIERO (A) COMERCIAL";"Región Metropolitana de Santiago";"(186)";"$ 3.726.581";"$ 2.938.962";"$ 0";-;"No";"No tiene";"No tiene";"No tiene";"01/01/2026";"31/12/2026";"No informa";"Sin observaciones";
"2026";"Julio";"Profesional";"MOLINA GUZMAN, KARINA JOHANNA";"Apoyo Administrativo";"8";"ENFERMERA (O)";"Región Metropolitana de Santiago";"(186)(186)";"$ 2.951.657";"$ 2.327.058";"$ 0";-;"No";"No tiene";"No tiene";"No tiene";"01/01/2026";"31/12/2026";"No informa";"Sin observaciones";
"2026";"Julio";"Profesional";"MOLINA MORALES, FERNANDA ANDREA";"Jefe de Unidad";"10";"TECNOLOGO (A) EN INFORMATICA BIOMEDICA";"Región Metropolitana de Santiago";"(186)";"$ 2.439.486";"$ 1.970.004";"$ 0";-;"No";"No tiene";"No tiene";"No tiene";"01/01/2026";"31/12/2026";"No informa";"Sin observaciones";
"2026";"Julio";"Profesional";"MOLINA MUÑOZ, JOANA LESLIE";"Apoyo Administrativo";"7";"KINESIOLOGO (A)";"Región Metropolitana de Santiago";"(186)";"$ 3.213.547";"$ 2.540.987";"$ 0";-;"No";"No tiene";"No tiene";"No tiene";"01/01/2026";"31/12/2026";"No informa";"Sin observaciones";
"2026";"Julio";"Técnico";"MOLINA NEIRA, RODRIGO GUILLERMO";"ATENCION CLINICA";"21";"TECNICO NIVEL SUPERIOR ENFERMERIA";"Región Metropolitana de Santiago";"(203)(204)(186)";"$ 1.023.292";"$ 788.827";"$ 0";"$ 0";"No";"No tiene";"No tiene";"No tiene";"01/01/2026";"31/12/2026";"No informa";"REMUNERACION JUL.2026";
"2026";"Julio";"Profesional";"MOLINA RAMIREZ, BARBARA ANDREA";"Apoyo Administrativo";"7";"PSICOLOGO (A)";"Región Metropolitana de Santiago";"(01)";"$ 3.039.924";"$ 2.429.734";"$ 0";-;"No";"No tiene";"No tiene";"No tiene";"01/01/2026";"31/12/2026";"No informa";"Sin observaciones";
"2026";"Julio";"Médicos cirujanos, farmacéuticos, químico-farmacéuticos, bioquímicos, cirujano-dentistas";"MOLINA RILLON, CLEMENTE";"CIRUGIA GENERAL";"28 Hrs.";"MEDICO CIRUJANO";"Región Metropolitana de Santiago";"(194)(193)(198)(186)";"$ 2.959.563";"$ 2.387.349";"$ 0";"$ 0";"No";"No tiene";"No tiene";"No tiene";"12/06/2026";"30/09/2026";"No informa";"REMUNERACION JUL.2026";
"2026";"Julio";"Médicos cirujanos, farmacéuticos, químico-farmacéuticos, bioquímicos, cirujano-dentistas";"MOLINA ROMERO, DANIELA ANTONIA";"Atencion Clinica Medica";"44 Hrs.";"MEDICO CIRUJANO";"Región Metropolitana de Santiago";"(86)";"$ 3.049.448";"$ 2.440.715";"$ 0";-;"No";"No tiene";"No tiene";"No tiene";"01/01/2026";"31/12/2026";"No informa";"Sin observaciones";
"2026";"Julio";"Médicos cirujanos, farmacéuticos, químico-farmacéuticos, bioquímicos, cirujano-dentistas";"MOLINA SILVESTRE, ELENA ALEXANDRA";"Atencion Clinica Medica";"22 Hrs.";"MEDICO CIRUJANO";"Región Metropolitana de Santiago";"(188)(186)";"$ 2.539.970";"$ 2.081.960";"$ 0";-;"No";"No tiene";"No tiene";"No tiene";"01/01/2026";"31/12/2026";"No informa";"Sin observaciones";
"2026";"Julio";"Médicos cirujanos, farmacéuticos, químico-farmacéuticos, bioquímicos, cirujano-dentistas";"MOLINA SILVESTRE, ELENA ALEXANDRA";"Atencion Clinica Medica";"22 Hrs.";"MEDICO CIRUJANO";"Región Metropolitana de Santiago";"(188)(186)";"$ 2.539.970";"$ 2.411.309";"$ 0";-;"No";"No tiene";"No tiene";"No tiene";"01/01/2026";"31/12/2026";"No informa";"Sin observaciones";
"2026";"Julio";"Profesional";"MOLINA SOTO, MARIA DE LOS ANGELES";"Jefe de Departamento";"6";"INGENIERO (A) EN ADMINISTRACION DE RECURSOS HUMANOS";"Región Metropolitana de Santiago";"(186)";"$ 3.332.409";"$ 2.626.766";"$ 0";-;"No";"No tiene";"No tiene";"No tiene";"01/01/2026";"31/12/2026";"No informa";"Sin observaciones";
"2026";"Julio";"Administrativo";"MONSALVE ALVAREZ, FERNANDA PAZ";"Apoyo Administrativo";"18";"ADMINISTRATIVO";"Región Metropolitana de Santiago";"(01)";"$ 841.624";"$ 705.991";"$ 0";-;"Sí";"$ 17.527 : 4,00 hrs";"$ 52.581 : 10,00 hrs";"No tiene";"01/01/2026";"31/12/2026";"No informa";"Sin observaciones";
"2026";"Julio";"Profesional";"MONSALVE MARAMBIO, CAMILA NATALIA";"Atencion Clinica";"15";"PSICOLOGO (A)";"Región Metropolitana de Santiago";"(01)";"$ 1.512.586";"$ 1.227.074";"$ 0";-;"No";"No tiene";"No tiene";"No tiene";"01/01/2026";"31/07/2026";"No informa";"Sin observaciones";
"2026";"Julio";"Profesional";"MONTANARES FUENTES, PAMELA ALEJANDRA";"Atencion Clinica";"16";"ENFERMERA (O)";"Región Metropolitana de Santiago";"(186)";"$ 1.396.805";"$ 1.145.497";"$ 0";-;"No";"No tiene";"No tiene";"No tiene";"01/01/2026";"30/09/2026";"No informa";"Sin observaciones";
"2026";"Julio";"Médicos cirujanos, farmacéuticos, químico-farmacéuticos, bioquímicos, cirujano-dentistas";"MONTERO LLORCA, CAMILA";"Atencion Odontologica";"22 Hrs.";"CIRUJANO DENTISTA";"Región Metropolitana de Santiago";"(188)(86)(186)";"$ 2.605.121";"$ 1.997.845";"$ 0";-;"No";"No tiene";"No tiene";"No tiene";"01/01/2026";"31/12/2026";"No informa";"Sin observaciones";
"2026";"Julio";"Médicos cirujanos, farmacéuticos, químico-farmacéuticos, bioquímicos, cirujano-dentistas";"MONTES MORALES, EDISON ALEJANDRO";"MEDICO CIRUJANO CON ESPECIALIDAD EN MEDICINA DE URGENCIA";"22 Hrs.";"MEDICO CIRUJANO CON ESPECIALIDAD EN MEDICINA DE URGENCIA";"Región Metropolitana de Santiago";"(186)";"$ 2.796.583";"$ 2.544.339";"$ 0";"$ 0";"No";"No tiene";"No tiene";"No tiene";"01/01/2026";"31/12/2026";"No informa";"REMUNERACION JUL.2026";
"2026";"Julio";"Administrativo";"MONTIEL FONTEÑO, SOLEDAD ANDREA";"APOYO ADMINISTRATIVO";"13";"ADMINISTRADOR (A) PUBLICO";"Región Metropolitana de Santiago";"(186)";"$ 2.339.793";"$ 1.941.208";"$ 0";"$ 0";"Sí";"$ 292.629 : 30,00 hrs";"$ 234.103 : 20,00 hrs";"No tiene";"01/01/2026";"31/12/2026";"No informa";"REMUNERACION JUL.2026";
"2026";"Julio";"Auxiliar";"MONTOYA FLORES, CLAUDIO PATRICIO";"Apoyo Logistico";"21";"AUXILIAR";"Región Metropolitana de Santiago";"(01)";"$ 990.674";"$ 857.542";"$ 0";-;"Sí";"$ 67.175 : 18,00 hrs";"$ 201.524 : 45,00 hrs";"No tiene";"01/01/2026";"31/12/2026";"No informa";"Sin observaciones";
"2026";"Julio";"Médicos cirujanos, farmacéuticos, químico-farmacéuticos, bioquímicos, cirujano-dentistas";"MONTOYA RONCANCIO, VANESSA LIZETH";"Atencion Clinica Medica";"22 Hrs.";"MEDICO CIRUJANO";"Región Metropolitana de Santiago";"(01)";"$ 977.690";"$ 800.141";"$ 0";-;"No";"No tiene";"No tiene";"No tiene";"01/01/2026";"31/12/2026";"No informa";"Sin observaciones";
"2026";"Julio";"Médicos cirujanos, farmacéuticos, químico-farmacéuticos, bioquímicos, cirujano-dentistas";"MONTOYA RONCANCIO, VANESSA LIZETH";"Atencion Clinica Medica";"22 Hrs.";"MEDICO CIRUJANO";"Región Metropolitana de Santiago";"(01)";"$ 977.690";"$ 774.820";"$ 0";-;"No";"No tiene";"No tiene";"No tiene";"01/01/2026";"31/12/2026";"No informa";"Sin observaciones";
"2026";"Julio";"Médicos cirujanos, farmacéuticos, químico-farmacéuticos, bioquímicos, cirujano-dentistas";"MONTOYA VARGAS, LUCIA DE LOS ANGELES";"Medicina Familiar";"22 Hrs.";"MEDICO CIRUJANO";"Región Metropolitana de Santiago";"(188)(86)(186)";"$ 3.535.081";"$ 3.196.150";"$ 0";-;"No";"No tiene";"No tiene";"No tiene";"01/01/2026";"31/12/2026";"No informa";"Sin observaciones";
"2026";"Julio";"Médicos cirujanos, farmacéuticos, químico-farmacéuticos, bioquímicos, cirujano-dentistas";"MONZON TAPIA, CRISTOBAL FELIPE";"Quimico Farmaceutico";"44 Hrs.";"QUIMICO FARMACEUTICO";"Región Metropolitana de Santiago";"(186)";"$ 2.420.358";"$ 1.954.511";"$ 0";-;"No";"No tiene";"No tiene";"No tiene";"01/01/2026";"30/09/2026";"No informa";"Sin observaciones";
"2026";"Julio";"Profesional";"MORA FRAILE, MARGARITA SOFIA";"Apoyo Administrativo";"6";"ASISTENTE SOCIAL";"Región Metropolitana de Santiago";"(186)";"$ 3.425.183";"$ 2.723.267";"$ 0";-;"No";"No tiene";"No tiene";"No tiene";"01/01/2026";"31/12/2026";"No informa";"Sin observaciones";
"2026";"Julio";"Médicos cirujanos, farmacéuticos, químico-farmacéuticos, bioquímicos, cirujano-dentistas";"MORA RIVAS, DANIELA ANDREA";"Atencion Clinica Medica";"44 Hrs.";"MEDICO CIRUJANO";"Región Metropolitana de Santiago";"(86)(186)";"$ 3.514.428";"$ 2.789.758";"$ 0";-;"No";"No tiene";"No tiene";"No tiene";"01/01/2026";"31/12/2026";"No informa";"Sin observaciones";
"2026";"Julio";"Técnico";"MORAGA HERMOSILLA, TATIANA PAOLA";"Atencion Clinica";"21";"ENFERMERA (O)";"Región Metropolitana de Santiago";"(186)";"$ 991.804";"$ 808.817";"$ 0";-;"No";"No tiene";"No tiene";"No tiene";"01/01/2026";"31/12/2026";"No informa";"Sin observaciones";
"2026";"Julio";"Profesional";"MORAGA MIRANDA, FABIAN ALEJANDRO";"APOYO ADMINISTRATIVO";"11";"CONSTRUCTOR (A) CIVIL";"Región Metropolitana de Santiago";"(01)";"$ 2.144.971";"$ 1.133.984";"$ 0";"$ 0";"No";"No tiene";"No tiene";"No tiene";"01/01/2026";"31/12/2026";"No informa";"REMUNERACION JUL.2026";
"2026";"Julio";"Auxiliar";"MORAGA MORAGA, CRISTIAN LEONARDO";"CONDUCTOR";"22";"AUXILIAR";"Región Metropolitana de Santiago";"(205)(203)(204)";"$ 941.196";"$ 571.584";"$ 0";"$ 0";"No";"No tiene";"No tiene";"No tiene";"01/01/2026";"31/12/2026";"No informa";"CANCELA DIFERENCIAS DE ASIGNACIÓN FAMILIAR.+REMUNERACION JUL.2026";
"2026";"Julio";"Técnico";"MORAGA OYARCE, GLORIA ALEJANDRA";"Atencion Clinica";"21";"TECNICO NIVEL SUPERIOR ENFERMERIA";"Región Metropolitana de Santiago";"(186)";"$ 753.080";"$ 621.592";"$ 0";-;"No";"No tiene";"No tiene";"No tiene";"01/01/2026";"31/12/2026";"No informa";"Sin observaciones";
"2026";"Julio";"Médicos cirujanos, farmacéuticos, químico-farmacéuticos, bioquímicos, cirujano-dentistas";"MORALES CASTRO, VALENTINA ALEJANDRA";"Atencion Odontologica";"22 Hrs.";"CIRUJANO DENTISTA";"Región Metropolitana de Santiago";"(188)(186)";"$ 1.394.768";"$ 1.149.567";"$ 0";-;"No";"No tiene";"No tiene";"No tiene";"01/01/2026";"31/12/2026";"No informa";"Sin observaciones";
"2026";"Julio";"Médicos cirujanos, farmacéuticos, químico-farmacéuticos, bioquímicos, cirujano-dentistas";"MORALES CASTRO, VALENTINA ALEJANDRA";"Atencion Odontologica";"22 Hrs.";"CIRUJANO DENTISTA";"Región Metropolitana de Santiago";"(188)(86)(186)";"$ 1.463.146";"$ 1.142.156";"$ 0";-;"No";"No tiene";"No tiene";"No tiene";"01/01/2026";"31/12/2026";"No informa";"Sin observaciones";
"2026";"Julio";"Técnico";"MORALES FERRADA, PAMELA ANDREA";"ATENCION CLINICA";"22";"TECNICO NIVEL SUPERIOR ENFERMERIA";"Región Metropolitana de Santiago";"(203)(204)(186)";"$ 957.738";"$ 742.995";"$ 0";"$ 0";"No";"No tiene";"No tiene";"No tiene";"01/01/2026";"31/12/2026";"No informa";"CANCELA DIFERENCIAS DE ASIGNACIÓN FAMILIAR.+REMUNERACION JUL.2026";
"2026";"Julio";"Profesional";"MORALES GOMEZ, FRANCISCO GABRIEL";"Apoyo Administrativo";"7";"INGENIERO (A) CONSTRUCTOR";"Región Metropolitana de Santiago";"(186)";"$ 3.056.093";"$ 2.446.948";"$ 0";-;"No";"No tiene";"No tiene";"No tiene";"01/01/2026";"31/12/2026";"No informa";"Sin observaciones";
"2026";"Julio";"Administrativo";"MORALES MUÑOZ, JAVIERA DEL PILAR";"Apoyo Administrativo";"16";"ADMINISTRATIVO";"Región Metropolitana de Santiago";"(01)";"$ 1.363.489";"$ 1.106.439";"$ 0";-;"No";"No tiene";"No tiene";"No tiene";"01/01/2026";"31/12/2026";"No informa";"Sin observaciones";
"2026";"Julio";"Técnico";"MORALES PACHECO, MAGDALENA DEL TRANSITO";"ATENCION CLINICA";"22";"TECNICO NIVEL SUPERIOR ENFERMERIA";"Región Metropolitana de Santiago";"(203)(204)(186)";"$ 953.126";"$ 625.934";"$ 0";"$ 0";"No";"No tiene";"No tiene";"No tiene";"01/01/2026";"31/12/2026";"No informa";"REMUNERACION JUL.2026";
"2026";"Julio";"Profesional";"MORALES VALENCIA, GIOVANNA LUISA";"ATENCION CLINICA";"13";"ENFERMERA (O)";"Región Metropolitana de Santiago";"(01)";"$ 916.584";"$ 783.173";"$ 0";"$ 0";"Sí";"$ 128.218 : 13,00 hrs";"$ 130.191 : 11,00 hrs";"No tiene";"09/06/2026";"21/07/2026";"No informa";"REEMPLAZO JUL.2026 (10-11) (17) (19) (21) (27)+REEMPLAZO JUN.2026 (09-10) (13) (15) (19)";
"2026";"Julio";"Médicos cirujanos, farmacéuticos, químico-farmacéuticos, bioquímicos, cirujano-dentistas";"MORAN MARTINEZ, JIMENA PAZ";"Atencion Odontologica";"44 Hrs.";"CIRUJANO DENTISTA";"Región Metropolitana de Santiago";"(86)(186)";"$ 5.511.106";"$ 4.502.462";"$ 0";-;"No";"No tiene";"No tiene";"No tiene";"01/01/2026";"31/12/2026";"No informa";"Sin observaciones";
"2026";"Julio";"Auxiliar";"MORENO BECERRA, CLAUDIO ADRIAN";"CONDUCTOR";"24";"AUXILIAR";"Región Metropolitana de Santiago";"(205)(202)(204)(186)";"$ 1.216.660";"$ 233.865";"$ 0";"$ 0";"Sí";"$ 120.016 : 41,00 hrs";"$ 143.776 : 41,00 hrs";"No tiene";"01/01/2026";"31/12/2026";"No informa";"REMUNERACION JUL.2026+REGULARIZA PAGO HHEE MES(ES) ANTERIOR(ES)";
"2026";"Julio";"Técnico";"MORENO CORONADO, FRELLA ALICIA";"Atencion Clinica";"22";"TECNICO NIVEL SUPERIOR ENFERMERIA";"Región Metropolitana de Santiago";"(186)";"$ 756.424";"$ 553.028";"$ 0";-;"No";"No tiene";"No tiene";"No tiene";"01/01/2026";"31/12/2026";"No informa";"Sin observaciones";
"2026";"Julio";"Administrativo";"MORENO GALAZ, SEBASTIAN ALEJANDRO";"Apoyo Administrativo";"20";"ADMINISTRATIVO";"Región Metropolitana de Santiago";"(01)";"$ 742.899";"$ 612.298";"$ 0";-;"No";"No tiene";"No tiene";"No tiene";"06/03/2026";"31/12/2026";"No informa";"Sin observaciones";
"2026";"Julio";"Profesional";"MORENO SAJURIA, MARIA JOSE";"Jefe de Departamento";"5";"SOCIOLOGO (A)";"Región Metropolitana de Santiago";"(186)";"$ 3.652.196";"$ 2.893.997";"$ 0";-;"No";"No tiene";"No tiene";"No tiene";"01/01/2026";"31/12/2026";"No informa";"Sin observaciones";
"2026";"Julio";"Administrativo";"MORENO YAÑEZ, CLAUDIA ANDREA";"Apoyo Administrativo";"22";"ADMINISTRATIVO";"Región Metropolitana de Santiago";"(186)";"$ 705.283";"$ 576.428";"$ 0";-;"No";"No tiene";"No tiene";"No tiene";"01/01/2026";"31/12/2026";"No informa";"Sin observaciones";
"2026";"Julio";"Profesional";"MORESCO MIÑO, MARIO ANDRES";"Apoyo Administrativo";"10";"INGENIERO (A) EJECUCION ADMINISTRACION DE NEGOCIOS";"Región Metropolitana de Santiago";"(186)(186)";"$ 2.452.321";"$ 1.960.657";"$ 0";-;"No";"No tiene";"No tiene";"No tiene";"01/01/2026";"31/12/2026";"No informa";"Sin observaciones";
"2026";"Julio";"Médicos cirujanos, farmacéuticos, químico-farmacéuticos, bioquímicos, cirujano-dentistas";"MORLANS HUAQUIN, XIMENA PATRICIA";"Medicina Interna";"11 Hrs.";"MEDICO CIRUJANO";"Región Metropolitana de Santiago";"(86)(186)";"$ 1.596.592";"$ 1.472.905";"$ 0";-;"No";"No tiene";"No tiene";"No tiene";"01/01/2026";"31/12/2026";"No informa";"Sin observaciones";
"2026";"Julio";"Profesional";"MOYA LAVIN, PAULINA SOLEDAD";"Atencion Clinica";"15";"ENFERMERA (O)";"Región Metropolitana de Santiago";"(186)";"$ 1.521.320";"$ 1.242.408";"$ 0";-;"No";"No tiene";"No tiene";"No tiene";"01/01/2026";"31/12/2026";"No informa";"Sin observaciones";
"2026";"Julio";"Profesional";"MOYA URIBE, JOSE BRUNO";"Apoyo Administrativo";"6";"CONTADOR (A) AUDITOR (A)";"Región Metropolitana de Santiago";"(186)";"$ 3.512.896";"$ 2.766.071";"$ 0";-;"No";"No tiene";"No tiene";"No tiene";"01/01/2026";"31/12/2026";"No informa";"Sin observaciones";
"2026";"Julio";"Profesional";"MULLER SALAZAR, FRANCISCA XIMENA";"Atencion Clinica";"15";"NUTRICIONISTA";"Región Metropolitana de Santiago";"(186)";"$ 1.538.790";"$ 1.262.215";"$ 0";-;"No";"No tiene";"No tiene";"No tiene";"01/01/2026";"31/12/2026";"No informa";"Sin observaciones";
"2026";"Julio";"Médicos cirujanos, farmacéuticos, químico-farmacéuticos, bioquímicos, cirujano-dentistas";"MUNIZAGA FERNANDEZ, DIANA YENIFER";"Atencion Clinica Medica";"44 Hrs.";"MEDICO CIRUJANO";"Región Metropolitana de Santiago";"(86)(186)";"$ 3.514.428";"$ 2.770.781";"$ 0";-;"No";"No tiene";"No tiene";"No tiene";"01/01/2026";"31/12/2026";"No informa";"Sin observaciones";
"2026";"Julio";"Administrativo";"MUNOZ TOLEDO, ORIANA INES";"Apoyo Administrativo";"13";"ADMINISTRATIVO";"Región Metropolitana de Santiago";"(186)";"$ 1.823.250";"$ 1.469.227";"$ 0";-;"No";"No tiene";"No tiene";"No tiene";"01/01/2026";"31/12/2026";"No informa";"Sin observaciones";
"2026";"Julio";"Técnico";"MUÑOZ ASTORGA, DANITZA DE LAS NIEVES";"Atencion Clinica";"22";"TECNICO NIVEL SUPERIOR ENFERMERIA";"Región Metropolitana de Santiago";"(01)";"$ 751.079";"$ 614.683";"$ 0";-;"No";"No tiene";"No tiene";"No tiene";"01/01/2026";"31/12/2026";"No informa";"Sin observaciones";
"2026";"Julio";"Técnico";"MUÑOZ BARRIENTOS, CATHERINE ANDREA";"Atencion Clinica";"21";"TECNICO NIVEL SUPERIOR ENFERMERIA";"Región Metropolitana de Santiago";"(01)";"$ 751.650";"$ 619.510";"$ 0";-;"No";"No tiene";"No tiene";"No tiene";"01/01/2026";"31/12/2026";"No informa";"Sin observaciones";
"2026";"Julio";"Auxiliar";"MUÑOZ CAMPILLAY, PABLO ARTURO";"CONDUCTOR";"24";"TECNICO NIVEL SUPERIOR ENFERMERIA";"Región Metropolitana de Santiago";"(205)(202)(204)(186)";"$ 1.238.845";"$ 880.625";"$ 0";"$ 0";"Sí";"$ 9.020 : 3,00 hrs";"$ 202.038 : 56,00 hrs";"No tiene";"01/01/2026";"31/12/2026";"No informa";"REMUNERACION JUL.2026+REGULARIZA PAGO HHEE MES(ES) ANTERIOR(ES)";
"2026";"Julio";"Técnico";"MUÑOZ CAMPOS, MARISEL ALEJANDRA";"ATENCION CLINICA";"22";"AUXILIAR PARAMEDICO DE ENFERMERIA";"Región Metropolitana de Santiago";"(203)(204)(186)";"$ 1.042.965";"$ 738.629";"$ 0";"$ 0";"Sí";"$ 10.654 : 3,00 hrs";"$ 144.895 : 34,00 hrs";"No tiene";"01/01/2026";"31/12/2026";"No informa";"CANCELA DIFERENCIAS DE ASIGNACIÓN FAMILIAR.+REMUNERACION JUL.2026";
"2026";"Julio";"Médicos cirujanos, farmacéuticos, químico-farmacéuticos, bioquímicos, cirujano-dentistas";"MUÑOZ CUEVAS, JOSE DANIEL";"Atencion Clinica Medica";"33 Hrs.";"MEDICO CIRUJANO";"Región Metropolitana de Santiago";"(188)(186)";"$ 1.958.866";"$ 1.566.953";"$ 0";-;"No";"No tiene";"No tiene";"No tiene";"01/01/2026";"30/09/2026";"No informa";"Sin observaciones";
"2026";"Julio";"Médicos cirujanos, farmacéuticos, químico-farmacéuticos, bioquímicos, cirujano-dentistas";"MUÑOZ CUEVAS, JOSE DANIEL";"Atencion Clinica Medica";"11 Hrs.";"MEDICO CIRUJANO";"Región Metropolitana de Santiago";"(188)(186)";"$ 652.957";"$ 538.167";"$ 0";-;"No";"No tiene";"No tiene";"No tiene";"01/01/2026";"30/09/2026";"No informa";"Sin observaciones";
"2026";"Julio";"Profesional";"MUÑOZ DELGADO, MARJORIE SCARLET";"Atencion Clinica";"16";"ENFERMERA (O)";"Región Metropolitana de Santiago";"(186)";"$ 1.396.805";"$ 1.134.635";"$ 0";-;"No";"No tiene";"No tiene";"No tiene";"01/01/2026";"07/12/2026";"No informa";"Sin observaciones";
"2026";"Julio";"Profesional";"MUÑOZ DIAZ, DENNIS PRISCILLA";"Atencion Clinica";"15";"NUTRICIONISTA";"Región Metropolitana de Santiago";"(186)";"$ 1.649.034";"$ 1.329.845";"$ 0";-;"No";"No tiene";"No tiene";"No tiene";"01/01/2026";"31/12/2026";"No informa";"Sin observaciones";
"2026";"Julio";"Profesional";"MUÑOZ ESCALONA, MARIA VICTORIA";"Atencion Clinica";"14";"NUTRICIONISTA";"Región Metropolitana de Santiago";"(01)";"$ 1.740.393";"$ 1.406.702";"$ 0";-;"No";"No tiene";"No tiene";"No tiene";"01/01/2026";"31/12/2026";"No informa";"Sin observaciones";
"2026";"Julio";"Profesional";"MUÑOZ GALLARDO, MICHAEL ANTONIO";"Subdirector";"5";"INGENIERO (A) COMERCIAL";"Región Metropolitana de Santiago";"(186)";"$ 3.540.825";"$ 2.782.291";"$ 0";-;"No";"No tiene";"No tiene";"No tiene";"01/01/2026";"31/12/2026";"No informa";"Sin observaciones";
"2026";"Julio";"Profesional";"MUÑOZ GOMEZ, ALEJANDRA CECILIA";"Atencion Clinica";"13";"ENFERMERA (O)";"Región Metropolitana de Santiago";"(01)";"$ 1.795.022";"$ 1.447.079";"$ 0";-;"No";"No tiene";"No tiene";"No tiene";"01/01/2026";"31/12/2026";"No informa";"Sin observaciones";
"2026";"Julio";"Técnico";"MUÑOZ JAQUE, FELIPE SEBASTIAN";"Atencion Clinica";"22";"TECNICO NIVEL SUPERIOR ODONTOLOGIA";"Región Metropolitana de Santiago";"(186)";"$ 755.088";"$ 617.134";"$ 0";-;"No";"No tiene";"No tiene";"No tiene";"01/01/2026";"31/12/2026";"No informa";"Sin observaciones";
"2026";"Julio";"Profesional";"MUÑOZ JIMENEZ, FRANCISCA BELEN";"Atencion Clinica";"15";"TERAPEUTA OCUPACIONAL";"Región Metropolitana de Santiago";"(186)";"$ 1.640.298";"$ 1.340.890";"$ 0";-;"No";"No tiene";"No tiene";"No tiene";"01/01/2026";"31/12/2026";"No informa";"Sin observaciones";
"2026";"Julio";"Administrativo";"MUÑOZ LAVOZ, JAIME ANDRES";"Apoyo Administrativo";"22";"ADMINISTRATIVO";"Región Metropolitana de Santiago";"(186)(186)";"$ 705.283";"$ 576.709";"$ 0";-;"No";"No tiene";"No tiene";"No tiene";"01/01/2026";"31/12/2026";"No informa";"Sin observaciones";
"2026";"Julio";"Profesional";"MUÑOZ LAZO, DAMARI ANDREA";"Atencion Clinica";"15";"ASISTENTE SOCIAL";"Región Metropolitana de Santiago";"(186)";"$ 1.622.830";"$ 1.322.726";"$ 0";-;"No";"No tiene";"No tiene";"No tiene";"01/01/2026";"31/12/2026";"No informa";"Sin observaciones";
"2026";"Julio";"Profesional";"MUÑOZ LLANQUITUR, DANAE BELEN";"Atencion Clinica";"13";"TERAPEUTA OCUPACIONAL";"Región Metropolitana de Santiago";"(01)";"$ 1.795.022";"$ 1.450.449";"$ 0";-;"No";"No tiene";"No tiene";"No tiene";"01/01/2026";"31/12/2026";"No informa";"Sin observaciones";
"2026";"Julio";"Administrativo";"MUÑOZ MUÑOZ, PAMELA ALEJANDRA";"Apoyo Administrativo";"22";"ADMINISTRATIVO";"Región Metropolitana de Santiago";"(186)";"$ 769.207";"$ 568.291";"$ 0";-;"Sí";"$ 63.924 : 18,00 hrs";"No tiene";"No tiene";"01/01/2026";"31/12/2026";"No informa";"Sin observaciones";
"2026";"Julio";"Auxiliar";"MUÑOZ MUÑOZ, RODRIGO DE LA CRUZ";"CONDUCTOR";"24";"TECNICO NIVEL SUPERIOR ENFERMERIA";"Región Metropolitana de Santiago";"(205)(202)(204)(186)";"$ 1.078.454";"$ 867.978";"$ 0";"$ 0";"Sí";"$ 38.234 : 13,00 hrs";"$ 42.352 : 12,00 hrs";"No tiene";"01/01/2026";"31/12/2026";"No informa";"REMUNERACION JUL.2026";
"2026";"Julio";"Administrativo";"MUÑOZ MUÑOZ, SIMONA YENNY";"APOYO ADMINISTRATIVO";"22";"TECNICO NIVEL SUPERIOR ENFERMERIA";"Región Metropolitana de Santiago";"(203)(204)";"$ 927.546";"$ 690.952";"$ 0";"$ 0";"No";"No tiene";"No tiene";"No tiene";"01/01/2026";"31/12/2026";"No informa";"CANCELA DIFERENCIAS DE ASIGNACIÓN FAMILIAR.+REMUNERACION JUL.2026";
"2026";"Julio";"Administrativo";"MUÑOZ NUÑEZ, VANESSA SOLEDAD";"Apoyo Administrativo";"21";"ADMINISTRATIVO";"Región Metropolitana de Santiago";"(01)";"$ 307.566";"$ 253.495";"$ 0";-;"No";"No tiene";"No tiene";"No tiene";"01/01/2026";"14/07/2026";"No informa";"Sin observaciones";
"2026";"Julio";"Administrativo";"MUÑOZ OLGUIN, MARIA SOLEDAD";"Apoyo Administrativo";"21";"ADMINISTRATIVO";"Región Metropolitana de Santiago";"(186)(186)";"$ 733.294";"$ 596.017";"$ 0";-;"No";"No tiene";"No tiene";"No tiene";"01/01/2026";"31/12/2026";"No informa";"Sin observaciones";
"2026";"Julio";"Médicos cirujanos, farmacéuticos, químico-farmacéuticos, bioquímicos, cirujano-dentistas";"MUÑOZ OLMOS, JAVIER ANDRES";"Atencion Odontologica";"22 Hrs.";"CIRUJANO DENTISTA";"Región Metropolitana de Santiago";"(01)";"$ 977.690";"$ 805.812";"$ 0";-;"No";"No tiene";"No tiene";"No tiene";"20/04/2026";"30/09/2026";"No informa";"Sin observaciones";
"2026";"Julio";"Técnico";"MUÑOZ ORELLANA, ISABEL MARGARITA";"Atencion Clinica";"21";"TECNICO NIVEL SUPERIOR ENFERMERIA";"Región Metropolitana de Santiago";"(186)";"$ 754.510";"$ 617.490";"$ 0";-;"No";"No tiene";"No tiene";"No tiene";"01/01/2026";"31/12/2026";"No informa";"Sin observaciones";
"2026";"Julio";"Auxiliar";"MUÑOZ OTTH, CRISTIAN MANUEL";"Chofer";"17";"AUXILIAR";"Región Metropolitana de Santiago";"(186)";"$ 1.054.496";"$ 904.641";"$ 0";-;"Sí";"$ 196.220 : 40,00 hrs";"No tiene";"No tiene";"01/01/2026";"31/12/2026";"No informa";"Sin observaciones";
"2026";"Julio";"Administrativo";"MUÑOZ OTTH, GLORIA MYRIAM";"Secretaria";"13";"ADMINISTRADOR (A) PUBLICO";"Región Metropolitana de Santiago";"(186)";"$ 1.833.439";"$ 1.475.223";"$ 0";-;"No";"No tiene";"No tiene";"No tiene";"01/01/2026";"31/12/2026";"No informa";"Sin observaciones";
"2026";"Julio";"Médicos cirujanos, farmacéuticos, químico-farmacéuticos, bioquímicos, cirujano-dentistas";"MUÑOZ PARRA, JAIME ANDRES";"Atencion Odontologica";"44 Hrs.";"CIRUJANO DENTISTA";"Región Metropolitana de Santiago";"(188)(86)(186)";"$ 5.223.913";"$ 4.259.445";"$ 0";-;"No";"No tiene";"No tiene";"No tiene";"01/01/2026";"31/12/2026";"No informa";"Sin observaciones";
"2026";"Julio";"Profesional";"MUÑOZ RIVEROS, LUIS ANDRES";"Apoyo Administrativo";"9";"INGENIERO (A) CONSTRUCTOR";"Región Metropolitana de Santiago";"(186)";"$ 2.558.139";"$ 2.063.177";"$ 0";-;"No";"No tiene";"No tiene";"No tiene";"01/01/2026";"31/12/2026";"No informa";"Sin observaciones";
"2026";"Julio";"Técnico";"MUÑOZ ROSSEL, MARIBEL ANDREA";"Atencion Clinica";"20";"TECNICO NIVEL SUPERIOR ODONTOLOGIA";"Región Metropolitana de Santiago";"(01)";"$ 760.037";"$ 626.424";"$ 0";-;"No";"No tiene";"No tiene";"No tiene";"01/02/2026";"31/12/2026";"No informa";"Sin observaciones";
"2026";"Julio";"Médicos cirujanos, farmacéuticos, químico-farmacéuticos, bioquímicos, cirujano-dentistas";"MUÑOZ RUBIO, PAULETTE ALEJANDRA";"Atencion Odontologica";"33 Hrs.";"CIRUJANO DENTISTA";"Región Metropolitana de Santiago";"(186)";"$ 1.931.514";"$ 1.516.084";"$ 0";-;"No";"No tiene";"No tiene";"No tiene";"01/01/2026";"30/09/2026";"No informa";"Sin observaciones";
"2026";"Julio";"Médicos cirujanos, farmacéuticos, químico-farmacéuticos, bioquímicos, cirujano-dentistas";"MUÑOZ RUBIO, PAULETTE ALEJANDRA";"Atencion Odontologica";"11 Hrs.";"CIRUJANO DENTISTA";"Región Metropolitana de Santiago";"(186)";"$ 488.846";"$ 402.907";"$ 0";-;"No";"No tiene";"No tiene";"No tiene";"01/01/2026";"30/09/2026";"No informa";"Sin observaciones";
"2026";"Julio";"Técnico";"MUÑOZ SALDIVIA, MICHAEL ANDRES";"ATENCION CLINICA";"22";"AUXILIAR PARAMEDICO DE ENFERMERIA";"Región Metropolitana de Santiago";"(202)(204)(186)";"$ 1.380.731";"$ 903.745";"$ 0";"$ 0";"Sí";"$ 102.891 : 29,00 hrs";"$ 233.094 : 55,00 hrs";"No tiene";"01/01/2026";"31/12/2026";"No informa";"REMUNERACION JUL.2026+REGULARIZA PAGO HHEE MES(ES) ANTERIOR(ES)";
"2026";"Julio";"Profesional";"MUÑOZ SANHUEZA, MERY AMBAR ANAIS";"Atencion Clinica";"15";"TECNOLOGO (A) MEDICO";"Región Metropolitana de Santiago";"(01)";"$ 1.563.005";"$ 1.266.688";"$ 0";-;"No";"No tiene";"No tiene";"No tiene";"27/05/2026";"03/08/2026";"No informa";"CONTRATO POR REEMPLAZO";
"2026";"Julio";"Médicos cirujanos, farmacéuticos, químico-farmacéuticos, bioquímicos, cirujano-dentistas";"MUÑOZ SANTIAGO, JORGE IGNACIO";"Atencion Odontologica";"44 Hrs.";"CIRUJANO DENTISTA";"Región Metropolitana de Santiago";"(01)";"$ 1.629.481";"$ 1.394.857";"$ 0";-;"No";"No tiene";"No tiene";"No tiene";"03/07/2026";"27/07/2026";"No informa";"CONTRATO POR REEMPLAZO";
"2026";"Julio";"Técnico";"MUÑOZ VALENZUELA, XIMENA DE LOURDES";"ATENCION CLINICA";"22";"TECNICO NIVEL SUPERIOR ENFERMERIA";"Región Metropolitana de Santiago";"(203)(204)(186)";"$ 938.804";"$ 558.370";"$ 0";"$ 0";"No";"No tiene";"No tiene";"No tiene";"01/01/2026";"31/12/2026";"No informa";"REMUNERACION JUL.2026";
"2026";"Julio";"Profesional";"MUÑOZ VEGA, LETICIA CAROLINA";"APOYO ADMINISTRATIVO";"15";"ASISTENTE SOCIAL";"Región Metropolitana de Santiago";"(186)";"$ 1.631.564";"$ 1.266.559";"$ 0";"$ 0";"No";"No tiene";"No tiene";"No tiene";"01/01/2026";"31/12/2026";"No informa";"REMUNERACION JUL.2026";
"2026";"Julio";"Técnico";"MUÑOZ VERDUGO, YASNA PAMELA";"ATENCION CLINICA";"22";"TECNICO NIVEL SUPERIOR ENFERMERIA";"Región Metropolitana de Santiago";"(202)(204)(186)";"$ 1.105.358";"$ 556.701";"$ 0";"$ 0";"No";"No tiene";"No tiene";"No tiene";"01/01/2026";"31/12/2026";"No informa";"CANCELA DIFERENCIAS DE ASIGNACIÓN FAMILIAR.+REMUNERACION JUL.2026";
"2026";"Julio";"Auxiliar";"MUÑOZ VIDAL, JUAN CARLOS";"CONDUCTOR";"21";"TECNICO NIVEL SUPERIOR ENFERMERIA";"Región Metropolitana de Santiago";"(205)(202)(204)(186)";"$ 1.641.805";"$ 996.909";"$ 0";"$ 0";"Sí";"$ 150.595 : 40,00 hrs";"$ 243.963 : 54,00 hrs";"No tiene";"01/01/2026";"31/12/2026";"No informa";"REMUNERACION JUL.2026";
"2026";"Julio";"Médicos cirujanos, farmacéuticos, químico-farmacéuticos, bioquímicos, cirujano-dentistas";"MURIEL GONZALEZ, INGEBORTH JOVHANKA";"Atencion Clinica Medica";"11 Hrs.";"MEDICO CIRUJANO";"Región Metropolitana de Santiago";"(188)(186)";"$ 1.129.808";"$ 1.048.214";"$ 0";-;"No";"No tiene";"No tiene";"No tiene";"01/01/2026";"31/12/2026";"No informa";"Sin observaciones";
"2026";"Julio";"Técnico";"MURILLO CORNEJO, MACARENA PAZ";"Atencion Clinica";"22";"TECNICO NIVEL SUPERIOR ENFERMERIA";"Región Metropolitana de Santiago";"(01)";"$ 751.079";"$ 619.038";"$ 0";-;"No";"No tiene";"No tiene";"No tiene";"01/01/2026";"30/09/2026";"No informa";"Sin observaciones";
"2026";"Julio";"Profesional";"MURILLO HERRERA, RICHARD ESTEBAN";"Apoyo Administrativo";"15";"INGENIERO (A) FINANCIERO";"Región Metropolitana de Santiago";"(186)";"$ 1.722.996";"$ 1.437.607";"$ 0";-;"Sí";"$ 91.670 : 11,00 hrs";"$ 110.005 : 11,00 hrs";"No tiene";"01/01/2026";"30/09/2026";"No informa";"Sin observaciones";
"2026";"Julio";"Profesional";"MUSARE GUERRATY, INES VERONICA";"Atencion Clinica";"16";"ASISTENTE SOCIAL";"Región Metropolitana de Santiago";"(01)";"$ 1.502.593";"$ 1.237.609";"$ 0";-;"Sí";"$ 113.874 : 15,00 hrs";"No tiene";"No tiene";"01/01/2026";"30/09/2026";"No informa";"Sin observaciones";
"2026";"Julio";"Profesional";"NAHUEL INGLES, LILIANA LORETO";"Apoyo Administrativo";"7";"TERAPEUTA OCUPACIONAL";"Región Metropolitana de Santiago";"(186)";"$ 3.213.547";"$ 2.538.551";"$ 0";-;"No";"No tiene";"No tiene";"No tiene";"01/01/2026";"31/12/2026";"No informa";"Sin observaciones";
"2026";"Julio";"Profesional";"NAHUELPAN BURGOS, NICOLE DANIELA";"Atencion Clinica";"15";"PSICOLOGO (A)";"Región Metropolitana de Santiago";"(01)";"$ 1.512.586";"$ 1.235.497";"$ 0";-;"No";"No tiene";"No tiene";"No tiene";"01/01/2026";"31/12/2026";"No informa";"Sin observaciones";
"2026";"Julio";"Profesional";"NAIN CARES, PAMELA DEL CARMEN";"Atencion Clinica";"14";"ASISTENTE SOCIAL";"Región Metropolitana de Santiago";"(186)";"$ 1.759.259";"$ 1.419.019";"$ 0";-;"No";"No tiene";"No tiene";"No tiene";"01/01/2026";"31/12/2026";"No informa";"Sin observaciones";
"2026";"Julio";"Médicos cirujanos, farmacéuticos, químico-farmacéuticos, bioquímicos, cirujano-dentistas";"NALEGACH ARZOLA, CATALINA PAZ";"Atencion Clinica Medica";"44 Hrs.";"MEDICO CIRUJANO";"Región Metropolitana de Santiago";"(86)(186)";"$ 4.311.936";"$ 3.454.782";"$ 0";-;"Sí";"$ 194.340 : 15,00 hrs";"$ 466.410 : 30,00 hrs";"No tiene";"01/01/2026";"31/12/2026";"No informa";"Sin observaciones";
"2026";"Julio";"Auxiliar";"NARANJO CARRASCO, LUIS ESTEBAN";"Chofer";"20";"AUXILIAR";"Región Metropolitana de Santiago";"(01)";"$ 1.020.064";"$ 885.153";"$ 0";-;"Sí";"$ 149.606 : 38,00 hrs";"$ 127.559 : 27,00 hrs";"No tiene";"01/01/2026";"31/12/2026";"No informa";"Sin observaciones";
"2026";"Julio";"Técnico";"NARANJO QUEZADA, POLLET MARITZA";"Atencion Clinica";"22";"TECNICO NIVEL SUPERIOR ODONTOLOGIA";"Región Metropolitana de Santiago";"(186)";"$ 753.752";"$ 621.242";"$ 0";-;"No";"No tiene";"No tiene";"No tiene";"01/01/2026";"31/12/2026";"No informa";"Sin observaciones";
"2026";"Julio";"Administrativo";"NAUTO VALENZUELA, IGNACIO ENRIQUE";"Apoyo Administrativo";"22";"ADMINISTRATIVO";"Región Metropolitana de Santiago";"(01)";"$ 712.193";"$ 572.262";"$ 0";-;"No";"No tiene";"No tiene";"No tiene";"26/01/2026";"25/08/2026";"No informa";"CONTRATO POR REEMPLAZO";
"2026";"Julio";"Auxiliar";"NAVARRETE HERNANDEZ, MARIO ANDRES";"Chofer";"19";"AUXILIAR";"Región Metropolitana de Santiago";"(205)(186)";"$ 1.401.886";"$ 1.235.731";"$ 0";-;"Sí";"$ 39.360 : 9,00 hrs";"$ 514.308 : 98,00 hrs";"No tiene";"01/01/2026";"31/12/2026";"No informa";"Sin observaciones";
"2026";"Julio";"Profesional";"NAVARRETE LASTRA, SAMANTHA SERENA";"Atencion Clinica";"15";"ENFERMERA (O)";"Región Metropolitana de Santiago";"(186)";"$ 1.621.324";"$ 1.338.411";"$ 0";-;"Sí";"$ 100.004 : 12,00 hrs";"No tiene";"No tiene";"01/01/2026";"31/12/2026";"No informa";"Sin observaciones";
"2026";"Julio";"Médicos cirujanos, farmacéuticos, químico-farmacéuticos, bioquímicos, cirujano-dentistas";"NAVARRO CORDERO, CLAUDIA FRANCISCA";"Psiquiatria Adultos";"22 Hrs.";"MEDICO CIRUJANO";"Región Metropolitana de Santiago";"(86)(186)";"$ 3.603.460";"$ 2.828.533";"$ 0";-;"No";"No tiene";"No tiene";"No tiene";"01/01/2026";"31/12/2026";"No informa";"Sin observaciones";
"2026";"Julio";"Auxiliar";"NAVARRO MALDONADO, JUAN EDUARDO";"Chofer";"19";"AUXILIAR";"Región Metropolitana de Santiago";"(01)";"$ 1.380.903";"$ 1.231.816";"$ 0";-;"Sí";"$ 138.099 : 33,00 hrs";"$ 487.114 : 97,00 hrs";"No tiene";"01/01/2026";"31/12/2026";"No informa";"Sin observaciones";
"2026";"Julio";"Médicos cirujanos, farmacéuticos, químico-farmacéuticos, bioquímicos, cirujano-dentistas";"NAVARRO SEPULVEDA, MARCIA DANIELA";"CIRUGIA GENERAL";"28 Hrs.";"MEDICO CIRUJANO";"Región Metropolitana de Santiago";"(194)(193)(198)";"$ 2.523.335";"$ 1.926.204";"$ 0";"$ 0";"No";"No tiene";"No tiene";"No tiene";"01/01/2026";"31/12/2026";"No informa";"REMUNERACION JUL.2026";
"2026";"Julio";"Técnico";"NAVARRO VERGARA, GENESIS ANDREA";"ATENCION CLINICA";"22";"TECNICO NIVEL SUPERIOR ENFERMERIA";"Región Metropolitana de Santiago";"(01)";"$ 877.977";"$ 743.049";"$ 0";"$ 0";"Sí";"$ 20.754 : 6,00 hrs";"$ 125.908 : 85,00 hrs";"No tiene";"01/07/2026";"31/07/2026";"No informa";"PAGO BONO MENSUAL+REEMPLAZO JUL.2026 (17-31)+SUPLENCIA JUL.2026 (01-16)";
"2026";"Julio";"Técnico";"NEIRA ECHEVERRIA, CRISTIAN JAVIER";"ATENCION CLINICA";"22";"TECNICO NIVEL SUPERIOR ENFERMERIA";"Región Metropolitana de Santiago";"(202)(204)";"$ 1.243.949";"$ 1.030.661";"$ 0";"$ 0";"Sí";"$ 96.852 : 28,00 hrs";"$ 128.045 : 31,00 hrs";"No tiene";"01/01/2026";"31/12/2026";"No informa";"REMUNERACION JUL.2026+REGULARIZA PAGO HHEE MES(ES) ANTERIOR(ES)";
"2026";"Julio";"Administrativo";"NEIRA HERRERA, JORGE ORLANDO";"Apoyo Administrativo";"19";"TECNICO NIVEL MEDIO CONTABILIDAD";"Región Metropolitana de Santiago";"(186)";"$ 984.333";"$ 844.300";"$ 0";-;"Sí";"$ 127.807 : 30,00 hrs";"$ 97.134 : 19,00 hrs";"No tiene";"01/01/2026";"31/12/2026";"No informa";"Sin observaciones";
"2026";"Julio";"Profesional";"NEIRA MOLINA, NATALIA ISADORA";"Apoyo Administrativo";"10";"PSICOLOGO (A)";"Región Metropolitana de Santiago";"(186)";"$ 2.359.547";"$ 1.907.382";"$ 0";-;"No";"No tiene";"No tiene";"No tiene";"01/01/2026";"31/12/2026";"No informa";"Sin observaciones";
"2026";"Julio";"Administrativo";"NEIRA YAÑEZ, INES DEL CAMEN";"Apoyo Administrativo";"22";"ADMINISTRATIVO";"Región Metropolitana de Santiago";"(186)";"$ 705.283";"$ 655.913";"$ 0";-;"No";"No tiene";"No tiene";"No tiene";"01/01/2026";"31/12/2026";"No informa";"Sin observaciones";
"2026";"Julio";"Profesional";"NOCHES MIRANDA, ROMINA VARINYA";"Atencion Clinica";"15";"PSICOLOGO (A)";"Región Metropolitana de Santiago";"(186)";"$ 1.631.564";"$ 1.326.277";"$ 0";-;"No";"No tiene";"No tiene";"No tiene";"01/01/2026";"31/12/2026";"No informa";"Sin observaciones";
"2026";"Julio";"Administrativo";"NORAMBUENA LEIVA, BERNARDITA ALEJANDRA";"Apoyo Administrativo";"16";"INGENIERO (A) EN RECURSOS HUMANOS";"Región Metropolitana de Santiago";"(186)";"$ 1.489.627";"$ 1.226.751";"$ 0";-;"Sí";"$ 109.967 : 15,00 hrs";"No tiene";"No tiene";"01/01/2026";"31/12/2026";"No informa";"Sin observaciones";
"2026";"Julio";"Técnico";"NORAMBUENA VARGAS, FERNANDA ANDREA";"Atencion Clinica";"22";"TECNICO NIVEL SUPERIOR ENFERMERIA";"Región Metropolitana de Santiago";"(186)";"$ 753.752";"$ 616.041";"$ 0";-;"No";"No tiene";"No tiene";"No tiene";"01/01/2026";"31/12/2026";"No informa";"Sin observaciones";
"2026";"Julio";"Médicos cirujanos, farmacéuticos, químico-farmacéuticos, bioquímicos, cirujano-dentistas";"NOVOA ALFARO, ENRIQUE JESUS";"Quimico Farmaceutico";"44 Hrs.";"QUIMICO FARMACEUTICO";"Región Metropolitana de Santiago";"(86)(186)";"$ 7.261.616";"$ 5.861.996";"$ 0";-;"No";"No tiene";"No tiene";"No tiene";"01/01/2026";"31/12/2026";"No informa";"Sin observaciones";
"2026";"Julio";"Técnico";"NUÑEZ ESPINOZA, MELANY CATALINA";"Atencion Clinica";"22";"TECNICO NIVEL SUPERIOR ENFERMERIA";"Región Metropolitana de Santiago";"(186)(186)";"$ 752.415";"$ 619.222";"$ 0";-;"No";"No tiene";"No tiene";"No tiene";"01/01/2026";"30/09/2026";"No informa";"Sin observaciones";
"2026";"Julio";"Administrativo";"NUÑEZ FLORES, KARINA SOLEDAD";"Apoyo Administrativo";"22";"ADMINISTRATIVO";"Región Metropolitana de Santiago";"(186)";"$ 700.605";"$ 571.344";"$ 0";-;"No";"No tiene";"No tiene";"No tiene";"01/01/2026";"31/12/2026";"No informa";"Sin observaciones";
"2026";"Julio";"Administrativo";"NUÑEZ PIZARRO, JULIO ALEJANDRO";"Apoyo Administrativo";"21";"ADMINISTRATIVO";"Región Metropolitana de Santiago";"(186)";"$ 899.638";"$ 764.419";"$ 0";-;"Sí";"$ 79.754 : 21,00 hrs";"$ 86.590 : 19,00 hrs";"No tiene";"01/01/2026";"31/12/2026";"No informa";"Sin observaciones";
"2026";"Julio";"Profesional";"NUÑEZ ROJAS, CONSTANZA FRANCISCA";"Apoyo Administrativo";"10";"ADMINISTRADOR (A) PUBLICO";"Región Metropolitana de Santiago";"(186)";"$ 2.359.547";"$ 1.886.160";"$ 0";-;"No";"No tiene";"No tiene";"No tiene";"01/01/2026";"31/12/2026";"No informa";"Sin observaciones";
"2026";"Julio";"Técnico";"OBREGON HERNANDEZ, FRANCISCO JAVIER";"Apoyo Administrativo";"12";"TECNICO NIVEL MEDIO INFORMATICA";"Región Metropolitana de Santiago";"(186)";"$ 1.999.153";"$ 1.603.979";"$ 0";-;"No";"No tiene";"No tiene";"No tiene";"01/01/2026";"31/12/2026";"No informa";"Sin observaciones";
"2026";"Julio";"Médicos cirujanos, farmacéuticos, químico-farmacéuticos, bioquímicos, cirujano-dentistas";"OCAÑA LOPEZ, ROCIO DEL PILAR";"Atencion Clinica Medica";"33 Hrs.";"MEDICO CIRUJANO";"Región Metropolitana de Santiago";"(186)(188)(186)";"$ 3.846.135";"$ 3.035.756";"$ 0";-;"No";"No tiene";"No tiene";"No tiene";"01/01/2026";"31/12/2026";"No informa";"Sin observaciones";
"2026";"Julio";"Profesional";"OCARANZA CACERES, JENNYFER CAROLINA";"Atencion Clinica";"15";"TRABAJADOR (A) SOCIAL";"Región Metropolitana de Santiago";"(186)";"$ 1.631.564";"$ 1.322.485";"$ 0";-;"No";"No tiene";"No tiene";"No tiene";"01/01/2026";"31/12/2026";"No informa";"Sin observaciones";
"2026";"Julio";"Profesional";"OCARANZA VASQUEZ, PAULA ANDREA";"Apoyo Administrativo";"8";"ENFERMERA (O)";"Región Metropolitana de Santiago";"(186)";"$ 2.936.687";"$ 2.333.001";"$ 0";-;"No";"No tiene";"No tiene";"No tiene";"01/01/2026";"31/12/2026";"No informa";"Sin observaciones";
"2026";"Julio";"Administrativo";"OJEDA GONZALEZ, SOLEDAD CONSUELO";"Apoyo Administrativo";"21";"PROFESOR (A)";"Región Metropolitana de Santiago";"(186)";"$ 967.400";"$ 795.347";"$ 0";-;"Sí";"$ 25.676 : 6,00 hrs";"No tiene";"No tiene";"01/01/2026";"31/12/2026";"No informa";"Sin observaciones";
"2026";"Julio";"Técnico";"OJEDA MENDOZA, CRISTOPHER ALEJANDRO";"ATENCION CLINICA";"22";"TECNICO NIVEL SUPERIOR ENFERMERIA";"Región Metropolitana de Santiago";"(202)(204)(186)";"$ 1.493.314";"$ 1.251.013";"$ 0";"$ 0";"Sí";"$ 143.285 : 40,00 hrs";"$ 240.719 : 56,00 hrs";"No tiene";"01/01/2026";"31/12/2026";"No informa";"REMUNERACION JUL.2026";
"2026";"Julio";"Médicos cirujanos, farmacéuticos, químico-farmacéuticos, bioquímicos, cirujano-dentistas";"OJEDA REINO, MARIA JOSE";"Atencion Clinica Medica";"44 Hrs.";"MEDICO CIRUJANO";"Región Metropolitana de Santiago";"(86)(186)";"$ 3.514.428";"$ 2.771.686";"$ 0";-;"No";"No tiene";"No tiene";"No tiene";"01/01/2026";"31/12/2026";"No informa";"Sin observaciones";
"2026";"Julio";"Profesional";"OJEDA ZAMORANO, VICENTE HERIBERTO";"Apoyo Administrativo";"8";"TECNOLOGO (A) EN INFORMATICA BIOMEDICA";"Región Metropolitana de Santiago";"(186)";"$ 2.876.803";"$ 2.292.260";"$ 0";-;"No";"No tiene";"No tiene";"No tiene";"01/01/2026";"31/12/2026";"No informa";"Sin observaciones";
"2026";"Julio";"Profesional";"OLATE SAAVEDRA, NICOLE ANDREA";"Atencion Clinica";"13";"ENFERMERA (O)";"Región Metropolitana de Santiago";"(01)";"$ 1.996.288";"$ 1.624.871";"$ 0";-;"Sí";"$ 108.492 : 11,00 hrs";"No tiene";"No tiene";"01/01/2026";"31/12/2026";"No informa";"Sin observaciones";
"2026";"Julio";"Técnico";"OLAVARRIA MAYORGA, PAMELA DEL CARMEN";"Atencion Clinica";"20";"TECNICO NIVEL SUPERIOR ENFERMERIA";"Región Metropolitana de Santiago";"(186)";"$ 791.931";"$ 651.638";"$ 0";-;"Sí";"$ 24.045 : 6,00 hrs";"No tiene";"No tiene";"01/01/2026";"31/12/2026";"No informa";"Sin observaciones";
"2026";"Julio";"Técnico";"OLEA BURGOS, DAISY JEANNETTE";"ATENCION CLINICA";"22";"TECNICO NIVEL SUPERIOR ENFERMERIA";"Región Metropolitana de Santiago";"(202)(204)";"$ 1.028.276";"$ 800.560";"$ 0";"$ 0";"No";"No tiene";"No tiene";"No tiene";"01/01/2026";"31/12/2026";"No informa";"CANCELA DIFERENCIAS DE ASIGNACIÓN FAMILIAR.+REMUNERACION JUL.2026";
"2026";"Julio";"Administrativo";"OLEA GAETE, ROSA HORTENSIA";"Apoyo Administrativo";"20";"ADMINISTRATIVO";"Región Metropolitana de Santiago";"(01)";"$ 742.899";"$ 607.172";"$ 0";-;"No";"No tiene";"No tiene";"No tiene";"01/01/2026";"31/12/2026";"No informa";"Sin observaciones";
"2026";"Julio";"Médicos cirujanos, farmacéuticos, químico-farmacéuticos, bioquímicos, cirujano-dentistas";"OLGUIN FUENTEALBA, FABIOLA BEATRIZ";"Atencion Clinica Medica";"44 Hrs.";"MEDICO CIRUJANO";"Región Metropolitana de Santiago";"(86)(186)";"$ 4.734.548";"$ 3.887.835";"$ 0";-;"Sí";"$ 265.232 : 22,00 hrs";"$ 954.888 : 66,00 hrs";"No tiene";"01/01/2026";"31/12/2026";"No informa";"Sin observaciones";
"2026";"Julio";"Médicos cirujanos, farmacéuticos, químico-farmacéuticos, bioquímicos, cirujano-dentistas";"OLIVA FUENTEALBA, MIRTHA PAMELA";"Atencion Clinica Medica";"44 Hrs.";"MEDICO CIRUJANO";"Región Metropolitana de Santiago";"(188)(86)(186)";"$ 6.317.981";"$ 5.145.875";"$ 0";-;"No";"No tiene";"No tiene";"No tiene";"01/01/2026";"31/12/2026";"No informa";"Sin observaciones";
"2026";"Julio";"Profesional";"OLIVA GONZALEZ, ROBERTO ENRIQUE";"Atencion Clinica";"16";"MATRON (A)";"Región Metropolitana de Santiago";"(186)";"$ 1.703.710";"$ 1.420.129";"$ 0";-;"Sí";"$ 123.724 : 16,00 hrs";"$ 74.235 : 8,00 hrs";"No tiene";"01/01/2026";"31/12/2026";"No informa";"Sin observaciones";
"2026";"Julio";"Profesional";"OLIVA TILLERIA, JAVIERA DEL CARMEN";"Atencion Clinica";"16";"ENFERMERA (O)";"Región Metropolitana de Santiago";"(01)";"$ 1.435.011";"$ 1.075.235";"$ 0";-;"No";"No tiene";"No tiene";"No tiene";"02/03/2026";"19/08/2026";"No informa";"CONTRATO POR REEMPLAZO";
"2026";"Julio";"Profesional";"OLIVARES ESPINOZA, CARLA PATRICIA ANDREA";"Atencion Clinica";"15";"NUTRICIONISTA";"Región Metropolitana de Santiago";"(01)";"$ 1.512.586";"$ 1.040.494";"$ 0";-;"No";"No tiene";"No tiene";"No tiene";"09/06/2026";"31/08/2026";"No informa";"Sin observaciones";
"2026";"Julio";"Médicos cirujanos, farmacéuticos, químico-farmacéuticos, bioquímicos, cirujano-dentistas";"OLIVARES PEMJEAN, ARTURO LINDOR";"Medicina Interna";"11 Hrs.";"MEDICO CIRUJANO";"Región Metropolitana de Santiago";"(186)";"$ 1.252.892";"$ 1.193.429";"$ 0";-;"No";"No tiene";"No tiene";"No tiene";"01/01/2026";"31/12/2026";"No informa";"Sin observaciones";
"2026";"Julio";"Médicos cirujanos, farmacéuticos, químico-farmacéuticos, bioquímicos, cirujano-dentistas";"OLIVARES PEMJEAN, ARTURO LINDOR";"Medicina Interna";"22 Hrs.";"MEDICO CIRUJANO";"Región Metropolitana de Santiago";"(86)(186)";"$ 2.779.300";"$ 2.257.724";"$ 0";-;"No";"No tiene";"No tiene";"No tiene";"01/01/2026";"31/12/2026";"No informa";"Sin observaciones";
"2026";"Julio";"Médicos cirujanos, farmacéuticos, químico-farmacéuticos, bioquímicos, cirujano-dentistas";"OLIVARES PEMJEAN, ARTURO LINDOR";"Medicina Interna";"11 Hrs.";"MEDICO CIRUJANO";"Región Metropolitana de Santiago";"(86)(186)";"$ 1.389.651";"$ 1.323.698";"$ 0";-;"No";"No tiene";"No tiene";"No tiene";"01/01/2026";"31/12/2026";"No informa";"Sin observaciones";
"2026";"Julio";"Profesional";"OLIVARES PINO, SERGIO JOSE";"Atencion Clinica";"15";"PSICOLOGO (A)";"Región Metropolitana de Santiago";"(01)";"$ 1.605.360";"$ 1.297.912";"$ 0";-;"No";"No tiene";"No tiene";"No tiene";"01/01/2026";"31/12/2026";"No informa";"Sin observaciones";
"2026";"Julio";"Administrativo";"OLIVAREZ RAMIREZ, GISSELLE ANGELICA";"Apoyo Administrativo";"22";"ADMINISTRATIVO";"Región Metropolitana de Santiago";"(186)";"$ 914.905";"$ 746.105";"$ 0";-;"No";"No tiene";"No tiene";"No tiene";"01/01/2026";"31/12/2026";"No informa";"Sin observaciones";
"2026";"Julio";"Auxiliar";"OLIVOS LAGOS, MARITZA FATIMA";"Apoyo Administrativo";"22";"AUXILIAR";"Región Metropolitana de Santiago";"(01)";"$ 679.082";"$ 557.542";"$ 0";-;"Sí";"$ 13.836 : 4,00 hrs";"No tiene";"No tiene";"06/03/2026";"31/12/2026";"No informa";"Sin observaciones";
"2026";"Julio";"Profesional";"OLMEDO CESPED, DEBORAH LESLIE";"Atencion Clinica";"13";"TRABAJADOR (A) SOCIAL";"Región Metropolitana de Santiago";"(01)";"$ 1.795.022";"$ 1.447.079";"$ 0";-;"No";"No tiene";"No tiene";"No tiene";"01/01/2026";"31/12/2026";"No informa";"Sin observaciones";
"2026";"Julio";"Profesional";"OÑATE CHAVEZ, ANDREA PATRICIA";"Atencion Clinica";"16";"ENFERMERA (O)";"Región Metropolitana de Santiago";"(186)(186)";"$ 1.598.544";"$ 1.300.626";"$ 0";-;"Sí";"No tiene";"$ 92.793 : 10,00 hrs";"No tiene";"01/01/2026";"31/12/2026";"No informa";"Sin observaciones";
"2026";"Julio";"Técnico";"OÑATE RIVEROS, CAMILA LISENIA";"Atencion Clinica";"22";"TECNICO NIVEL SUPERIOR ENFERMERIA";"Región Metropolitana de Santiago";"(01)";"$ 751.079";"$ 619.038";"$ 0";-;"No";"No tiene";"No tiene";"No tiene";"01/01/2026";"30/09/2026";"No informa";"Sin observaciones";
"2026";"Julio";"Profesional";"OPAZO FUENZALIDA, YASNA ARACELLI";"JEFE DE DEPARTAMENTO";"5";"ADMINISTRADOR (A) PUBLICO";"Región Metropolitana de Santiago";"(01)";"$ 3.522.228";"$ 2.771.483";"$ 0";"$ 0";"No";"No tiene";"No tiene";"No tiene";"01/07/2026";"30/09/2026";"No informa";"REMUNERACION JUL.2026";
"2026";"Julio";"Profesional";"OPAZO TORREJON, MARIA FERNANDA";"ATENCION CLINICA";"13";"ENFERMERA (O)";"Región Metropolitana de Santiago";"(203)(204)(186)";"$ 3.293.413";"$ 2.521.508";"$ 0";"$ 0";"Sí";"$ 319.408 : 32,00 hrs";"$ 477.458 : 40,00 hrs";"No tiene";"01/01/2026";"31/12/2026";"No informa";"REMUNERACION JUL.2026+REGULARIZA PAGO HHEE MES(ES) ANTERIOR(ES)";
"2026";"Julio";"Profesional";"OPORTO GONZALEZ, MARCELO SEBASTIAN";"Apoyo Logistico";"15";"BIOQUIMICO (A)";"Región Metropolitana de Santiago";"(01)";"$ 1.761.072";"$ 1.475.307";"$ 0";-;"Sí";"$ 149.092 : 18,00 hrs";"$ 99.394 : 10,00 hrs";"No tiene";"01/01/2026";"30/09/2026";"No informa";"Sin observaciones";
"2026";"Julio";"Profesional";"OPORTO GONZALEZ, TRINIDAD DEL CARMEN";"Jefe de Unidad";"8";"PSICOLOGO (A)";"Región Metropolitana de Santiago";"(01)";"$ 2.861.832";"$ 2.276.527";"$ 0";-;"No";"No tiene";"No tiene";"No tiene";"01/01/2026";"31/08/2026";"No informa";"Sin observaciones";
"2026";"Julio";"Administrativo";"ORELLANA BARRA, ANA MARIA";"Apoyo Administrativo";"22";"ADMINISTRATIVO";"Región Metropolitana de Santiago";"(186)";"$ 744.085";"$ 615.687";"$ 0";-;"Sí";"$ 31.408 : 9,00 hrs";"$ 16.751 : 4,00 hrs";"No tiene";"01/01/2026";"31/12/2026";"No informa";"Sin observaciones";
"2026";"Julio";"Técnico";"ORELLANA CAMPOS, MARIA JOSE";"Atencion Clinica";"21";"TECNICO NIVEL SUPERIOR ENFERMERIA";"Región Metropolitana de Santiago";"(01)";"$ 751.650";"$ 620.412";"$ 0";-;"No";"No tiene";"No tiene";"No tiene";"01/01/2026";"31/12/2026";"No informa";"Sin observaciones";
"2026";"Julio";"Médicos cirujanos, farmacéuticos, químico-farmacéuticos, bioquímicos, cirujano-dentistas";"ORELLANA CONTRERAS, ANDREA VERONICA";"Atencion Odontologica";"33 Hrs.";"CIRUJANO DENTISTA";"Región Metropolitana de Santiago";"(186)";"$ 3.148.586";"$ 2.490.138";"$ 0";-;"No";"No tiene";"No tiene";"No tiene";"01/01/2026";"30/09/2026";"No informa";"Sin observaciones";
"2026";"Julio";"Médicos cirujanos, farmacéuticos, químico-farmacéuticos, bioquímicos, cirujano-dentistas";"ORELLANA CONTRERAS, ANDREA VERONICA";"Atencion Odontologica";"11 Hrs.";"CIRUJANO DENTISTA";"Región Metropolitana de Santiago";"(186)";"$ 1.049.558";"$ 882.662";"$ 0";-;"No";"No tiene";"No tiene";"No tiene";"01/01/2026";"30/09/2026";"No informa";"Sin observaciones";
"2026";"Julio";"Técnico";"ORELLANA FARIÑA, DANIELA CATALINA BELEN";"Atencion Clinica";"22";"TRABAJADOR (A) SOCIAL";"Región Metropolitana de Santiago";"(186)";"$ 945.616";"$ 773.892";"$ 0";-;"No";"No tiene";"No tiene";"No tiene";"01/01/2026";"30/09/2026";"No informa";"Sin observaciones";
"2026";"Julio";"Profesional";"ORELLANA SOBARZO, CLAUDIA ALEJANDRA";"Apoyo Administrativo";"8";"ENFERMERA (O)";"Región Metropolitana de Santiago";"(186)";"$ 2.936.687";"$ 2.335.742";"$ 0";-;"No";"No tiene";"No tiene";"No tiene";"01/01/2026";"31/12/2026";"No informa";"Sin observaciones";
"2026";"Julio";"Técnico";"ORELLANA TRONCOSO, MARIA LUISA";"Atencion Clinica";"22";"TECNICO NIVEL SUPERIOR ENFERMERIA";"Región Metropolitana de Santiago";"(186)";"$ 756.424";"$ 623.444";"$ 0";-;"No";"No tiene";"No tiene";"No tiene";"01/01/2026";"31/12/2026";"No informa";"Sin observaciones";
"2026";"Julio";"Profesional";"ORELLANA VAN HASSELT, MAGDALENA ESTER";"Atencion Clinica";"15";"TERAPEUTA OCUPACIONAL";"Región Metropolitana de Santiago";"(186)";"$ 1.931.863";"$ 1.619.804";"$ 0";-;"Sí";"$ 168.707 : 20,00 hrs";"$ 131.592 : 13,00 hrs";"No tiene";"01/01/2026";"31/12/2026";"No informa";"Sin observaciones";
"2026";"Julio";"Administrativo";"ORMAZABAL VIDAL, JORGE MARCELO";"Apoyo Administrativo";"21";"INGENIERO (A) EN RECURSOS HUMANOS";"Región Metropolitana de Santiago";"(186)";"$ 946.730";"$ 774.804";"$ 0";-;"No";"No tiene";"No tiene";"No tiene";"01/01/2026";"31/12/2026";"No informa";"Sin observaciones";
"2026";"Julio";"Administrativo";"OROS GAETE, DAISY JANINE";"Apoyo Administrativo";"22";"ADMINISTRATIVO";"Región Metropolitana de Santiago";"(01)";"$ 712.191";"$ 570.594";"$ 0";-;"No";"No tiene";"No tiene";"No tiene";"04/05/2026";"09/08/2026";"No informa";"CONTRATO POR REEMPLAZO";
"2026";"Julio";"Profesional";"ORREGO CASTAÑEDA, NATALIA DEL PILAR";"APOYO ADMINISTRATIVO";"12";"ENFERMERA (O)";"Región Metropolitana de Santiago";"(01)";"$ 2.078.534";"$ 1.259.308";"$ 0";"$ 0";"Sí";"$ 107.107 : 10,00 hrs";"No tiene";"No tiene";"01/01/2026";"31/12/2026";"No informa";"REMUNERACION JUL.2026";
"2026";"Julio";"Profesional";"ORTEGA AVILA, ANTONIA SARIAH";"Apoyo Administrativo";"10";"ENFERMERA (O)";"Región Metropolitana de Santiago";"(01)";"$ 2.333.878";"$ 1.889.088";"$ 0";-;"No";"No tiene";"No tiene";"No tiene";"01/01/2026";"31/12/2026";"No informa";"Sin observaciones";
"2026";"Julio";"Técnico";"ORTEGA BELTRAN, ANNIE ELIZABETH";"Atencion Clinica";"22";"TECNICO NIVEL SUPERIOR ENFERMERIA";"Región Metropolitana de Santiago";"(186)";"$ 752.415";"$ 614.950";"$ 0";-;"No";"No tiene";"No tiene";"No tiene";"01/01/2026";"31/12/2026";"No informa";"Sin observaciones";
"2026";"Julio";"Profesional";"ORTEGA CONTRERAS, KATHERINE PAULETTE";"Atencion Clinica";"15";"PSICOLOGO (A)";"Región Metropolitana de Santiago";"(01)";"$ 1.512.586";"$ 1.237.239";"$ 0";-;"No";"No tiene";"No tiene";"No tiene";"01/01/2026";"31/12/2026";"No informa";"Sin observaciones";
"2026";"Julio";"Profesional";"ORTEGA MOYA, DANIELA AMANDA";"Atencion Clinica";"15";"TRABAJADOR (A) SOCIAL";"Región Metropolitana de Santiago";"(01)";"$ 1.562.283";"$ 1.274.784";"$ 0";-;"Sí";"$ 49.697 : 6,00 hrs";"No tiene";"No tiene";"01/04/2026";"31/12/2026";"No informa";"Sin observaciones";
"2026";"Julio";"Profesional";"ORTEGA PAREDES, KATHERINE ANDREA";"Atencion Clinica";"15";"TRABAJADOR (A) SOCIAL";"Región Metropolitana de Santiago";"(01)";"$ 1.512.586";"$ 1.235.497";"$ 0";-;"No";"No tiene";"No tiene";"No tiene";"08/06/2026";"31/08/2026";"No informa";"Sin observaciones";
"2026";"Julio";"Profesional";"ORTEGA ROJAS, MIRTHA DEL CARMEN";"Apoyo Administrativo";"11";"INGENIERO (A) EJECUCION EN INFORMATICA";"Región Metropolitana de Santiago";"(01)";"$ 2.144.971";"$ 1.720.900";"$ 0";-;"No";"No tiene";"No tiene";"No tiene";"01/01/2026";"31/12/2026";"No informa";"Sin observaciones";
"2026";"Julio";"Médicos cirujanos, farmacéuticos, químico-farmacéuticos, bioquímicos, cirujano-dentistas";"ORTIZ FUENTES, TAMARA BELEN";"Medico Becario Primario";"44 Hrs.";"MEDICO CIRUJANO";"Región Metropolitana de Santiago";"(01)";"$ 2.916.243";"$ 2.407.067";"$ 0";-;"No";"No tiene";"No tiene";"No tiene";"06/04/2026";"05/04/2027";"No informa";"Sin observaciones";
"2026";"Julio";"Auxiliar";"ORTIZ MARIÑAN, JONATHAN JAIME";"Chofer";"19";"AUXILIAR";"Región Metropolitana de Santiago";"(205)(202)(186)";"$ 1.510.574";"$ 1.263.742";"$ 0";-;"Sí";"$ 21.113 : 5,00 hrs";"$ 217.883 : 43,00 hrs";"No tiene";"01/01/2026";"31/12/2026";"No informa";"Sin observaciones";
"2026";"Julio";"Profesional";"ORTIZ PADILLA, GERALDINE ALEJANDRA";"Atencion Clinica";"15";"FONOAUDIOLOGO (A)";"Región Metropolitana de Santiago";"(01)";"$ 1.512.586";"$ 1.235.497";"$ 0";-;"No";"No tiene";"No tiene";"No tiene";"01/01/2026";"31/07/2026";"No informa";"Sin observaciones";
"2026";"Julio";"Técnico";"ORTIZ PASTENE, PAULA ANDREA";"ATENCION CLINICA";"21";"ENFERMERA (O)";"Región Metropolitana de Santiago";"(203)(204)(186)";"$ 1.292.520";"$ 823.711";"$ 0";"$ 0";"No";"No tiene";"No tiene";"No tiene";"01/01/2026";"31/12/2026";"No informa";"CANCELA DIFERENCIAS DE ASIGNACIÓN FAMILIAR.+REMUNERACION JUL.2026";
"2026";"Julio";"Técnico";"ORTIZ RAMIREZ, SEBASTIAN IGNACIO";"ATENCION CLINICA";"22";"TECNICO NIVEL SUPERIOR ENFERMERIA";"Región Metropolitana de Santiago";"(202)(204)(186)";"$ 1.211.811";"$ 638.885";"$ 0";"$ 0";"Sí";"$ 50.581 : 14,00 hrs";"$ 43.355 : 10,00 hrs";"No tiene";"01/01/2026";"31/12/2026";"No informa";"REMUNERACION JUL.2026";
"2026";"Julio";"Profesional";"ORTIZ TORRES, EDITH ELIZABETH";"APOYO ADMINISTRATIVO";"7";"CONTADOR (A) PUBLICO (A) AUDITOR";"Región Metropolitana de Santiago";"(186)";"$ 2.938.516";"$ 2.241.435";"$ 0";"$ 0";"No";"No tiene";"No tiene";"No tiene";"01/01/2026";"31/12/2026";"No informa";"REMUNERACION JUL.2026";
"2026";"Julio";"Profesional";"ORZEGOW TRZEWIK, ANDREA MIRIAM";"Apoyo Administrativo";"9";"PERIODISTA";"Región Metropolitana de Santiago";"(186)";"$ 2.692.494";"$ 2.153.996";"$ 0";-;"No";"No tiene";"No tiene";"No tiene";"01/01/2026";"31/12/2026";"No informa";"Sin observaciones";
"2026";"Julio";"Técnico";"OSORES BARACATT, SILVIA ANGELICA";"ATENCION CLINICA";"22";"TECNICO NIVEL SUPERIOR ENFERMERIA";"Región Metropolitana de Santiago";"(202)(204)(186)";"$ 1.092.182";"$ 878.332";"$ 0";"$ 0";"No";"No tiene";"No tiene";"No tiene";"01/01/2026";"31/12/2026";"No informa";"REMUNERACION JUL.2026";
"2026";"Julio";"Auxiliar";"OSORIO MOYA, EDUARDO CLAUDIO";"CONDUCTOR";"22";"AUXILIAR";"Región Metropolitana de Santiago";"(205)(202)(204)";"$ 1.203.622";"$ 279.906";"$ 0";"$ 0";"Sí";"$ 83.016 : 24,00 hrs";"No tiene";"No tiene";"01/01/2026";"31/12/2026";"No informa";"CANCELA DIFERENCIAS DE ASIGNACIÓN FAMILIAR.+REMUNERACION JUL.2026";
"2026";"Julio";"Técnico";"OSORIO SOTO, IBANIA LISETTE";"ATENCION CLINICA";"21";"TECNICO NIVEL SUPERIOR ENFERMERIA";"Región Metropolitana de Santiago";"(186)";"$ 740.803";"$ 447.351";"$ 0";"$ 0";"No";"No tiene";"No tiene";"No tiene";"01/01/2026";"31/12/2026";"No informa";"PAGO BONO MENSUAL+REMUNERACION JUL.2026";
"2026";"Julio";"Técnico";"OSSES CONTRERAS, PAOLA TERESA";"ATENCION CLINICA";"22";"TECNICO NIVEL SUPERIOR ENFERMERIA";"Región Metropolitana de Santiago";"(202)(204)(186)";"$ 1.320.709";"$ 829.326";"$ 0";"$ 0";"Sí";"$ 97.895 : 28,00 hrs";"$ 121.408 : 29,00 hrs";"No tiene";"01/01/2026";"31/12/2026";"No informa";"CANCELA DIFERENCIAS DE ASIGNACIÓN FAMILIAR.+REMUNERACION JUL.2026+REGULARIZA PAGO HHEE MES(ES) ANTERIOR(ES)";
"2026";"Julio";"Técnico";"OSSES PARADA, OSVALDO ALFONSO";"Atencion Clinica";"22";"TECNICO NIVEL SUPERIOR ENFERMERIA";"Región Metropolitana de Santiago";"(186)";"$ 756.424";"$ 616.939";"$ 0";-;"No";"No tiene";"No tiene";"No tiene";"01/01/2026";"31/12/2026";"No informa";"Sin observaciones";
"2026";"Julio";"Profesional";"OSSES RODRIGUEZ, FRANCISCO ALEJANDRO";"ATENCION CLINICA";"12";"ENFERMERA (O)";"Región Metropolitana de Santiago";"(203)(204)(186)";"$ 3.486.206";"$ 2.538.538";"$ 0";"$ 0";"Sí";"$ 397.114 : 36,00 hrs";"$ 317.691 : 24,00 hrs";"No tiene";"01/01/2026";"31/12/2026";"No informa";"REMUNERACION JUL.2026";
"2026";"Julio";"Técnico";"OTAROLA ACEVEDO, BRISA ESTEFANI";"Atencion Clinica";"21";"TECNICO NIVEL SUPERIOR ENFERMERIA";"Región Metropolitana de Santiago";"(186)";"$ 753.080";"$ 621.592";"$ 0";-;"No";"No tiene";"No tiene";"No tiene";"01/01/2026";"31/12/2026";"No informa";"Sin observaciones";
"2026";"Julio";"Técnico";"OTAROLA ARAYA, CAMILA FERNANDA";"Atencion Clinica";"22";"TECNICO NIVEL SUPERIOR ODONTOLOGIA";"Región Metropolitana de Santiago";"(01)";"$ 751.079";"$ 619.038";"$ 0";-;"No";"No tiene";"No tiene";"No tiene";"01/01/2026";"31/12/2026";"No informa";"Sin observaciones";
"2026";"Julio";"Administrativo";"OTAROLA GUERRERO, NELLY";"Secretaria";"13";"ADMINISTRADOR (A) PUBLICO";"Región Metropolitana de Santiago";"(186)";"$ 1.823.250";"$ 1.466.076";"$ 0";-;"No";"No tiene";"No tiene";"No tiene";"01/01/2026";"31/12/2026";"No informa";"Sin observaciones";
"2026";"Julio";"Técnico";"OTAROLA PUENTES, KARIME SOLANGE";"Atencion Clinica";"22";"TECNICO NIVEL SUPERIOR ENFERMERIA";"Región Metropolitana de Santiago";"(186)";"$ 753.752";"$ 614.760";"$ 0";-;"No";"No tiene";"No tiene";"No tiene";"01/01/2026";"31/12/2026";"No informa";"Sin observaciones";
"2026";"Julio";"Administrativo";"OTAROLA ULLOA, CAMILA ARACELY";"Apoyo Administrativo";"14";"ADMINISTRADOR (A) PUBLICO";"Región Metropolitana de Santiago";"(186)";"$ 1.626.570";"$ 1.325.685";"$ 0";-;"No";"No tiene";"No tiene";"No tiene";"01/01/2026";"31/12/2026";"No informa";"Sin observaciones";
"2026";"Julio";"Médicos cirujanos, farmacéuticos, químico-farmacéuticos, bioquímicos, cirujano-dentistas";"OVANDO MELGAR, MARIA JOSE";"Atencion Clinica Medica";"11 Hrs.";"MEDICO CIRUJANO";"Región Metropolitana de Santiago";"(188)(186)";"$ 687.127";"$ 562.344";"$ 0";-;"No";"No tiene";"No tiene";"No tiene";"01/01/2026";"31/12/2026";"No informa";"Sin observaciones";
"2026";"Julio";"Médicos cirujanos, farmacéuticos, químico-farmacéuticos, bioquímicos, cirujano-dentistas";"OVANDO MELGAR, MARIA JOSE";"Atencion Clinica Medica";"22 Hrs.";"MEDICO CIRUJANO";"Región Metropolitana de Santiago";"(188)(186)";"$ 1.374.255";"$ 1.095.900";"$ 0";-;"No";"No tiene";"No tiene";"No tiene";"01/01/2026";"31/12/2026";"No informa";"Sin observaciones";
"2026";"Julio";"Auxiliar";"OVIEDO NAVARRETE, CARLOS JAVIER";"Apoyo Logistico";"23";"AUXILIAR";"Región Metropolitana de Santiago";"(01)";"$ 627.501";"$ 512.857";"$ 0";-;"No";"No tiene";"No tiene";"No tiene";"01/07/2026";"30/09/2026";"No informa";"Sin observaciones";
"2026";"Julio";"Profesional";"OYARCE BRIONES, ESTEFANIA NATALY";"Atencion Clinica";"14";"NUTRICIONISTA";"Región Metropolitana de Santiago";"(186)";"$ 2.182.624";"$ 1.826.425";"$ 0";-;"Sí";"$ 345.512 : 38,00 hrs";"$ 87.287 : 8,00 hrs";"No tiene";"01/01/2026";"31/12/2026";"No informa";"Sin observaciones";
"2026";"Julio";"Técnico";"OYARCE VALENZUELA, LIDIA ALEJANDRA";"Atencion Clinica";"20";"AUXILIAR PARAMEDICO DE ODONTOLOGIA";"Región Metropolitana de Santiago";"(186)";"$ 744.628";"$ 608.584";"$ 0";-;"No";"No tiene";"No tiene";"No tiene";"01/01/2026";"31/12/2026";"No informa";"Sin observaciones";
"2026";"Julio";"Profesional";"OYARZO RIOS, IGNACIO MELVIN";"Apoyo Administrativo";"9";"INGENIERO (A) ADMINISTRACION DE EMPRESAS";"Región Metropolitana de Santiago";"(186)";"$ 2.613.581";"$ 2.089.327";"$ 0";-;"No";"No tiene";"No tiene";"No tiene";"01/01/2026";"31/12/2026";"No informa";"Sin observaciones";
"2026";"Julio";"Profesional";"OYARZUN VASQUEZ, IVAN ANDRES";"Atencion Clinica";"13";"ASISTENTE SOCIAL";"Región Metropolitana de Santiago";"(01)";"$ 1.795.022";"$ 1.458.969";"$ 0";-;"No";"No tiene";"No tiene";"No tiene";"01/06/2026";"31/08/2026";"No informa";"Sin observaciones";
"2026";"Julio";"Técnico";"PACHA TOLEDO, CAMILA PAZ";"Atencion Clinica";"21";"TECNICO NIVEL SUPERIOR ENFERMERIA";"Región Metropolitana de Santiago";"(186)";"$ 755.939";"$ 617.829";"$ 0";-;"No";"No tiene";"No tiene";"No tiene";"01/01/2026";"31/12/2026";"No informa";"Sin observaciones";
"2026";"Julio";"Profesional";"PACHECO ESPINOZA, ROMINA ESTEFANIA";"Atencion Clinica";"15";"MATRON (A)";"Región Metropolitana de Santiago";"(186)";"$ 1.790.520";"$ 1.472.958";"$ 0";-;"Sí";"$ 167.690 : 20,00 hrs";"No tiene";"No tiene";"01/01/2026";"31/12/2026";"No informa";"Sin observaciones";
"2026";"Julio";"Administrativo";"PACHECO HERNANDEZ, MARCO ANDRES";"APOYO ADMINISTRATIVO";"22";"ADMINISTRATIVO";"Región Metropolitana de Santiago";"(203)(204)(186)";"$ 875.644";"$ 645.859";"$ 0";"$ 0";"No";"No tiene";"No tiene";"No tiene";"01/01/2026";"31/12/2026";"No informa";"REMUNERACION JUL.2026";
"2026";"Julio";"Médicos cirujanos, farmacéuticos, químico-farmacéuticos, bioquímicos, cirujano-dentistas";"PADILLA CARO, FELIPE ANTONIO";"Atencion Clinica Medica";"44 Hrs.";"MÉDICOS CIRUJANOS, FARMACÉUTICOS, QUÍMICO-FARMACÉUTICOS, BIOQUÍMICOS, CIRUJANO-DENTISTAS";"Región Metropolitana de Santiago";"(188)(86)(186)";"$ 6.263.278";"$ 5.123.284";"$ 0";-;"No";"No tiene";"No tiene";"No tiene";"01/01/2026";"31/12/2026";"No informa";"Sin observaciones";
"2026";"Julio";"Médicos cirujanos, farmacéuticos, químico-farmacéuticos, bioquímicos, cirujano-dentistas";"PADILLA TORO, GABRIELA MILLARAY";"Medico PAO";"44 Hrs.";"MEDICO CIRUJANO";"Región Metropolitana de Santiago";"(86)(186)";"$ 3.651.186";"$ 2.897.263";"$ 0";-;"No";"No tiene";"No tiene";"No tiene";"01/01/2026";"31/12/2026";"No informa";"Sin observaciones";
"2026";"Julio";"Técnico";"PAILLACAN MARIMAN, DANIA TERESA";"Atencion Clinica";"22";"TRABAJADOR (A) SOCIAL";"Región Metropolitana de Santiago";"(186)";"$ 954.973";"$ 742.327";"$ 0";-;"No";"No tiene";"No tiene";"No tiene";"01/01/2026";"31/12/2026";"No informa";"Sin observaciones";
"2026";"Julio";"Profesional";"PAINEO AVILA, PAULINA ALEJANDRA";"Atencion Clinica";"15";"ENFERMERA (O)";"Región Metropolitana de Santiago";"(186)";"$ 1.547.524";"$ 1.252.890";"$ 0";-;"No";"No tiene";"No tiene";"No tiene";"01/01/2026";"31/12/2026";"No informa";"Sin observaciones";
"2026";"Julio";"Médicos cirujanos, farmacéuticos, químico-farmacéuticos, bioquímicos, cirujano-dentistas";"PAIVA BRAHM, CAMILA ANDREA";"Medico PAO";"44 Hrs.";"MEDICO CIRUJANO";"Región Metropolitana de Santiago";"(188)(86)(186)";"$ 4.471.738";"$ 3.630.755";"$ 0";-;"No";"No tiene";"No tiene";"No tiene";"01/01/2026";"31/12/2026";"No informa";"Sin observaciones";
"2026";"Julio";"Médicos cirujanos, farmacéuticos, químico-farmacéuticos, bioquímicos, cirujano-dentistas";"PALACIOS LORCA, KARLA DENISSE";"Quimico Farmaceutico";"22 Hrs.";"QUIMICO (A)";"Región Metropolitana de Santiago";"(01)";"$ 619.204";"$ 181.408";"$ 0";-;"No";"No tiene";"No tiene";"No tiene";"22/04/2026";"19/07/2026";"No informa";"Sin observaciones";
"2026";"Julio";"Médicos cirujanos, farmacéuticos, químico-farmacéuticos, bioquímicos, cirujano-dentistas";"PALACIOS LORCA, KARLA DENISSE";"Quimico Farmaceutico";"22 Hrs.";"QUIMICO (A)";"Región Metropolitana de Santiago";"(01)";"$ 619.204";"$ 549.420";"$ 0";-;"No";"No tiene";"No tiene";"No tiene";"22/04/2026";"19/07/2026";"No informa";"Sin observaciones";
"2026";"Julio";"Profesional";"PALACIOS ORTIZ, WALESKA ANDREA";"Atencion Clinica";"13";"MATRON (A)";"Región Metropolitana de Santiago";"(186)";"$ 2.150.011";"$ 1.787.360";"$ 0";-;"Sí";"$ 168.677 : 17,00 hrs";"$ 83.347 : 7,00 hrs";"No tiene";"01/01/2026";"31/12/2026";"No informa";"Sin observaciones";
"2026";"Julio";"Técnico";"PALACIOS PEREZ, CRISTIAN ANTONIO";"ATENCION CLINICA";"21";"TECNICO NIVEL SUPERIOR ENFERMERIA";"Región Metropolitana de Santiago";"(203)(204)(186)";"$ 1.023.292";"$ 805.088";"$ 0";"$ 0";"No";"No tiene";"No tiene";"No tiene";"01/01/2026";"31/12/2026";"No informa";"REMUNERACION JUL.2026";
"2026";"Julio";"Administrativo";"PALACIOS QUIROZ, VALESKA DEL CARMEN";"SECRETARIA";"15";"ADMINISTRATIVO";"Región Metropolitana de Santiago";"(186)";"$ 938.708";"$ 524.342";"$ 0";"$ 0";"No";"No tiene";"No tiene";"No tiene";"01/01/2026";"31/12/2026";"No informa";"REMUNERACION JUL.2026";
"2026";"Julio";"Profesional";"PALACIOS VASQUEZ, MARIA PAZ";"JEFE DE DEPARTAMENTO";"6";"ABOGADO (A)";"Región Metropolitana de Santiago";"(186)";"$ 3.402.579";"$ 2.444.393";"$ 0";"$ 0";"No";"No tiene";"No tiene";"No tiene";"01/01/2026";"31/12/2026";"No informa";"REMUNERACION JUL.2026";
"2026";"Julio";"Profesional";"PALAPE VILCHES, DANIELA  ANDREA";"ATENCION CLINICA";"13";"ENFERMERA (O)";"Región Metropolitana de Santiago";"(203)(204)(186)";"$ 3.289.079";"$ 2.632.133";"$ 0";"$ 0";"Sí";"$ 289.464 : 29,00 hrs";"$ 503.068 : 42,00 hrs";"No tiene";"01/01/2026";"31/12/2026";"No informa";"REMUNERACION JUL.2026";
"2026";"Julio";"Profesional";"PALMA CERDA, POULLETE XIMENA";"Atencion Clinica";"16";"ENFERMERA (O)";"Región Metropolitana de Santiago";"(01)";"$ 1.662.759";"$ 1.384.766";"$ 0";-;"Sí";"$ 182.198 : 24,00 hrs";"$ 45.550 : 5,00 hrs";"No tiene";"02/03/2026";"01/08/2026";"No informa";"CONTRATO POR REEMPLAZO";
"2026";"Julio";"Médicos cirujanos, farmacéuticos, químico-farmacéuticos, bioquímicos, cirujano-dentistas";"PALMA MARTINEZ, KARLA SIHOMARA";"Atencion Odontologica";"44 Hrs.";"CIRUJANO DENTISTA";"Región Metropolitana de Santiago";"(01)";"$ 1.955.378";"$ 1.573.933";"$ 0";-;"No";"No tiene";"No tiene";"No tiene";"01/01/2026";"30/09/2026";"No informa";"Sin observaciones";
"2026";"Julio";"Profesional";"PALMA OSORIO, SOLANGE AYLIN";"Atencion Clinica";"13";"ASISTENTE SOCIAL";"Región Metropolitana de Santiago";"(186)";"$ 1.834.979";"$ 1.483.651";"$ 0";-;"Sí";"$ 29.767 : 3,00 hrs";"No tiene";"No tiene";"01/01/2026";"31/12/2026";"No informa";"Sin observaciones";
"2026";"Julio";"Auxiliar";"PALMA PACHECO, JOAN DANIEL";"CONDUCTOR";"22";"AUXILIAR";"Región Metropolitana de Santiago";"(205)(202)(204)(186)";"$ 1.252.703";"$ 1.013.333";"$ 0";"$ 0";"Sí";"$ 6.980 : 2,00 hrs";"$ 142.383 : 34,00 hrs";"No tiene";"01/01/2026";"31/12/2026";"No informa";"CANCELA DIFERENCIAS DE ASIGNACIÓN FAMILIAR.+REMUNERACION JUL.2026";
"2026";"Julio";"Profesional";"PALMA PEREZ, PAULO JAVIER ANDRES";"Atencion Clinica";"15";"KINESIOLOGO (A)";"Región Metropolitana de Santiago";"(220)(186)";"$ 1.614.768";"$ 1.303.014";"$ 0";-;"No";"No tiene";"No tiene";"No tiene";"01/01/2026";"31/12/2026";"No informa";"Sin observaciones";
"2026";"Julio";"Profesional";"PALOMINO PIZARRO, TANIA ANDREA";"Atencion Clinica";"15";"ENFERMERA (O)";"Región Metropolitana de Santiago";"(186)";"$ 1.640.298";"$ 1.322.847";"$ 0";-;"No";"No tiene";"No tiene";"No tiene";"01/01/2026";"31/12/2026";"No informa";"Sin observaciones";
"2026";"Julio";"Técnico";"PAÑICU GODOY, LETICIA EDITH";"Atencion Clinica";"20";"TECNICO NIVEL SUPERIOR RECURSOS HUMANOS";"Región Metropolitana de Santiago";"(186)";"$ 767.886";"$ 626.211";"$ 0";-;"No";"No tiene";"No tiene";"No tiene";"01/01/2026";"31/12/2026";"No informa";"Sin observaciones";
"2026";"Julio";"Técnico";"PAÑINAO AGUIRRE, MARCELO JAVIER";"Atencion Clinica";"22";"TECNICO NIVEL SUPERIOR ENFERMERIA";"Región Metropolitana de Santiago";"(186)";"$ 755.088";"$ 622.343";"$ 0";-;"No";"No tiene";"No tiene";"No tiene";"01/01/2026";"31/12/2026";"No informa";"Sin observaciones";
"2026";"Julio";"Profesional";"PARADA BUSTAMANTE, CARLOS FELIPE";"ATENCION CLINICA";"13";"ENFERMERA (O)";"Región Metropolitana de Santiago";"(203)(204)(186)";"$ 2.879.510";"$ 2.251.196";"$ 0";"$ 0";"Sí";"$ 141.401 : 14,00 hrs";"$ 121.201 : 10,00 hrs";"No tiene";"01/01/2026";"31/12/2026";"No informa";"REMUNERACION JUL.2026";
"2026";"Julio";"Técnico";"PARADA CABRERA, MIREYA DEL CARMEN";"Atencion Clinica";"22";"TECNICO NIVEL SUPERIOR ENFERMERIA";"Región Metropolitana de Santiago";"(186)";"$ 818.302";"$ 679.063";"$ 0";-;"Sí";"$ 24.859 : 7,00 hrs";"$ 38.355 : 9,00 hrs";"No tiene";"01/01/2026";"31/12/2026";"No informa";"Sin observaciones";
"2026";"Julio";"Médicos cirujanos, farmacéuticos, químico-farmacéuticos, bioquímicos, cirujano-dentistas";"PARADA HERRERA, VALENTINA PAZ";"Atencion Clinica Medica";"44 Hrs.";"MEDICO CIRUJANO";"Región Metropolitana de Santiago";"(86)(186)";"$ 4.954.676";"$ 4.030.053";"$ 0";-;"Sí";"$ 275.835 : 21,00 hrs";"$ 977.244 : 62,00 hrs";"No tiene";"01/01/2026";"31/12/2026";"No informa";"Sin observaciones";
"2026";"Julio";"Profesional";"PARADA MANZUR, NICOLAS ANDRES";"Coordinador";"7";"KINESIOLOGO (A)";"Región Metropolitana de Santiago";"(186)";"$ 3.165.038";"$ 2.507.373";"$ 0";-;"No";"No tiene";"No tiene";"No tiene";"01/01/2026";"31/12/2026";"No informa";"Sin observaciones";
"2026";"Julio";"Técnico";"PARADA MORALES, VIVIANA ELENA";"ATENCION CLINICA";"21";"TECNICO NIVEL SUPERIOR ENFERMERIA";"Región Metropolitana de Santiago";"(203)(204)(186)";"$ 1.023.292";"$ 789.249";"$ 0";"$ 0";"No";"No tiene";"No tiene";"No tiene";"01/01/2026";"31/12/2026";"No informa";"REMUNERACION JUL.2026";
"2026";"Julio";"Administrativo";"PARADA ROJAS, CRISTINA MARILYN";"Apoyo Administrativo";"22";"ADMINISTRATIVO";"Región Metropolitana de Santiago";"(01)";"$ 712.192";"$ 542.241";"$ 0";-;"No";"No tiene";"No tiene";"No tiene";"01/01/2026";"04/08/2026";"No informa";"CONTRATO POR REEMPLAZO";
"2026";"Julio";"Administrativo";"PARDO ARIAS, ELIZABETH CATALINA";"APOYO ADMINISTRATIVO";"22";"ADMINISTRATIVO";"Región Metropolitana de Santiago";"(01)";"$ 691.247";"$ 558.809";"$ 0";"$ 0";"No";"No tiene";"No tiene";"No tiene";"01/07/2026";"31/07/2026";"No informa";"CONTRATO+PAGO BONO MENSUAL";
"2026";"Julio";"Profesional";"PAREDES CRUZAT, DIANA GISELLE";"Apoyo Administrativo";"8";"INGENIERO (A) EJECUCION EN INFORMATICA";"Región Metropolitana de Santiago";"(186)";"$ 2.906.744";"$ 2.314.605";"$ 0";-;"No";"No tiene";"No tiene";"No tiene";"01/01/2026";"31/12/2026";"No informa";"Sin observaciones";
"2026";"Julio";"Profesional";"PAREDES MARTINEZ, ERICK ALEXIS";"Apoyo Administrativo";"8";"CONTADOR (A) AUDITOR (A)";"Región Metropolitana de Santiago";"(01)";"$ 2.769.058";"$ 2.228.046";"$ 0";-;"No";"No tiene";"No tiene";"No tiene";"01/01/2026";"31/12/2026";"No informa";"Sin observaciones";
"2026";"Julio";"Profesional";"PAREDES PINTO, DANIELA ALEJANDRA";"Apoyo Logistico";"7";"TECNOLOGO (A) EN INFORMATICA BIOMEDICA";"Región Metropolitana de Santiago";"(186)";"$ 3.165.038";"$ 2.507.373";"$ 0";-;"No";"No tiene";"No tiene";"No tiene";"01/01/2026";"31/12/2026";"No informa";"Sin observaciones";
"2026";"Julio";"Médicos cirujanos, farmacéuticos, químico-farmacéuticos, bioquímicos, cirujano-dentistas";"PARRA AGURTO, GONZALO JOSE";"Medico Becario Primario";"44 Hrs.";"MEDICO CIRUJANO";"Región Metropolitana de Santiago";"(01)";"$ 2.916.243";"$ 2.407.067";"$ 0";-;"No";"No tiene";"No tiene";"No tiene";"07/04/2025";"06/04/2027";"No informa";"Sin observaciones";
"2026";"Julio";"Profesional";"PARRA GONZALEZ, CLAUDIA DEL CARMEN";"Atencion Clinica";"15";"ENFERMERA (O)";"Región Metropolitana de Santiago";"(186)";"$ 1.538.790";"$ 1.243.526";"$ 0";-;"No";"No tiene";"No tiene";"No tiene";"01/01/2026";"31/12/2026";"No informa";"Sin observaciones";
"2026";"Julio";"Profesional";"PARRA MENDEZ, DANIELA ANDREA";"Atencion Clinica";"12";"NUTRICIONISTA";"Región Metropolitana de Santiago";"(186)";"$ 2.075.205";"$ 1.669.739";"$ 0";-;"No";"No tiene";"No tiene";"No tiene";"01/01/2026";"31/12/2026";"No informa";"Sin observaciones";
"2026";"Julio";"Técnico";"PARRA SEPULVEDA, CATALINA ANDREA";"Atencion Clinica";"22";"TECNICO NIVEL SUPERIOR ENFERMERIA";"Región Metropolitana de Santiago";"(186)";"$ 753.752";"$ 621.242";"$ 0";-;"No";"No tiene";"No tiene";"No tiene";"01/01/2026";"31/12/2026";"No informa";"Sin observaciones";
"2026";"Julio";"Técnico";"PARRA SUAZO, EDITA DEL CARMEN";"ATENCION CLINICA";"21";"TECNICO NIVEL SUPERIOR ENFERMERIA";"Región Metropolitana de Santiago";"(203)(204)(186)";"$ 1.074.268";"$ 627.414";"$ 0";"$ 0";"Sí";"$ 46.364 : 12,00 hrs";"No tiene";"No tiene";"01/01/2026";"31/12/2026";"No informa";"CANCELA DIFERENCIAS DE ASIGNACIÓN FAMILIAR.+REMUNERACION JUL.2026";
"2026";"Julio";"Auxiliar";"PASTENE ROA, FRANCISCO JAVIER";"Apoyo Logistico";"22";"AUXILIAR";"Región Metropolitana de Santiago";"(01)";"$ 988.317";"$ 871.367";"$ 0";-;"Sí";"$ 86.475 : 25,00 hrs";"$ 236.596 : 57,00 hrs";"No tiene";"01/01/2026";"31/12/2026";"No informa";"Sin observaciones";
"2026";"Julio";"Profesional";"PASTRAN MALDONADO, VANESSA MARIA";"Apoyo Administrativo";"8";"KINESIOLOGO (A)";"Región Metropolitana de Santiago";"(186)";"$ 2.784.029";"$ 2.225.838";"$ 0";-;"No";"No tiene";"No tiene";"No tiene";"01/01/2026";"31/12/2026";"No informa";"Sin observaciones";
"2026";"Julio";"Profesional";"PASTRIAN RONDA, ARTURO ALEJANDRO";"Coordinador";"7";"ADMINISTRADOR (A) PUBLICO";"Región Metropolitana de Santiago";"(186)";"$ 3.165.038";"$ 2.504.511";"$ 0";-;"No";"No tiene";"No tiene";"No tiene";"01/01/2026";"31/12/2026";"No informa";"Sin observaciones";
"2026";"Julio";"Médicos cirujanos, farmacéuticos, químico-farmacéuticos, bioquímicos, cirujano-dentistas";"PATIÑO DURAN, FRANCISCO JAVIER";"Quimico Farmaceutico";"44 Hrs.";"QUIMICO FARMACEUTICO";"Región Metropolitana de Santiago";"(188)(186)";"$ 4.471.739";"$ 3.603.409";"$ 0";-;"No";"No tiene";"No tiene";"No tiene";"01/01/2026";"31/12/2026";"No informa";"Sin observaciones";
"2026";"Julio";"Profesional";"PAVEZ ACEVEDO, ELISEO EMMANUEL";"Apoyo Administrativo";"11";"ABOGADO (A)";"Región Metropolitana de Santiago";"(186)";"$ 2.156.855";"$ 1.747.955";"$ 0";-;"No";"No tiene";"No tiene";"No tiene";"01/01/2026";"31/12/2026";"No informa";"Sin observaciones";
"2026";"Julio";"Técnico";"PAVEZ CAMPOS, VALERIA ISABEL";"Atencion Clinica";"21";"TECNICO NIVEL SUPERIOR ENFERMERIA";"Región Metropolitana de Santiago";"(01)";"$ 751.650";"$ 614.323";"$ 0";-;"No";"No tiene";"No tiene";"No tiene";"01/01/2026";"31/12/2026";"No informa";"Sin observaciones";
"2026";"Julio";"Médicos cirujanos, farmacéuticos, químico-farmacéuticos, bioquímicos, cirujano-dentistas";"PAZ ROLDAN, MESIAS MARCELO";"Atencion Clinica Medica";"44 Hrs.";"MEDICO CIRUJANO";"Región Metropolitana de Santiago";"(188)(186)";"$ 5.278.615";"$ 4.306.871";"$ 0";-;"No";"No tiene";"No tiene";"No tiene";"01/01/2026";"31/12/2026";"No informa";"Sin observaciones";
"2026";"Julio";"Profesional";"PEÑA BRICEÑO, IGNACIO JAVIER";"Apoyo Administrativo";"6";"PERIODISTA";"Región Metropolitana de Santiago";"(186)";"$ 3.460.268";"$ 2.722.296";"$ 0";-;"No";"No tiene";"No tiene";"No tiene";"01/01/2026";"31/12/2026";"No informa";"Sin observaciones";
"2026";"Julio";"Profesional";"PEÑA CONTRERAS, LUZ SARA";"Atencion Clinica";"15";"ASISTENTE SOCIAL";"Región Metropolitana de Santiago";"(186)";"$ 1.622.830";"$ 1.322.726";"$ 0";-;"No";"No tiene";"No tiene";"No tiene";"01/01/2026";"31/12/2026";"No informa";"Sin observaciones";
"2026";"Julio";"Profesional";"PEÑA FERNANDEZ, KAREN ANDREA";"Apoyo Administrativo";"7";"MATRON (A)";"Región Metropolitana de Santiago";"(186)";"$ 3.104.603";"$ 2.462.271";"$ 0";-;"No";"No tiene";"No tiene";"No tiene";"01/01/2026";"31/12/2026";"No informa";"Sin observaciones";
"2026";"Julio";"Médicos cirujanos, farmacéuticos, químico-farmacéuticos, bioquímicos, cirujano-dentistas";"PEÑA GUERRERO, PAOLA ROSSANA";"Atencion Clinica Medica";"11 Hrs.";"MEDICO CIRUJANO";"Región Metropolitana de Santiago";"(186)";"$ 1.111.099";"$ 968.610";"$ 0";-;"No";"No tiene";"No tiene";"No tiene";"01/01/2026";"30/09/2026";"No informa";"Sin observaciones";
"2026";"Julio";"Médicos cirujanos, farmacéuticos, químico-farmacéuticos, bioquímicos, cirujano-dentistas";"PEÑA GUERRERO, PAOLA ROSSANA";"Atencion Clinica Medica";"11 Hrs.";"MEDICO CIRUJANO";"Región Metropolitana de Santiago";"(188)(186)";"$ 1.309.400";"$ 1.141.481";"$ 0";-;"No";"No tiene";"No tiene";"No tiene";"01/01/2026";"31/12/2026";"No informa";"Sin observaciones";
"2026";"Julio";"Médicos cirujanos, farmacéuticos, químico-farmacéuticos, bioquímicos, cirujano-dentistas";"PEÑA GUERRERO, PAOLA ROSSANA";"Atencion Clinica Medica";"22 Hrs.";"MEDICO CIRUJANO";"Región Metropolitana de Santiago";"(188)(186)";"$ 2.618.796";"$ 2.011.600";"$ 0";-;"No";"No tiene";"No tiene";"No tiene";"01/01/2026";"31/12/2026";"No informa";"Sin observaciones";
"2026";"Julio";"Profesional";"PEÑA LABRA, KATHERINE ANDREA";"Atencion Clinica";"15";"TERAPEUTA OCUPACIONAL";"Región Metropolitana de Santiago";"(01)";"$ 1.512.586";"$ 1.223.009";"$ 0";-;"No";"No tiene";"No tiene";"No tiene";"01/01/2026";"31/12/2026";"No informa";"Sin observaciones";
"2026";"Julio";"Técnico";"PEÑA PEREZ, PAULA IRENE";"Atencion Clinica";"22";"TECNICO NIVEL SUPERIOR ENFERMERIA";"Región Metropolitana de Santiago";"(186)";"$ 756.424";"$ 623.444";"$ 0";-;"No";"No tiene";"No tiene";"No tiene";"01/01/2026";"31/12/2026";"No informa";"Sin observaciones";
"2026";"Julio";"Profesional";"PEÑAILILLO CEBALLOS, DANIEL";"ATENCION CLINICA";"13";"ENFERMERA (O)";"Región Metropolitana de Santiago";"(203)(204)(186)";"$ 3.705.846";"$ 2.921.658";"$ 0";"$ 0";"Sí";"$ 90.901 : 9,00 hrs";"$ 1.090.811 : 90,00 hrs";"No tiene";"01/01/2026";"31/12/2026";"No informa";"REMUNERACION JUL.2026";
"2026";"Julio";"Profesional";"PEÑAILILLO RODRIGUEZ, DENISSE PAULINA";"Atencion Clinica";"12";"NUTRICIONISTA";"Región Metropolitana de Santiago";"(01)";"$ 2.064.201";"$ 1.658.280";"$ 0";-;"No";"No tiene";"No tiene";"No tiene";"01/01/2026";"31/12/2026";"No informa";"Sin observaciones";
"2026";"Julio";"Técnico";"PEÑAILILLO TREJO, MIXY KATHERINNE";"Atencion Clinica";"20";"TECNICO NIVEL SUPERIOR ENFERMERIA";"Región Metropolitana de Santiago";"(01)";"$ 1.172.894";"$ 994.571";"$ 0";-;"Sí";"$ 108.441 : 23,00 hrs";"$ 56.577 : 10,00 hrs";"No tiene";"01/01/2026";"31/12/2026";"No informa";"Sin observaciones";
"2026";"Julio";"Administrativo";"PEÑALBA TUDELA, JOCELYN MARIANELA";"APOYO ADMINISTRATIVO";"17";"ADMINISTRADOR (A) DE EMPRESAS";"Región Metropolitana de Santiago";"(186)";"$ 1.820.938";"$ 1.227.433";"$ 0";"$ 0";"Sí";"$ 270.146 : 40,00 hrs";"$ 275.549 : 34,00 hrs";"No tiene";"01/01/2026";"31/12/2026";"No informa";"REMUNERACION JUL.2026";
"2026";"Julio";"Profesional";"PEÑALOZA FARIAS, KAREN JEANNETTE";"Apoyo Administrativo";"8";"KINESIOLOGO (A)";"Región Metropolitana de Santiago";"(186)";"$ 2.891.773";"$ 2.303.431";"$ 0";-;"No";"No tiene";"No tiene";"No tiene";"01/01/2026";"31/12/2026";"No informa";"Sin observaciones";
"2026";"Julio";"Profesional";"PEÑALOZA MUÑOZ, MARIA ELISA";"Apoyo Administrativo";"9";"TRABAJADOR (A) SOCIAL";"Región Metropolitana de Santiago";"(186)";"$ 2.678.634";"$ 2.138.790";"$ 0";-;"No";"No tiene";"No tiene";"No tiene";"01/01/2026";"31/12/2026";"No informa";"Sin observaciones";
"2026";"Julio";"Médicos cirujanos, farmacéuticos, químico-farmacéuticos, bioquímicos, cirujano-dentistas";"PENEIPIL VALENZUELA, MARIA PAZ";"Atencion Clinica Medica";"44 Hrs.";"MEDICO CIRUJANO";"Región Metropolitana de Santiago";"(188)(186)";"$ 5.278.615";"$ 4.301.357";"$ 0";-;"No";"No tiene";"No tiene";"No tiene";"01/01/2026";"31/12/2026";"No informa";"Sin observaciones";
"2026";"Julio";"Profesional";"PERALTA CASTILLO, ASTRID IRENE";"Apoyo Administrativo";"6";"TERAPEUTA OCUPACIONAL";"Región Metropolitana de Santiago";"(186)";"$ 3.530.438";"$ 2.774.556";"$ 0";-;"No";"No tiene";"No tiene";"No tiene";"01/01/2026";"31/12/2026";"No informa";"Sin observaciones";
"2026";"Julio";"Médicos cirujanos, farmacéuticos, químico-farmacéuticos, bioquímicos, cirujano-dentistas";"PERALTA GUINET, CASSANDRA ROBERTA";"Atencion Clinica Medica";"44 Hrs.";"MEDICO CIRUJANO";"Región Metropolitana de Santiago";"(86)(186)";"$ 3.701.597";"$ 2.935.592";"$ 0";-;"No";"No tiene";"No tiene";"No tiene";"01/01/2026";"31/12/2026";"No informa";"Sin observaciones";
"2026";"Julio";"Profesional";"PERALTA MORA, MARIANELA ISABEL";"Apoyo Administrativo";"8";"INGENIERO (A) CIVIL BIOMEDICO";"Región Metropolitana de Santiago";"(186)(186)";"$ 2.891.773";"$ 2.311.919";"$ 0";-;"No";"No tiene";"No tiene";"No tiene";"01/01/2026";"31/12/2026";"No informa";"Sin observaciones";
"2026";"Julio";"Médicos cirujanos, farmacéuticos, químico-farmacéuticos, bioquímicos, cirujano-dentistas";"PEREO NIETO, FRANCISCO JAVIER";"Atencion Odontologica";"44 Hrs.";"CIRUJANO DENTISTA";"Región Metropolitana de Santiago";"(188)(186)";"$ 4.547.344";"$ 3.699.969";"$ 0";-;"No";"No tiene";"No tiene";"No tiene";"01/01/2026";"31/12/2026";"No informa";"Sin observaciones";
"2026";"Julio";"Profesional";"PEREZ ARANDA, KARINA ALEJANDRA";"ATENCION CLINICA";"13";"ENFERMERA (O)";"Región Metropolitana de Santiago";"(203)";"$ 3.900.108";"$ 3.225.826";"$ 0";"$ 0";"Sí";"$ 511.238 : 52,00 hrs";"$ 994.182 : 154,00 hrs";"No tiene";"10/04/2026";"30/09/2026";"No informa";"REMUNERACION JUL.2026+REGULARIZA PAGO HHEE MES(ES) ANTERIOR(ES)";
"2026";"Julio";"Profesional";"PEREZ AVILES, FELIPE OCTAVIO";"Apoyo Administrativo";"5";"NUTRICIONISTA";"Región Metropolitana de Santiago";"(01)";"$ 3.615.002";"$ 2.843.189";"$ 0";-;"No";"No tiene";"No tiene";"No tiene";"01/01/2026";"31/12/2026";"No informa";"Sin observaciones";
"2026";"Julio";"Administrativo";"PEREZ BUSTOS, SUSAN NICOLE";"Apoyo Administrativo";"21";"ADMINISTRATIVO";"Región Metropolitana de Santiago";"(01)";"$ 721.975";"$ 590.071";"$ 0";-;"No";"No tiene";"No tiene";"No tiene";"01/01/2026";"31/12/2026";"No informa";"Sin observaciones";
"2026";"Julio";"Administrativo";"PEREZ DONOSO, CLAUDIA ANDREA";"Apoyo Administrativo";"13";"TECNICO ANALISTA QUIMICO";"Región Metropolitana de Santiago";"(186)";"$ 1.262.585";"$ 1.070.787";"$ 0";-;"Sí";"$ 180.506 : 31,00 hrs";"$ 55.898 : 8,00 hrs";"No tiene";"01/01/2026";"31/12/2026";"No informa";"Sin observaciones";
"2026";"Julio";"Técnico";"PEREZ HORMAZABAL, URSULA PRISCILLA";"Atencion Clinica";"22";"ENFERMERA (O)";"Región Metropolitana de Santiago";"(186)";"$ 959.652";"$ 784.323";"$ 0";-;"No";"No tiene";"No tiene";"No tiene";"01/01/2026";"31/12/2026";"No informa";"Sin observaciones";
"2026";"Julio";"Médicos cirujanos, farmacéuticos, químico-farmacéuticos, bioquímicos, cirujano-dentistas";"PEREZ INFANTE, VAITIARE ANABELLE";"Atencion Clinica Medica";"44 Hrs.";"MEDICO CIRUJANO";"Región Metropolitana de Santiago";"(86)";"$ 3.049.448";"$ 2.440.323";"$ 0";-;"No";"No tiene";"No tiene";"No tiene";"01/01/2026";"31/12/2026";"No informa";"Sin observaciones";
"2026";"Julio";"Técnico";"PEREZ MORALES, SEBASTIAN IGNACIO";"ATENCION CLINICA";"21";"TECNICO NIVEL SUPERIOR ENFERMERIA";"Región Metropolitana de Santiago";"(202)(204)(186)";"$ 1.262.767";"$ 715.460";"$ 0";"$ 0";"Sí";"$ 3.810 : 1,00 hrs";"$ 54.869 : 12,00 hrs";"No tiene";"01/01/2026";"31/12/2026";"No informa";"CANCELA DIFERENCIAS DE ASIGNACIÓN FAMILIAR.+REMUNERACION JUL.2026+REGULARIZA PAGO HHEE MES(ES) ANTERIOR(ES)";
"2026";"Julio";"Técnico";"PEREZ NARVAEZ, JUAN JACINTO";"Atencion Clinica";"22";"AUXILIAR DE ENFERMERIA";"Región Metropolitana de Santiago";"(186)";"$ 737.756";"$ 601.639";"$ 0";-;"No";"No tiene";"No tiene";"No tiene";"01/01/2026";"31/12/2026";"No informa";"Sin observaciones";
"2026";"Julio";"Médicos cirujanos, farmacéuticos, químico-farmacéuticos, bioquímicos, cirujano-dentistas";"PEREZ OÑATE, TANIA DEL PILAR";"Atencion Odontologica";"22 Hrs.";"CIRUJANO DENTISTA";"Región Metropolitana de Santiago";"(188)(186)";"$ 2.215.358";"$ 1.691.496";"$ 0";-;"No";"No tiene";"No tiene";"No tiene";"01/01/2026";"31/12/2026";"No informa";"Sin observaciones";
"2026";"Julio";"Médicos cirujanos, farmacéuticos, químico-farmacéuticos, bioquímicos, cirujano-dentistas";"PEREZ OÑATE, TANIA DEL PILAR";"Atencion Odontologica";"22 Hrs.";"CIRUJANO DENTISTA";"Región Metropolitana de Santiago";"(188)(186)";"$ 2.215.358";"$ 1.876.427";"$ 0";-;"No";"No tiene";"No tiene";"No tiene";"01/01/2026";"31/12/2026";"No informa";"Sin observaciones";
"2026";"Julio";"Administrativo";"PEREZ RIVAS, ELIZABETH MACARENA";"Apoyo Administrativo";"21";"ADMINISTRATIVO";"Región Metropolitana de Santiago";"(186)";"$ 751.523";"$ 622.611";"$ 0";-;"Sí";"No tiene";"$ 18.229 : 4,00 hrs";"No tiene";"01/01/2026";"31/12/2026";"No informa";"Sin observaciones";
"2026";"Julio";"Técnico";"PEREZ RUBILAR, ALONDRA VALENTINA";"ATENCION CLINICA";"22";"TECNICO NIVEL SUPERIOR ENFERMERIA";"Región Metropolitana de Santiago";"(203)(204)(186)";"$ 1.337.256";"$ 968.461";"$ 0";"$ 0";"Sí";"$ 56.822 : 16,00 hrs";"$ 332.406 : 78,00 hrs";"No tiene";"01/01/2026";"31/12/2026";"No informa";"CANCELA DIFERENCIAS DE ASIGNACIÓN FAMILIAR.+REMUNERACION JUL.2026";
"2026";"Julio";"Profesional";"PEREZ VICENCIO, ALAN MIGUEL";"Atencion Clinica";"14";"TECNOLOGO (A) MEDICO";"Región Metropolitana de Santiago";"(186)";"$ 1.657.052";"$ 1.352.046";"$ 0";-;"No";"No tiene";"No tiene";"No tiene";"01/01/2026";"31/12/2026";"No informa";"Sin observaciones";
"2026";"Julio";"Profesional";"PEREZ ZUÑIGA, LORETO EUGENIA DEL ROSARIO";"Apoyo Administrativo";"15";"ASISTENTE SOCIAL";"Región Metropolitana de Santiago";"(186)";"$ 2.089.010";"$ 1.774.243";"$ 0";-;"Sí";"$ 335.381 : 40,00 hrs";"$ 130.799 : 13,00 hrs";"No tiene";"01/01/2026";"31/12/2026";"No informa";"Sin observaciones";
"2026";"Julio";"Técnico";"PETIT CHACON, CAMILA CELESTE";"Atencion Clinica";"20";"TECNICO NIVEL SUPERIOR ENFERMERIA";"Región Metropolitana de Santiago";"(186)";"$ 761.830";"$ 622.644";"$ 0";-;"No";"No tiene";"No tiene";"No tiene";"01/01/2026";"31/12/2026";"No informa";"Sin observaciones";
"2026";"Julio";"Administrativo";"PHILLIPS MIRANDA, VICTOR ALFONSO";"Apoyo Administrativo";"13";"ADMINISTRATIVO";"Región Metropolitana de Santiago";"(186)";"$ 1.176.761";"$ 983.036";"$ 0";-;"Sí";"$ 120.013 : 20,00 hrs";"No tiene";"No tiene";"01/01/2026";"31/12/2026";"No informa";"Sin observaciones";
"2026";"Julio";"Técnico";"PILQUIÑIR FUENTES, GLADYS ANDREA";"Atencion Clinica";"22";"TECNICO NIVEL SUPERIOR ENFERMERIA";"Región Metropolitana de Santiago";"(186)";"$ 756.424";"$ 623.444";"$ 0";-;"No";"No tiene";"No tiene";"No tiene";"01/01/2026";"31/12/2026";"No informa";"Sin observaciones";
"2026";"Julio";"Profesional";"PIÑA VELASQUEZ, MARIA GRACIELA";"Apoyo Administrativo";"12";"CONTADOR (A) GENERAL";"Región Metropolitana de Santiago";"(186)";"$ 2.108.218";"$ 1.689.172";"$ 0";-;"No";"No tiene";"No tiene";"No tiene";"01/01/2026";"31/12/2026";"No informa";"Sin observaciones";
"2026";"Julio";"Profesional";"PINCHEIRA CACERES, XIMENA ALEJANDRA";"Apoyo Administrativo";"12";"PSICOLOGO (A)";"Región Metropolitana de Santiago";"(186)";"$ 2.086.210";"$ 1.677.750";"$ 0";-;"No";"No tiene";"No tiene";"No tiene";"01/01/2026";"31/12/2026";"No informa";"Sin observaciones";
"2026";"Julio";"Profesional";"PINEDA MUÑOZ, KARINA ORNELLA";"Apoyo Administrativo";"11";"ENFERMERA (O)";"Región Metropolitana de Santiago";"(186)";"$ 2.320.915";"$ 1.864.105";"$ 0";-;"Sí";"$ 47.516 : 4,00 hrs";"No tiene";"No tiene";"01/01/2026";"31/12/2026";"No informa";"Sin observaciones";
"2026";"Julio";"Técnico";"PINO BUSTAMANTE, DANIELA ISABEL";"Atencion Clinica";"22";"TECNICO NIVEL SUPERIOR ENFERMERIA";"Región Metropolitana de Santiago";"(186)";"$ 753.752";"$ 621.242";"$ 0";-;"No";"No tiene";"No tiene";"No tiene";"01/01/2026";"31/12/2026";"No informa";"Sin observaciones";
"2026";"Julio";"Administrativo";"PINO CARRASCO, MINDY CASSANDRA";"Secretaria";"14";"ADMINISTRATIVO";"Región Metropolitana de Santiago";"(01)";"$ 1.076.669";"$ 909.339";"$ 0";-;"Sí";"$ 124.853 : 23,00 hrs";"No tiene";"No tiene";"01/01/2026";"31/12/2026";"No informa";"Sin observaciones";
"2026";"Julio";"Profesional";"PINO TORO, HERNAN LUIS";"Atencion Clinica";"15";"ASISTENTE SOCIAL";"Región Metropolitana de Santiago";"(186)";"$ 1.521.320";"$ 1.233.937";"$ 0";-;"No";"No tiene";"No tiene";"No tiene";"01/01/2026";"31/12/2026";"No informa";"Sin observaciones";
"2026";"Julio";"Médicos cirujanos, farmacéuticos, químico-farmacéuticos, bioquímicos, cirujano-dentistas";"PINO TRONCOSO, ALEJANDRA TERESA";"Medico Becario Primario";"44 Hrs.";"MEDICO CIRUJANO";"Región Metropolitana de Santiago";"(01)";"$ 2.916.243";"$ 2.386.654";"$ 0";-;"No";"No tiene";"No tiene";"No tiene";"01/01/2026";"05/06/2027";"No informa";"Sin observaciones";
"2026";"Julio";"Técnico";"PINO VASQUEZ, VALESKA CECILIA";"Atencion Clinica";"21";"TECNICO NIVEL SUPERIOR ENFERMERIA";"Región Metropolitana de Santiago";"(186)";"$ 753.080";"$ 614.137";"$ 0";-;"No";"No tiene";"No tiene";"No tiene";"01/01/2026";"31/12/2026";"No informa";"Sin observaciones";
"2026";"Julio";"Profesional";"PINOCHET ACOSTA, ROMINA ALEJANDRA";"Subdirector";"7";"INGENIERO (A) CIVIL INDUSTRIAL";"Región Metropolitana de Santiago";"(01)";"$ 3.039.924";"$ 2.410.437";"$ 0";-;"No";"No tiene";"No tiene";"No tiene";"01/03/2026";"31/12/2026";"No informa";"Sin observaciones";
"2026";"Julio";"Técnico";"PINOCHET MOLINA, MONICA JACQUELINE";"Atencion Clinica";"18";"TECNICO PREVENCION Y REHABILITACION DEPENDENCIA DE DROGAS";"Región Metropolitana de Santiago";"(01)";"$ 836.516";"$ 682.179";"$ 0";-;"No";"No tiene";"No tiene";"No tiene";"01/01/2026";"31/12/2026";"No informa";"Sin observaciones";
"2026";"Julio";"Administrativo";"PINTO ALVAREZ, STEPHANIE CAROLINA";"Apoyo Administrativo";"22";"ADMINISTRATIVO";"Región Metropolitana de Santiago";"(01)";"$ 712.001";"$ 590.481";"$ 0";-;"Sí";"$ 20.754 : 6,00 hrs";"No tiene";"No tiene";"01/02/2026";"30/09/2026";"No informa";"Sin observaciones";
"2026";"Julio";"Profesional";"PINTO ARAVENA, ROBERTO ALBERTO";"Atencion Clinica";"15";"ENFERMERA (O)";"Región Metropolitana de Santiago";"(186)";"$ 2.106.911";"$ 1.793.883";"$ 0";-;"Sí";"$ 335.381 : 40,00 hrs";"$ 241.474 : 24,00 hrs";"No tiene";"01/01/2026";"31/12/2026";"No informa";"Sin observaciones";
"2026";"Julio";"Médicos cirujanos, farmacéuticos, químico-farmacéuticos, bioquímicos, cirujano-dentistas";"PINTO GONZALEZ, ADRIANA GABRIELA";"Atencion Clinica Medica";"22 Hrs.";"MEDICO CIRUJANO";"Región Metropolitana de Santiago";"(188)(186)";"$ 1.387.930";"$ 1.131.983";"$ 0";-;"No";"No tiene";"No tiene";"No tiene";"01/01/2026";"31/12/2026";"No informa";"Sin observaciones";
"2026";"Julio";"Profesional";"PINTO HERMOSILLA, SUSAN ROSEMARY";"Atencion Clinica";"15";"ENFERMERA (O)";"Región Metropolitana de Santiago";"(01)";"$ 1.512.586";"$ 1.225.477";"$ 0";-;"No";"No tiene";"No tiene";"No tiene";"01/01/2026";"31/12/2026";"No informa";"Sin observaciones";
"2026";"Julio";"Médicos cirujanos, farmacéuticos, químico-farmacéuticos, bioquímicos, cirujano-dentistas";"PINTO SOTO, MARIA IGNACIA";"Medico Becario Primario";"44 Hrs.";"MEDICO CIRUJANO";"Región Metropolitana de Santiago";"(01)";"$ 3.600.037";"$ 2.971.470";"$ 0";-;"No";"No tiene";"No tiene";"No tiene";"06/05/2025";"05/05/2027";"No informa";"Sin observaciones";
"2026";"Julio";"Administrativo";"PINTO VALDIVIA, DIGNA SOLEDAD";"APOYO ADMINISTRATIVO";"19";"ADMINISTRATIVO";"Región Metropolitana de Santiago";"(186)";"$ 793.254";"$ 507.481";"$ 0";"$ 0";"Sí";"$ 21.113 : 5,00 hrs";"No tiene";"No tiene";"01/01/2026";"31/12/2026";"No informa";"CANCELA DIFERENCIAS DE ASIGNACIÓN FAMILIAR.+PAGO BONO MENSUAL+REMUNERACION JUL.2026";
"2026";"Julio";"Médicos cirujanos, farmacéuticos, químico-farmacéuticos, bioquímicos, cirujano-dentistas";"PIRUL YEVENES, ALEJANDRO MAURICIO";"Atencion Clinica Medica";"44 Hrs.";"MEDICO CIRUJANO";"Región Metropolitana de Santiago";"(86)(186)";"$ 3.701.597";"$ 2.915.977";"$ 0";-;"No";"No tiene";"No tiene";"No tiene";"01/01/2026";"31/12/2026";"No informa";"Sin observaciones";
"2026";"Julio";"Profesional";"PISON LILLO, MONICA DEL CARMEN";"Apoyo Administrativo";"8";"ASISTENTE SOCIAL";"Región Metropolitana de Santiago";"(186)";"$ 2.891.773";"$ 2.301.966";"$ 0";-;"No";"No tiene";"No tiene";"No tiene";"01/01/2026";"31/12/2026";"No informa";"Sin observaciones";
"2026";"Julio";"Profesional";"PIUTRIN SALDIAS, DANIELA ELIZABETH";"Atencion Clinica";"15";"ENFERMERA (O)";"Región Metropolitana de Santiago";"(186)";"$ 2.058.825";"$ 1.730.531";"$ 0";-;"Sí";"$ 285.074 : 34,00 hrs";"$ 150.921 : 15,00 hrs";"No tiene";"01/01/2026";"31/12/2026";"No informa";"Sin observaciones";
"2026";"Julio";"Médicos cirujanos, farmacéuticos, químico-farmacéuticos, bioquímicos, cirujano-dentistas";"PIZARRO ALARCON, SEBASTIAN IGNACIO";"CIRUGIA GENERAL";"28 Hrs.";"MEDICO CIRUJANO";"Región Metropolitana de Santiago";"(194)(193)(198)(186)";"$ 3.405.248";"$ 2.695.515";"$ 0";"$ 0";"No";"No tiene";"No tiene";"No tiene";"01/01/2026";"31/12/2026";"No informa";"REMUNERACION JUL.2026";
"2026";"Julio";"Técnico";"PIZARRO HERRERA, PATRICIA DEL ROSARIO";"Atencion Clinica";"20";"TECNICO NIVEL SUPERIOR ENFERMERIA";"Región Metropolitana de Santiago";"(186)";"$ 966.658";"$ 825.059";"$ 0";-;"Sí";"$ 160.300 : 40,00 hrs";"$ 38.472 : 8,00 hrs";"No tiene";"01/01/2026";"31/12/2026";"No informa";"Sin observaciones";
"2026";"Julio";"Profesional";"PIZARRO MORALES, DENISSE ALEJANDRA";"Atencion Clinica";"15";"MATRON (A)";"Región Metropolitana de Santiago";"(186)";"$ 1.846.334";"$ 1.544.344";"$ 0";-;"Sí";"$ 175.008 : 21,00 hrs";"$ 150.006 : 15,00 hrs";"No tiene";"01/01/2026";"31/12/2026";"No informa";"Sin observaciones";
"2026";"Julio";"Profesional";"PIZARRO PIZARRO, JOSE IGNACIO";"Atencion Clinica";"15";"ENFERMERA (O)";"Región Metropolitana de Santiago";"(186)";"$ 1.751.645";"$ 1.432.574";"$ 0";-;"Sí";"No tiene";"$ 111.347 : 11,00 hrs";"No tiene";"01/01/2026";"31/12/2026";"No informa";"Sin observaciones";
"2026";"Julio";"Auxiliar";"PIZARRO VILLAGRAN, HECTOR HUMBERTO";"CONDUCTOR";"21";"AUXILIAR";"Región Metropolitana de Santiago";"(205)(202)(204)(186)";"$ 1.503.990";"$ 979.653";"$ 0";"$ 0";"Sí";"$ 52.708 : 14,00 hrs";"$ 262.035 : 58,00 hrs";"No tiene";"01/01/2026";"31/12/2026";"No informa";"REMUNERACION JUL.2026";
"2026";"Julio";"Técnico";"PLAZA ACUÑA, NELSON HERNAN";"Apoyo Administrativo";"13";"TECNICO NIVEL SUPERIOR EN ADMINISTRACION DE EMPRESAS";"Región Metropolitana de Santiago";"(186)";"$ 1.027.520";"$ 848.908";"$ 0";-;"Sí";"$ 11.527 : 2,00 hrs";"No tiene";"No tiene";"01/01/2026";"31/12/2026";"No informa";"Sin observaciones";
"2026";"Julio";"Profesional";"PLAZA TAPIA, JUAN IGNACIO";"Apoyo Administrativo";"8";"ARQUITECTO(A)";"Región Metropolitana de Santiago";"(186)";"$ 2.784.029";"$ 2.213.671";"$ 0";-;"No";"No tiene";"No tiene";"No tiene";"01/01/2026";"31/12/2026";"No informa";"Sin observaciones";
"2026";"Julio";"Administrativo";"POBLETE DIAZ, JOSE ANTONIO";"Apoyo Administrativo";"21";"ADMINISTRATIVO";"Región Metropolitana de Santiago";"(186)";"$ 994.583";"$ 860.611";"$ 0";-;"Sí";"$ 151.912 : 40,00 hrs";"$ 109.377 : 24,00 hrs";"No tiene";"01/01/2026";"31/12/2026";"No informa";"Sin observaciones";
"2026";"Julio";"Técnico";"POBLETE IBARRA, HUGO JESUS";"ATENCION CLINICA";"22";"TECNICO NIVEL SUPERIOR ENFERMERIA";"Región Metropolitana de Santiago";"(202)(204)(186)";"$ 1.109.310";"$ 887.647";"$ 0";"$ 0";"No";"No tiene";"No tiene";"No tiene";"01/01/2026";"31/12/2026";"No informa";"REMUNERACION JUL.2026";
"2026";"Julio";"Profesional";"POBLETE MARTINEZ, ROBERTO OMAR";"ATENCION CLINICA";"13";"ENFERMERA (O)";"Región Metropolitana de Santiago";"(01)";"$ 1.349.422";"$ 1.334.136";"$ 0";"$ 0";"Sí";"$ 396.889 : 40,00 hrs";"$ 952.533 : 80,00 hrs";"No tiene";"01/06/2026";"20/06/2026";"No informa";"PAGO HHEE REALIZADAS EN JUN.2026 (40 DIURNAS Y 80 FESTIVAS)";
"2026";"Julio";"Médicos cirujanos, farmacéuticos, químico-farmacéuticos, bioquímicos, cirujano-dentistas";"POBLETE SILVA, CATALINA PAZ";"Medico Becario Primario";"44 Hrs.";"MEDICO CIRUJANO";"Región Metropolitana de Santiago";"(01)";"$ 2.916.243";"$ 2.403.568";"$ 0";-;"No";"No tiene";"No tiene";"No tiene";"06/04/2026";"05/04/2027";"No informa";"Sin observaciones";
"2026";"Julio";"Profesional";"POLANCO ESPINOZA, NATALIA SOLEDAD";"Apoyo Administrativo";"9";"PSICOLOGO (A)";"Región Metropolitana de Santiago";"(186)";"$ 2.664.773";"$ 2.126.562";"$ 0";-;"No";"No tiene";"No tiene";"No tiene";"01/01/2026";"31/12/2026";"No informa";"Sin observaciones";
"2026";"Julio";"Profesional";"PONCE ORTEGA, MARILU FRANCISCA";"ATENCION CLINICA";"13";"ENFERMERA (O)";"Región Metropolitana de Santiago";"(01)";"$ 547.778";"$ 491.120";"$ 0";"$ 0";"Sí";"$ 128.218 : 13,00 hrs";"$ 130.191 : 11,00 hrs";"No tiene";"11/06/2026";"01/07/2026";"No informa";"REEMPLAZO JUL.2026 (01)+SUPLENCIA JUN.2026 (11-13) (17-18)";
"2026";"Julio";"Administrativo";"PONCE VILLENA, VICTOR HUGO";"Apoyo Logistico";"22";"ADMINISTRATIVO";"Región Metropolitana de Santiago";"(186)(186)";"$ 1.361.923";"$ 1.188.953";"$ 0";-;"Sí";"$ 145.002 : 38,00 hrs";"$ 311.373 : 68,00 hrs";"No tiene";"01/01/2026";"31/12/2026";"No informa";"Sin observaciones";
"2026";"Julio";"Auxiliar";"PONTIGO FAJARDO, RODOLFO JAVIER";"CONDUCTOR";"22";"AUXILIAR";"Región Metropolitana de Santiago";"(205)(202)";"$ 1.364.001";"$ 1.024.665";"$ 0";"$ 0";"Sí";"$ 78.683 : 27,00 hrs";"$ 194.675 : 56,00 hrs";"No tiene";"01/01/2026";"30/09/2026";"No informa";"REMUNERACION JUL.2026+REGULARIZA PAGO HHEE MES(ES) ANTERIOR(ES)";
"2026";"Julio";"Médicos cirujanos, farmacéuticos, químico-farmacéuticos, bioquímicos, cirujano-dentistas";"PONTIGO REYES, ANA PAZ";"Atencion Clinica Medica";"44 Hrs.";"MEDICO CIRUJANO";"Región Metropolitana de Santiago";"(188)(186)";"$ 4.690.553";"$ 3.792.683";"$ 0";-;"No";"No tiene";"No tiene";"No tiene";"01/01/2026";"31/12/2026";"No informa";"Sin observaciones";
"2026";"Julio";"Técnico";"PORRAS URREA, AMALIA MARISOL";"ATENCION CLINICA";"22";"TECNICO NIVEL SUPERIOR ENFERMERIA";"Región Metropolitana de Santiago";"(01)";"$ 1.083.923";"$ 1.002.455";"$ 0";"$ 0";"Sí";"No tiene";"$ 348.668 : 142,00 hrs";"No tiene";"01/06/2026";"20/07/2026";"No informa";"REEMPLAZO JUL.2026 (01-14)+REEMPLAZO JUL.2026 (15-20)+REEMPLAZO JUN.2026 (01-13)";
"2026";"Julio";"Profesional";"PORTALES ORELLANA, CATALINA INES";"Apoyo Administrativo";"5";"CIENTISTA POLITICO (A)";"Región Metropolitana de Santiago";"(186)";"$ 3.559.422";"$ 2.796.141";"$ 0";-;"No";"No tiene";"No tiene";"No tiene";"01/01/2026";"31/12/2026";"No informa";"Sin observaciones";
"2026";"Julio";"Profesional";"PORTILLO JORQUERA, ANDREA VERONICA";"Atencion Clinica";"15";"MATRON (A)";"Región Metropolitana de Santiago";"(220)(186)";"$ 1.716.276";"$ 1.387.981";"$ 0";-;"No";"No tiene";"No tiene";"No tiene";"01/01/2026";"31/12/2026";"No informa";"Sin observaciones";
"2026";"Julio";"Profesional";"POSADA CORVALAN, CAROLINA ANDREA";"Apoyo Administrativo";"6";"ADMINISTRADOR (A) PUBLICO";"Región Metropolitana de Santiago";"(186)";"$ 3.442.726";"$ 2.714.616";"$ 0";-;"No";"No tiene";"No tiene";"No tiene";"01/01/2026";"31/12/2026";"No informa";"Sin observaciones";
"2026";"Julio";"Administrativo";"POZAS CERDA, SANDRA PATRICIA";"Apoyo Administrativo";"21";"ADMINISTRATIVO";"Región Metropolitana de Santiago";"(186)";"$ 727.635";"$ 594.697";"$ 0";-;"No";"No tiene";"No tiene";"No tiene";"01/01/2026";"31/12/2026";"No informa";"Sin observaciones";
"2026";"Julio";"Auxiliar";"POZO GONZALEZ, GLORIA DEL CARMEN";"Apoyo Logistico";"24";"AUXILIAR";"Región Metropolitana de Santiago";"(186)(202)(186)";"$ 867.088";"$ 705.889";"$ 0";-;"Sí";"$ 12.087 : 4,00 hrs";"$ 3.626 : 1,00 hrs";"No tiene";"01/01/2026";"31/12/2026";"No informa";"Sin observaciones";
"2026";"Julio";"Profesional";"POZO QUINTANA, RICARDO ANDRES";"ATENCION CLINICA";"13";"ENFERMERA (O)";"Región Metropolitana de Santiago";"(203)(204)";"$ 2.468.958";"$ 1.570.821";"$ 0";"$ 0";"No";"No tiene";"No tiene";"No tiene";"01/01/2026";"31/12/2026";"No informa";"REMUNERACION JUL.2026";
"2026";"Julio";"Médicos cirujanos, farmacéuticos, químico-farmacéuticos, bioquímicos, cirujano-dentistas";"POZO SANCHEZ, SEBASTIAN IGNACIO";"Atencion Clinica Medica";"44 Hrs.";"MEDICO CIRUJANO";"Región Metropolitana de Santiago";"(86)(186)";"$ 3.514.428";"$ 2.789.533";"$ 0";-;"No";"No tiene";"No tiene";"No tiene";"01/01/2026";"31/12/2026";"No informa";"Sin observaciones";
"2026";"Julio";"Profesional";"PRATI POBLETE, MIGUEL FABRIZIO";"Jefe de Departamento";"5";"INGENIERO (A) EJECUCION ADMINISTRACION";"Región Metropolitana de Santiago";"(186)";"$ 3.652.196";"$ 2.865.234";"$ 0";-;"No";"No tiene";"No tiene";"No tiene";"01/01/2026";"31/12/2026";"No informa";"Sin observaciones";
"2026";"Julio";"Técnico";"PROVOSTE FUENTES, ROMINA ANDREA";"Atencion Clinica";"20";"TECNICO NIVEL SUPERIOR RECURSOS HUMANOS";"Región Metropolitana de Santiago";"(186)";"$ 767.886";"$ 632.891";"$ 0";-;"No";"No tiene";"No tiene";"No tiene";"01/01/2026";"31/12/2026";"No informa";"Sin observaciones";
"2026";"Julio";"Profesional";"PUEBLA ALCHAO, ESTEBAN ANDRES";"Apoyo Administrativo";"16";"INGENIERO (A) EN INFORMATICA";"Región Metropolitana de Santiago";"(186)";"$ 1.396.805";"$ 1.143.888";"$ 0";-;"No";"No tiene";"No tiene";"No tiene";"01/01/2026";"31/12/2026";"No informa";"Sin observaciones";
"2026";"Julio";"Profesional";"PUEBLA NUÑEZ, TATIANA ALEJANDRA";"Apoyo Administrativo";"5";"SOCIOLOGO (A)";"Región Metropolitana de Santiago";"(186)";"$ 3.615.211";"$ 2.865.990";"$ 0";-;"No";"No tiene";"No tiene";"No tiene";"01/01/2026";"31/12/2026";"No informa";"Sin observaciones";
"2026";"Julio";"Médicos cirujanos, farmacéuticos, químico-farmacéuticos, bioquímicos, cirujano-dentistas";"PUGH VALDOVINOS, DUNCAN EDWARD";"Medico Becario Primario";"44 Hrs.";"MEDICO CIRUJANO";"Región Metropolitana de Santiago";"(01)";"$ 2.916.243";"$ 2.407.067";"$ 0";-;"No";"No tiene";"No tiene";"No tiene";"07/04/2025";"06/04/2027";"No informa";"Sin observaciones";
"2026";"Julio";"Profesional";"QUEVEDO PEREIRA, MAILEF ANDREA";"Apoyo Administrativo";"7";"KINESIOLOGO (A)";"Región Metropolitana de Santiago";"(186)";"$ 3.148.867";"$ 2.498.491";"$ 0";-;"No";"No tiene";"No tiene";"No tiene";"01/01/2026";"31/12/2026";"No informa";"Sin observaciones";
"2026";"Julio";"Profesional";"QUEZADA PADILLA, MIGNA BEGONIA";"Atencion Clinica";"15";"MATRON (A)";"Región Metropolitana de Santiago";"(186)";"$ 1.547.524";"$ 1.263.141";"$ 0";-;"No";"No tiene";"No tiene";"No tiene";"01/01/2026";"31/12/2026";"No informa";"Sin observaciones";
"2026";"Julio";"Administrativo";"QUEZADA PALMA, JOSE LUIS";"Apoyo Administrativo";"21";"ADMINISTRATIVO";"Región Metropolitana de Santiago";"(01)";"$ 721.975";"$ 595.052";"$ 0";-;"No";"No tiene";"No tiene";"No tiene";"01/01/2026";"30/09/2026";"No informa";"Sin observaciones";
"2026";"Julio";"Médicos cirujanos, farmacéuticos, químico-farmacéuticos, bioquímicos, cirujano-dentistas";"QUEZADA TOFALOS, EYLEEN KHADRA";"Medicina Familiar";"22 Hrs.";"MEDICO CIRUJANO";"Región Metropolitana de Santiago";"(188)(186)";"$ 2.235.872";"$ 1.807.784";"$ 0";-;"No";"No tiene";"No tiene";"No tiene";"01/01/2026";"31/12/2026";"No informa";"Sin observaciones";
"2026";"Julio";"Profesional";"QUILEMPAN VIVANCO, VANESSA ALEJANDRA";"Atencion Clinica";"15";"FONOAUDIOLOGO (A)";"Región Metropolitana de Santiago";"(186)";"$ 1.640.298";"$ 1.338.952";"$ 0";-;"No";"No tiene";"No tiene";"No tiene";"01/01/2026";"31/12/2026";"No informa";"Sin observaciones";
"2026";"Julio";"Administrativo";"QUILENCHEO AYANCAN, MARIANELA IVONNE";"Secretaria";"12";"ADMINISTRADOR (A) PUBLICO";"Región Metropolitana de Santiago";"(186)";"$ 1.999.153";"$ 1.607.242";"$ 0";-;"No";"No tiene";"No tiene";"No tiene";"01/01/2026";"31/12/2026";"No informa";"Sin observaciones";
"2026";"Julio";"Profesional";"QUINTANA RIVAS, JUAN ANDRES";"Atencion Clinica";"15";"KINESIOLOGO (A)";"Región Metropolitana de Santiago";"(186)";"$ 1.997.673";"$ 1.688.190";"$ 0";-;"Sí";"$ 337.414 : 40,00 hrs";"$ 121.469 : 12,00 hrs";"No tiene";"01/01/2026";"31/12/2026";"No informa";"Sin observaciones";
"2026";"Julio";"Profesional";"QUINTANILLA TORRES, FRANCO GIBERTTI";"Atencion Clinica";"15";"ENFERMERA (O)";"Región Metropolitana de Santiago";"(186)";"$ 1.631.564";"$ 1.319.881";"$ 0";-;"No";"No tiene";"No tiene";"No tiene";"01/01/2026";"31/12/2026";"No informa";"Sin observaciones";
"2026";"Julio";"Auxiliar";"QUINTEROS FLORES, ALAN RICARDO";"Chofer";"20";"AUXILIAR";"Región Metropolitana de Santiago";"(186)";"$ 1.563.782";"$ 1.413.376";"$ 0";-;"Sí";"$ 163.119 : 40,00 hrs";"$ 650.845 : 133,00 hrs";"No tiene";"01/01/2026";"31/12/2026";"No informa";"Sin observaciones";
"2026";"Julio";"Profesional";"QUIROGA CHIMENELLI, MARIA JOSE";"Atencion Clinica";"14";"ASISTENTE SOCIAL";"Región Metropolitana de Santiago";"(186)";"$ 1.759.259";"$ 1.430.672";"$ 0";-;"No";"No tiene";"No tiene";"No tiene";"01/01/2026";"31/12/2026";"No informa";"Sin observaciones";
"2026";"Julio";"Profesional";"QUIROGA GALVEZ, CRISTHIAN SEBASTIAN";"Apoyo Administrativo";"8";"ENFERMERA (O)";"Región Metropolitana de Santiago";"(186)";"$ 2.784.029";"$ 2.240.694";"$ 0";-;"No";"No tiene";"No tiene";"No tiene";"01/01/2026";"31/12/2026";"No informa";"Sin observaciones";
"2026";"Julio";"Médicos cirujanos, farmacéuticos, químico-farmacéuticos, bioquímicos, cirujano-dentistas";"QUIROZ CACERES, ROBERTO IGNACIO";"Atencion Clinica Medica";"44 Hrs.";"MÉDICOS CIRUJANOS, FARMACÉUTICOS, QUÍMICO-FARMACÉUTICOS, BIOQUÍMICOS, CIRUJANO-DENTISTAS";"Región Metropolitana de Santiago";"(86)(186)";"$ 3.514.428";"$ 2.789.588";"$ 0";-;"No";"No tiene";"No tiene";"No tiene";"01/01/2026";"31/12/2026";"No informa";"Sin observaciones";
"2026";"Julio";"Profesional";"QUIROZ OMONTE, ANDRES ANTONIO";"ATENCION CLINICA";"13";"ENFERMERA (O)";"Región Metropolitana de Santiago";"(203)(204)(186)";"$ 2.524.134";"$ 1.867.048";"$ 0";"$ 0";"No";"No tiene";"No tiene";"No tiene";"01/01/2026";"31/12/2026";"No informa";"REMUNERACION JUL.2026";
"2026";"Julio";"Profesional";"QUIROZ RODRIGUEZ, LUCIANO SEGUNDO";"Atencion Clinica";"12";"KINESIOLOGO (A)";"Región Metropolitana de Santiago";"(01)";"$ 1.971.427";"$ 1.582.940";"$ 0";-;"No";"No tiene";"No tiene";"No tiene";"01/01/2026";"31/12/2026";"No informa";"Sin observaciones";
"2026";"Julio";"Profesional";"QUIROZ ULLOA, FABIAN ALEXANDER";"Apoyo Administrativo";"11";"ADMINISTRADOR (A) PUBLICO";"Región Metropolitana de Santiago";"(186)";"$ 2.249.629";"$ 1.806.823";"$ 0";-;"No";"No tiene";"No tiene";"No tiene";"01/01/2026";"31/12/2026";"No informa";"Sin observaciones";
"2026";"Julio";"Profesional";"QUIROZ ULLOA, MAIRON ISRAEL";"JEFE DE DEPARTAMENTO";"11";"ADMINISTRADOR (A) PUBLICO";"Región Metropolitana de Santiago";"(01)";"$ 2.623.506";"$ 2.012.856";"$ 0";"$ 0";"Sí";"$ 198.417 : 17,00 hrs";"$ 280.118 : 20,00 hrs";"No tiene";"01/01/2026";"31/12/2026";"No informa";"REMUNERACION JUL.2026";
"2026";"Julio";"Técnico";"RAMIREZ DIAZ, CYNTHIA CAROLINA";"Atencion Clinica";"21";"TECNICO NIVEL SUPERIOR ENFERMERIA";"Región Metropolitana de Santiago";"(01)";"$ 751.650";"$ 614.323";"$ 0";-;"No";"No tiene";"No tiene";"No tiene";"01/01/2026";"31/12/2026";"No informa";"Sin observaciones";
"2026";"Julio";"Médicos cirujanos, farmacéuticos, químico-farmacéuticos, bioquímicos, cirujano-dentistas";"RAMIREZ FLORES, JORGE ANDRES";"MEDICO CIRUJANO CON ESPECIALIDAD EN SALUD PUBLICA";"28 Hrs.";"MEDICO CIRUJANO CON ESPECIALIDAD EN SALUD PUBLICA";"Región Metropolitana de Santiago";"(194)(193)(198)(186)";"$ 4.914.323";"$ 3.986.245";"$ 0";"$ 0";"No";"No tiene";"No tiene";"No tiene";"01/01/2026";"31/12/2026";"No informa";"REMUNERACION JUL.2026";
"2026";"Julio";"Profesional";"RAMIREZ GAETE, JORGE IGNACIO";"Apoyo Administrativo";"6";"PERIODISTA";"Región Metropolitana de Santiago";"(186)";"$ 3.460.268";"$ 2.722.296";"$ 0";-;"No";"No tiene";"No tiene";"No tiene";"01/01/2026";"31/12/2026";"No informa";"Sin observaciones";
"2026";"Julio";"Profesional";"RAMIREZ IBACETA, LUIS ALBERTO";"Apoyo Administrativo";"10";"INGENIERO (A) EJECUCION EN INFORMATICA";"Región Metropolitana de Santiago";"(186)";"$ 2.346.712";"$ 1.876.109";"$ 0";-;"No";"No tiene";"No tiene";"No tiene";"01/01/2026";"31/12/2026";"No informa";"Sin observaciones";
"2026";"Julio";"Técnico";"RAMIREZ MIÑO, SUGEY ANTONELLA";"Apoyo Administrativo";"22";"TECNICO DE PARVULOS";"Región Metropolitana de Santiago";"(186)";"$ 740.429";"$ 611.150";"$ 0";-;"No";"No tiene";"No tiene";"No tiene";"01/01/2026";"31/12/2026";"No informa";"Sin observaciones";
"2026";"Julio";"Profesional";"RAMIREZ POBLETE, SERGIO FERNANDO";"Atencion Clinica";"15";"KINESIOLOGO (A)";"Región Metropolitana de Santiago";"(186)(186)";"$ 1.663.076";"$ 1.357.122";"$ 0";-;"Sí";"No tiene";"$ 40.246 : 4,00 hrs";"No tiene";"01/01/2026";"31/12/2026";"No informa";"Sin observaciones";
"2026";"Julio";"Profesional";"RAMOS ARAVENA, ANTONIO ENRIQUE";"ATENCION CLINICA";"13";"ENFERMERA (O)";"Región Metropolitana de Santiago";"(01)";"$ 528.721";"$ 319.929";"$ 0";"$ 0";"Sí";"$ 39.452 : 4,00 hrs";"$ 142.026 : 12,00 hrs";"No tiene";"03/06/2026";"23/06/2026";"No informa";"SUPLENCIA JUN.2026 (03) (07-08) (12) (16) (23)";
"2026";"Julio";"Profesional";"RAMOS ARGANDOÑA, CAROLINA ANDREA";"Atencion Clinica";"12";"MATRON (A)";"Región Metropolitana de Santiago";"(01)";"$ 2.110.667";"$ 1.733.487";"$ 0";-;"Sí";"$ 139.240 : 13,00 hrs";"No tiene";"No tiene";"01/01/2026";"31/12/2026";"No informa";"Sin observaciones";
"2026";"Julio";"Profesional";"RAMOS CORNEJO, CONSUELO ALEJANDRA";"Director (a) de Cosam";"5";"TRABAJADOR (A) SOCIAL";"Región Metropolitana de Santiago";"(01)";"$ 3.522.228";"$ 2.773.578";"$ 0";-;"No";"No tiene";"No tiene";"No tiene";"01/01/2026";"31/12/2026";"No informa";"Sin observaciones";
"2026";"Julio";"Auxiliar";"RAMOS DIAZ, VICTOR ALBERTO";"CONDUCTOR";"24";"TECNICO NIVEL SUPERIOR ENFERMERIA";"Región Metropolitana de Santiago";"(205)(203)(204)(186)";"$ 882.517";"$ 560.327";"$ 0";"$ 0";"No";"No tiene";"No tiene";"No tiene";"01/01/2026";"31/12/2026";"No informa";"REMUNERACION JUL.2026";
"2026";"Julio";"Auxiliar";"RAMOS GONZALEZ, XIMENA JOANNA";"Apoyo Logistico";"23";"AUXILIAR";"Región Metropolitana de Santiago";"(01)";"$ 963.775";"$ 848.001";"$ 0";-;"Sí";"$ 101.135 : 32,00 hrs";"$ 235.139 : 62,00 hrs";"No tiene";"01/01/2026";"31/12/2026";"No informa";"Sin observaciones";
"2026";"Julio";"Profesional";"REBOLLEDO SEPULVEDA, BARBARA GABRIELA";"Apoyo Administrativo";"8";"ENFERMERA (O)";"Región Metropolitana de Santiago";"(186)";"$ 2.784.029";"$ 2.221.707";"$ 0";-;"No";"No tiene";"No tiene";"No tiene";"01/01/2026";"31/12/2026";"No informa";"Sin observaciones";
"2026";"Julio";"Médicos cirujanos, farmacéuticos, químico-farmacéuticos, bioquímicos, cirujano-dentistas";"RECABARREN BAEZ, ALEXANDER";"Medicina Familiar";"44 Hrs.";"MEDICO CIRUJANO";"Región Metropolitana de Santiago";"(188)(86)(186)";"$ 6.167.546";"$ 5.052.967";"$ 0";-;"No";"No tiene";"No tiene";"No tiene";"01/01/2026";"31/12/2026";"No informa";"Sin observaciones";
"2026";"Julio";"Profesional";"REINOSO REYES, GISSELA ANDREA";"Atencion Clinica";"16";"FONOAUDIOLOGO (A)";"Región Metropolitana de Santiago";"(01)";"$ 1.435.009";"$ 1.132.499";"$ 0";-;"No";"No tiene";"No tiene";"No tiene";"08/06/2026";"07/08/2026";"No informa";"CONTRATO POR REEMPLAZO";
"2026";"Julio";"Técnico";"RENCA DIAZ, FRANCISCO JOVANO";"Atencion Clinica";"15";"TECNICO NIVEL SUPERIOR ENFERMERIA";"Región Metropolitana de Santiago";"(186)";"$ 1.032.773";"$ 873.450";"$ 0";-;"Sí";"$ 82.944 : 16,00 hrs";"$ 37.325 : 6,00 hrs";"No tiene";"01/01/2026";"31/12/2026";"No informa";"Sin observaciones";
"2026";"Julio";"Profesional";"RETAMAL LEAL, JOHANNA ELIZETT";"Apoyo Administrativo";"8";"ENFERMERA (O)";"Región Metropolitana de Santiago";"(01)";"$ 2.861.832";"$ 2.276.611";"$ 0";-;"No";"No tiene";"No tiene";"No tiene";"01/01/2026";"31/12/2026";"No informa";"Sin observaciones";
"2026";"Julio";"Profesional";"REYES ARACENA, CATHERINE ANDREA";"Atencion Clinica";"15";"ASISTENTE SOCIAL";"Región Metropolitana de Santiago";"(01)";"$ 756.294";"$ 618.119";"$ 0";-;"No";"No tiene";"No tiene";"No tiene";"01/01/2026";"31/12/2026";"No informa";"Sin observaciones";
"2026";"Julio";"Administrativo";"REYES CONCHA, DANIELA LUISA";"Apoyo Administrativo";"21";"ADMINISTRATIVO";"Región Metropolitana de Santiago";"(01)";"$ 721.975";"$ 588.771";"$ 0";-;"No";"No tiene";"No tiene";"No tiene";"01/01/2026";"31/12/2026";"No informa";"Sin observaciones";
"2026";"Julio";"Administrativo";"REYES CRUZ, MARIA JULIA";"ENCARGADO (A)";"19";"INGENIERO (A) ADMINISTRACION DE EMPRESAS";"Región Metropolitana de Santiago";"(186)";"$ 1.460.301";"$ 1.065.096";"$ 0";"$ 0";"Sí";"$ 174.563 : 32,00 hrs";"$ 196.384 : 30,00 hrs";"No tiene";"01/01/2026";"31/12/2026";"No informa";"REMUNERACION JUL.2026";
"2026";"Julio";"Profesional";"REYES DAVEY, RODRIGO ANDRES";"Apoyo Administrativo";"8";"INGENIERO (A) COMERCIAL";"Región Metropolitana de Santiago";"(186)";"$ 2.784.029";"$ 2.239.347";"$ 0";-;"No";"No tiene";"No tiene";"No tiene";"01/01/2026";"31/12/2026";"No informa";"Sin observaciones";
"2026";"Julio";"Técnico";"REYES PAREDES, LISSETTE VANESSA";"Atencion Clinica";"20";"TECNICO NIVEL SUPERIOR ENFERMERIA";"Región Metropolitana de Santiago";"(186)";"$ 761.830";"$ 623.482";"$ 0";-;"No";"No tiene";"No tiene";"No tiene";"01/01/2026";"31/12/2026";"No informa";"Sin observaciones";
"2026";"Julio";"Médicos cirujanos, farmacéuticos, químico-farmacéuticos, bioquímicos, cirujano-dentistas";"REYES PUEBLA, MARCELA PAZ";"Atencion Clinica Medica";"44 Hrs.";"MEDICO CIRUJANO";"Región Metropolitana de Santiago";"(86)(186)";"$ 4.107.600";"$ 3.317.404";"$ 0";-;"Sí";"$ 289.344 : 24,00 hrs";"$ 303.828 : 21,00 hrs";"No tiene";"01/01/2026";"31/12/2026";"No informa";"Sin observaciones";
"2026";"Julio";"Médicos cirujanos, farmacéuticos, químico-farmacéuticos, bioquímicos, cirujano-dentistas";"REYES TORRES, VIVIANA DE LOS ANGELES";"Atencion Clinica Medica";"44 Hrs.";"MEDICO CIRUJANO";"Región Metropolitana de Santiago";"(86)(186)";"$ 5.976.084";"$ 4.882.614";"$ 0";-;"No";"No tiene";"No tiene";"No tiene";"01/01/2026";"31/12/2026";"No informa";"Sin observaciones";
"2026";"Julio";"Médicos cirujanos, farmacéuticos, químico-farmacéuticos, bioquímicos, cirujano-dentistas";"REYES ULLOA, JORGE IGNACIO ENRIQUE";"Atencion Clinica Medica";"44 Hrs.";"MEDICO CIRUJANO";"Región Metropolitana de Santiago";"(86)";"$ 3.049.448";"$ 2.441.466";"$ 0";-;"No";"No tiene";"No tiene";"No tiene";"01/01/2026";"31/12/2026";"No informa";"Sin observaciones";
"2026";"Julio";"Profesional";"REYES VALENZUELA, PAULINA ANDREA";"Atencion Clinica";"16";"NUTRICIONISTA";"Región Metropolitana de Santiago";"(186)";"$ 1.914.230";"$ 1.613.447";"$ 0";-;"Sí";"$ 269.000 : 35,00 hrs";"$ 147.566 : 16,00 hrs";"No tiene";"01/01/2026";"30/09/2026";"No informa";"Sin observaciones";
"2026";"Julio";"Técnico";"RICHE CALAMULLO, TIFFANI BRIGGIT";"Atencion Clinica";"20";"TECNICO NIVEL SUPERIOR ENFERMERIA";"Región Metropolitana de Santiago";"(186)";"$ 767.886";"$ 632.891";"$ 0";-;"No";"No tiene";"No tiene";"No tiene";"01/01/2026";"31/12/2026";"No informa";"Sin observaciones";
"2026";"Julio";"Médicos cirujanos, farmacéuticos, químico-farmacéuticos, bioquímicos, cirujano-dentistas";"RIFFO FERNANDEZ, DANILO RODRIGO";"Odontopediatria";"44 Hrs.";"CIRUJANO DENTISTA";"Región Metropolitana de Santiago";"(188)(86)(186)";"$ 6.263.277";"$ 5.098.658";"$ 0";-;"No";"No tiene";"No tiene";"No tiene";"01/01/2026";"31/12/2026";"No informa";"Sin observaciones";
"2026";"Julio";"Técnico";"RIFFO GONZALEZ, MARINA INES";"Atencion Clinica";"22";"TECNICO NIVEL SUPERIOR ENFERMERIA";"Región Metropolitana de Santiago";"(186)";"$ 844.582";"$ 706.628";"$ 0";-;"Sí";"$ 63.924 : 18,00 hrs";"$ 25.570 : 6,00 hrs";"No tiene";"01/01/2026";"31/12/2026";"No informa";"Sin observaciones";
"2026";"Julio";"Técnico";"RIFFO VALENCIA, RUTH MYRIAM";"Atencion Clinica";"22";"TECNICO NIVEL SUPERIOR ENFERMERIA";"Región Metropolitana de Santiago";"(186)";"$ 756.424";"$ 616.939";"$ 0";-;"No";"No tiene";"No tiene";"No tiene";"01/01/2026";"31/12/2026";"No informa";"Sin observaciones";
"2026";"Julio";"Profesional";"RIFO PEÑA, RAFAEL ALBERTO ORIEL";"Apoyo Administrativo";"11";"ENFERMERO (A) MATRON (A)";"Región Metropolitana de Santiago";"(01)";"$ 2.144.971";"$ 1.723.917";"$ 0";-;"No";"No tiene";"No tiene";"No tiene";"01/01/2026";"31/12/2026";"No informa";"Sin observaciones";
"2026";"Julio";"Profesional";"RIOS CAMPOS, JUAN PABLO";"Apoyo Administrativo";"6";"INGENIERO (A) CIVIL INDUSTRIAL";"Región Metropolitana de Santiago";"(186)";"$ 3.460.268";"$ 2.727.708";"$ 0";-;"No";"No tiene";"No tiene";"No tiene";"01/01/2026";"31/12/2026";"No informa";"Sin observaciones";
"2026";"Julio";"Médicos cirujanos, farmacéuticos, químico-farmacéuticos, bioquímicos, cirujano-dentistas";"RIOS CUITIÑO, LUCAS ANDRES";"Atencion Clinica Medica";"44 Hrs.";"MEDICO CIRUJANO";"Región Metropolitana de Santiago";"(86)";"$ 3.049.448";"$ 2.440.323";"$ 0";-;"No";"No tiene";"No tiene";"No tiene";"06/04/2026";"31/12/2026";"No informa";"Sin observaciones";
"2026";"Julio";"Administrativo";"RIOS ESCOBAR, CECILIA CARMEN";"Secretaria";"13";"ADMINISTRATIVO";"Región Metropolitana de Santiago";"(186)";"$ 1.833.439";"$ 1.477.221";"$ 0";-;"No";"No tiene";"No tiene";"No tiene";"01/01/2026";"31/12/2026";"No informa";"Sin observaciones";
"2026";"Julio";"Profesional";"RIOS GONZALEZ, LORENA ANDREA";"Atencion Clinica";"13";"NUTRICIONISTA";"Región Metropolitana de Santiago";"(186)";"$ 2.162.412";"$ 1.800.153";"$ 0";-;"Sí";"$ 238.133 : 24,00 hrs";"$ 119.067 : 10,00 hrs";"No tiene";"01/01/2026";"31/12/2026";"No informa";"Sin observaciones";
"2026";"Julio";"Administrativo";"RIOS SANDOVAL, IRMA ROSA";"Apoyo Administrativo";"22";"ADMINISTRATIVO";"Región Metropolitana de Santiago";"(186)";"$ 700.605";"$ 572.605";"$ 0";-;"No";"No tiene";"No tiene";"No tiene";"01/01/2026";"31/12/2026";"No informa";"Sin observaciones";
"2026";"Julio";"Técnico";"RIOS SEPULVEDA, IGNACIO ELIAS";"Atencion Clinica";"20";"TECNICO NIVEL SUPERIOR ENFERMERIA";"Región Metropolitana de Santiago";"(186)";"$ 767.886";"$ 632.891";"$ 0";-;"No";"No tiene";"No tiene";"No tiene";"01/01/2026";"31/12/2026";"No informa";"Sin observaciones";
"2026";"Julio";"Profesional";"RIOSECO DIAZ, CAMILA ALEJANDRA";"Atencion Clinica";"15";"TERAPEUTA OCUPACIONAL";"Región Metropolitana de Santiago";"(01)";"$ 1.512.586";"$ 1.227.074";"$ 0";-;"No";"No tiene";"No tiene";"No tiene";"01/01/2026";"31/07/2026";"No informa";"Sin observaciones";
"2026";"Julio";"Administrativo";"RIQUELME ACEVEDO, ANA MARJORIE";"Apoyo Administrativo";"21";"ADMINISTRATIVO";"Región Metropolitana de Santiago";"(202)(186)";"$ 1.074.477";"$ 878.170";"$ 0";-;"No";"No tiene";"No tiene";"No tiene";"01/01/2026";"31/12/2026";"No informa";"Sin observaciones";
"2026";"Julio";"Profesional";"RIQUELME CAMPOS, JESIEE KARINA";"Atencion Clinica";"13";"NUTRICIONISTA";"Región Metropolitana de Santiago";"(01)";"$ 1.795.022";"$ 1.444.150";"$ 0";-;"No";"No tiene";"No tiene";"No tiene";"01/02/2026";"31/12/2026";"No informa";"Sin observaciones";
"2026";"Julio";"Técnico";"RIQUELME FUENTES, CRISTIAN LUIS";"ATENCION CLINICA";"22";"TECNICO NIVEL SUPERIOR ENFERMERIA";"Región Metropolitana de Santiago";"(202)(204)(186)";"$ 1.385.954";"$ 848.920";"$ 0";"$ 0";"Sí";"$ 95.055 : 27,00 hrs";"$ 194.335 : 46,00 hrs";"No tiene";"01/01/2026";"31/12/2026";"No informa";"REMUNERACION JUL.2026";
"2026";"Julio";"Profesional";"RIQUELME HUENULAO, MARCO ANDRES";"ATENCION CLINICA";"13";"ENFERMERA (O)";"Región Metropolitana de Santiago";"(203)(204)(186)";"$ 3.534.144";"$ 2.857.880";"$ 0";"$ 0";"Sí";"$ 404.004 : 40,00 hrs";"$ 606.006 : 50,00 hrs";"No tiene";"01/01/2026";"31/12/2026";"No informa";"REMUNERACION JUL.2026";
"2026";"Julio";"Profesional";"RIQUELME MARIN, JORGE ALEJANDRO";"Apoyo Administrativo";"6";"PSICOLOGO (A)";"Región Metropolitana de Santiago";"(186)";"$ 3.477.811";"$ 2.740.053";"$ 0";-;"No";"No tiene";"No tiene";"No tiene";"01/01/2026";"31/12/2026";"No informa";"Sin observaciones";
"2026";"Julio";"Técnico";"RIQUELME MOLINA, PAOLA PAZ";"Apoyo Administrativo";"22";"TECNICO NIVEL SUPERIOR DE PARVULO";"Región Metropolitana de Santiago";"(186)";"$ 737.756";"$ 601.639";"$ 0";-;"No";"No tiene";"No tiene";"No tiene";"01/01/2026";"31/12/2026";"No informa";"Sin observaciones";
"2026";"Julio";"Técnico";"RIQUELME PEÑALOZA, CONSTANZA ADELINA";"Atencion Clinica";"20";"TECNICO NIVEL SUPERIOR ENFERMERIA";"Región Metropolitana de Santiago";"(186)";"$ 761.830";"$ 627.900";"$ 0";-;"No";"No tiene";"No tiene";"No tiene";"01/01/2026";"31/12/2026";"No informa";"Sin observaciones";
"2026";"Julio";"Profesional";"RIQUELME YAÑEZ, FRANCISCA ANDREA";"Atencion Clinica";"15";"MATRON (A)";"Región Metropolitana de Santiago";"(186)";"$ 1.614.094";"$ 1.315.813";"$ 0";-;"No";"No tiene";"No tiene";"No tiene";"01/01/2026";"31/12/2026";"No informa";"Sin observaciones";
"2026";"Julio";"Médicos cirujanos, farmacéuticos, químico-farmacéuticos, bioquímicos, cirujano-dentistas";"RIVAS HERRERA, ANGELINA FRANCOISE";"Quimico Farmaceutico";"22 Hrs.";"QUIMICO FARMACEUTICO";"Región Metropolitana de Santiago";"(188)(186)";"$ 2.529.903";"$ 2.190.972";"$ 0";-;"No";"No tiene";"No tiene";"No tiene";"01/01/2026";"31/12/2026";"No informa";"Sin observaciones";
"2026";"Julio";"Médicos cirujanos, farmacéuticos, químico-farmacéuticos, bioquímicos, cirujano-dentistas";"RIVAS HERRERA, ANGELINA FRANCOISE";"Quimico Farmaceutico";"22 Hrs.";"QUIMICO FARMACEUTICO";"Región Metropolitana de Santiago";"(188)(186)";"$ 2.529.903";"$ 1.921.114";"$ 0";-;"No";"No tiene";"No tiene";"No tiene";"01/01/2026";"31/12/2026";"No informa";"Sin observaciones";
"2026";"Julio";"Administrativo";"RIVAS MARTINEZ, HELENN ROSEMARIE";"APOYO ADMINISTRATIVO";"15";"ADMINISTRATIVO";"Región Metropolitana de Santiago";"(01)";"$ 903.770";"$ 640.836";"$ 0";"$ 0";"No";"No tiene";"No tiene";"No tiene";"01/01/2026";"31/12/2026";"No informa";"REMUNERACION JUL.2026";
"2026";"Julio";"Técnico";"RIVAS RIVERA, ANGELICA LORENA";"Atencion Clinica";"20";"TECNICO NIVEL SUPERIOR ENFERMERIA";"Región Metropolitana de Santiago";"(186)";"$ 864.066";"$ 723.773";"$ 0";-;"Sí";"$ 48.090 : 12,00 hrs";"$ 48.090 : 10,00 hrs";"No tiene";"01/01/2026";"31/12/2026";"No informa";"Sin observaciones";
"2026";"Julio";"Profesional";"RIVERA ACEVEDO, RODRIGO EDUARDO";"Apoyo Administrativo";"8";"INGENIERO (A) BIOMEDICO";"Región Metropolitana de Santiago";"(186)";"$ 2.784.029";"$ 2.240.188";"$ 0";-;"No";"No tiene";"No tiene";"No tiene";"01/01/2026";"31/12/2026";"No informa";"Sin observaciones";
"2026";"Julio";"Médicos cirujanos, farmacéuticos, químico-farmacéuticos, bioquímicos, cirujano-dentistas";"RIVERA BASOALTO, PAULA JAVIERA";"Atencion Clinica Medica";"22 Hrs.";"MÉDICOS CIRUJANOS, FARMACÉUTICOS, QUÍMICO-FARMACÉUTICOS, BIOQUÍMICOS, CIRUJANO-DENTISTAS";"Región Metropolitana de Santiago";"(186)";"$ 1.210.180";"$ 949.869";"$ 0";-;"No";"No tiene";"No tiene";"No tiene";"01/01/2026";"31/12/2026";"No informa";"Sin observaciones";
"2026";"Julio";"Médicos cirujanos, farmacéuticos, químico-farmacéuticos, bioquímicos, cirujano-dentistas";"RIVERA BASOALTO, PAULA JAVIERA";"Atencion Clinica Medica";"22 Hrs.";"MÉDICOS CIRUJANOS, FARMACÉUTICOS, QUÍMICO-FARMACÉUTICOS, BIOQUÍMICOS, CIRUJANO-DENTISTAS";"Región Metropolitana de Santiago";"(186)";"$ 1.210.180";"$ 990.411";"$ 0";-;"No";"No tiene";"No tiene";"No tiene";"01/01/2026";"31/12/2026";"No informa";"Sin observaciones";
"2026";"Julio";"Médicos cirujanos, farmacéuticos, químico-farmacéuticos, bioquímicos, cirujano-dentistas";"RIVERA FLORES, DIEGO ALONSO";"Medico Becario Primario";"44 Hrs.";"MEDICO CIRUJANO";"Región Metropolitana de Santiago";"(01)";"$ 2.916.243";"$ 2.407.067";"$ 0";-;"No";"No tiene";"No tiene";"No tiene";"07/04/2025";"06/04/2027";"No informa";"Sin observaciones";
"2026";"Julio";"Profesional";"RIVERA GARRIDO, LORENA ROSA";"Atencion Clinica";"15";"NUTRICIONISTA";"Región Metropolitana de Santiago";"(01)";"$ 1.512.586";"$ 1.235.497";"$ 0";-;"No";"No tiene";"No tiene";"No tiene";"02/07/2026";"30/09/2026";"No informa";"Sin observaciones";
"2026";"Julio";"Profesional";"RIVERA MENDEZ, FELIPE";"Atencion Clinica";"16";"PSICOLOGO (A)";"Región Metropolitana de Santiago";"(186)";"$ 1.760.933";"$ 1.462.632";"$ 0";-;"Sí";"$ 255.182 : 33,00 hrs";"No tiene";"No tiene";"01/01/2026";"31/12/2026";"No informa";"Sin observaciones";
"2026";"Julio";"Médicos cirujanos, farmacéuticos, químico-farmacéuticos, bioquímicos, cirujano-dentistas";"RIVERA REGUEIRO, BERTHA";"Atencion Clinica Medica";"22 Hrs.";"MEDICO CIRUJANO";"Región Metropolitana de Santiago";"(01)";"$ 977.690";"$ 780.037";"$ 0";-;"No";"No tiene";"No tiene";"No tiene";"01/01/2026";"30/09/2026";"No informa";"Sin observaciones";
"2026";"Julio";"Médicos cirujanos, farmacéuticos, químico-farmacéuticos, bioquímicos, cirujano-dentistas";"RIVERA REGUEIRO, BERTHA";"Atencion Clinica Medica";"22 Hrs.";"MEDICO CIRUJANO";"Región Metropolitana de Santiago";"(01)";"$ 977.690";"$ 805.811";"$ 0";-;"No";"No tiene";"No tiene";"No tiene";"01/01/2026";"30/09/2026";"No informa";"Sin observaciones";
"2026";"Julio";"Técnico";"RIVERA VALDES, ENRIQUE FRANCISCO";"Apoyo Administrativo";"20";"TECNICO EN MANTENCION ELECTRICA";"Región Metropolitana de Santiago";"(186)";"$ 971.841";"$ 835.797";"$ 0";-;"Sí";"$ 79.445 : 20,00 hrs";"$ 147.768 : 31,00 hrs";"No tiene";"01/01/2026";"31/12/2026";"No informa";"Sin observaciones";
"2026";"Julio";"Profesional";"RIVERA VILLARROEL, CONSTANZA ALEJANDRA";"Atencion Clinica";"13";"KINESIOLOGO (A)";"Región Metropolitana de Santiago";"(01)";"$ 1.795.022";"$ 1.443.977";"$ 0";-;"No";"No tiene";"No tiene";"No tiene";"01/01/2026";"31/12/2026";"No informa";"Sin observaciones";
"2026";"Julio";"Profesional";"ROA BERROCAL, FRANCISCO JAVIER";"Apoyo Administrativo";"6";"CONTADOR (A) AUDITOR (A)";"Región Metropolitana de Santiago";"(186)";"$ 3.442.726";"$ 2.709.232";"$ 0";-;"No";"No tiene";"No tiene";"No tiene";"01/01/2026";"31/12/2026";"No informa";"Sin observaciones";
"2026";"Julio";"Médicos cirujanos, farmacéuticos, químico-farmacéuticos, bioquímicos, cirujano-dentistas";"ROA DIAZ, NICOLAS ANDRES";"Atencion Odontologica";"22 Hrs.";"CIRUJANO DENTISTA";"Región Metropolitana de Santiago";"(188)(86)(186)";"$ 2.447.784";"$ 2.124.666";"$ 0";-;"No";"No tiene";"No tiene";"No tiene";"01/01/2026";"31/12/2026";"No informa";"Sin observaciones";
"2026";"Julio";"Médicos cirujanos, farmacéuticos, químico-farmacéuticos, bioquímicos, cirujano-dentistas";"ROA DIAZ, NICOLAS ANDRES";"Atencion Odontologica";"22 Hrs.";"CIRUJANO DENTISTA";"Región Metropolitana de Santiago";"(188)(86)(186)";"$ 2.447.848";"$ 1.872.757";"$ 0";-;"No";"No tiene";"No tiene";"No tiene";"01/01/2026";"31/12/2026";"No informa";"Sin observaciones";
"2026";"Julio";"Auxiliar";"ROA TORO, FRANCISCO JAVIER";"CONDUCTOR";"22";"AUXILIAR";"Región Metropolitana de Santiago";"(205)(203)(204)";"$ 936.584";"$ 683.228";"$ 0";"$ 0";"No";"No tiene";"No tiene";"No tiene";"01/01/2026";"31/12/2026";"No informa";"REMUNERACION JUL.2026";
"2026";"Julio";"Médicos cirujanos, farmacéuticos, químico-farmacéuticos, bioquímicos, cirujano-dentistas";"ROBLES ROSALES, JUAN ALEJANDRO";"Atencion Odontologica";"22 Hrs.";"CIRUJANO DENTISTA";"Región Metropolitana de Santiago";"(188)(186)";"$ 2.297.414";"$ 1.857.061";"$ 0";-;"No";"No tiene";"No tiene";"No tiene";"01/01/2026";"31/12/2026";"No informa";"Sin observaciones";
"2026";"Julio";"Médicos cirujanos, farmacéuticos, químico-farmacéuticos, bioquímicos, cirujano-dentistas";"ROCHA ARREDONDO, LUIS ALBERTO";"CIRUGIA GENERAL";"28 Hrs.";"MEDICO CIRUJANO";"Región Metropolitana de Santiago";"(194)(193)(198)(186)";"$ 4.295.647";"$ 2.437.087";"$ 0";"$ 0";"No";"No tiene";"No tiene";"No tiene";"01/01/2026";"31/12/2026";"No informa";"REMUNERACION JUL.2026";
"2026";"Julio";"Profesional";"ROCO MOLINA, JORGE RAUL";"Apoyo Administrativo";"6";"ARQUITECTO(A)";"Región Metropolitana de Santiago";"(186)";"$ 3.420.122";"$ 2.692.397";"$ 0";-;"No";"No tiene";"No tiene";"No tiene";"01/01/2026";"31/12/2026";"No informa";"Sin observaciones";
"2026";"Julio";"Técnico";"ROCO RIVERA, CYNTHIA ELIZABETH";"ATENCION CLINICA";"22";"TECNICO NIVEL SUPERIOR ENFERMERIA";"Región Metropolitana de Santiago";"(203)(204)(186)";"$ 931.644";"$ 751.162";"$ 0";"$ 0";"No";"No tiene";"No tiene";"No tiene";"01/01/2026";"31/12/2026";"No informa";"REMUNERACION JUL.2026";
"2026";"Julio";"Profesional";"RODRIGUEZ AROS, VALERIA JACQUELINE";"Atencion Clinica";"16";"NUTRICIONISTA";"Región Metropolitana de Santiago";"(01)";"$ 1.517.776";"$ 1.253.652";"$ 0";-;"Sí";"$ 37.958 : 5,00 hrs";"$ 91.099 : 10,00 hrs";"No tiene";"01/01/2026";"30/09/2026";"No informa";"Sin observaciones";
"2026";"Julio";"Médicos cirujanos, farmacéuticos, químico-farmacéuticos, bioquímicos, cirujano-dentistas";"RODRIGUEZ BRICEÑO, ALEJANDRO JOSE";"Atencion Clinica Medica";"44 Hrs.";"MEDICO CIRUJANO";"Región Metropolitana de Santiago";"(188)(186)";"$ 2.748.509";"$ 2.213.959";"$ 0";-;"No";"No tiene";"No tiene";"No tiene";"01/01/2026";"31/12/2026";"No informa";"Sin observaciones";
"2026";"Julio";"Técnico";"RODRIGUEZ CAMILO, CAROLINA JESUS";"Apoyo Logistico";"20";"TECNICO DE NIVEL SUPERIOR EN ENFERMERIA E INSTRUMENTACION QUIRURGICA";"Región Metropolitana de Santiago";"(186)(186)";"$ 761.830";"$ 616.082";"$ 0";-;"No";"No tiene";"No tiene";"No tiene";"01/01/2026";"31/12/2026";"No informa";"Sin observaciones";
"2026";"Julio";"Médicos cirujanos, farmacéuticos, químico-farmacéuticos, bioquímicos, cirujano-dentistas";"RODRIGUEZ MARCANO, JESUS SALVADOR";"Atencion Clinica Medica";"44 Hrs.";"MEDICO CIRUJANO";"Región Metropolitana de Santiago";"(186)(188)(186)";"$ 2.775.930";"$ 2.192.932";"$ 0";-;"No";"No tiene";"No tiene";"No tiene";"01/01/2026";"31/12/2026";"No informa";"Sin observaciones";
"2026";"Julio";"Técnico";"RODRIGUEZ MEDINA, YASMIN SOLEDAD";"Atencion Clinica";"22";"TECNICO NIVEL SUPERIOR ENFERMERIA";"Región Metropolitana de Santiago";"(186)";"$ 783.823";"$ 651.549";"$ 0";-;"Sí";"$ 31.408 : 9,00 hrs";"No tiene";"No tiene";"01/01/2026";"31/12/2026";"No informa";"Sin observaciones";
"2026";"Julio";"Técnico";"RODRIGUEZ PEÑA, MARCELO ANTONIO";"ATENCION CLINICA";"22";"TECNICO NIVEL SUPERIOR ENFERMERIA";"Región Metropolitana de Santiago";"(202)(204)(186)";"$ 1.100.746";"$ 482.319";"$ 0";"$ 0";"No";"No tiene";"No tiene";"No tiene";"01/01/2026";"31/12/2026";"No informa";"REMUNERACION JUL.2026";
"2026";"Julio";"Profesional";"RODRIGUEZ PIÑA, MARIA PAZ";"Atencion Clinica";"16";"MATRON (A)";"Región Metropolitana de Santiago";"(186)";"$ 1.505.751";"$ 1.230.089";"$ 0";-;"No";"No tiene";"No tiene";"No tiene";"01/01/2026";"31/12/2026";"No informa";"Sin observaciones";
"2026";"Julio";"Profesional";"RODRIGUEZ PIÑEIRO, LUNA AURORA";"Apoyo Administrativo";"6";"ADMINISTRADOR (A) PUBLICO";"Región Metropolitana de Santiago";"(186)";"$ 3.442.726";"$ 2.708.914";"$ 0";-;"No";"No tiene";"No tiene";"No tiene";"01/01/2026";"31/12/2026";"No informa";"Sin observaciones";
"2026";"Julio";"Técnico";"RODRIGUEZ QUINCHAGUAL, EVELYN DEL CARMEN";"Atencion Clinica";"22";"TECNICO NIVEL SUPERIOR ENFERMERIA";"Región Metropolitana de Santiago";"(186)";"$ 756.424";"$ 616.939";"$ 0";-;"No";"No tiene";"No tiene";"No tiene";"01/01/2026";"31/12/2026";"No informa";"Sin observaciones";
"2026";"Julio";"Médicos cirujanos, farmacéuticos, químico-farmacéuticos, bioquímicos, cirujano-dentistas";"RODRIGUEZ QUINTANA, JESUS ALFREDO";"Atencion Clinica Medica";"44 Hrs.";"MEDICO CIRUJANO";"Región Metropolitana de Santiago";"(188)(186)";"$ 2.748.509";"$ 2.214.836";"$ 0";-;"No";"No tiene";"No tiene";"No tiene";"01/01/2026";"31/12/2026";"No informa";"Sin observaciones";
"2026";"Julio";"Administrativo";"RODRIGUEZ RIVERA, VICTOR ALEJANDRO";"Apoyo Administrativo";"16";"ADMINISTRATIVO";"Región Metropolitana de Santiago";"(01)";"$ 1.116.057";"$ 967.260";"$ 0";-;"Sí";"$ 154.093 : 32,00 hrs";"$ 115.569 : 20,00 hrs";"No tiene";"01/01/2026";"31/12/2026";"No informa";"Sin observaciones";
"2026";"Julio";"Auxiliar";"RODRIGUEZ RODRIGUEZ, BENJAMIN ANDRES";"CONDUCTOR";"22";"AUXILIAR";"Región Metropolitana de Santiago";"(205)(203)(204)";"$ 1.216.072";"$ 866.119";"$ 0";"$ 0";"Sí";"$ 55.344 : 16,00 hrs";"$ 224.144 : 54,00 hrs";"No tiene";"01/01/2026";"31/12/2026";"No informa";"REMUNERACION JUL.2026";
"2026";"Julio";"Médicos cirujanos, farmacéuticos, químico-farmacéuticos, bioquímicos, cirujano-dentistas";"RODRIGUEZ RODRIGUEZ, JOSE CARLOS";"Medico Becario Primario";"44 Hrs.";"MEDICO CIRUJANO";"Región Metropolitana de Santiago";"(01)";"$ 2.916.243";"$ 2.383.446";"$ 0";-;"No";"No tiene";"No tiene";"No tiene";"08/05/2025";"31/12/2026";"No informa";"Sin observaciones";
"2026";"Julio";"Auxiliar";"RODRIGUEZ SALAS, JOEL ALEJANDRO";"Chofer";"23";"AUXILIAR";"Región Metropolitana de Santiago";"(01)";"$ 901.830";"$ 787.876";"$ 0";-;"Sí";"$ 126.419 : 40,00 hrs";"$ 147.910 : 39,00 hrs";"No tiene";"01/01/2026";"31/12/2026";"No informa";"Sin observaciones";
"2026";"Julio";"Auxiliar";"RODRIGUEZ TAPIA, JUAN RAMON";"Chofer";"19";"AUXILIAR";"Región Metropolitana de Santiago";"(205)(186)";"$ 1.105.372";"$ 869.207";"$ 0";-;"Sí";"No tiene";"$ 257.154 : 99,00 hrs";"No tiene";"01/01/2026";"31/12/2026";"No informa";"Sin observaciones";
"2026";"Julio";"Profesional";"RODRIGUEZ VILLABLANCA, DANIELA VICTORIA";"Atencion Clinica";"14";"NUTRICIONISTA";"Región Metropolitana de Santiago";"(186)";"$ 1.929.824";"$ 1.611.664";"$ 0";-;"Sí";"$ 272.772 : 30,00 hrs";"No tiene";"No tiene";"01/01/2026";"31/12/2026";"No informa";"Sin observaciones";
"2026";"Julio";"Profesional";"ROJAS ALVAREZ, ARNALDO RENZO";"Apoyo Administrativo";"7";"INGENIERO (A) CONSTRUCTOR";"Región Metropolitana de Santiago";"(186)";"$ 3.056.093";"$ 2.417.534";"$ 0";-;"No";"No tiene";"No tiene";"No tiene";"01/01/2026";"31/12/2026";"No informa";"Sin observaciones";
"2026";"Julio";"Profesional";"ROJAS CORALES, JOSE OMAR";"Subdirector";"5";"ADMINISTRADOR (A) PUBLICO";"Región Metropolitana de Santiago";"(36)(186)";"$ 4.771.001";"$ 3.862.271";"$ 0";-;"No";"No tiene";"No tiene";"No tiene";"01/01/2026";"31/12/2026";"No informa";"Sin observaciones";
"2026";"Julio";"Auxiliar";"ROJAS DONOSO, GUSTAVO CEDERICK";"CONDUCTOR";"22";"AUXILIAR";"Región Metropolitana de Santiago";"(205)(202)(204)";"$ 1.647.755";"$ 1.040.502";"$ 0";"$ 0";"Sí";"$ 138.360 : 40,00 hrs";"$ 415.081 : 100,00 hrs";"No tiene";"01/01/2026";"31/12/2026";"No informa";"REMUNERACION JUL.2026";
"2026";"Julio";"Administrativo";"ROJAS LAZO, HERNAN ANDRES";"Apoyo Administrativo";"13";"ADMINISTRATIVO";"Región Metropolitana de Santiago";"(186)";"$ 2.302.728";"$ 1.943.323";"$ 0";-;"Sí";"$ 243.857 : 25,00 hrs";"$ 245.809 : 21,00 hrs";"No tiene";"01/01/2026";"31/12/2026";"No informa";"Sin observaciones";
"2026";"Julio";"Profesional";"ROJAS MANCILLA, CARLA ANGELICA";"Apoyo Administrativo";"8";"KINESIOLOGO (A)";"Región Metropolitana de Santiago";"(186)";"$ 2.921.716";"$ 2.320.702";"$ 0";-;"No";"No tiene";"No tiene";"No tiene";"01/01/2026";"31/12/2026";"No informa";"Sin observaciones";
"2026";"Julio";"Administrativo";"ROJAS MARTINEZ, LEYLA SOLANGE";"Apoyo Administrativo";"21";"ADMINISTRATIVO";"Región Metropolitana de Santiago";"(186)";"$ 733.294";"$ 598.002";"$ 0";-;"No";"No tiene";"No tiene";"No tiene";"01/01/2026";"31/12/2026";"No informa";"Sin observaciones";
"2026";"Julio";"Auxiliar";"ROJAS MEDINA, LEOPOLDO HUMBERTO";"CONDUCTOR";"22";"AUXILIAR";"Región Metropolitana de Santiago";"(205)(202)(204)(186)";"$ 1.111.644";"$ 684.328";"$ 0";"$ 0";"No";"No tiene";"No tiene";"No tiene";"01/01/2026";"31/12/2026";"No informa";"REMUNERACION JUL.2026";
"2026";"Julio";"Profesional";"ROJAS MIGONE, ALEJANDRA DENISSE";"Atencion Clinica";"12";"ENFERMERA (O)";"Región Metropolitana de Santiago";"(186)";"$ 2.669.973";"$ 2.232.999";"$ 0";-;"Sí";"$ 387.892 : 36,00 hrs";"$ 206.876 : 16,00 hrs";"No tiene";"01/01/2026";"10/08/2026";"No informa";"Sin observaciones";
"2026";"Julio";"Médicos cirujanos, farmacéuticos, químico-farmacéuticos, bioquímicos, cirujano-dentistas";"ROJAS MORALES, RUBEN ANDRES";"Quimico Farmaceutico";"44 Hrs.";"QUIMICO FARMACEUTICO";"Región Metropolitana de Santiago";"(188)(186)";"$ 4.519.614";"$ 3.650.227";"$ 0";-;"No";"No tiene";"No tiene";"No tiene";"01/01/2026";"31/12/2026";"No informa";"Sin observaciones";
"2026";"Julio";"Técnico";"ROJAS REUQUE, ELISA DEL CARMEN";"Atencion Clinica";"20";"TECNICO NIVEL SUPERIOR ODONTOLOGIA";"Región Metropolitana de Santiago";"(186)";"$ 767.886";"$ 626.211";"$ 0";-;"No";"No tiene";"No tiene";"No tiene";"01/01/2026";"31/12/2026";"No informa";"Sin observaciones";
"2026";"Julio";"Auxiliar";"ROJAS REYES, JULIO ARMANDO";"Apoyo Logistico";"16";"AUXILIAR";"Región Metropolitana de Santiago";"(205)";"$ 1.482.169";"$ 1.298.417";"$ 0";-;"Sí";"$ 144.462 : 30,00 hrs";"$ 416.050 : 72,00 hrs";"No tiene";"01/01/2026";"31/12/2026";"No informa";"Sin observaciones";
"2026";"Julio";"Técnico";"ROJAS REYES, YUPSY DEL TRANSITO";"Atencion Clinica";"20";"TECNICO NIVEL SUPERIOR ENFERMERIA";"Región Metropolitana de Santiago";"(186)";"$ 847.631";"$ 707.073";"$ 0";-;"Sí";"$ 47.667 : 12,00 hrs";"$ 38.134 : 8,00 hrs";"No tiene";"01/01/2026";"31/12/2026";"No informa";"Sin observaciones";
"2026";"Julio";"Profesional";"ROJAS RIVERA, MARCELO EXEQUIEL";"Atencion Clinica";"13";"TRABAJADOR (A) SOCIAL";"Región Metropolitana de Santiago";"(01)";"$ 2.613.707";"$ 2.223.955";"$ 0";-;"Sí";"$ 394.517 : 40,00 hrs";"$ 331.394 : 28,00 hrs";"No tiene";"01/01/2026";"31/12/2026";"No informa";"Sin observaciones";
"2026";"Julio";"Profesional";"ROJEL SILVA, ESTEPHANIE DEL CARMEN";"Apoyo Administrativo";"8";"PSICOLOGO (A)";"Región Metropolitana de Santiago";"(01)";"$ 2.861.832";"$ 2.272.051";"$ 0";-;"No";"No tiene";"No tiene";"No tiene";"01/01/2026";"31/12/2026";"No informa";"Sin observaciones";
"2026";"Julio";"Profesional";"ROJO OPORTO, NATALIA BEATRIZ";"Atencion Clinica";"15";"PSICOLOGO (A)";"Región Metropolitana de Santiago";"(186)(186)";"$ 1.622.830";"$ 1.302.714";"$ 0";-;"No";"No tiene";"No tiene";"No tiene";"01/01/2026";"31/12/2026";"No informa";"Sin observaciones";
"2026";"Julio";"Médicos cirujanos, farmacéuticos, químico-farmacéuticos, bioquímicos, cirujano-dentistas";"ROMAGNOLI PRADO, JEAN CHRISTOPHE";"Medico General Especialidad Basica";"22 Hrs.";"MEDICO CIRUJANO";"Región Metropolitana de Santiago";"(188)(186)";"$ 2.509.390";"$ 1.938.920";"$ 0";-;"No";"No tiene";"No tiene";"No tiene";"01/01/2026";"31/12/2026";"No informa";"Sin observaciones";
"2026";"Julio";"Médicos cirujanos, farmacéuticos, químico-farmacéuticos, bioquímicos, cirujano-dentistas";"ROMAGNOLI PRADO, JEAN CHRISTOPHE";"Medico General Especialidad Basica";"11 Hrs.";"MEDICO CIRUJANO";"Región Metropolitana de Santiago";"(188)(186)";"$ 1.254.697";"$ 1.030.827";"$ 0";-;"No";"No tiene";"No tiene";"No tiene";"01/01/2026";"31/12/2026";"No informa";"Sin observaciones";
"2026";"Julio";"Profesional";"ROMAN ARAVENA, MARCELA ANDREA";"Atencion Clinica";"15";"ENFERMERA (O)";"Región Metropolitana de Santiago";"(220)(186)";"$ 1.896.683";"$ 1.558.776";"$ 0";-;"Sí";"$ 67.076 : 8,00 hrs";"$ 130.799 : 13,00 hrs";"No tiene";"01/01/2026";"31/12/2026";"No informa";"Sin observaciones";
"2026";"Julio";"Técnico";"ROMAN CARO, KARLA FRANCISCA";"Atencion Clinica";"20";"TECNICO NIVEL SUPERIOR ENFERMERIA";"Región Metropolitana de Santiago";"(186)";"$ 767.886";"$ 627.593";"$ 0";-;"No";"No tiene";"No tiene";"No tiene";"01/01/2026";"31/12/2026";"No informa";"Sin observaciones";
"2026";"Julio";"Auxiliar";"ROMAN VILLALOBOS, FRANCISCO JAVIER";"CONDUCTOR";"24";"TECNICO NIVEL SUPERIOR ENFERMERIA";"Región Metropolitana de Santiago";"(01)";"$ 1.064.631";"$ 787.087";"$ 0";"$ 0";"Sí";"$ 81.598 : 28,00 hrs";"$ 355.532 : 169,00 hrs";"No tiene";"13/03/2026";"31/08/2026";"No informa";"PAGO BONO MENSUAL+REMUNERACION JUL.2026";
"2026";"Julio";"Administrativo";"ROMERO MONTENEGRO, SANDRA LISSETTE";"Apoyo Administrativo";"16";"CONTADOR (A) PUBLICO (A) AUDITOR";"Región Metropolitana de Santiago";"(186)";"$ 1.546.393";"$ 1.293.330";"$ 0";-;"Sí";"$ 174.818 : 24,00 hrs";"No tiene";"No tiene";"01/01/2026";"31/12/2026";"No informa";"Sin observaciones";
"2026";"Julio";"Profesional";"ROMERO PAREDES, NESTOR JULIAN";"Apoyo Administrativo";"13";"CONTADOR (A) AUDITOR (A)";"Región Metropolitana de Santiago";"(186)";"$ 1.834.979";"$ 1.485.608";"$ 0";-;"Sí";"$ 29.767 : 3,00 hrs";"No tiene";"No tiene";"01/01/2026";"30/09/2026";"No informa";"Sin observaciones";
"2026";"Julio";"Administrativo";"ROMERO PINCHEIRA, CESAR ENRIQUE";"Apoyo Administrativo";"16";"ADMINISTRATIVO";"Región Metropolitana de Santiago";"(186)";"$ 1.099.205";"$ 940.147";"$ 0";-;"Sí";"$ 142.375 : 29,00 hrs";"$ 94.263 : 16,00 hrs";"No tiene";"01/01/2026";"31/12/2026";"No informa";"Sin observaciones";
"2026";"Julio";"Profesional";"ROMERO POBLETE, SOFIA ANTONIA";"Atencion Clinica";"16";"MATRON (A)";"Región Metropolitana de Santiago";"(186)";"$ 1.604.576";"$ 1.335.570";"$ 0";-;"Sí";"$ 61.110 : 8,00 hrs";"$ 146.662 : 16,00 hrs";"No tiene";"01/01/2026";"30/09/2026";"No informa";"Sin observaciones";
"2026";"Julio";"Médicos cirujanos, farmacéuticos, químico-farmacéuticos, bioquímicos, cirujano-dentistas";"ROMO HEPP, JAVIERA ANTONIA";"Medico Becario Primario";"44 Hrs.";"MEDICO CIRUJANO";"Región Metropolitana de Santiago";"(01)";"$ 2.916.243";"$ 2.407.067";"$ 0";-;"No";"No tiene";"No tiene";"No tiene";"06/04/2026";"05/04/2027";"No informa";"Sin observaciones";
"2026";"Julio";"Técnico";"ROMO MIRANDA, CAMILA ALEXEI";"Atencion Clinica";"20";"TECNICO NIVEL SUPERIOR ENFERMERIA";"Región Metropolitana de Santiago";"(01)";"$ 760.037";"$ 619.811";"$ 0";-;"No";"No tiene";"No tiene";"No tiene";"01/01/2026";"31/12/2026";"No informa";"Sin observaciones";
"2026";"Julio";"Administrativo";"RONDA OLAVE, SANTIAGO ALEJANDRO";"Apoyo Administrativo";"14";"OTROS TECNICOS";"Región Metropolitana de Santiago";"(186)";"$ 1.763.574";"$ 1.541.417";"$ 0";-;"Sí";"$ 202.686 : 33,00 hrs";"$ 486.446 : 66,00 hrs";"No tiene";"01/01/2026";"31/12/2026";"No informa";"Sin observaciones";
"2026";"Julio";"Profesional";"ROQUE MALDONADO, MARIA JOSE";"Apoyo Administrativo";"10";"TECNOLOGO (A) MEDICO";"Región Metropolitana de Santiago";"(01)";"$ 2.333.878";"$ 1.888.384";"$ 0";-;"No";"No tiene";"No tiene";"No tiene";"01/01/2026";"31/12/2026";"No informa";"Sin observaciones";
"2026";"Julio";"Administrativo";"ROSAS ESPINOZA, MARIA JOSE";"Apoyo Administrativo";"22";"ADMINISTRATIVO";"Región Metropolitana de Santiago";"(186)";"$ 695.926";"$ 568.781";"$ 0";-;"No";"No tiene";"No tiene";"No tiene";"01/01/2026";"30/09/2026";"No informa";"Sin observaciones";
"2026";"Julio";"Profesional";"ROSSI MARIN, LUCIA GEORGINA";"Apoyo Administrativo";"7";"PERIODISTA";"Región Metropolitana de Santiago";"(186)";"$ 3.181.208";"$ 2.539.312";"$ 0";-;"No";"No tiene";"No tiene";"No tiene";"01/01/2026";"31/12/2026";"No informa";"Sin observaciones";
"2026";"Julio";"Administrativo";"ROZAS ARAVENA, LUIS JAVIER";"Apoyo Administrativo";"13";"ADMINISTRATIVO";"Región Metropolitana de Santiago";"(186)(186)";"$ 1.355.883";"$ 1.169.234";"$ 0";-;"Sí";"$ 242.397 : 40,00 hrs";"$ 36.360 : 5,00 hrs";"No tiene";"01/01/2026";"31/12/2026";"No informa";"Sin observaciones";
"2026";"Julio";"Auxiliar";"RUBILAR ALDANA, LUIS SANTIAGO";"CONDUCTOR";"22";"AUXILIAR";"Región Metropolitana de Santiago";"(205)(202)(204)(186)";"$ 1.311.413";"$ 831.775";"$ 0";"$ 0";"Sí";"$ 140.823 : 40,00 hrs";"$ 59.146 : 14,00 hrs";"No tiene";"01/01/2026";"31/12/2026";"No informa";"REMUNERACION JUL.2026";
"2026";"Julio";"Administrativo";"RUBINA PEREZ, ANDREA LORETO";"Apoyo Administrativo";"16";"ADMINISTRATIVO";"Región Metropolitana de Santiago";"(186)";"$ 854.481";"$ 696.914";"$ 0";-;"No";"No tiene";"No tiene";"No tiene";"01/01/2026";"31/12/2026";"No informa";"Sin observaciones";
"2026";"Julio";"Médicos cirujanos, farmacéuticos, químico-farmacéuticos, bioquímicos, cirujano-dentistas";"RUBINO GUTIERREZ, VICKY PAOLA";"CIRUGIA GENERAL";"28 Hrs.";"MEDICO CIRUJANO";"Región Metropolitana de Santiago";"(194)(193)(198)(186)";"$ 2.959.563";"$ 2.322.871";"$ 0";"$ 0";"No";"No tiene";"No tiene";"No tiene";"01/06/2026";"31/08/2026";"No informa";"REMUNERACION JUL.2026";
"2026";"Julio";"Auxiliar";"RUBIO GUTIERREZ, MAURICIO ANTONIO";"CONDUCTOR";"24";"AUXILIAR";"Región Metropolitana de Santiago";"(205)(202)";"$ 1.098.380";"$ 562.295";"$ 0";"$ 0";"Sí";"$ 75.769 : 26,00 hrs";"$ 125.893 : 36,00 hrs";"No tiene";"07/02/2026";"31/08/2026";"No informa";"REMUNERACION JUL.2026";
"2026";"Julio";"Profesional";"RUBIO PALACIOS, SOLEDAD PATRICIA";"APOYO ADMINISTRATIVO";"10";"ARQUITECTO";"Región Metropolitana de Santiago";"(01)";"$ 2.333.878";"$ 1.511.317";"$ 0";"$ 0";"No";"No tiene";"No tiene";"No tiene";"01/01/2026";"31/12/2026";"No informa";"REMUNERACION JUL.2026";
"2026";"Julio";"Profesional";"RUEDA NEIRA, ALEXANDRA CRISTINA";"Atencion Clinica";"15";"ENFERMERA (O)";"Región Metropolitana de Santiago";"(01)";"$ 1.512.586";"$ 1.235.497";"$ 0";-;"No";"No tiene";"No tiene";"No tiene";"01/01/2026";"31/12/2026";"No informa";"Sin observaciones";
"2026";"Julio";"Profesional";"RUFATT ZAFIRA, NADIA KATRINA";"Apoyo Administrativo";"10";"ENFERMERA (O)";"Región Metropolitana de Santiago";"(186)";"$ 2.490.826";"$ 1.991.102";"$ 0";-;"No";"No tiene";"No tiene";"No tiene";"01/01/2026";"31/12/2026";"No informa";"Sin observaciones";
"2026";"Julio";"Técnico";"RUIZ CUEVAS, MAGDALENA EDITH";"Atencion Clinica";"21";"TECNICO NIVEL SUPERIOR ENFERMERIA";"Región Metropolitana de Santiago";"(186)";"$ 736.321";"$ 606.876";"$ 0";-;"No";"No tiene";"No tiene";"No tiene";"01/01/2026";"31/12/2026";"No informa";"Sin observaciones";
"2026";"Julio";"Técnico";"RUIZ MUÑOZ, ANA CATALINA";"Atencion Clinica";"20";"TECNICO NIVEL SUPERIOR ENFERMERIA";"Región Metropolitana de Santiago";"(186)";"$ 761.830";"$ 627.900";"$ 0";-;"No";"No tiene";"No tiene";"No tiene";"01/01/2026";"31/12/2026";"No informa";"Sin observaciones";
"2026";"Julio";"Médicos cirujanos, farmacéuticos, químico-farmacéuticos, bioquímicos, cirujano-dentistas";"RUIZ MUÑOZ, PABLO IGNACIO";"Medico Becario Primario";"44 Hrs.";"MEDICO CIRUJANO";"Región Metropolitana de Santiago";"(01)";"$ 2.916.243";"$ 2.403.568";"$ 0";-;"No";"No tiene";"No tiene";"No tiene";"01/01/2026";"05/04/2027";"No informa";"Sin observaciones";
"2026";"Julio";"Profesional";"RUIZ PLAZA, JENNIFER ANDREA";"Atencion Clinica";"15";"ENFERMERA (O)";"Región Metropolitana de Santiago";"(01)";"$ 1.512.586";"$ 1.227.074";"$ 0";-;"No";"No tiene";"No tiene";"No tiene";"01/01/2026";"31/12/2026";"No informa";"Sin observaciones";
"2026";"Julio";"Técnico";"RUMINOT BARROS, VALESKA JOHANNA";"ATENCION CLINICA";"22";"TECNICO NIVEL MEDIO ENFERMERIA";"Región Metropolitana de Santiago";"(202)(204)(186)";"$ 1.393.731";"$ 882.736";"$ 0";"$ 0";"Sí";"$ 103.882 : 29,00 hrs";"$ 180.539 : 42,00 hrs";"No tiene";"01/01/2026";"31/12/2026";"No informa";"REMUNERACION JUL.2026";
"2026";"Julio";"Administrativo";"RUMINOT PINTO, IGNACIO JAVIER";"APOYO ADMINISTRATIVO";"22";"ADMINISTRATIVO";"Región Metropolitana de Santiago";"(01)";"$ 862.925";"$ 757.407";"$ 0";"$ 0";"Sí";"$ 110.688 : 32,00 hrs";"$ 199.239 : 86,00 hrs";"No tiene";"01/07/2026";"30/07/2026";"No informa";"PAGO BONO MENSUAL+REEMPLAZO JUL.2026 (01-10)+REEMPLAZO JUL.2026 (17-30)";
"2026";"Julio";"Profesional";"SAAVEDRA ALFARO, PATRICIO RUBEN";"ATENCION CLINICA";"11";"KINESIOLOGO (A)";"Región Metropolitana de Santiago";"(203)(204)(186)";"$ 2.993.234";"$ 2.147.886";"$ 0";"$ 0";"No";"No tiene";"No tiene";"No tiene";"01/01/2026";"31/12/2026";"No informa";"REMUNERACION JUL.2026";
"2026";"Julio";"Técnico";"SAAVEDRA ALVAREZ, SEBASTIAN NICOLAS";"ATENCION CLINICA";"21";"TECNICO NIVEL SUPERIOR ENFERMERIA";"Región Metropolitana de Santiago";"(202)(204)(186)";"$ 1.204.088";"$ 857.179";"$ 0";"$ 0";"No";"No tiene";"No tiene";"No tiene";"01/01/2026";"31/12/2026";"No informa";"CANCELA DIFERENCIAS DE ASIGNACIÓN FAMILIAR.+REMUNERACION JUL.2026";
"2026";"Julio";"Profesional";"SAAVEDRA CACERES, JESSICA ANDREA";"Atencion Clinica";"13";"PSICOLOGO (A)";"Región Metropolitana de Santiago";"(01)";"$ 1.795.022";"$ 1.444.150";"$ 0";-;"No";"No tiene";"No tiene";"No tiene";"01/01/2026";"31/12/2026";"No informa";"Sin observaciones";
"2026";"Julio";"Médicos cirujanos, farmacéuticos, químico-farmacéuticos, bioquímicos, cirujano-dentistas";"SAAVEDRA CANTILLANA, BENJAMIN JESUS";"Medico Becario Primario";"44 Hrs.";"MEDICO CIRUJANO";"Región Metropolitana de Santiago";"(86)(186)";"$ 4.198.221";"$ 3.392.486";"$ 0";-;"No";"No tiene";"No tiene";"No tiene";"01/01/2026";"31/12/2026";"No informa";"Sin observaciones";
"2026";"Julio";"Técnico";"SAAVEDRA FERNANDEZ, CATALINA ANDREA";"Atencion Clinica";"22";"TECNICO NIVEL SUPERIOR ENFERMERIA";"Región Metropolitana de Santiago";"(01)";"$ 89.123";"$ 73.455";"$ 0";-;"No";"No tiene";"No tiene";"No tiene";"15/06/2026";"04/07/2026";"No informa";"CONTRATO POR REEMPLAZO";
"2026";"Julio";"Administrativo";"SAAVEDRA ORELLANA, BLANCA ROCIO";"Apoyo Administrativo";"21";"ADMINISTRATIVO";"Región Metropolitana de Santiago";"(186)";"$ 1.067.506";"$ 902.831";"$ 0";-;"Sí";"$ 84.927 : 20,00 hrs";"$ 45.861 : 9,00 hrs";"No tiene";"01/01/2026";"31/12/2026";"No informa";"Sin observaciones";
"2026";"Julio";"Técnico";"SAEZ CALDERON, CAROLINA FRANCISCA";"Atencion Clinica";"18";"TECNICO NIVEL SUPERIOR ENFERMERIA";"Región Metropolitana de Santiago";"(186)(186)";"$ 843.449";"$ 687.953";"$ 0";-;"No";"No tiene";"No tiene";"No tiene";"01/01/2026";"31/12/2026";"No informa";"Sin observaciones";
"2026";"Julio";"Técnico";"SAEZ GUZMAN, ESTEBAN IGNACIO";"Atencion Clinica";"21";"TECNICO NIVEL SUPERIOR ENFERMERIA";"Región Metropolitana de Santiago";"(186)";"$ 755.939";"$ 617.829";"$ 0";-;"No";"No tiene";"No tiene";"No tiene";"01/01/2026";"31/12/2026";"No informa";"Sin observaciones";
"2026";"Julio";"Médicos cirujanos, farmacéuticos, químico-farmacéuticos, bioquímicos, cirujano-dentistas";"SAEZ LOPEZ, SUSSY KARIN";"Atencion Odontologica";"33 Hrs.";"CIRUJANO DENTISTA";"Región Metropolitana de Santiago";"(188)(186)";"$ 3.343.546";"$ 2.665.970";"$ 0";-;"No";"No tiene";"No tiene";"No tiene";"01/01/2026";"31/12/2026";"No informa";"Sin observaciones";
"2026";"Julio";"Médicos cirujanos, farmacéuticos, químico-farmacéuticos, bioquímicos, cirujano-dentistas";"SAEZ LOPEZ, SUSSY KARIN";"Atencion Odontologica";"11 Hrs.";"CIRUJANO DENTISTA";"Región Metropolitana de Santiago";"(188)(186)";"$ 1.114.519";"$ 952.957";"$ 0";-;"No";"No tiene";"No tiene";"No tiene";"01/01/2026";"31/12/2026";"No informa";"Sin observaciones";
"2026";"Julio";"Profesional";"SAEZ MARTINEZ, JERLUDITH BELEN";"Atencion Clinica";"15";"PSICOLOGO (A)";"Región Metropolitana de Santiago";"(186)";"$ 760.661";"$ 611.413";"$ 0";-;"No";"No tiene";"No tiene";"No tiene";"01/01/2026";"31/12/2026";"No informa";"Sin observaciones";
"2026";"Julio";"Profesional";"SAEZ MARTINEZ, JERLUDITH BELEN";"Atencion Clinica";"15";"PSICOLOGO (A)";"Región Metropolitana de Santiago";"(186)";"$ 760.661";"$ 622.524";"$ 0";-;"No";"No tiene";"No tiene";"No tiene";"01/01/2026";"31/12/2026";"No informa";"Sin observaciones";
"2026";"Julio";"Técnico";"SAEZ SANDOVAL, ALICIA JACQUELINE";"Atencion Clinica";"21";"TECNICO NIVEL SUPERIOR ODONTOLOGIA";"Región Metropolitana de Santiago";"(186)";"$ 754.510";"$ 616.660";"$ 0";-;"No";"No tiene";"No tiene";"No tiene";"01/01/2026";"31/12/2026";"No informa";"Sin observaciones";
"2026";"Julio";"Profesional";"SAGARDIA LOPEZ, SOFIA IGNACIA";"Atencion Clinica";"16";"KINESIOLOGO (A)";"Región Metropolitana de Santiago";"(01)";"$ 648.069";"$ 437.928";"$ 0";-;"No";"No tiene";"No tiene";"No tiene";"19/06/2026";"14/07/2026";"No informa";"CONTRATO POR REEMPLAZO";
"2026";"Julio";"Auxiliar";"SAGNER BARROS, MARIANNE INGRID";"CONDUCTOR";"24";"AUXILIAR";"Región Metropolitana de Santiago";"(01)";"$ 1.165.204";"$ 1.024.995";"$ 0";"$ 0";"Sí";"$ 84.512 : 29,00 hrs";"$ 447.621 : 186,00 hrs";"No tiene";"02/05/2026";"31/08/2026";"No informa";"CANCELA DIFERENCIAS DE ASIGNACIÓN FAMILIAR.+PAGO BONO MENSUAL+REMUNERACION JUL.2026";
"2026";"Julio";"Técnico";"SAGREDO HERNANDEZ, JAEL ESPERANZA";"Atencion Clinica";"21";"TECNICO NIVEL SUPERIOR ENFERMERIA";"Región Metropolitana de Santiago";"(186)";"$ 755.939";"$ 550.423";"$ 0";-;"No";"No tiene";"No tiene";"No tiene";"01/01/2026";"31/12/2026";"No informa";"Sin observaciones";
"2026";"Julio";"Médicos cirujanos, farmacéuticos, químico-farmacéuticos, bioquímicos, cirujano-dentistas";"SAID GARCIA, SAID ALBERTO";"MEDICO CIRUJANO CON ESPECIALIDAD EN MEDICINA DE URGENCIA";"28 Hrs.";"MEDICO CIRUJANO CON ESPECIALIDAD EN MEDICINA DE URGENCIA";"Región Metropolitana de Santiago";"(194)(193)(198)(186)";"$ 4.823.344";"$ 3.804.083";"$ 0";"$ 0";"No";"No tiene";"No tiene";"No tiene";"01/01/2026";"31/12/2026";"No informa";"REMUNERACION JUL.2026";
"2026";"Julio";"Profesional";"SALAS CERDA, SEBASTIAN PATRICIO";"Subdirector";"7";"KINESIOLOGO (A)";"Región Metropolitana de Santiago";"(186)";"$ 3.165.038";"$ 2.527.465";"$ 0";-;"No";"No tiene";"No tiene";"No tiene";"01/01/2026";"31/12/2026";"No informa";"Sin observaciones";
"2026";"Julio";"Médicos cirujanos, farmacéuticos, químico-farmacéuticos, bioquímicos, cirujano-dentistas";"SALAS GIANINI, ROXANNA MARIA";"Atencion Clinica Medica";"44 Hrs.";"MEDICO CIRUJANO";"Región Metropolitana de Santiago";"(86)";"$ 3.049.448";"$ 2.443.669";"$ 0";-;"No";"No tiene";"No tiene";"No tiene";"01/01/2026";"31/12/2026";"No informa";"Sin observaciones";
"2026";"Julio";"Administrativo";"SALAS SALINAS, GUSTAVO ADOLFO";"APOYO ADMINISTRATIVO";"19";"ADMINISTRATIVO";"Región Metropolitana de Santiago";"(186)";"$ 985.558";"$ 691.380";"$ 0";"$ 0";"Sí";"$ 126.676 : 30,00 hrs";"$ 101.341 : 20,00 hrs";"No tiene";"01/01/2026";"31/12/2026";"No informa";"PAGO BONO MENSUAL+REMUNERACION JUL.2026";
"2026";"Julio";"Técnico";"SALAS VALENZUELA, JOSE MIGUEL";"ATENCION CLINICA";"22";"TECNICO NIVEL SUPERIOR ENFERMERIA";"Región Metropolitana de Santiago";"(203)(204)(186)";"$ 950.577";"$ 687.011";"$ 0";"$ 0";"No";"No tiene";"No tiene";"No tiene";"01/01/2026";"31/12/2026";"No informa";"CANCELA DIFERENCIAS DE ASIGNACIÓN FAMILIAR.+REMUNERACION JUL.2026";
"2026";"Julio";"Administrativo";"SALAS ZENTENO, VERONICA TERESA";"Apoyo Administrativo";"22";"ADMINISTRATIVO";"Región Metropolitana de Santiago";"(186)";"$ 709.962";"$ 578.975";"$ 0";-;"No";"No tiene";"No tiene";"No tiene";"01/01/2026";"31/12/2026";"No informa";"Sin observaciones";
"2026";"Julio";"Técnico";"SALAZAR CORREA, JORGE ALEJANDRO";"ATENCION CLINICA";"22";"TECNICO NIVEL SUPERIOR ENFERMERIA";"Región Metropolitana de Santiago";"(203)(204)(186)";"$ 945.965";"$ 648.722";"$ 0";"$ 0";"No";"No tiene";"No tiene";"No tiene";"01/01/2026";"31/12/2026";"No informa";"REMUNERACION JUL.2026";
"2026";"Julio";"Médicos cirujanos, farmacéuticos, químico-farmacéuticos, bioquímicos, cirujano-dentistas";"SALAZAR MUÑOZ, PEDRO JOSE";"Medico Becario Primario";"44 Hrs.";"MEDICO CIRUJANO";"Región Metropolitana de Santiago";"(01)";"$ 2.916.243";"$ 2.378.488";"$ 0";-;"No";"No tiene";"No tiene";"No tiene";"08/05/2025";"31/07/2026";"No informa";"Sin observaciones";
"2026";"Julio";"Profesional";"SALAZAR PEREZ, PALOMA YAMIRA";"Atencion Clinica";"12";"ENFERMERA (O)";"Región Metropolitana de Santiago";"(01)";"$ 2.074.250";"$ 1.680.980";"$ 0";-;"Sí";"No tiene";"$ 102.823 : 8,00 hrs";"No tiene";"01/01/2026";"31/08/2026";"No informa";"Sin observaciones";
"2026";"Julio";"Profesional";"SALAZAR ZUÑIGA, JAEL HELENA";"Atencion Clinica";"15";"TERAPEUTA OCUPACIONAL";"Región Metropolitana de Santiago";"(186)";"$ 1.631.564";"$ 1.318.829";"$ 0";-;"No";"No tiene";"No tiene";"No tiene";"01/01/2026";"31/12/2026";"No informa";"Sin observaciones";
"2026";"Julio";"Profesional";"SALCEDO CARO, WILLIAMS JESUS ALFREDO";"Apoyo Administrativo";"8";"KINESIOLOGO (A)";"Región Metropolitana de Santiago";"(186)";"$ 2.906.744";"$ 2.310.297";"$ 0";-;"No";"No tiene";"No tiene";"No tiene";"01/01/2026";"31/12/2026";"No informa";"Sin observaciones";
"2026";"Julio";"Médicos cirujanos, farmacéuticos, químico-farmacéuticos, bioquímicos, cirujano-dentistas";"SALDIVIA MARTINEZ, DIEGO IGNACIO";"Atencion Clinica Medica";"44 Hrs.";"MEDICO CIRUJANO";"Región Metropolitana de Santiago";"(86)(186)";"$ 3.651.186";"$ 2.873.749";"$ 0";-;"No";"No tiene";"No tiene";"No tiene";"01/01/2026";"31/12/2026";"No informa";"Sin observaciones";
"2026";"Julio";"Administrativo";"SALGADO ARACENA, DORIS CATHERINE";"Apoyo Administrativo";"21";"ADMINISTRATIVO";"Región Metropolitana de Santiago";"(186)";"$ 829.286";"$ 695.111";"$ 0";-;"Sí";"$ 101.651 : 27,00 hrs";"No tiene";"No tiene";"01/01/2026";"31/12/2026";"No informa";"Sin observaciones";
"2026";"Julio";"Técnico";"SALINAS ARIAS, CAMILA ANDREA";"Atencion Clinica";"21";"TECNICO NIVEL SUPERIOR ODONTOLOGIA";"Región Metropolitana de Santiago";"(186)";"$ 754.510";"$ 617.490";"$ 0";-;"No";"No tiene";"No tiene";"No tiene";"01/01/2026";"31/12/2026";"No informa";"Sin observaciones";
"2026";"Julio";"Médicos cirujanos, farmacéuticos, químico-farmacéuticos, bioquímicos, cirujano-dentistas";"SALINAS HELGUERO, DELMA LITA";"Atencion Clinica Medica";"22 Hrs.";"MEDICO CIRUJANO";"Región Metropolitana de Santiago";"(188)(186)";"$ 2.564.093";"$ 1.946.072";"$ 0";-;"No";"No tiene";"No tiene";"No tiene";"01/01/2026";"31/12/2026";"No informa";"Sin observaciones";
"2026";"Julio";"Médicos cirujanos, farmacéuticos, químico-farmacéuticos, bioquímicos, cirujano-dentistas";"SALINAS HELGUERO, DELMA LITA";"Atencion Clinica Medica";"22 Hrs.";"MEDICO CIRUJANO";"Región Metropolitana de Santiago";"(188)(186)";"$ 2.564.093";"$ 2.225.162";"$ 0";-;"No";"No tiene";"No tiene";"No tiene";"01/01/2026";"31/12/2026";"No informa";"Sin observaciones";
"2026";"Julio";"Médicos cirujanos, farmacéuticos, químico-farmacéuticos, bioquímicos, cirujano-dentistas";"SALINAS MONJE, NATALIA ANDREA";"Medico Becario Primario";"44 Hrs.";"MEDICO CIRUJANO";"Región Metropolitana de Santiago";"(01)";"$ 1.944.163";"$ 1.602.380";"$ 0";-;"No";"No tiene";"No tiene";"No tiene";"08/05/2025";"20/07/2026";"No informa";"Sin observaciones";
"2026";"Julio";"Técnico";"SALINAS MORALES, FELIPE ANDRES";"ATENCION CLINICA";"22";"TECNICO NIVEL SUPERIOR ENFERMERIA";"Región Metropolitana de Santiago";"(202)(204)";"$ 1.075.052";"$ 812.136";"$ 0";"$ 0";"No";"No tiene";"No tiene";"No tiene";"01/01/2026";"31/12/2026";"No informa";"REMUNERACION JUL.2026";
"2026";"Julio";"Profesional";"SALINAS PIZARRO, FELIPE IGNACIO";"Jefe de Unidad";"6";"INGENIERO (A) BIOMEDICO";"Región Metropolitana de Santiago";"(186)";"$ 3.442.726";"$ 2.739.751";"$ 0";-;"No";"No tiene";"No tiene";"No tiene";"01/01/2026";"31/12/2026";"No informa";"Sin observaciones";
"2026";"Julio";"Profesional";"SALINAS ZEPEDA, ALEJANDRA MARIELA";"Apoyo Administrativo";"16";"ADMINISTRADOR (A) PUBLICO";"Región Metropolitana de Santiago";"(01)";"$ 416.616";"$ 282.972";"$ 0";-;"No";"No tiene";"No tiene";"No tiene";"20/04/2026";"09/07/2026";"No informa";"CONTRATO POR REEMPLAZO";
"2026";"Julio";"Médicos cirujanos, farmacéuticos, químico-farmacéuticos, bioquímicos, cirujano-dentistas";"SALTOS QUIÑONEZ, LEYTON AYONVIS";"Atencion Clinica Medica";"44 Hrs.";"MEDICO CIRUJANO";"Región Metropolitana de Santiago";"(188)(186)";"$ 5.292.290";"$ 4.313.186";"$ 0";-;"No";"No tiene";"No tiene";"No tiene";"01/01/2026";"31/12/2026";"No informa";"Sin observaciones";
"2026";"Julio";"Administrativo";"SANCHEZ ARAVENA, NADIA ANDREA";"Apoyo Administrativo";"20";"ADMINISTRATIVO";"Región Metropolitana de Santiago";"(01)";"$ 742.899";"$ 613.188";"$ 0";-;"No";"No tiene";"No tiene";"No tiene";"01/01/2026";"31/12/2026";"No informa";"Sin observaciones";
"2026";"Julio";"Administrativo";"SANCHEZ ARAYA, GUILLERMO MIGUEL";"Apoyo Administrativo";"21";"ADMINISTRATIVO";"Región Metropolitana de Santiago";"(186)";"$ 1.046.770";"$ 910.148";"$ 0";-;"Sí";"$ 35.070 : 9,00 hrs";"$ 271.203 : 58,00 hrs";"No tiene";"01/01/2026";"31/12/2026";"No informa";"Sin observaciones";
"2026";"Julio";"Médicos cirujanos, farmacéuticos, químico-farmacéuticos, bioquímicos, cirujano-dentistas";"SANCHEZ CELIS, SUSANA MARIA";"Atencion Clinica Medica";"22 Hrs.";"MEDICO CIRUJANO";"Región Metropolitana de Santiago";"(188)(186)";"$ 1.374.255";"$ 1.114.566";"$ 0";-;"No";"No tiene";"No tiene";"No tiene";"01/01/2026";"31/12/2026";"No informa";"Sin observaciones";
"2026";"Julio";"Técnico";"SANCHEZ FUENTEALBA, SANDRA YANIN";"Atencion Clinica";"21";"TECNICO NIVEL SUPERIOR ENFERMERIA";"Región Metropolitana de Santiago";"(186)";"$ 811.102";"$ 671.631";"$ 0";-;"Sí";"No tiene";"$ 55.163 : 12,00 hrs";"No tiene";"01/01/2026";"31/12/2026";"No informa";"Sin observaciones";
"2026";"Julio";"Médicos cirujanos, farmacéuticos, químico-farmacéuticos, bioquímicos, cirujano-dentistas";"SANCHEZ GARCIA, GRETTYS";"Atencion Clinica Medica";"22 Hrs.";"MEDICO CIRUJANO";"Región Metropolitana de Santiago";"(01)";"$ 977.690";"$ 797.306";"$ 0";-;"No";"No tiene";"No tiene";"No tiene";"01/01/2026";"30/09/2026";"No informa";"Sin observaciones";
"2026";"Julio";"Técnico";"SANCHEZ GONZALEZ, LUIS ORLANDO";"Atencion Clinica";"21";"TECNICO NIVEL SUPERIOR ENFERMERIA";"Región Metropolitana de Santiago";"(186)";"$ 754.510";"$ 615.303";"$ 0";-;"No";"No tiene";"No tiene";"No tiene";"01/01/2026";"31/12/2026";"No informa";"Sin observaciones";
"2026";"Julio";"Profesional";"SANCHEZ NOVOA, VALERIA ALEJANDRA";"Atencion Clinica";"15";"MATRON (A)";"Región Metropolitana de Santiago";"(186)";"$ 1.521.320";"$ 1.232.330";"$ 0";-;"No";"No tiene";"No tiene";"No tiene";"01/01/2026";"31/12/2026";"No informa";"Sin observaciones";
"2026";"Julio";"Profesional";"SANCHEZ SALINAS, ALEJANDRO ANTONIO";"ATENCION CLINICA";"11";"ENFERMERA (O)";"Región Metropolitana de Santiago";"(203)(201)(204)(186)";"$ 3.632.593";"$ 2.851.004";"$ 0";"$ 0";"Sí";"$ 300.435 : 25,00 hrs";"$ 173.051 : 12,00 hrs";"No tiene";"01/01/2026";"31/12/2026";"No informa";"REMUNERACION JUL.2026";
"2026";"Julio";"Médicos cirujanos, farmacéuticos, químico-farmacéuticos, bioquímicos, cirujano-dentistas";"SANCHEZ SEMISTERRA, YAIRY YULISSA";"Atencion Clinica Medica";"44 Hrs.";"MEDICO CIRUJANO";"Región Metropolitana de Santiago";"(01)";"$ 1.955.378";"$ 1.588.102";"$ 0";-;"No";"No tiene";"No tiene";"No tiene";"20/04/2026";"20/10/2026";"No informa";"Sin observaciones";
"2026";"Julio";"Profesional";"SANDOVAL BARRIENTOS, RAYEN IRENE";"Atencion Clinica";"15";"PSICOLOGO (A)";"Región Metropolitana de Santiago";"(186)";"$ 1.530.056";"$ 1.249.320";"$ 0";-;"No";"No tiene";"No tiene";"No tiene";"01/01/2026";"31/12/2026";"No informa";"Sin observaciones";
"2026";"Julio";"Profesional";"SANDOVAL SANHUEZA, BARBARA CONSTANZA";"Atencion Clinica";"15";"ENFERMERA (O)";"Región Metropolitana de Santiago";"(01)";"$ 1.512.586";"$ 1.235.497";"$ 0";-;"No";"No tiene";"No tiene";"No tiene";"01/01/2026";"31/12/2026";"No informa";"Sin observaciones";
"2026";"Julio";"Profesional";"SANDOVAL SEPULVEDA, JORGE ANDRES";"Atencion Clinica";"15";"ASISTENTE SOCIAL";"Región Metropolitana de Santiago";"(186)";"$ 1.753.629";"$ 1.437.543";"$ 0";-;"Sí";"No tiene";"$ 130.799 : 13,00 hrs";"No tiene";"01/01/2026";"31/12/2026";"No informa";"Sin observaciones";
"2026";"Julio";"Profesional";"SANDOVAL VERGARA, ALVARO JAVIER";"Apoyo Administrativo";"8";"INGENIERO (A) COMERCIAL";"Región Metropolitana de Santiago";"(186)";"$ 2.951.657";"$ 2.339.451";"$ 0";-;"No";"No tiene";"No tiene";"No tiene";"01/01/2026";"31/12/2026";"No informa";"Sin observaciones";
"2026";"Julio";"Profesional";"SANDOVAL VIVES, PAMELA SUSANA";"Apoyo Administrativo";"7";"ARQUITECTO(A)";"Región Metropolitana de Santiago";"(186)";"$ 3.197.377";"$ 2.551.619";"$ 0";-;"No";"No tiene";"No tiene";"No tiene";"01/01/2026";"31/12/2026";"No informa";"Sin observaciones";
"2026";"Julio";"Administrativo";"SANHUEZA GARCES, JOSE ESTEBAN";"Apoyo Administrativo";"17";"ADMINISTRATIVO";"Región Metropolitana de Santiago";"(186)";"$ 1.054.843";"$ 904.779";"$ 0";-;"Sí";"$ 185.762 : 40,00 hrs";"$ 55.729 : 10,00 hrs";"No tiene";"01/01/2026";"31/12/2026";"No informa";"Sin observaciones";
"2026";"Julio";"Auxiliar";"SANHUEZA GONZALEZ, LUIS ENRIQUE";"Chofer";"19";"AUXILIAR";"Región Metropolitana de Santiago";"(01)";"$ 1.676.352";"$ 1.514.213";"$ 0";-;"Sí";"No tiene";"$ 920.662 : 212,00 hrs";"No tiene";"01/01/2026";"31/12/2026";"No informa";"Sin observaciones";
"2026";"Julio";"Profesional";"SANHUEZA MELITA, SEBASTIAN ANDRES";"ATENCION CLINICA";"13";"ENFERMERA (O)";"Región Metropolitana de Santiago";"(203)(204)(186)";"$ 2.537.928";"$ 1.922.800";"$ 0";"$ 0";"No";"No tiene";"No tiene";"No tiene";"01/01/2026";"31/12/2026";"No informa";"REMUNERACION JUL.2026";
"2026";"Julio";"Profesional";"SANHUEZA PAVEZ, LAURA TERESA";"Atencion Clinica";"14";"NUTRICIONISTA";"Región Metropolitana de Santiago";"(186)";"$ 1.831.658";"$ 1.501.767";"$ 0";-;"Sí";"$ 81.832 : 9,00 hrs";"No tiene";"No tiene";"01/01/2026";"31/12/2026";"No informa";"Sin observaciones";
"2026";"Julio";"Profesional";"SANHUEZA SALINAS, IVONNE JANET";"Apoyo Administrativo";"5";"MATRON (A)";"Región Metropolitana de Santiago";"(186)";"$ 3.670.791";"$ 2.879.055";"$ 0";-;"No";"No tiene";"No tiene";"No tiene";"01/01/2026";"31/12/2026";"No informa";"Sin observaciones";
"2026";"Julio";"Profesional";"SAN MARTIN BEWEIS, HANS BEN ADAD";"Apoyo Administrativo";"12";"CIENTISTA POLITICO (A)";"Región Metropolitana de Santiago";"(186)";"$ 2.026.450";"$ 1.642.082";"$ 0";-;"No";"No tiene";"No tiene";"No tiene";"01/01/2026";"31/12/2026";"No informa";"Sin observaciones";
"2026";"Julio";"Médicos cirujanos, farmacéuticos, químico-farmacéuticos, bioquímicos, cirujano-dentistas";"SAN MARTIN IMHOFF, SEBASTIAN ANDRES";"Atencion Clinica Medica";"44 Hrs.";"MEDICO CIRUJANO";"Región Metropolitana de Santiago";"(86)(186)";"$ 4.231.608";"$ 3.398.471";"$ 0";-;"Sí";"$ 51.824 : 4,00 hrs";"$ 528.598 : 34,00 hrs";"No tiene";"01/01/2026";"31/12/2026";"No informa";"Sin observaciones";
"2026";"Julio";"Técnico";"SAN MARTIN RODRIGUEZ, KATHERINE NICOL";"Atencion Clinica";"21";"TECNICO NIVEL SUPERIOR ENFERMERIA";"Región Metropolitana de Santiago";"(186)";"$ 774.327";"$ 636.217";"$ 0";-;"Sí";"No tiene";"$ 18.388 : 4,00 hrs";"No tiene";"01/01/2026";"31/12/2026";"No informa";"Sin observaciones";
"2026";"Julio";"Profesional";"SAN MARTIN SOTO, PAULINA VICTORIA";"Atencion Clinica";"13";"ENFERMERA (O)";"Región Metropolitana de Santiago";"(186)";"$ 1.924.279";"$ 1.581.337";"$ 0";-;"Sí";"$ 119.067 : 12,00 hrs";"No tiene";"No tiene";"01/01/2026";"31/12/2026";"No informa";"Sin observaciones";
"2026";"Julio";"Profesional";"SANTELICES CANCINO, PAULA DAMARIS";"ATENCION CLINICA";"13";"ENFERMERA (O)";"Región Metropolitana de Santiago";"(203)(204)(186)";"$ 2.524.134";"$ 1.921.035";"$ 0";"$ 0";"No";"No tiene";"No tiene";"No tiene";"01/01/2026";"31/12/2026";"No informa";"REMUNERACION JUL.2026";
"2026";"Julio";"Auxiliar";"SANTIBAÑEZ VICENCIO, ENRIQUE ANTONIO";"CONDUCTOR";"20";"TECNICO NIVEL SUPERIOR ENFERMERIA";"Región Metropolitana de Santiago";"(205)(201)(202)(204)(186)";"$ 1.726.649";"$ 1.199.381";"$ 0";"$ 0";"Sí";"$ 120.248 : 29,00 hrs";"$ 158.476 : 32,00 hrs";"No tiene";"01/01/2026";"31/07/2026";"No informa";"REMUNERACION JUL.2026+REGULARIZA PAGO HHEE MES(ES) ANTERIOR(ES)";
"2026";"Julio";"Técnico";"SANTIS ABARCA, CRISTINA PAOLA";"Atencion Clinica";"20";"TECNICO NIVEL SUPERIOR ODONTOLOGIA";"Región Metropolitana de Santiago";"(186)";"$ 761.830";"$ 627.900";"$ 0";-;"No";"No tiene";"No tiene";"No tiene";"01/01/2026";"31/12/2026";"No informa";"Sin observaciones";
"2026";"Julio";"Técnico";"SANTOS FUENTES, JOHSUA ANTONIO";"ATENCION CLINICA";"22";"TECNICO NIVEL SUPERIOR ENFERMERIA";"Región Metropolitana de Santiago";"(01)";"$ 73.132";"$ 58.813";"$ 0";"$ 0";"Sí";"No tiene";"No tiene";"No tiene";"01/07/2026";"03/07/2026";"No informa";"PAGO BONO MENSUAL+REEMPLAZO JUL.2026 (01-03)";
"2026";"Julio";"Profesional";"SANTOS ROJAS, ROGER";"Apoyo Administrativo";"10";"INGENIERO (A) EJECUCION EN INFORMATICA";"Región Metropolitana de Santiago";"(186)";"$ 2.477.991";"$ 1.999.357";"$ 0";-;"No";"No tiene";"No tiene";"No tiene";"01/01/2026";"31/12/2026";"No informa";"Sin observaciones";
"2026";"Julio";"Médicos cirujanos, farmacéuticos, químico-farmacéuticos, bioquímicos, cirujano-dentistas";"SARABIA BONHOMME, MARTIN ALBERTO";"Atencion Odontologica";"33 Hrs.";"CIRUJANO DENTISTA";"Región Metropolitana de Santiago";"(186)";"$ 1.815.269";"$ 1.474.989";"$ 0";-;"No";"No tiene";"No tiene";"No tiene";"01/01/2026";"30/09/2026";"No informa";"Sin observaciones";
"2026";"Julio";"Médicos cirujanos, farmacéuticos, químico-farmacéuticos, bioquímicos, cirujano-dentistas";"SARABIA SANTIAGO, GABRIELA AMANDA";"Atencion Clinica Medica";"44 Hrs.";"MEDICO CIRUJANO";"Región Metropolitana de Santiago";"(86)";"$ 3.049.448";"$ 2.421.311";"$ 0";-;"No";"No tiene";"No tiene";"No tiene";"01/01/2026";"31/12/2026";"No informa";"Sin observaciones";
"2026";"Julio";"Médicos cirujanos, farmacéuticos, químico-farmacéuticos, bioquímicos, cirujano-dentistas";"SARAVIA DOIZI, ANDREA PAZ";"Quimico Farmaceutico";"44 Hrs.";"QUIMICO FARMACEUTICO";"Región Metropolitana de Santiago";"(86)(186)";"$ 4.745.256";"$ 3.867.348";"$ 0";-;"No";"No tiene";"No tiene";"No tiene";"01/07/2026";"30/10/2026";"No informa";"Sin observaciones";
"2026";"Julio";"Profesional";"SCHAFER CARRASCO, CLAUDIA ANDREA";"Atencion Clinica";"15";"FONOAUDIOLOGO (A)";"Región Metropolitana de Santiago";"(186)";"$ 1.640.298";"$ 1.325.681";"$ 0";-;"No";"No tiene";"No tiene";"No tiene";"01/01/2026";"31/12/2026";"No informa";"Sin observaciones";
"2026";"Julio";"Profesional";"SEGOVIA MURA, PATRICIA EMILIA";"Apoyo Administrativo";"13";"ASISTENTE SOCIAL";"Región Metropolitana de Santiago";"(01)";"$ 1.887.796";"$ 1.533.263";"$ 0";-;"No";"No tiene";"No tiene";"No tiene";"01/01/2026";"31/12/2026";"No informa";"Sin observaciones";
"2026";"Julio";"Profesional";"SELMAN ABUCHAIBE, VERONICA PIA";"Apoyo Administrativo";"8";"PSICOLOGO (A)";"Región Metropolitana de Santiago";"(186)";"$ 2.951.657";"$ 2.348.124";"$ 0";-;"No";"No tiene";"No tiene";"No tiene";"01/01/2026";"31/12/2026";"No informa";"Sin observaciones";
"2026";"Julio";"Técnico";"SEPULVEDA ALVARADO, BRYAN NICOLAS";"Atencion Clinica";"21";"TECNICO NIVEL SUPERIOR ENFERMERIA";"Región Metropolitana de Santiago";"(186)";"$ 753.080";"$ 620.689";"$ 0";-;"No";"No tiene";"No tiene";"No tiene";"01/01/2026";"30/09/2026";"No informa";"Sin observaciones";
"2026";"Julio";"Profesional";"SEPULVEDA ASTETE, CAMILA ANDREA";"Apoyo Administrativo";"9";"MATRON (A)";"Región Metropolitana de Santiago";"(186)";"$ 2.558.139";"$ 2.062.772";"$ 0";-;"No";"No tiene";"No tiene";"No tiene";"01/01/2026";"31/12/2026";"No informa";"Sin observaciones";
"2026";"Julio";"Técnico";"SEPULVEDA BUSTOS, JAVIERA PAZ";"ATENCION CLINICA";"22";"TECNICO NIVEL SUPERIOR ENFERMERIA";"Región Metropolitana de Santiago";"(203)(204)";"$ 1.006.600";"$ 837.953";"$ 0";"$ 0";"Sí";"$ 83.016 : 24,00 hrs";"$ 62.262 : 15,00 hrs";"No tiene";"01/01/2026";"31/12/2026";"No informa";"REMUNERACION JUL.2026";
"2026";"Julio";"Profesional";"SEPULVEDA CASTILLO, BARBARA ALEXANDRA";"Apoyo Administrativo";"11";"SOCIOLOGO (A)";"Región Metropolitana de Santiago";"(186)";"$ 2.156.855";"$ 1.745.262";"$ 0";-;"No";"No tiene";"No tiene";"No tiene";"01/01/2026";"31/12/2026";"No informa";"Sin observaciones";
"2026";"Julio";"Profesional";"SEPULVEDA CASTILLO, SEBASTIAN NICOLAS";"ASISTENTE SOCIAL";"8";"ASISTENTE SOCIAL";"Región Metropolitana de Santiago";"(186)";"$ 2.921.716";"$ 2.340.319";"$ 0";-;"No";"No tiene";"No tiene";"No tiene";"01/01/2026";"31/12/2026";"No informa";"Sin observaciones";
"2026";"Julio";"Profesional";"SEPULVEDA CESPEDES, TOMAS RAUL";"Atencion Clinica";"16";"KINESIOLOGO (A)";"Región Metropolitana de Santiago";"(01)";"$ 1.388.719";"$ 1.137.489";"$ 0";-;"No";"No tiene";"No tiene";"No tiene";"01/01/2026";"30/09/2026";"No informa";"Sin observaciones";
"2026";"Julio";"Auxiliar";"SEPULVEDA CRUZ, JORGE DANILO";"Apoyo Logistico";"23";"AUXILIAR";"Región Metropolitana de Santiago";"(01)";"$ 935.331";"$ 819.557";"$ 0";-;"Sí";"$ 72.691 : 23,00 hrs";"$ 235.139 : 62,00 hrs";"No tiene";"01/01/2026";"31/12/2026";"No informa";"Sin observaciones";
"2026";"Julio";"Médicos cirujanos, farmacéuticos, químico-farmacéuticos, bioquímicos, cirujano-dentistas";"SEPULVEDA DIAZ, DEBBIE SASHA";"Atencion Odontologica";"22 Hrs.";"CIRUJANO DENTISTA";"Región Metropolitana de Santiago";"(188)(186)";"$ 2.288.271";"$ 1.747.003";"$ 0";-;"No";"No tiene";"No tiene";"No tiene";"01/01/2026";"31/12/2026";"No informa";"Sin observaciones";
"2026";"Julio";"Médicos cirujanos, farmacéuticos, químico-farmacéuticos, bioquímicos, cirujano-dentistas";"SEPULVEDA DIAZ, DEBBIE SASHA";"Atencion Odontologica";"22 Hrs.";"CIRUJANO DENTISTA";"Región Metropolitana de Santiago";"(188)(186)";"$ 2.288.271";"$ 1.952.465";"$ 0";-;"No";"No tiene";"No tiene";"No tiene";"01/01/2026";"31/12/2026";"No informa";"Sin observaciones";
"2026";"Julio";"Profesional";"SEPULVEDA ESCOBEDO, CRISTOBAL OSCAR";"Apoyo Administrativo";"8";"ENFERMERA (O)";"Región Metropolitana de Santiago";"(186)";"$ 2.784.029";"$ 2.240.694";"$ 0";-;"No";"No tiene";"No tiene";"No tiene";"01/01/2026";"31/12/2026";"No informa";"Sin observaciones";
"2026";"Julio";"Técnico";"SEPULVEDA GODOY, DEBORA EMILIA";"Atencion Clinica";"21";"TECNICO NIVEL SUPERIOR ENFERMERIA";"Región Metropolitana de Santiago";"(01)";"$ 731.315";"$ 598.508";"$ 0";-;"No";"No tiene";"No tiene";"No tiene";"01/01/2026";"31/12/2026";"No informa";"Sin observaciones";
"2026";"Julio";"Auxiliar";"SEPULVEDA HEWITT, MAXIMILIAN ALEXANDER";"Apoyo Administrativo";"22";"AUXILIAR";"Región Metropolitana de Santiago";"(186)";"$ 675.825";"$ 557.015";"$ 0";-;"No";"No tiene";"No tiene";"No tiene";"01/01/2026";"31/12/2026";"No informa";"Sin observaciones";
"2026";"Julio";"Profesional";"SEPULVEDA MORENO, POLA ALEXSANDRA";"ATENCION CLINICA";"13";"ENFERMERA (O)";"Región Metropolitana de Santiago";"(203)(204)";"$ 2.468.958";"$ 1.903.238";"$ 0";"$ 0";"No";"No tiene";"No tiene";"No tiene";"01/01/2026";"31/12/2026";"No informa";"REMUNERACION JUL.2026";
"2026";"Julio";"Auxiliar";"SEPULVEDA PARADA, JOSE LUIS";"CONDUCTOR";"22";"AUXILIAR";"Región Metropolitana de Santiago";"(205)(203)(204)(186)";"$ 993.300";"$ 741.803";"$ 0";"$ 0";"Sí";"$ 3.490 : 1,00 hrs";"$ 46.065 : 11,00 hrs";"No tiene";"01/01/2026";"31/12/2026";"No informa";"REMUNERACION JUL.2026";
"2026";"Julio";"Profesional";"SEPULVEDA ROMERO, PABLO ALBERTO";"Apoyo Administrativo";"15";"PSICOLOGO (A)";"Región Metropolitana de Santiago";"(01)";"$ 1.512.586";"$ 1.237.239";"$ 0";-;"No";"No tiene";"No tiene";"No tiene";"01/01/2026";"31/12/2026";"No informa";"Sin observaciones";
"2026";"Julio";"Profesional";"SEPULVEDA TUREN, CARLOS ROBERTO";"Director Zonal";"5";"KINESIOLOGO (A)";"Región Metropolitana de Santiago";"(186)";"$ 3.652.196";"$ 2.894.131";"$ 0";-;"No";"No tiene";"No tiene";"No tiene";"01/01/2026";"31/12/2026";"No informa";"Sin observaciones";
"2026";"Julio";"Profesional";"SEPULVEDA VASQUEZ, DANIELA DANAE";"Atencion Clinica";"15";"ENFERMERA (O)";"Región Metropolitana de Santiago";"(186)";"$ 1.521.320";"$ 1.234.282";"$ 0";-;"No";"No tiene";"No tiene";"No tiene";"01/01/2026";"31/12/2026";"No informa";"Sin observaciones";
"2026";"Julio";"Profesional";"SEREY ALTAMIRANO, KATHERINE DANAE";"Atencion Clinica";"15";"ENFERMERA (O)";"Región Metropolitana de Santiago";"(186)";"$ 1.521.320";"$ 1.242.408";"$ 0";-;"No";"No tiene";"No tiene";"No tiene";"01/01/2026";"31/12/2026";"No informa";"Sin observaciones";
"2026";"Julio";"Técnico";"SEREY SEPULVEDA, SEBASTIAN CRISTOBAL";"Atencion Clinica";"21";"TECNICO NIVEL SUPERIOR ENFERMERIA";"Región Metropolitana de Santiago";"(186)";"$ 753.080";"$ 616.322";"$ 0";-;"No";"No tiene";"No tiene";"No tiene";"01/01/2026";"31/12/2026";"No informa";"Sin observaciones";
"2026";"Julio";"Médicos cirujanos, farmacéuticos, químico-farmacéuticos, bioquímicos, cirujano-dentistas";"SIEBER CARRASCO, CAROLINA VERONICA";"Atencion Odontologica";"22 Hrs.";"CIRUJANO DENTISTA";"Región Metropolitana de Santiago";"(188)(186)";"$ 2.585.629";"$ 2.087.576";"$ 0";-;"No";"No tiene";"No tiene";"No tiene";"01/01/2026";"31/12/2026";"No informa";"Sin observaciones";
"2026";"Julio";"Técnico";"SIERRA PEREIRA, CONSTANZA ALONDRA";"Atencion Clinica";"20";"TECNICO NIVEL SUPERIOR ENFERMERIA";"Región Metropolitana de Santiago";"(186)";"$ 761.830";"$ 627.900";"$ 0";-;"No";"No tiene";"No tiene";"No tiene";"01/01/2026";"31/12/2026";"No informa";"Sin observaciones";
"2026";"Julio";"Médicos cirujanos, farmacéuticos, químico-farmacéuticos, bioquímicos, cirujano-dentistas";"SIGUENZA PACHECO, MARIA BELEN";"Medico Becario Primario";"44 Hrs.";"MEDICO CIRUJANO";"Región Metropolitana de Santiago";"(01)";"$ 2.916.243";"$ 2.403.568";"$ 0";-;"No";"No tiene";"No tiene";"No tiene";"06/05/2025";"05/05/2027";"No informa";"Sin observaciones";
"2026";"Julio";"Administrativo";"SILVA BOZO, VANNIA GABRIELA";"Apoyo Administrativo";"16";"ADMINISTRATIVO";"Región Metropolitana de Santiago";"(186)";"$ 915.748";"$ 760.574";"$ 0";-;"Sí";"$ 43.762 : 9,00 hrs";"$ 17.505 : 3,00 hrs";"No tiene";"01/01/2026";"31/12/2026";"No informa";"Sin observaciones";
"2026";"Julio";"Administrativo";"SILVA BRAVO, JAIME MAURICIO";"Apoyo Administrativo";"22";"ADMINISTRATIVO";"Región Metropolitana de Santiago";"(186)";"$ 700.605";"$ 572.605";"$ 0";-;"No";"No tiene";"No tiene";"No tiene";"01/01/2026";"31/12/2026";"No informa";"Sin observaciones";
"2026";"Julio";"Técnico";"SILVA BURGOS, NICOLAS ALFREDO";"Atencion Clinica";"21";"TECNICO NIVEL SUPERIOR ENFERMERIA";"Región Metropolitana de Santiago";"(186)";"$ 801.142";"$ 669.154";"$ 0";-;"Sí";"$ 3.831 : 1,00 hrs";"$ 41.372 : 9,00 hrs";"No tiene";"01/01/2026";"31/12/2026";"No informa";"Sin observaciones";
"2026";"Julio";"Técnico";"SILVA HERRERA, DANIELA ALEJANDRA";"Atencion Clinica";"21";"TECNICO NIVEL SUPERIOR ENFERMERIA";"Región Metropolitana de Santiago";"(186)(186)";"$ 753.080";"$ 614.628";"$ 0";-;"No";"No tiene";"No tiene";"No tiene";"01/01/2026";"31/12/2026";"No informa";"Sin observaciones";
"2026";"Julio";"Administrativo";"SILVA NUÑEZ, EVELYN DEL TRANSITO";"APOYO ADMINISTRATIVO";"19";"ADMINISTRATIVO";"Región Metropolitana de Santiago";"(186)";"$ 956.063";"$ 606.746";"$ 0";"$ 0";"Sí";"$ 86.713 : 20,00 hrs";"$ 93.650 : 18,00 hrs";"No tiene";"01/01/2026";"31/12/2026";"No informa";"CANCELA DIFERENCIAS DE ASIGNACIÓN FAMILIAR.+REMUNERACION JUL.2026";
"2026";"Julio";"Médicos cirujanos, farmacéuticos, químico-farmacéuticos, bioquímicos, cirujano-dentistas";"SILVA PARDO, NAOMI CAMILA";"CIRUGIA GENERAL";"28 Hrs.";"MEDICO CIRUJANO";"Región Metropolitana de Santiago";"(194)(193)(198)";"$ 2.490.033";"$ 1.984.171";"$ 0";"$ 0";"No";"No tiene";"No tiene";"No tiene";"01/06/2026";"31/08/2026";"No informa";"REMUNERACION JUL.2026";
"2026";"Julio";"Profesional";"SILVA TAPIA, SYLVIA DEL PILAR";"Apoyo Administrativo";"5";"CONTADOR (A) AUDITOR (A)";"Región Metropolitana de Santiago";"(36)(186)";"$ 4.096.614";"$ 3.269.923";"$ 0";-;"No";"No tiene";"No tiene";"No tiene";"01/01/2026";"31/12/2026";"No informa";"Sin observaciones";
"2026";"Julio";"Auxiliar";"SILVA VIDAL, SANTIAGO DE LA CRUZ";"Apoyo Logistico";"23";"AUXILIAR";"Región Metropolitana de Santiago";"(01)";"$ 1.051.637";"$ 942.076";"$ 0";-;"Sí";"$ 116.938 : 37,00 hrs";"$ 307.198 : 81,00 hrs";"No tiene";"01/01/2026";"31/12/2026";"No informa";"Sin observaciones";
"2026";"Julio";"Administrativo";"SLEMAN SOTO, JENNIFER VALESKA";"Apoyo Administrativo";"21";"ADMINISTRATIVO";"Región Metropolitana de Santiago";"(01)";"$ 804.078";"$ 672.174";"$ 0";-;"Sí";"$ 82.103 : 22,00 hrs";"No tiene";"No tiene";"01/01/2026";"31/12/2026";"No informa";"Sin observaciones";
"2026";"Julio";"Médicos cirujanos, farmacéuticos, químico-farmacéuticos, bioquímicos, cirujano-dentistas";"SMITH GAHONA, MARIANO ANDRES";"Medico Becario Primario";"44 Hrs.";"MEDICO CIRUJANO";"Región Metropolitana de Santiago";"(01)";"$ 2.916.243";"$ 2.407.067";"$ 0";-;"No";"No tiene";"No tiene";"No tiene";"06/05/2025";"05/05/2027";"No informa";"Sin observaciones";
"2026";"Julio";"Auxiliar";"SOBARZO RIQUELME, DAVID ALEJANDRO";"Chofer";"20";"AUXILIAR";"Región Metropolitana de Santiago";"(186)";"$ 998.029";"$ 860.326";"$ 0";-;"Sí";"$ 160.300 : 40,00 hrs";"$ 91.371 : 19,00 hrs";"No tiene";"01/01/2026";"31/12/2026";"No informa";"Sin observaciones";
"2026";"Julio";"Profesional";"SOTO CANALES, SEBASTIAN ALFONSO";"Apoyo Administrativo";"8";"KINESIOLOGO (A)";"Región Metropolitana de Santiago";"(186)";"$ 2.784.029";"$ 2.222.162";"$ 0";-;"No";"No tiene";"No tiene";"No tiene";"01/01/2026";"31/12/2026";"No informa";"Sin observaciones";
"2026";"Julio";"Administrativo";"SOTO FERNANDEZ, MAGALY DEL CARMEN";"Secretaria";"17";"ADMINISTRATIVO";"Región Metropolitana de Santiago";"(186)(186)";"$ 813.352";"$ 655.184";"$ 0";-;"No";"No tiene";"No tiene";"No tiene";"01/01/2026";"31/12/2026";"No informa";"Sin observaciones";
"2026";"Julio";"Profesional";"SOTO GORGERINO, MARIO ANDRES";"ATENCION CLINICA";"11";"KINESIOLOGO (A)";"Región Metropolitana de Santiago";"(203)(204)(186)";"$ 4.479.659";"$ 3.610.499";"$ 0";"$ 0";"Sí";"$ 346.499 : 29,00 hrs";"$ 1.075.342 : 75,00 hrs";"No tiene";"01/01/2026";"31/12/2026";"No informa";"REMUNERACION JUL.2026";
"2026";"Julio";"Técnico";"SOTO MOLINA, JAVIERA PAZ";"Atencion Clinica";"21";"TECNICO NIVEL SUPERIOR ODONTOLOGIA";"Región Metropolitana de Santiago";"(01)";"$ 731.315";"$ 598.508";"$ 0";-;"No";"No tiene";"No tiene";"No tiene";"01/04/2026";"31/12/2026";"No informa";"Sin observaciones";
"2026";"Julio";"Profesional";"SOTO MOYA, MIRYAM ANGELICA";"Apoyo Administrativo";"8";"ADMINISTRADOR (A) PUBLICO";"Región Metropolitana de Santiago";"(01)";"$ 2.769.058";"$ 2.202.438";"$ 0";-;"No";"No tiene";"No tiene";"No tiene";"01/01/2026";"31/12/2026";"No informa";"Sin observaciones";
"2026";"Julio";"Profesional";"SOTO NUÑEZ, PAULA ALEJANDRA";"Atencion Clinica";"16";"NUTRICIONISTA";"Región Metropolitana de Santiago";"(01)";"$ 1.388.719";"$ 1.128.830";"$ 0";-;"No";"No tiene";"No tiene";"No tiene";"01/01/2026";"31/12/2026";"No informa";"Sin observaciones";
"2026";"Julio";"Profesional";"SOTO OVALLE, BORIS CRISTIAN";"Apoyo Administrativo";"7";"INGENIERO (A) EJECUCION ADMINISTRACION";"Región Metropolitana de Santiago";"(186)";"$ 3.197.377";"$ 2.523.533";"$ 0";-;"No";"No tiene";"No tiene";"No tiene";"01/01/2026";"31/12/2026";"No informa";"Sin observaciones";
"2026";"Julio";"Administrativo";"SOTO PEÑA, JOCELYN ANDREA";"ADMINISTRATIVO";"15";"ADMINISTRATIVO";"Región Metropolitana de Santiago";"(186)";"$ 1.171.001";"$ 1.000.724";"$ 0";-;"Sí";"$ 126.856 : 24,00 hrs";"$ 114.171 : 18,00 hrs";"No tiene";"01/01/2026";"31/12/2026";"No informa";"Sin observaciones";
"2026";"Julio";"Profesional";"SOTO ROMERO, GABRIELA VALESKA";"Apoyo Administrativo";"15";"INGENIERO (A) EJECUCION GESTION PUBLICA";"Región Metropolitana de Santiago";"(186)";"$ 1.622.830";"$ 1.313.689";"$ 0";-;"No";"No tiene";"No tiene";"No tiene";"01/01/2026";"31/12/2026";"No informa";"Sin observaciones";
"2026";"Julio";"Médicos cirujanos, farmacéuticos, químico-farmacéuticos, bioquímicos, cirujano-dentistas";"SOTO SALAS, VIVIANA ALEJANDRA";"Atencion Odontologica";"22 Hrs.";"CIRUJANO DENTISTA";"Región Metropolitana de Santiago";"(188)(186)";"$ 2.270.062";"$ 1.734.386";"$ 0";-;"No";"No tiene";"No tiene";"No tiene";"01/01/2026";"31/12/2026";"No informa";"Sin observaciones";
"2026";"Julio";"Médicos cirujanos, farmacéuticos, químico-farmacéuticos, bioquímicos, cirujano-dentistas";"SOTO SALAS, VIVIANA ALEJANDRA";"Atencion Odontologica";"22 Hrs.";"CIRUJANO DENTISTA";"Región Metropolitana de Santiago";"(188)(186)";"$ 2.270.062";"$ 1.934.256";"$ 0";-;"No";"No tiene";"No tiene";"No tiene";"01/01/2026";"31/12/2026";"No informa";"Sin observaciones";
"2026";"Julio";"Técnico";"SOTO SEVERINO, TERESA ANDREA DE LOS ANGELES";"Atencion Clinica";"20";"TECNICO NIVEL SUPERIOR ENFERMERIA";"Región Metropolitana de Santiago";"(186)";"$ 767.886";"$ 627.593";"$ 0";-;"No";"No tiene";"No tiene";"No tiene";"01/01/2026";"31/12/2026";"No informa";"Sin observaciones";
"2026";"Julio";"Administrativo";"SOTO SOLIS, TAMARA BELEN";"Apoyo Administrativo";"13";"ADMINISTRATIVO";"Región Metropolitana de Santiago";"(186)";"$ 1.813.061";"$ 1.473.242";"$ 0";-;"No";"No tiene";"No tiene";"No tiene";"01/01/2026";"31/12/2026";"No informa";"Sin observaciones";
"2026";"Julio";"Médicos cirujanos, farmacéuticos, químico-farmacéuticos, bioquímicos, cirujano-dentistas";"SOTO SOTO, CARLA STEFANY";"Atencion Odontologica";"44 Hrs.";"CIRUJANO DENTISTA";"Región Metropolitana de Santiago";"(188)(186)";"$ 5.088.067";"$ 4.141.938";"$ 0";-;"No";"No tiene";"No tiene";"No tiene";"01/01/2026";"31/12/2026";"No informa";"Sin observaciones";
"2026";"Julio";"Auxiliar";"SOZA RAMIREZ, JOSE ALEJANDRO";"CONDUCTOR";"24";"AUXILIAR";"Región Metropolitana de Santiago";"(205)(202)(204)(186)";"$ 1.142.009";"$ 359.157";"$ 0";"$ 0";"Sí";"$ 83.856 : 28,00 hrs";"$ 71.876 : 20,00 hrs";"No tiene";"01/01/2026";"31/12/2026";"No informa";"CANCELA DIFERENCIAS DE ASIGNACIÓN FAMILIAR.+REMUNERACION JUL.2026";
"2026";"Julio";"Médicos cirujanos, farmacéuticos, químico-farmacéuticos, bioquímicos, cirujano-dentistas";"STAPFER JARA, KARINA VALERIA";"Atencion Odontologica";"22 Hrs.";"CIRUJANO DENTISTA";"Región Metropolitana de Santiago";"(86)(186)";"$ 3.165.832";"$ 2.391.678";"$ 0";-;"No";"No tiene";"No tiene";"No tiene";"01/01/2026";"31/07/2026";"No informa";"Sin observaciones";
"2026";"Julio";"Médicos cirujanos, farmacéuticos, químico-farmacéuticos, bioquímicos, cirujano-dentistas";"STAPFER JARA, KARINA VALERIA";"Atencion Odontologica";"11 Hrs.";"CIRUJANO DENTISTA";"Región Metropolitana de Santiago";"(86)(186)";"$ 1.582.918";"$ 1.404.412";"$ 0";-;"No";"No tiene";"No tiene";"No tiene";"01/01/2026";"31/07/2026";"No informa";"Sin observaciones";
"2026";"Julio";"Médicos cirujanos, farmacéuticos, químico-farmacéuticos, bioquímicos, cirujano-dentistas";"STAPFER JARA, KARINA VALERIA";"Atencion Odontologica";"11 Hrs.";"CIRUJANO DENTISTA";"Región Metropolitana de Santiago";"(186)";"$ 1.206.831";"$ 1.070.737";"$ 0";-;"No";"No tiene";"No tiene";"No tiene";"01/03/2026";"31/07/2026";"No informa";"Sin observaciones";
"2026";"Julio";"Profesional";"SUAZO AGUILAR, ESTEFANIA ELENA";"Apoyo Administrativo";"10";"ADMINISTRADOR (A) PUBLICO";"Región Metropolitana de Santiago";"(186)";"$ 2.465.156";"$ 1.976.262";"$ 0";-;"No";"No tiene";"No tiene";"No tiene";"01/01/2026";"31/12/2026";"No informa";"Sin observaciones";
"2026";"Julio";"Técnico";"SUAZO CARREÑO, CLAUDIO MARCELO";"Atencion Clinica";"22";"TECNICO NIVEL SUPERIOR ENFERMERIA";"Región Metropolitana de Santiago";"(01)";"$ 609.430";"$ 476.509";"$ 0";-;"No";"No tiene";"No tiene";"No tiene";"05/03/2026";"25/07/2026";"No informa";"CONTRATO POR REEMPLAZO";
"2026";"Julio";"Profesional";"SUAZO SAEZ, CONSTANCE ELENA";"ATENCION CLINICA";"13";"ENFERMERA (O)";"Región Metropolitana de Santiago";"(203)(204)(186)";"$ 2.524.134";"$ 1.924.136";"$ 0";"$ 0";"No";"No tiene";"No tiene";"No tiene";"01/01/2026";"31/12/2026";"No informa";"REMUNERACION JUL.2026";
"2026";"Julio";"Profesional";"SZPERKA HUERTA, JAVIER ENRIQUE";"Apoyo Administrativo";"14";"INGENIERO (A) EN INFORMATICA";"Región Metropolitana de Santiago";"(186)";"$ 1.666.485";"$ 1.357.266";"$ 0";-;"No";"No tiene";"No tiene";"No tiene";"01/01/2026";"31/12/2026";"No informa";"Sin observaciones";
"2026";"Julio";"Profesional";"TAPIA AGUAYO, KARLA ANDREA";"Atencion Clinica";"13";"ENFERMERA (O)";"Región Metropolitana de Santiago";"(01)";"$ 1.887.796";"$ 1.516.789";"$ 0";-;"No";"No tiene";"No tiene";"No tiene";"01/01/2026";"31/12/2026";"No informa";"Sin observaciones";
"2026";"Julio";"Profesional";"TAPIA AILLAPAN, MARIA JOSE";"Apoyo Administrativo";"10";"TRABAJADOR (A) SOCIAL";"Región Metropolitana de Santiago";"(01)";"$ 2.333.878";"$ 1.888.018";"$ 0";-;"No";"No tiene";"No tiene";"No tiene";"01/01/2026";"31/12/2026";"No informa";"Sin observaciones";
"2026";"Julio";"Profesional";"TAPIA BRIONES, DIEGO CAMILO";"Atencion Clinica";"15";"KINESIOLOGO (A)";"Región Metropolitana de Santiago";"(186)";"$ 1.743.567";"$ 1.439.870";"$ 0";-;"Sí";"No tiene";"$ 120.737 : 12,00 hrs";"No tiene";"01/01/2026";"31/12/2026";"No informa";"Sin observaciones";
"2026";"Julio";"Técnico";"TAPIA MORALES, FABIOLA BEATRIZ";"Atencion Clinica";"22";"TECNICO NIVEL SUPERIOR ODONTOLOGIA";"Región Metropolitana de Santiago";"(186)";"$ 753.752";"$ 616.041";"$ 0";-;"No";"No tiene";"No tiene";"No tiene";"01/01/2026";"31/12/2026";"No informa";"Sin observaciones";
"2026";"Julio";"Técnico";"TAPIA MUÑOZ, SEBASTIAN ALEJANDRO";"ATENCION CLINICA";"22";"TECNICO NIVEL SUPERIOR ENFERMERIA";"Región Metropolitana de Santiago";"(202)(204)";"$ 1.354.540";"$ 916.523";"$ 0";"$ 0";"Sí";"$ 96.852 : 28,00 hrs";"$ 182.636 : 44,00 hrs";"No tiene";"01/01/2026";"31/12/2026";"No informa";"REMUNERACION JUL.2026";
"2026";"Julio";"Profesional";"TAPIA PEDREROS, DENISSE ELIZABETH";"ATENCION CLINICA";"11";"ENFERMERA (O)";"Región Metropolitana de Santiago";"(203)(204)(186)";"$ 2.993.234";"$ 2.213.770";"$ 0";"$ 0";"No";"No tiene";"No tiene";"No tiene";"01/01/2026";"31/12/2026";"No informa";"REMUNERACION JUL.2026";
"2026";"Julio";"Médicos cirujanos, farmacéuticos, químico-farmacéuticos, bioquímicos, cirujano-dentistas";"TAPIA ROMAN, JOHAN MANUEL";"Atencion Odontologica";"44 Hrs.";"CIRUJANO DENTISTA";"Región Metropolitana de Santiago";"(186)(188)(86)(186)";"$ 5.157.391";"$ 4.197.476";"$ 0";-;"No";"No tiene";"No tiene";"No tiene";"01/01/2026";"31/12/2026";"No informa";"Sin observaciones";
"2026";"Julio";"Profesional";"TAPIA SANCHEZ, RODRIGO ANDRES";"Jefe de Subdepartamento";"6";"MATRON (A)";"Región Metropolitana de Santiago";"(186)";"$ 3.425.183";"$ 2.701.524";"$ 0";-;"No";"No tiene";"No tiene";"No tiene";"01/01/2026";"31/12/2026";"No informa";"Sin observaciones";
"2026";"Julio";"Auxiliar";"TAPIA TORRES, GERMAN JORGE";"CONDUCTOR";"24";"AUXILIAR";"Región Metropolitana de Santiago";"(205)(202)(204)(186)";"$ 975.308";"$ 632.636";"$ 0";"$ 0";"No";"No tiene";"No tiene";"No tiene";"01/01/2026";"31/12/2026";"No informa";"REMUNERACION JUL.2026";
"2026";"Julio";"Médicos cirujanos, farmacéuticos, químico-farmacéuticos, bioquímicos, cirujano-dentistas";"TARTAKOWSKY NOVOA, BORIS IGOR";"Quimico Farmaceutico";"44 Hrs.";"QUIMICO FARMACEUTICO";"Región Metropolitana de Santiago";"(188)(186)";"$ 5.210.235";"$ 4.241.891";"$ 0";-;"No";"No tiene";"No tiene";"No tiene";"01/01/2026";"31/12/2026";"No informa";"Sin observaciones";
"2026";"Julio";"Profesional";"TEKE VELOSO, PABLO IGNACIO";"Atencion Clinica";"15";"KINESIOLOGO (A)";"Región Metropolitana de Santiago";"(186)(186)";"$ 1.622.830";"$ 1.300.627";"$ 0";-;"No";"No tiene";"No tiene";"No tiene";"01/01/2026";"31/12/2026";"No informa";"Sin observaciones";
"2026";"Julio";"Médicos cirujanos, farmacéuticos, químico-farmacéuticos, bioquímicos, cirujano-dentistas";"TERRAZAS JIMENEZ, VICTOR CARLOS";"Atencion Clinica Medica";"22 Hrs.";"MEDICO CIRUJANO";"Región Metropolitana de Santiago";"(188)(186)";"$ 2.632.472";"$ 2.005.872";"$ 0";-;"No";"No tiene";"No tiene";"No tiene";"01/01/2026";"31/12/2026";"No informa";"Sin observaciones";
"2026";"Julio";"Médicos cirujanos, farmacéuticos, químico-farmacéuticos, bioquímicos, cirujano-dentistas";"TERRAZAS JIMENEZ, VICTOR CARLOS";"Atencion Clinica Medica";"11 Hrs.";"MEDICO CIRUJANO";"Región Metropolitana de Santiago";"(188)(186)";"$ 1.172.641";"$ 1.017.431";"$ 0";-;"No";"No tiene";"No tiene";"No tiene";"01/01/2026";"30/09/2026";"No informa";"Sin observaciones";
"2026";"Julio";"Médicos cirujanos, farmacéuticos, químico-farmacéuticos, bioquímicos, cirujano-dentistas";"TERRAZAS JIMENEZ, VICTOR CARLOS";"Atencion Clinica Medica";"11 Hrs.";"MEDICO CIRUJANO";"Región Metropolitana de Santiago";"(188)(186)";"$ 1.316.238";"$ 1.142.021";"$ 0";-;"No";"No tiene";"No tiene";"No tiene";"01/01/2026";"31/12/2026";"No informa";"Sin observaciones";
"2026";"Julio";"Profesional";"THOMAS CUEVAS, ROCIO CHARDI";"Apoyo Logistico";"9";"ASISTENTE SOCIAL";"Región Metropolitana de Santiago";"(186)";"$ 2.664.773";"$ 2.127.181";"$ 0";-;"No";"No tiene";"No tiene";"No tiene";"01/01/2026";"31/12/2026";"No informa";"Sin observaciones";
"2026";"Julio";"Profesional";"TIZNADO CANDIA, CATALINA CARMEN";"Atencion Clinica";"16";"TRABAJADOR (A) SOCIAL";"Región Metropolitana de Santiago";"(01)";"$ 1.249.847";"$ 1.027.609";"$ 0";-;"No";"No tiene";"No tiene";"No tiene";"01/01/2026";"27/07/2026";"No informa";"CONTRATO POR REEMPLAZO";
"2026";"Julio";"Técnico";"TOBAR ACOSTA, ISABEL ANGELICA";"ATENCION CLINICA";"22";"TECNICO NIVEL SUPERIOR ENFERMERIA";"Región Metropolitana de Santiago";"(203)(204)(186)";"$ 943.416";"$ 739.654";"$ 0";"$ 0";"No";"No tiene";"No tiene";"No tiene";"01/01/2026";"31/12/2026";"No informa";"CANCELA DIFERENCIAS DE ASIGNACIÓN FAMILIAR.+REMUNERACION JUL.2026";
"2026";"Julio";"Auxiliar";"TOLEDO BARBOZA, FRANCISCO JAVIER";"Apoyo Logistico";"24";"AUXILIAR";"Región Metropolitana de Santiago";"(202)(186)";"$ 962.258";"$ 815.216";"$ 0";-;"Sí";"$ 11.872 : 4,00 hrs";"$ 113.970 : 32,00 hrs";"No tiene";"01/01/2026";"31/12/2026";"No informa";"Sin observaciones";
"2026";"Julio";"Administrativo";"TOLEDO PEÑALOZA, ALEJANDRA DEL CARMEN";"Apoyo Administrativo";"21";"ADMINISTRATIVO";"Región Metropolitana de Santiago";"(186)";"$ 727.635";"$ 593.460";"$ 0";-;"No";"No tiene";"No tiene";"No tiene";"01/01/2026";"31/12/2026";"No informa";"Sin observaciones";
"2026";"Julio";"Médicos cirujanos, farmacéuticos, químico-farmacéuticos, bioquímicos, cirujano-dentistas";"TOLEDO VEGA, ISRAEL JOSUE";"Atencion Clinica Medica";"44 Hrs.";"MEDICO CIRUJANO";"Región Metropolitana de Santiago";"(86)";"$ 3.049.448";"$ 2.416.057";"$ 0";-;"No";"No tiene";"No tiene";"No tiene";"01/01/2026";"31/12/2026";"No informa";"Sin observaciones";
"2026";"Julio";"Médicos cirujanos, farmacéuticos, químico-farmacéuticos, bioquímicos, cirujano-dentistas";"TOLOZA MUÑOZ, CAROLIN VICTORIA";"Atencion Clinica Medica";"22 Hrs.";"MEDICO CIRUJANO";"Región Metropolitana de Santiago";"(86)(186)";"$ 3.603.460";"$ 2.834.575";"$ 0";-;"No";"No tiene";"No tiene";"No tiene";"04/05/2026";"31/07/2026";"No informa";"Sin observaciones";
"2026";"Julio";"Profesional";"TOME SANCHEZ, CLAUDIA LORETO";"Atencion Clinica";"15";"NUTRICIONISTA";"Región Metropolitana de Santiago";"(186)";"$ 1.829.103";"$ 1.522.222";"$ 0";-;"Sí";"$ 125.005 : 15,00 hrs";"$ 90.004 : 9,00 hrs";"No tiene";"01/01/2026";"31/12/2026";"No informa";"Sin observaciones";
"2026";"Julio";"Médicos cirujanos, farmacéuticos, químico-farmacéuticos, bioquímicos, cirujano-dentistas";"TORO CEPEDA, ANA TANIA LUCIA";"Atencion Clinica Medica";"22 Hrs.";"MEDICO CIRUJANO";"Región Metropolitana de Santiago";"(188)(186)";"$ 2.564.093";"$ 2.067.482";"$ 0";-;"No";"No tiene";"No tiene";"No tiene";"01/01/2026";"31/12/2026";"No informa";"Sin observaciones";
"2026";"Julio";"Médicos cirujanos, farmacéuticos, químico-farmacéuticos, bioquímicos, cirujano-dentistas";"TORO MOLINA, HUGO FERNANDO";"Medico General Especialidad Basica";"44 Hrs.";"MEDICO CIRUJANO";"Región Metropolitana de Santiago";"(188)";"$ 2.146.840";"$ 1.737.338";"$ 0";-;"No";"No tiene";"No tiene";"No tiene";"01/01/2026";"30/09/2026";"No informa";"Sin observaciones";
"2026";"Julio";"Médicos cirujanos, farmacéuticos, químico-farmacéuticos, bioquímicos, cirujano-dentistas";"TORO SALINAS, MILLIE JUDITH";"MEDICO CIRUJANO CON ESPECIALIDAD EN MEDICINA DE URGENCIA";"28 Hrs.";"MEDICO CIRUJANO CON ESPECIALIDAD EN MEDICINA DE URGENCIA";"Región Metropolitana de Santiago";"(194)(193)(198)(186)";"$ 4.261.504";"$ 3.421.556";"$ 0";"$ 0";"No";"No tiene";"No tiene";"No tiene";"01/01/2026";"31/12/2026";"No informa";"REMUNERACION JUL.2026";
"2026";"Julio";"Técnico";"TORREALBA GONZALEZ, FERNANDA MACARENA";"Atencion Clinica";"22";"TECNICO NIVEL SUPERIOR ENFERMERIA";"Región Metropolitana de Santiago";"(186)";"$ 753.752";"$ 614.760";"$ 0";-;"No";"No tiene";"No tiene";"No tiene";"01/01/2026";"31/12/2026";"No informa";"Sin observaciones";
"2026";"Julio";"Profesional";"TORRES AZOCAR, FRANCISCO JAVIER";"Atencion Clinica";"15";"KINESIOLOGO (A)";"Región Metropolitana de Santiago";"(186)";"$ 1.547.524";"$ 1.252.890";"$ 0";-;"No";"No tiene";"No tiene";"No tiene";"01/01/2026";"31/12/2026";"No informa";"Sin observaciones";
"2026";"Julio";"Administrativo";"TORRES AZOCAR, MARIA DE LAS MERCEDES";"Apoyo Administrativo";"22";"ADMINISTRATIVO";"Región Metropolitana de Santiago";"(186)";"$ 751.451";"$ 622.596";"$ 0";-;"Sí";"$ 46.168 : 13,00 hrs";"No tiene";"No tiene";"01/01/2026";"31/12/2026";"No informa";"Sin observaciones";
"2026";"Julio";"Administrativo";"TORRES BUSTOS, REGINA ALEXIA";"Apoyo Administrativo";"22";"ADMINISTRATIVO";"Región Metropolitana de Santiago";"(186)";"$ 753.414";"$ 625.414";"$ 0";-;"Sí";"$ 52.809 : 15,00 hrs";"No tiene";"No tiene";"01/01/2026";"31/12/2026";"No informa";"Sin observaciones";
"2026";"Julio";"Técnico";"TORRES CARRASCO, IVANNA ALEXANDRA";"Atencion Clinica";"20";"TECNICO NIVEL SUPERIOR ENFERMERIA";"Región Metropolitana de Santiago";"(186)";"$ 761.830";"$ 627.900";"$ 0";-;"No";"No tiene";"No tiene";"No tiene";"01/01/2026";"31/12/2026";"No informa";"Sin observaciones";
"2026";"Julio";"Profesional";"TORRES CHAVEZ, ANA MARIA";"Atencion Clinica";"15";"ENFERMERA (O)";"Región Metropolitana de Santiago";"(01)";"$ 1.512.586";"$ 1.222.864";"$ 0";-;"No";"No tiene";"No tiene";"No tiene";"01/01/2026";"31/12/2026";"No informa";"Sin observaciones";
"2026";"Julio";"Médicos cirujanos, farmacéuticos, químico-farmacéuticos, bioquímicos, cirujano-dentistas";"TORRES GUTIERREZ, OSCAR RICARDO";"Atencion Odontologica";"44 Hrs.";"CIRUJANO DENTISTA";"Región Metropolitana de Santiago";"(188)(186)";"$ 5.237.587";"$ 4.271.273";"$ 0";-;"No";"No tiene";"No tiene";"No tiene";"01/01/2026";"31/12/2026";"No informa";"Sin observaciones";
"2026";"Julio";"Profesional";"TORRES MORALES, ROSA MARIA";"Atencion Clinica";"13";"PSICOLOGO (A)";"Región Metropolitana de Santiago";"(01)";"$ 1.795.022";"$ 1.448.975";"$ 0";-;"No";"No tiene";"No tiene";"No tiene";"11/05/2026";"11/08/2026";"No informa";"Sin observaciones";
"2026";"Julio";"Administrativo";"TORRES MUÑOZ, PAOLA DE LAS MERCEDES";"SECRETARIA";"13";"ADMINISTRADOR (A) PUBLICO";"Región Metropolitana de Santiago";"(186)";"$ 2.357.427";"$ 1.949.617";"$ 0";"$ 0";"Sí";"$ 310.241 : 32,00 hrs";"$ 244.314 : 21,00 hrs";"No tiene";"01/01/2026";"31/12/2026";"No informa";"REMUNERACION JUL.2026";
"2026";"Julio";"Profesional";"TORRES OPAZO, CLAUDIA CAMILA";"Atencion Clinica";"15";"ASISTENTE SOCIAL";"Región Metropolitana de Santiago";"(01)";"$ 1.512.586";"$ 1.235.497";"$ 0";-;"No";"No tiene";"No tiene";"No tiene";"01/01/2026";"31/12/2026";"No informa";"Sin observaciones";
"2026";"Julio";"Administrativo";"TORRES ORELLANA, FANNY DEL TRANSITO";"APOYO ADMINISTRATIVO";"22";"ADMINISTRATIVO";"Región Metropolitana de Santiago";"(186)";"$ 791.305";"$ 489.283";"$ 0";"$ 0";"Sí";"$ 56.822 : 16,00 hrs";"No tiene";"No tiene";"01/01/2026";"31/12/2026";"No informa";"CANCELA DIFERENCIAS DE ASIGNACIÓN FAMILIAR.+PAGO BONO MENSUAL+REMUNERACION JUL.2026";
"2026";"Julio";"Profesional";"TORRES RIVERA, ALEXANDRA PATRICIA";"Atencion Clinica";"12";"TERAPEUTA OCUPACIONAL";"Región Metropolitana de Santiago";"(186)";"$ 2.075.205";"$ 1.680.659";"$ 0";-;"No";"No tiene";"No tiene";"No tiene";"01/01/2026";"31/12/2026";"No informa";"Sin observaciones";
"2026";"Julio";"Médicos cirujanos, farmacéuticos, químico-farmacéuticos, bioquímicos, cirujano-dentistas";"TORRES ROJAS, ANGEL ELOY";"Atencion Clinica Medica";"44 Hrs.";"MEDICO CIRUJANO";"Región Metropolitana de Santiago";"(86)(186)";"$ 3.514.428";"$ 2.793.414";"$ 0";-;"No";"No tiene";"No tiene";"No tiene";"01/01/2026";"31/12/2026";"No informa";"Sin observaciones";
"2026";"Julio";"Técnico";"TORRES SILVA, PEDRO ENRIQUE";"ATENCION CLINICA";"22";"TECNICO NIVEL SUPERIOR ENFERMERIA";"Región Metropolitana de Santiago";"(203)(204)(186)";"$ 1.165.472";"$ 902.158";"$ 0";"$ 0";"Sí";"$ 95.055 : 27,00 hrs";"$ 138.773 : 33,00 hrs";"No tiene";"01/01/2026";"31/12/2026";"No informa";"REMUNERACION JUL.2026+REGULARIZA PAGO HHEE MES(ES) ANTERIOR(ES)";
"2026";"Julio";"Médicos cirujanos, farmacéuticos, químico-farmacéuticos, bioquímicos, cirujano-dentistas";"TORRES THOPPE, ALINA ESTHER";"Atencion Odontologica";"22 Hrs.";"CIRUJANO DENTISTA";"Región Metropolitana de Santiago";"(186)";"$ 2.140.141";"$ 1.835.597";"$ 0";-;"No";"No tiene";"No tiene";"No tiene";"01/01/2026";"31/12/2026";"No informa";"Sin observaciones";
"2026";"Julio";"Médicos cirujanos, farmacéuticos, químico-farmacéuticos, bioquímicos, cirujano-dentistas";"TORRES THOPPE, ALINA ESTHER";"Atencion Odontologica";"22 Hrs.";"CIRUJANO DENTISTA";"Región Metropolitana de Santiago";"(188)(86)(186)";"$ 2.401.279";"$ 1.855.433";"$ 0";-;"No";"No tiene";"No tiene";"No tiene";"01/01/2026";"31/12/2026";"No informa";"Sin observaciones";
"2026";"Julio";"Auxiliar";"TORRES TORRES, ERIK ADRIAN";"CONDUCTOR";"24";"AUXILIAR";"Región Metropolitana de Santiago";"(205)(203)(204)(186)";"$ 831.264";"$ 524.425";"$ 0";"$ 0";"No";"No tiene";"No tiene";"No tiene";"01/01/2026";"31/12/2026";"No informa";"REMUNERACION JUL.2026";
"2026";"Julio";"Profesional";"TORRIJO OLIVARES, JUAN PAULO HERNAN";"Apoyo Administrativo";"15";"PSICOLOGO (A)";"Región Metropolitana de Santiago";"(01)";"$ 1.512.586";"$ 1.227.074";"$ 0";-;"No";"No tiene";"No tiene";"No tiene";"01/01/2026";"31/12/2026";"No informa";"Sin observaciones";
"2026";"Julio";"Médicos cirujanos, farmacéuticos, químico-farmacéuticos, bioquímicos, cirujano-dentistas";"TRIGO TORRICO, JACQUELINE MONICA";"Atencion Clinica Medica";"22 Hrs.";"MEDICO CIRUJANO";"Región Metropolitana de Santiago";"(188)(86)(186)";"$ 3.083.776";"$ 2.446.726";"$ 0";-;"No";"No tiene";"No tiene";"No tiene";"01/01/2026";"31/07/2026";"No informa";"Sin observaciones";
"2026";"Julio";"Profesional";"TRIPAINAO CONTRERAS, LORENZO ANDRES";"Apoyo Administrativo";"6";"INGENIERO (A) CIVIL";"Región Metropolitana de Santiago";"(186)";"$ 3.332.409";"$ 2.627.073";"$ 0";-;"No";"No tiene";"No tiene";"No tiene";"01/01/2026";"31/12/2026";"No informa";"Sin observaciones";
"2026";"Julio";"Profesional";"TRIVIÑO CARRASCO, VICTOR AQUILES";"Apoyo Administrativo";"7";"INGENIERO (A) EJECUCION GESTION INDUSTRIAL";"Región Metropolitana de Santiago";"(186)";"$ 3.181.208";"$ 2.513.329";"$ 0";-;"No";"No tiene";"No tiene";"No tiene";"01/01/2026";"31/12/2026";"No informa";"Sin observaciones";
"2026";"Julio";"Profesional";"TRONCOSO NAVARRO, JULY ANGELICA";"Apoyo Administrativo";"5";"ABOGADO (A)";"Región Metropolitana de Santiago";"(186)";"$ 3.578.017";"$ 2.809.991";"$ 0";-;"No";"No tiene";"No tiene";"No tiene";"01/01/2026";"31/12/2026";"No informa";"Sin observaciones";
"2026";"Julio";"Médicos cirujanos, farmacéuticos, químico-farmacéuticos, bioquímicos, cirujano-dentistas";"TRONCOSO ROJAS, ESTEBAN ALEJANDRO";"Atencion Clinica Medica";"22 Hrs.";"MEDICO CIRUJANO";"Región Metropolitana de Santiago";"(186)(186)";"$ 4.827.318";"$ 3.910.668";"$ 0";-;"No";"No tiene";"No tiene";"No tiene";"01/01/2026";"31/12/2026";"No informa";"Sin observaciones";
"2026";"Julio";"Auxiliar";"TRONCOSO ROJAS, MAX ENRIQUE";"CONDUCTOR";"24";"AUXILIAR";"Región Metropolitana de Santiago";"(186)";"$ 982.164";"$ 522.849";"$ 0";"$ 0";"Sí";"$ 117.643 : 40,00 hrs";"$ 232.934 : 66,00 hrs";"No tiene";"01/07/2026";"31/07/2026";"No informa";"PAGO BONO MENSUAL+REEMPLAZO JUL.2026 (01-31)";
"2026";"Julio";"Médicos cirujanos, farmacéuticos, químico-farmacéuticos, bioquímicos, cirujano-dentistas";"TRONCOSO SOTO, SEBASTIAN ANDRES";"Medico Becario Primario";"44 Hrs.";"MEDICO CIRUJANO";"Región Metropolitana de Santiago";"(01)";"$ 2.916.243";"$ 2.386.654";"$ 0";-;"No";"No tiene";"No tiene";"No tiene";"01/01/2026";"05/04/2027";"No informa";"Sin observaciones";
"2026";"Julio";"Profesional";"TRONCOSO VEJAR, MARCELO ANDRES";"ATENCION CLINICA";"13";"ENFERMERA (O)";"Región Metropolitana de Santiago";"(203)(204)(186)";"$ 3.565.570";"$ 2.925.325";"$ 0";"$ 0";"Sí";"$ 160.375 : 16,00 hrs";"$ 894.855 : 75,00 hrs";"No tiene";"01/01/2026";"31/12/2026";"No informa";"REMUNERACION JUL.2026+REGULARIZA PAGO HHEE MES(ES) ANTERIOR(ES)";
"2026";"Julio";"Profesional";"TRUJILLO CASTRO, KAREN LESLIE";"Apoyo Administrativo";"13";"ASISTENTE SOCIAL";"Región Metropolitana de Santiago";"(01)";"$ 1.795.022";"$ 1.458.969";"$ 0";-;"No";"No tiene";"No tiene";"No tiene";"01/01/2026";"31/12/2026";"No informa";"Sin observaciones";
"2026";"Julio";"Médicos cirujanos, farmacéuticos, químico-farmacéuticos, bioquímicos, cirujano-dentistas";"TUDELA CORNEJO, FRANCISCA ALEJANDRA";"Atencion Odontologica";"22 Hrs.";"CIRUJANO DENTISTA";"Región Metropolitana de Santiago";"(188)(186)";"$ 1.374.255";"$ 1.116.311";"$ 0";-;"No";"No tiene";"No tiene";"No tiene";"01/01/2026";"31/12/2026";"No informa";"Sin observaciones";
"2026";"Julio";"Técnico";"TUNINETTI LOYOLA, CAROLINA DEL CARMEN";"ATENCION CLINICA";"22";"TECNICO NIVEL SUPERIOR ENFERMERIA";"Región Metropolitana de Santiago";"(01)";"$ 1.236.853";"$ 1.062.625";"$ 0";"$ 0";"Sí";"No tiene";"$ 184.429 : 114,00 hrs";"No tiene";"17/06/2026";"10/07/2026";"No informa";"CANCELA DIFERENCIAS DE ASIGNACIÓN FAMILIAR.+CONTRATO+PROCBONESC2026-202606+REEMPLAZO JUL.2026 (01-10)+REEMPLAZO JUN.2026 (17-30)+REGULARIZA PAGO HHEE MES(ES) ANTERIOR(ES)";
"2026";"Julio";"Médicos cirujanos, farmacéuticos, químico-farmacéuticos, bioquímicos, cirujano-dentistas";"UBILLA CAMPOS, RODRIGO ALEXIS";"Atencion Clinica Medica";"44 Hrs.";"MEDICO CIRUJANO";"Región Metropolitana de Santiago";"(86)(186)";"$ 3.514.428";"$ 2.761.727";"$ 0";-;"No";"No tiene";"No tiene";"No tiene";"01/01/2026";"31/12/2026";"No informa";"Sin observaciones";
"2026";"Julio";"Profesional";"UBILLA KURTE, MARISOL ANDREA";"ATENCION CLINICA";"13";"ENFERMERA (O)";"Región Metropolitana de Santiago";"(203)(204)(186)";"$ 2.867.537";"$ 2.059.023";"$ 0";"$ 0";"Sí";"$ 343.403 : 34,00 hrs";"No tiene";"No tiene";"01/01/2026";"31/12/2026";"No informa";"REMUNERACION JUL.2026";
"2026";"Julio";"Administrativo";"UBILLA VARGAS, KATHERINE PATRICIA";"Apoyo Administrativo";"22";"TECNICO EN ALIMENTACION";"Región Metropolitana de Santiago";"(01)";"$ 712.193";"$ 564.898";"$ 0";-;"No";"No tiene";"No tiene";"No tiene";"26/01/2026";"01/08/2026";"No informa";"CONTRATO POR REEMPLAZO";
"2026";"Julio";"Profesional";"ULLOA AGUILAR, VALERIA ANDREA";"Atencion Clinica";"15";"ENFERMERA (O)";"Región Metropolitana de Santiago";"(186)";"$ 1.521.320";"$ 1.232.330";"$ 0";-;"No";"No tiene";"No tiene";"No tiene";"01/01/2026";"31/12/2026";"No informa";"Sin observaciones";
"2026";"Julio";"Profesional";"ULLOA OTAROLA, MISAEL EDUARDO";"Atencion Clinica";"15";"KINESIOLOGO (A)";"Región Metropolitana de Santiago";"(186)";"$ 1.521.320";"$ 1.229.702";"$ 0";-;"No";"No tiene";"No tiene";"No tiene";"01/01/2026";"31/12/2026";"No informa";"Sin observaciones";
"2026";"Julio";"Médicos cirujanos, farmacéuticos, químico-farmacéuticos, bioquímicos, cirujano-dentistas";"ULLOA VALENZUELA, GONZALO RODRIGO";"Atencion Clinica Medica";"44 Hrs.";"MEDICO CIRUJANO";"Región Metropolitana de Santiago";"(86)(186)";"$ 4.995.432";"$ 4.061.809";"$ 0";-;"Sí";"$ 528.000 : 40,00 hrs";"$ 190.080 : 12,00 hrs";"No tiene";"01/01/2026";"31/12/2026";"No informa";"Sin observaciones";
"2026";"Julio";"Médicos cirujanos, farmacéuticos, químico-farmacéuticos, bioquímicos, cirujano-dentistas";"URETA DIAZ, DANIELA ALEJANDRA";"Atencion Clinica Medica";"44 Hrs.";"MEDICO CIRUJANO";"Región Metropolitana de Santiago";"(86)(186)";"$ 3.651.186";"$ 2.897.402";"$ 0";-;"No";"No tiene";"No tiene";"No tiene";"01/01/2026";"31/12/2026";"No informa";"Sin observaciones";
"2026";"Julio";"Administrativo";"URETA ROCO, CLAUDIA ALEJANDRA";"Apoyo Administrativo";"22";"ADMINISTRATIVO";"Región Metropolitana de Santiago";"(186)";"$ 837.907";"$ 709.907";"$ 0";-;"Sí";"$ 137.302 : 39,00 hrs";"No tiene";"No tiene";"01/01/2026";"31/12/2026";"No informa";"Sin observaciones";
"2026";"Julio";"Profesional";"URIARTE SALINAS, ALFONSO MARTIN";"Atencion Clinica";"15";"KINESIOLOGO (A)";"Región Metropolitana de Santiago";"(01)";"$ 1.512.586";"$ 1.228.760";"$ 0";-;"No";"No tiene";"No tiene";"No tiene";"01/01/2026";"31/12/2026";"No informa";"Sin observaciones";
"2026";"Julio";"Médicos cirujanos, farmacéuticos, químico-farmacéuticos, bioquímicos, cirujano-dentistas";"URIBE OTAIZA, CONSTANZA SOFIA";"MEDICO BECARIO PRIMARIO";"44 Hrs.";"MEDICO CIRUJANO";"Región Metropolitana de Santiago";"(01)";"$ 2.880.029";"$ 2.287.409";"$ 0";"$ 0";"No";"No tiene";"No tiene";"No tiene";"03/07/2025";"24/07/2026";"No informa";"REMUNERACION JUL.2026";
"2026";"Julio";"Médicos cirujanos, farmacéuticos, químico-farmacéuticos, bioquímicos, cirujano-dentistas";"URIBE OTAIZA, CONSTANZA SOFIA";"MEDICO PAO";"22 Hrs.";"MEDICO CIRUJANO";"Región Metropolitana de Santiago";"(01)";"$ 195.537";"$ 173.715";"$ 0";"$ 0";"No";"No tiene";"No tiene";"No tiene";"25/07/2026";"31/12/2026";"No informa";"REMUNERACION JUL.2026 LEY 19.664";
"2026";"Julio";"Médicos cirujanos, farmacéuticos, químico-farmacéuticos, bioquímicos, cirujano-dentistas";"URIBE OTAIZA, CONSTANZA SOFIA";"MEDICO PAO";"28 Hrs.";"MEDICO CIRUJANO";"Región Metropolitana de Santiago";"(01)";"$ 455.736";"$ 410.397";"$ 0";"$ 0";"No";"No tiene";"No tiene";"No tiene";"25/07/2026";"31/12/2026";"No informa";"REMUNERACION JUL.2026 LEY 15.076";
"2026";"Julio";"Profesional";"URRA DIAZ, GLADYS ANGELICA";"Apoyo Administrativo";"9";"TRABAJADOR (A) SOCIAL";"Región Metropolitana de Santiago";"(186)";"$ 2.678.634";"$ 2.142.652";"$ 0";-;"No";"No tiene";"No tiene";"No tiene";"01/01/2026";"31/12/2026";"No informa";"Sin observaciones";
"2026";"Julio";"Profesional";"URRA SANDOVAL, FRANCISCA VALENTINA";"ATENCION CLINICA";"13";"ENFERMERA (O)";"Región Metropolitana de Santiago";"(203)(204)";"$ 3.019.309";"$ 2.331.398";"$ 0";"$ 0";"Sí";"$ 147.944 : 15,00 hrs";"$ 402.407 : 34,00 hrs";"No tiene";"01/01/2026";"31/12/2026";"No informa";"REMUNERACION JUL.2026";
"2026";"Julio";"Técnico";"URRUTIA CUBILLOS, MARIA INES";"Atencion Clinica";"22";"TECNICO NIVEL SUPERIOR ENFERMERIA";"Región Metropolitana de Santiago";"(186)";"$ 897.142";"$ 759.188";"$ 0";-;"Sí";"$ 142.054 : 40,00 hrs";"No tiene";"No tiene";"01/01/2026";"31/12/2026";"No informa";"Sin observaciones";
"2026";"Julio";"Profesional";"URRUTIA LABRIN, MIGUEL OSVALDO";"Apoyo Administrativo";"12";"PSICOLOGO (A)";"Región Metropolitana de Santiago";"(186)";"$ 1.982.431";"$ 1.608.027";"$ 0";-;"No";"No tiene";"No tiene";"No tiene";"01/01/2026";"31/12/2026";"No informa";"Sin observaciones";
"2026";"Julio";"Profesional";"URZUA LETELIER, HUGO FERNANDO";"ATENCION CLINICA";"13";"ENFERMERA (O)";"Región Metropolitana de Santiago";"(01)";"$ 1.503.748";"$ 1.282.895";"$ 0";"$ 0";"Sí";"$ 138.081 : 14,00 hrs";"$ 228.820 : 100,00 hrs";"No tiene";"01/07/2026";"19/07/2026";"No informa";"REEMPLAZO JUL.2026 (01-19)";
"2026";"Julio";"Técnico";"URZUA MORALES, PAULA FRANCISCA";"Atencion Clinica";"22";"TECNICO NIVEL SUPERIOR ENFERMERIA";"Región Metropolitana de Santiago";"(186)";"$ 767.834";"$ 628.766";"$ 0";-;"Sí";"$ 14.082 : 4,00 hrs";"No tiene";"No tiene";"01/01/2026";"31/12/2026";"No informa";"Sin observaciones";
"2026";"Julio";"Médicos cirujanos, farmacéuticos, químico-farmacéuticos, bioquímicos, cirujano-dentistas";"VALDEBENITO SHARP, CARLA ISABEL";"Medico Becario Primario";"44 Hrs.";"MEDICO CIRUJANO";"Región Metropolitana de Santiago";"(01)";"$ 2.916.243";"$ 2.403.568";"$ 0";-;"No";"No tiene";"No tiene";"No tiene";"06/05/2025";"05/05/2027";"No informa";"Sin observaciones";
"2026";"Julio";"Médicos cirujanos, farmacéuticos, químico-farmacéuticos, bioquímicos, cirujano-dentistas";"VALDERRAMA ZUÑIGA, IVAN ESTEBAN";"MEDICO PAO";"22 Hrs.";"MEDICO CIRUJANO CON ESPECIALIDAD EN MEDICINA DE URGENCIA";"Región Metropolitana de Santiago";"(86)(186)";"$ 3.487.215";"$ 3.039.424";"$ 0";"$ 0";"No";"No tiene";"No tiene";"No tiene";"01/01/2026";"31/12/2026";"No informa";"REMUNERACION JUL.2026";
"2026";"Julio";"Profesional";"VALDES CISTERNAS, DIEGO SEBASTIAN";"Atencion Clinica";"16";"TERAPEUTA OCUPACIONAL";"Región Metropolitana de Santiago";"(186)";"$ 1.404.890";"$ 1.138.551";"$ 0";-;"No";"No tiene";"No tiene";"No tiene";"01/01/2026";"31/12/2026";"No informa";"Sin observaciones";
"2026";"Julio";"Profesional";"VALDES URZUA, DANIEL ALEJANDRO";"ATENCION CLINICA";"13";"ENFERMERA (O)";"Región Metropolitana de Santiago";"(01)";"$ 1.136.865";"$ 1.109.686";"$ 0";"$ 0";"Sí";"$ 374.791 : 38,00 hrs";"$ 702.240 : 128,00 hrs";"No tiene";"01/07/2026";"01/07/2026";"No informa";"REEMPLAZO JUL.2026 (01)";
"2026";"Julio";"Profesional";"VALDES ZAÑARTU, LUIS FELIPE";"Apoyo Administrativo";"10";"PSICOLOGO (A)";"Región Metropolitana de Santiago";"(186)";"$ 2.452.321";"$ 1.981.409";"$ 0";-;"No";"No tiene";"No tiene";"No tiene";"01/01/2026";"31/12/2026";"No informa";"Sin observaciones";
"2026";"Julio";"Técnico";"VALDIVIA FLORES, JOSEFA IGNACIA";"Atencion Clinica";"21";"TECNICO NIVEL SUPERIOR ENFERMERIA";"Región Metropolitana de Santiago";"(01)";"$ 731.315";"$ 603.628";"$ 0";-;"No";"No tiene";"No tiene";"No tiene";"01/07/2026";"30/09/2026";"No informa";"Sin observaciones";
"2026";"Julio";"Profesional";"VALENCIA GONZALEZ, FANNY LORENA";"Apoyo Administrativo";"6";"INGENIERO (A) COMERCIAL";"Región Metropolitana de Santiago";"(186)";"$ 3.512.896";"$ 2.761.167";"$ 0";-;"No";"No tiene";"No tiene";"No tiene";"01/01/2026";"31/12/2026";"No informa";"Sin observaciones";
"2026";"Julio";"Profesional";"VALENCIA GONZALEZ, VIVIANA LETICIA";"Apoyo Administrativo";"5";"CONTADOR (A) AUDITOR (A)";"Región Metropolitana de Santiago";"(186)";"$ 3.782.370";"$ 2.980.818";"$ 0";-;"No";"No tiene";"No tiene";"No tiene";"01/01/2026";"31/12/2026";"No informa";"Sin observaciones";
"2026";"Julio";"Médicos cirujanos, farmacéuticos, químico-farmacéuticos, bioquímicos, cirujano-dentistas";"VALENZUELA CASTAÑEDA, FABIAN ANDRES";"Atencion Clinica Medica";"44 Hrs.";"MEDICO CIRUJANO";"Región Metropolitana de Santiago";"(86)(186)";"$ 3.514.428";"$ 2.767.671";"$ 0";-;"No";"No tiene";"No tiene";"No tiene";"01/01/2026";"31/12/2026";"No informa";"Sin observaciones";
"2026";"Julio";"Profesional";"VALENZUELA CORTEZ, PALOMA";"Atencion Clinica";"13";"MATRON (A)";"Región Metropolitana de Santiago";"(01)";"$ 1.917.385";"$ 1.561.663";"$ 0";-;"Sí";"$ 29.589 : 3,00 hrs";"No tiene";"No tiene";"01/01/2026";"31/12/2026";"No informa";"Sin observaciones";
"2026";"Julio";"Profesional";"VALENZUELA ILLANES, HERNI IÑAKI";"Apoyo Administrativo";"8";"ADMINISTRADOR (A) PUBLICO";"Región Metropolitana de Santiago";"(01)";"$ 2.769.058";"$ 2.207.985";"$ 0";-;"No";"No tiene";"No tiene";"No tiene";"01/01/2026";"31/12/2026";"No informa";"Sin observaciones";
"2026";"Julio";"Administrativo";"VALENZUELA IRARRAZABAL, ROSE MARY CAROLINE";"Apoyo Administrativo";"19";"ADMINISTRATIVO";"Región Metropolitana de Santiago";"(186)";"$ 795.544";"$ 662.368";"$ 0";-;"Sí";"$ 38.003 : 9,00 hrs";"No tiene";"No tiene";"01/01/2026";"30/09/2026";"No informa";"Sin observaciones";
"2026";"Julio";"Médicos cirujanos, farmacéuticos, químico-farmacéuticos, bioquímicos, cirujano-dentistas";"VALENZUELA ORELLANA, RODRIGO ANDRES";"Atencion Odontologica";"22 Hrs.";"CIRUJANO DENTISTA";"Región Metropolitana de Santiago";"(186)";"$ 2.393.145";"$ 1.914.868";"$ 0";-;"No";"No tiene";"No tiene";"No tiene";"01/01/2026";"31/12/2026";"No informa";"Sin observaciones";
"2026";"Julio";"Médicos cirujanos, farmacéuticos, químico-farmacéuticos, bioquímicos, cirujano-dentistas";"VALENZUELA PEÑA, JAVIERA BELEN";"Atencion Clinica Medica";"44 Hrs.";"MEDICO CIRUJANO";"Región Metropolitana de Santiago";"(86)";"$ 3.049.448";"$ 2.418.415";"$ 0";-;"No";"No tiene";"No tiene";"No tiene";"01/01/2026";"31/12/2026";"No informa";"Sin observaciones";
"2026";"Julio";"Profesional";"VALENZUELA ROJAS, MATIAS IGNACIO";"Atencion Clinica";"15";"TRABAJADOR (A) SOCIAL";"Región Metropolitana de Santiago";"(186)";"$ 1.521.320";"$ 1.244.482";"$ 0";-;"No";"No tiene";"No tiene";"No tiene";"01/01/2026";"31/12/2026";"No informa";"Sin observaciones";
"2026";"Julio";"Profesional";"VALENZUELA SAAVEDRA, MARLENE CAROLINA";"Apoyo Administrativo";"7";"ENFERMERA (O)";"Región Metropolitana de Santiago";"(186)";"$ 3.229.717";"$ 2.550.593";"$ 0";-;"No";"No tiene";"No tiene";"No tiene";"01/01/2026";"31/12/2026";"No informa";"Sin observaciones";
"2026";"Julio";"Profesional";"VALENZUELA VASQUEZ, XIMENA ALEJANDRA";"Atencion Clinica";"15";"ASISTENTE SOCIAL";"Región Metropolitana de Santiago";"(186)";"$ 1.631.564";"$ 1.316.166";"$ 0";-;"No";"No tiene";"No tiene";"No tiene";"01/01/2026";"31/12/2026";"No informa";"Sin observaciones";
"2026";"Julio";"Administrativo";"VALERIA OLATE, MARIA EUGENIA";"Apoyo Administrativo";"21";"ADMINISTRATIVO";"Región Metropolitana de Santiago";"(186)";"$ 727.635";"$ 595.497";"$ 0";-;"No";"No tiene";"No tiene";"No tiene";"01/01/2026";"30/09/2026";"No informa";"Sin observaciones";
"2026";"Julio";"Profesional";"VALIENTE CANCINO, DAVID EDMUNDO";"Atencion Clinica";"15";"TRABAJADOR (A) SOCIAL";"Región Metropolitana de Santiago";"(186)";"$ 1.787.998";"$ 1.488.341";"$ 0";-;"Sí";"$ 216.676 : 26,00 hrs";"$ 50.002 : 5,00 hrs";"No tiene";"01/01/2026";"31/12/2026";"No informa";"Sin observaciones";
"2026";"Julio";"Médicos cirujanos, farmacéuticos, químico-farmacéuticos, bioquímicos, cirujano-dentistas";"VALLADARES HINOJOSA, NICOLAS ANDRES";"Atencion Odontologica";"11 Hrs.";"CIRUJANO DENTISTA";"Región Metropolitana de Santiago";"(01)";"$ 358.487";"$ 209.563";"$ 0";-;"No";"No tiene";"No tiene";"No tiene";"24/02/2026";"22/07/2026";"No informa";"CONTRATO POR REEMPLAZO";
"2026";"Julio";"Médicos cirujanos, farmacéuticos, químico-farmacéuticos, bioquímicos, cirujano-dentistas";"VALLADARES HINOJOSA, NICOLAS ANDRES";"Atencion Odontologica";"11 Hrs.";"CIRUJANO DENTISTA";"Región Metropolitana de Santiago";"(01)";"$ 358.487";"$ 293.385";"$ 0";-;"No";"No tiene";"No tiene";"No tiene";"24/02/2026";"22/07/2026";"No informa";"CONTRATO POR REEMPLAZO";
"2026";"Julio";"Médicos cirujanos, farmacéuticos, químico-farmacéuticos, bioquímicos, cirujano-dentistas";"VALLADARES HINOJOSA, NICOLAS ANDRES";"Atencion Odontologica";"22 Hrs.";"CIRUJANO DENTISTA";"Región Metropolitana de Santiago";"(01)";"$ 716.972";"$ 578.519";"$ 0";-;"No";"No tiene";"No tiene";"No tiene";"24/02/2026";"22/07/2026";"No informa";"CONTRATO POR REEMPLAZO";
"2026";"Julio";"Médicos cirujanos, farmacéuticos, químico-farmacéuticos, bioquímicos, cirujano-dentistas";"VALLARINO BOADA, MACARENA FRANCISCA";"Atencion Odontologica";"44 Hrs.";"CIRUJANO DENTISTA";"Región Metropolitana de Santiago";"(188)(186)";"$ 4.977.746";"$ 4.046.511";"$ 0";-;"No";"No tiene";"No tiene";"No tiene";"01/01/2026";"31/12/2026";"No informa";"Sin observaciones";
"2026";"Julio";"Profesional";"VALLEJO GONZALEZ, ANIBAL";"APOYO ADMINISTRATIVO";"9";"PSICOLOGO (A)";"Región Metropolitana de Santiago";"(186)";"$ 2.585.860";"$ 2.058.357";"$ 0";"$ 0";"No";"No tiene";"No tiene";"No tiene";"01/01/2026";"31/12/2026";"No informa";"REMUNERACION JUL.2026";
"2026";"Julio";"Médicos cirujanos, farmacéuticos, químico-farmacéuticos, bioquímicos, cirujano-dentistas";"VALLEJO RODRIGUEZ, FABIAN PATRICIO";"Atencion Clinica Medica";"44 Hrs.";"MEDICO CIRUJANO";"Región Metropolitana de Santiago";"(186)(188)(186)";"$ 5.237.587";"$ 4.238.359";"$ 0";-;"No";"No tiene";"No tiene";"No tiene";"01/01/2026";"31/12/2026";"No informa";"Sin observaciones";
"2026";"Julio";"Profesional";"VALLESTEROS GONZALEZ, DAYANI PAMELA";"Atencion Clinica";"15";"PSICOLOGO (A)";"Región Metropolitana de Santiago";"(01)";"$ 1.512.586";"$ 1.227.074";"$ 0";-;"No";"No tiene";"No tiene";"No tiene";"01/01/2026";"31/12/2026";"No informa";"Sin observaciones";
"2026";"Julio";"Profesional";"VALPREDA ORELLANA, TAMARA DANIELA";"APOYO ADMINISTRATIVO";"15";"ADMINISTRADOR (A) PUBLICO";"Región Metropolitana de Santiago";"(01)";"$ 1.512.586";"$ 1.205.031";"$ 0";"$ 0";"No";"No tiene";"No tiene";"No tiene";"01/01/2026";"31/12/2026";"No informa";"REMUNERACION JUL.2026";
"2026";"Julio";"Profesional";"VALSASNINI ALVAREZ, IGNACIO LUCIANO";"JEFE DE DEPARTAMENTO";"11";"INGENIERO (A) EN CONECTIVIDAD Y REDES";"Región Metropolitana de Santiago";"(186)";"$ 2.262.522";"$ 1.793.881";"$ 0";"$ 0";"Sí";"$ 105.667 : 9,00 hrs";"No tiene";"No tiene";"01/01/2026";"31/12/2026";"No informa";"REMUNERACION JUL.2026";
"2026";"Julio";"Profesional";"VARAS ALFARO, DENNYS DAVID";"Apoyo Administrativo";"8";"KINESIOLOGO (A)";"Región Metropolitana de Santiago";"(01)";"$ 2.769.058";"$ 2.224.346";"$ 0";-;"No";"No tiene";"No tiene";"No tiene";"01/01/2026";"31/12/2026";"No informa";"Sin observaciones";
"2026";"Julio";"Profesional";"VARELA HERNANDEZ, NAYARET CAMILA";"Atencion Clinica";"15";"ENFERMERA (O)";"Región Metropolitana de Santiago";"(01)";"$ 1.611.980";"$ 1.330.915";"$ 0";-;"Sí";"$ 99.394 : 12,00 hrs";"No tiene";"No tiene";"01/01/2026";"31/12/2026";"No informa";"Sin observaciones";
"2026";"Julio";"Médicos cirujanos, farmacéuticos, químico-farmacéuticos, bioquímicos, cirujano-dentistas";"VARGAS BARRAZA, MATIAS ERNESTO";"Atencion Clinica Medica";"33 Hrs.";"MEDICO CIRUJANO";"Región Metropolitana de Santiago";"(186)";"$ 3.558.942";"$ 2.661.140";"$ 0";-;"No";"No tiene";"No tiene";"No tiene";"14/05/2026";"31/07/2026";"No informa";"Sin observaciones";
"2026";"Julio";"Auxiliar";"VARGAS CARVAJAL, MARCO ANTONIO";"CONDUCTOR";"19";"AUXILIAR";"Región Metropolitana de Santiago";"(186)";"$ 974.255";"$ 651.449";"$ 0";"$ 0";"Sí";"$ 85.205 : 20,00 hrs";"$ 127.807 : 25,00 hrs";"No tiene";"01/01/2026";"31/12/2026";"No informa";"PAGO BONO MENSUAL+REMUNERACION JUL.2026";
"2026";"Julio";"Técnico";"VARGAS DONOSO, FERNANDA CAROLINA";"Atencion Clinica";"22";"TECNICO NIVEL SUPERIOR ODONTOLOGIA";"Región Metropolitana de Santiago";"(186)";"$ 756.424";"$ 616.939";"$ 0";-;"No";"No tiene";"No tiene";"No tiene";"01/01/2026";"31/12/2026";"No informa";"Sin observaciones";
"2026";"Julio";"Administrativo";"VARGAS LAGOS, JEIMIE CARENT";"APOYO ADMINISTRATIVO";"22";"ADMINISTRATIVO";"Región Metropolitana de Santiago";"(01)";"$ 908.439";"$ 763.979";"$ 0";"$ 0";"Sí";"$ 41.508 : 12,00 hrs";"$ 153.580 : 107,00 hrs";"No tiene";"28/06/2026";"30/07/2026";"No informa";"CANCELA DIFERENCIAS DE ASIGNACIÓN FAMILIAR.+PAGO BONO MENSUAL+REEMPLAZO JUL.2026 (03-12)+REEMPLAZO JUL.2026 (13-30)+SUPLENCIA JUN.2026 (28-30)";
"2026";"Julio";"Profesional";"VARGAS MIRANDA, VALENTINA ANDREA";"Atencion Clinica";"16";"ENFERMERA (O)";"Región Metropolitana de Santiago";"(01)";"$ 986.546";"$ 805.682";"$ 0";-;"Sí";"$ 60.733 : 8,00 hrs";"No tiene";"No tiene";"15/02/2026";"20/07/2026";"No informa";"CONTRATO POR REEMPLAZO";
"2026";"Julio";"Médicos cirujanos, farmacéuticos, químico-farmacéuticos, bioquímicos, cirujano-dentistas";"VARGAS MUÑOZ, LUIS ALBERTO";"Atencion Clinica Medica";"44 Hrs.";"MEDICO CIRUJANO";"Región Metropolitana de Santiago";"(86)(186)";"$ 4.500.205";"$ 3.655.379";"$ 0";-;"Sí";"$ 105.080 : 8,00 hrs";"$ 693.528 : 44,00 hrs";"No tiene";"01/01/2026";"31/12/2026";"No informa";"Sin observaciones";
"2026";"Julio";"Técnico";"VARGAS PEREZ, KATHERINE DANAE";"ATENCION CLINICA";"22";"TECNICO NIVEL SUPERIOR ENFERMERIA";"Región Metropolitana de Santiago";"(202)(204)(186)";"$ 1.343.938";"$ 1.088.926";"$ 0";"$ 0";"Sí";"$ 52.809 : 15,00 hrs";"$ 194.335 : 46,00 hrs";"No tiene";"01/01/2026";"31/12/2026";"No informa";"CANCELA DIFERENCIAS DE ASIGNACIÓN FAMILIAR.+REMUNERACION JUL.2026";
"2026";"Julio";"Técnico";"VARGAS RUBILAR, ESTEFANIA MACARENA";"Atencion Clinica";"21";"TECNICO NIVEL SUPERIOR ODONTOLOGIA";"Región Metropolitana de Santiago";"(186)";"$ 753.080";"$ 616.322";"$ 0";-;"No";"No tiene";"No tiene";"No tiene";"01/01/2026";"31/12/2026";"No informa";"Sin observaciones";
"2026";"Julio";"Médicos cirujanos, farmacéuticos, químico-farmacéuticos, bioquímicos, cirujano-dentistas";"VARGAS TRONCOSO, PABLO ANDRES";"Quimico Farmaceutico";"22 Hrs.";"QUIMICO FARMACEUTICO";"Región Metropolitana de Santiago";"(188)(186)";"$ 2.194.786";"$ 1.858.980";"$ 0";-;"No";"No tiene";"No tiene";"No tiene";"01/01/2026";"31/12/2026";"No informa";"Sin observaciones";
"2026";"Julio";"Médicos cirujanos, farmacéuticos, químico-farmacéuticos, bioquímicos, cirujano-dentistas";"VARGAS TRONCOSO, PABLO ANDRES";"Quimico Farmaceutico";"22 Hrs.";"QUIMICO FARMACEUTICO";"Región Metropolitana de Santiago";"(188)(186)";"$ 2.194.786";"$ 1.678.759";"$ 0";-;"No";"No tiene";"No tiene";"No tiene";"01/01/2026";"31/12/2026";"No informa";"Sin observaciones";
"2026";"Julio";"Auxiliar";"VASQUEZ ALVARADO, ERIC OSVALDO";"Apoyo Logistico";"18";"AUXILIAR";"Región Metropolitana de Santiago";"(01)";"$ 771.516";"$ 629.248";"$ 0";-;"No";"No tiene";"No tiene";"No tiene";"01/01/2026";"31/12/2026";"No informa";"Sin observaciones";
"2026";"Julio";"Profesional";"VASQUEZ BARRIOS, CAMILA FERNANDA";"Apoyo Administrativo";"12";"ADMINISTRADOR (A) PUBLICO";"Región Metropolitana de Santiago";"(186)";"$ 1.982.431";"$ 1.607.254";"$ 0";-;"No";"No tiene";"No tiene";"No tiene";"01/01/2026";"31/12/2026";"No informa";"Sin observaciones";
"2026";"Julio";"Profesional";"VASQUEZ CASTILLO, GLORIA XIMENA";"Apoyo Administrativo";"8";"KINESIOLOGO (A)";"Región Metropolitana de Santiago";"(186)";"$ 2.936.687";"$ 2.333.703";"$ 0";-;"No";"No tiene";"No tiene";"No tiene";"01/01/2026";"31/12/2026";"No informa";"Sin observaciones";
"2026";"Julio";"Administrativo";"VASQUEZ CID, CLAUDIA CAROLINA";"Apoyo Administrativo";"16";"INGENIERO (A) EJECUCION ADMINISTRACION DE EMPRESAS";"Región Metropolitana de Santiago";"(186)";"$ 1.526.283";"$ 1.259.557";"$ 0";-;"Sí";"$ 146.623 : 20,00 hrs";"No tiene";"No tiene";"01/01/2026";"31/12/2026";"No informa";"Sin observaciones";
"2026";"Julio";"Administrativo";"VASQUEZ CID, MELISSA VALERIA";"Apoyo Administrativo";"22";"PODOLOGO (A)";"Región Metropolitana de Santiago";"(01)";"$ 712.193";"$ 561.473";"$ 0";-;"No";"No tiene";"No tiene";"No tiene";"26/06/2026";"07/08/2026";"No informa";"CONTRATO POR REEMPLAZO";
"2026";"Julio";"Administrativo";"VASQUEZ FERNANDEZ, MURIEL";"SECRETARIA";"16";"TECNICO NIVEL SUPERIOR EN SECRETARIA";"Región Metropolitana de Santiago";"(186)";"$ 1.651.050";"$ 1.322.821";"$ 0";"$ 0";"Sí";"$ 205.272 : 28,00 hrs";"$ 61.582 : 7,00 hrs";"No tiene";"01/01/2026";"31/12/2026";"No informa";"CANCELA DIFERENCIAS DE ASIGNACIÓN FAMILIAR.+REMUNERACION JUL.2026";
"2026";"Julio";"Administrativo";"VASQUEZ FLORES, CRISTOPHER ANTONIO";"Apoyo Administrativo";"16";"INGENIERO (A) EN ADMINISTRACION DE RECURSOS HUMANOS";"Región Metropolitana de Santiago";"(01)";"$ 1.363.489";"$ 1.108.495";"$ 0";-;"No";"No tiene";"No tiene";"No tiene";"01/01/2026";"31/12/2026";"No informa";"Sin observaciones";
"2026";"Julio";"Profesional";"VASQUEZ GALLARDO, CESAR ALFREDO";"Director Zonal";"5";"PSICOLOGO (A)";"Región Metropolitana de Santiago";"(186)";"$ 3.652.196";"$ 2.894.131";"$ 0";-;"No";"No tiene";"No tiene";"No tiene";"01/01/2026";"31/12/2026";"No informa";"Sin observaciones";
"2026";"Julio";"Médicos cirujanos, farmacéuticos, químico-farmacéuticos, bioquímicos, cirujano-dentistas";"VASQUEZ NAVARRETE, BRIAN ELIAS";"Atencion Clinica Medica";"44 Hrs.";"MEDICO CIRUJANO";"Región Metropolitana de Santiago";"(86)(186)";"$ 3.514.428";"$ 2.767.224";"$ 0";-;"No";"No tiene";"No tiene";"No tiene";"01/01/2026";"31/12/2026";"No informa";"Sin observaciones";
"2026";"Julio";"Profesional";"VASQUEZ RIVEROS, CARLA ANDREA";"Jefe Unidad de Apoyo";"6";"NUTRICIONISTA";"Región Metropolitana de Santiago";"(186)";"$ 3.442.726";"$ 2.714.616";"$ 0";-;"No";"No tiene";"No tiene";"No tiene";"01/01/2026";"31/12/2026";"No informa";"Sin observaciones";
"2026";"Julio";"Médicos cirujanos, farmacéuticos, químico-farmacéuticos, bioquímicos, cirujano-dentistas";"VASQUEZ RUIZ, MARIANA CECILIA";"Medico Becario Primario";"44 Hrs.";"MEDICO CIRUJANO";"Región Metropolitana de Santiago";"(01)";"$ 3.600.037";"$ 2.971.470";"$ 0";-;"No";"No tiene";"No tiene";"No tiene";"07/04/2025";"06/04/2027";"No informa";"Sin observaciones";
"2026";"Julio";"Técnico";"VASQUEZ SAEZ, TARIN VANESSA";"ATENCION CLINICA";"22";"TECNICO NIVEL SUPERIOR ENFERMERIA";"Región Metropolitana de Santiago";"(202)(204)(186)";"$ 1.100.746";"$ 642.616";"$ 0";"$ 0";"No";"No tiene";"No tiene";"No tiene";"01/01/2026";"31/12/2026";"No informa";"REMUNERACION JUL.2026";
"2026";"Julio";"Profesional";"VEGA ESPEJO, ALEJANDRA SOLEDAD";"Coordinador";"10";"ENFERMERA (O)";"Región Metropolitana de Santiago";"(01)";"$ 2.333.878";"$ 1.867.285";"$ 0";-;"No";"No tiene";"No tiene";"No tiene";"01/07/2026";"30/09/2026";"No informa";"Sin observaciones";
"2026";"Julio";"Auxiliar";"VEGA MIRANDA, JOSE IGNACIO";"CONDUCTOR";"22";"TECNICO NIVEL SUPERIOR ENFERMERIA";"Región Metropolitana de Santiago";"(205)(202)(204)(186)";"$ 1.158.880";"$ 790.128";"$ 0";"$ 0";"No";"No tiene";"No tiene";"No tiene";"01/01/2026";"31/12/2026";"No informa";"REMUNERACION JUL.2026";
"2026";"Julio";"Profesional";"VEJAR CONTRERAS, CARLOS FABIAN";"Subdirector";"7";"KINESIOLOGO (A)";"Región Metropolitana de Santiago";"(186)(186)";"$ 3.165.038";"$ 2.488.494";"$ 0";-;"No";"No tiene";"No tiene";"No tiene";"01/01/2026";"31/12/2026";"No informa";"Sin observaciones";
"2026";"Julio";"Profesional";"VELASCO CASTRO, ANGELA ESTER";"Apoyo Administrativo";"13";"ENFERMERA (O)";"Región Metropolitana de Santiago";"(01)";"$ 1.795.022";"$ 1.444.150";"$ 0";-;"No";"No tiene";"No tiene";"No tiene";"06/03/2026";"31/12/2026";"No informa";"Sin observaciones";
"2026";"Julio";"Profesional";"VELASQUEZ CONTRERAS, LESLIE GABRIELA";"APOYO ADMINISTRATIVO";"11";"INGENIERO (A) CIVIL BIOMEDICO";"Región Metropolitana de Santiago";"(01)";"$ 2.144.971";"$ 1.738.331";"$ 0";"$ 0";"No";"No tiene";"No tiene";"No tiene";"01/01/2026";"31/12/2026";"No informa";"REMUNERACION JUL.2026";
"2026";"Julio";"Médicos cirujanos, farmacéuticos, químico-farmacéuticos, bioquímicos, cirujano-dentistas";"VELASQUEZ OSORIO, KARIN FERNANDA";"Psiquiatria Adultos";"22 Hrs.";"MEDICO CIRUJANO";"Región Metropolitana de Santiago";"(86)(186)";"$ 3.644.488";"$ 2.888.330";"$ 0";-;"No";"No tiene";"No tiene";"No tiene";"01/01/2026";"31/12/2026";"No informa";"Sin observaciones";
"2026";"Julio";"Profesional";"VELASQUEZ SANCHEZ, MARIA TERESA";"Atencion Clinica";"15";"ASISTENTE SOCIAL";"Región Metropolitana de Santiago";"(220)(186)";"$ 2.173.174";"$ 1.825.448";"$ 0";-;"Sí";"$ 303.673 : 36,00 hrs";"$ 161.959 : 16,00 hrs";"No tiene";"01/01/2026";"31/12/2026";"No informa";"Sin observaciones";
"2026";"Julio";"Técnico";"VELIZ FARIAS, MARIA VICTORIA";"Atencion Clinica";"22";"TECNICO NIVEL SUPERIOR ENFERMERIA";"Región Metropolitana de Santiago";"(186)(186)";"$ 753.752";"$ 612.758";"$ 0";-;"No";"No tiene";"No tiene";"No tiene";"01/01/2026";"31/12/2026";"No informa";"Sin observaciones";
"2026";"Julio";"Profesional";"VELIZ PEREZ, KATHERINE MASSIEL";"Apoyo Administrativo";"6";"INGENIERO (A) EJECUCION ADMINISTRACION";"Región Metropolitana de Santiago";"(186)";"$ 3.477.811";"$ 2.740.801";"$ 0";-;"No";"No tiene";"No tiene";"No tiene";"01/01/2026";"31/12/2026";"No informa";"Sin observaciones";
"2026";"Julio";"Profesional";"VELOSO CABRERA, RAUL EDUARDO";"ATENCION CLINICA";"12";"ENFERMERA (O)";"Región Metropolitana de Santiago";"(203)(204)(186)";"$ 2.941.278";"$ 2.027.338";"$ 0";"$ 0";"Sí";"$ 11.031 : 1,00 hrs";"$ 158.846 : 12,00 hrs";"No tiene";"01/01/2026";"31/12/2026";"No informa";"REMUNERACION JUL.2026";
"2026";"Julio";"Médicos cirujanos, farmacéuticos, químico-farmacéuticos, bioquímicos, cirujano-dentistas";"VENEGAS AÑAZCO, CLAUDIO FELIPE";"Atencion Odontologica";"22 Hrs.";"CIRUJANO DENTISTA";"Región Metropolitana de Santiago";"(186)";"$ 1.483.698";"$ 1.213.924";"$ 0";-;"No";"No tiene";"No tiene";"No tiene";"01/01/2026";"30/09/2026";"No informa";"Sin observaciones";
"2026";"Julio";"Profesional";"VENEGAS AROS, JOSE MIGUEL";"Apoyo Administrativo";"12";"ADMINISTRADOR (A) PUBLICO";"Región Metropolitana de Santiago";"(01)";"$ 2.226.343";"$ 1.826.989";"$ 0";-;"Sí";"$ 139.240 : 13,00 hrs";"$ 115.676 : 9,00 hrs";"No tiene";"01/01/2026";"31/12/2026";"No informa";"Sin observaciones";
"2026";"Julio";"Profesional";"VENEGAS AVILES, OSCAR ANDRES";"JEFE DE DEPARTAMENTO";"7";"INGENIERO (A) COMERCIAL";"Región Metropolitana de Santiago";"(186)";"$ 3.104.603";"$ 2.365.821";"$ 0";"$ 0";"No";"No tiene";"No tiene";"No tiene";"01/01/2026";"31/12/2026";"No informa";"REMUNERACION JUL.2026";
"2026";"Julio";"Administrativo";"VENEGAS BAHAMONDES, ISABEL ALEJANDRA";"Secretaria";"13";"ADMINISTRATIVO";"Región Metropolitana de Santiago";"(186)(186)";"$ 1.096.644";"$ 887.303";"$ 0";-;"Sí";"$ 29.707 : 5,00 hrs";"No tiene";"No tiene";"01/01/2026";"31/12/2026";"No informa";"Sin observaciones";
"2026";"Julio";"Profesional";"VENEGAS GARRIDO, VIOLETA SOLANGE";"Apoyo Administrativo";"8";"CONTADOR (A) AUDITOR (A)";"Región Metropolitana de Santiago";"(186)";"$ 2.891.773";"$ 2.303.422";"$ 0";-;"No";"No tiene";"No tiene";"No tiene";"01/01/2026";"31/12/2026";"No informa";"Sin observaciones";
"2026";"Julio";"Administrativo";"VENEGAS IBIETA, LUIS ALBERTO";"Apoyo Logistico";"16";"ADMINISTRATIVO";"Región Metropolitana de Santiago";"(01)";"$ 976.411";"$ 820.250";"$ 0";-;"Sí";"$ 130.016 : 27,00 hrs";"No tiene";"No tiene";"01/01/2026";"31/12/2026";"No informa";"Sin observaciones";
"2026";"Julio";"Profesional";"VENEGAS ROJAS, MACARENA CONSTANZA";"Apoyo Administrativo";"13";"TERAPEUTA OCUPACIONAL";"Región Metropolitana de Santiago";"(01)";"$ 1.795.022";"$ 1.448.975";"$ 0";-;"No";"No tiene";"No tiene";"No tiene";"01/01/2026";"31/12/2026";"No informa";"Sin observaciones";
"2026";"Julio";"Profesional";"VERA GUTIERREZ, JOB ISRAEL";"ATENCION CLINICA";"12";"ENFERMERA (O)";"Región Metropolitana de Santiago";"(203)(204)(186)";"$ 3.058.205";"$ 2.292.799";"$ 0";"$ 0";"Sí";"$ 154.433 : 14,00 hrs";"$ 132.371 : 10,00 hrs";"No tiene";"01/01/2026";"31/12/2026";"No informa";"REMUNERACION JUL.2026";
"2026";"Julio";"Profesional";"VERA HIGUERA, EVA MARIA";"Apoyo Administrativo";"12";"INGENIERO (A) EN GESTION DE RECURSOS HUMANOS";"Región Metropolitana de Santiago";"(186)";"$ 2.097.214";"$ 1.699.089";"$ 0";-;"No";"No tiene";"No tiene";"No tiene";"01/01/2026";"31/12/2026";"No informa";"Sin observaciones";
"2026";"Julio";"Profesional";"VERA HIGUERA, KATHERINE ANDREA";"Apoyo Administrativo";"6";"INGENIERO (A) ADMINISTRACION DE EMPRESAS";"Región Metropolitana de Santiago";"(01)";"$ 3.407.641";"$ 2.708.561";"$ 0";-;"No";"No tiene";"No tiene";"No tiene";"01/01/2026";"31/12/2026";"No informa";"Sin observaciones";
"2026";"Julio";"Auxiliar";"VERA MARIN, IGNACIO ANDRES";"CONDUCTOR";"22";"TECNICO NIVEL MEDIO EN ALIMENTACION";"Región Metropolitana de Santiago";"(205)(202)(204)";"$ 1.175.024";"$ 462.834";"$ 0";"$ 0";"Sí";"$ 34.590 : 10,00 hrs";"$ 41.508 : 10,00 hrs";"No tiene";"01/01/2026";"31/12/2026";"No informa";"CANCELA DIFERENCIAS DE ASIGNACIÓN FAMILIAR.+REMUNERACION JUL.2026";
"2026";"Julio";"Profesional";"VERA MONTENEGRO, GASTON ANIBAL";"Apoyo Administrativo";"6";"INGENIERO (A) EJECUCION MECANICA";"Región Metropolitana de Santiago";"(186)";"$ 3.367.494";"$ 2.679.847";"$ 0";-;"No";"No tiene";"No tiene";"No tiene";"01/01/2026";"31/12/2026";"No informa";"Sin observaciones";
"2026";"Julio";"Técnico";"VERA SOTO, CARLOS ALBERTO";"ATENCION CLINICA";"22";"TECNICO NIVEL SUPERIOR ENFERMERIA";"Región Metropolitana de Santiago";"(202)(204)(186)";"$ 1.352.892";"$ 960.644";"$ 0";"$ 0";"Sí";"$ 102.989 : 29,00 hrs";"$ 149.157 : 35,00 hrs";"No tiene";"01/01/2026";"31/12/2026";"No informa";"REMUNERACION JUL.2026";
"2026";"Julio";"Administrativo";"VERA VASQUEZ, SEBASTIAN AGUSTIN";"APOYO ADMINISTRATIVO";"22";"ADMINISTRATIVO";"Región Metropolitana de Santiago";"(01)";"$ 478.873";"$ 410.481";"$ 0";"$ 0";"Sí";"No tiene";"$ 87.167 : 89,00 hrs";"No tiene";"01/07/2026";"20/07/2026";"No informa";"PAGO BONO MENSUAL+SUPLENCIA JUL.2026 (01-06) (10-20)";
"2026";"Julio";"Profesional";"VERAGUA ORTEGA, MICHELLE BLANCA";"Apoyo Administrativo";"16";"TECNOLOGO (A) EN INFORMATICA BIOMEDICA";"Región Metropolitana de Santiago";"(01)";"$ 1.388.719";"$ 1.137.489";"$ 0";-;"No";"No tiene";"No tiene";"No tiene";"01/01/2026";"31/12/2026";"No informa";"Sin observaciones";
"2026";"Julio";"Técnico";"VERGARA AREVALO, MOISES ELISEO";"Atencion Clinica";"20";"TECNICO NIVEL SUPERIOR RECURSOS HUMANOS";"Región Metropolitana de Santiago";"(186)";"$ 852.043";"$ 712.595";"$ 0";-;"Sí";"$ 84.157 : 21,00 hrs";"No tiene";"No tiene";"01/01/2026";"31/12/2026";"No informa";"Sin observaciones";
"2026";"Julio";"Médicos cirujanos, farmacéuticos, químico-farmacéuticos, bioquímicos, cirujano-dentistas";"VERGARA CABRERA, CRISTOBAL TOMAS";"Atencion Clinica Medica";"44 Hrs.";"MEDICO CIRUJANO";"Región Metropolitana de Santiago";"(86)";"$ 3.049.448";"$ 2.417.598";"$ 0";-;"No";"No tiene";"No tiene";"No tiene";"01/01/2026";"31/12/2026";"No informa";"Sin observaciones";
"2026";"Julio";"Técnico";"VERGARA CONTRERAS, SIGRID FABIOLA";"Atencion Clinica";"21";"AUXILIAR PARAMEDICO DE ENFERMERIA";"Región Metropolitana de Santiago";"(186)";"$ 739.373";"$ 604.290";"$ 0";-;"No";"No tiene";"No tiene";"No tiene";"01/01/2026";"31/12/2026";"No informa";"Sin observaciones";
"2026";"Julio";"Técnico";"VERGARA LAGOS, DARWIN NOE";"Apoyo Administrativo";"14";"TECNICO EN COMPUTACION";"Región Metropolitana de Santiago";"(186)";"$ 1.673.734";"$ 1.364.931";"$ 0";-;"No";"No tiene";"No tiene";"No tiene";"01/01/2026";"31/12/2026";"No informa";"Sin observaciones";
"2026";"Julio";"Médicos cirujanos, farmacéuticos, químico-farmacéuticos, bioquímicos, cirujano-dentistas";"VERGARA MUÑOZ, MARIA SOLEDAD";"Atencion Clinica Medica";"44 Hrs.";"MEDICO CIRUJANO";"Región Metropolitana de Santiago";"(86)(186)";"$ 3.514.428";"$ 2.789.647";"$ 0";-;"No";"No tiene";"No tiene";"No tiene";"01/01/2026";"31/12/2026";"No informa";"Sin observaciones";
"2026";"Julio";"Administrativo";"VERGARA NAVARRETE, SANDRA DE LOURDES";"Apoyo Administrativo";"18";"ADMINISTRATIVO";"Región Metropolitana de Santiago";"(186)";"$ 886.381";"$ 731.492";"$ 0";-;"Sí";"$ 38.604 : 8,00 hrs";"No tiene";"No tiene";"01/01/2026";"31/12/2026";"No informa";"Sin observaciones";
"2026";"Julio";"Médicos cirujanos, farmacéuticos, químico-farmacéuticos, bioquímicos, cirujano-dentistas";"VERGARA ORELLANA, IGNACIA JESUS";"Atencion Odontologica";"22 Hrs.";"CIRUJANO DENTISTA";"Región Metropolitana de Santiago";"(188)(186)";"$ 2.468.296";"$ 1.991.685";"$ 0";-;"No";"No tiene";"No tiene";"No tiene";"01/01/2026";"31/12/2026";"No informa";"Sin observaciones";
"2026";"Julio";"Profesional";"VERGARA TORRES, ALEXIS ANDRES";"Apoyo Administrativo";"8";"KINESIOLOGO (A)";"Región Metropolitana de Santiago";"(186)";"$ 2.921.716";"$ 2.344.273";"$ 0";-;"No";"No tiene";"No tiene";"No tiene";"01/01/2026";"31/12/2026";"No informa";"Sin observaciones";
"2026";"Julio";"Médicos cirujanos, farmacéuticos, químico-farmacéuticos, bioquímicos, cirujano-dentistas";"VERGARA VARGAS, ALEJANDRA ANDREA";"CIRUGIA GENERAL";"28 Hrs.";"MEDICO CIRUJANO";"Región Metropolitana de Santiago";"(194)(193)(198)(186)(194)(193)(198)(186)";"$ 4.138.548";"$ 3.251.665";"$ 0";"$ 0";"No";"No tiene";"No tiene";"No tiene";"01/01/2026";"31/12/2026";"No informa";"REEMPLAZO JUN.2026 (26-30)+REMUNERACION JUL.2026";
"2026";"Julio";"Profesional";"VERGARA VILLEGAS, CLAUDIA ANDREA";"ATENCION CLINICA";"11";"KINESIOLOGO (A)";"Región Metropolitana de Santiago";"(203)(204)(186)";"$ 3.333.241";"$ 2.460.211";"$ 0";"$ 0";"Sí";"$ 291.738 : 24,00 hrs";"No tiene";"No tiene";"01/01/2026";"31/12/2026";"No informa";"REMUNERACION JUL.2026";
"2026";"Julio";"Administrativo";"VIAL SANDOVAL, YARNA SCARLETTE";"Apoyo Administrativo";"22";"ADMINISTRATIVO";"Región Metropolitana de Santiago";"(186)";"$ 700.605";"$ 571.344";"$ 0";-;"No";"No tiene";"No tiene";"No tiene";"01/01/2026";"31/12/2026";"No informa";"Sin observaciones";
"2026";"Julio";"Profesional";"VICUÑA MADARIAGA, BARBARA PAOLA";"ATENCION CLINICA";"13";"ENFERMERA (O)";"Región Metropolitana de Santiago";"(203)(204)";"$ 2.468.958";"$ 1.938.742";"$ 0";"$ 0";"No";"No tiene";"No tiene";"No tiene";"01/01/2026";"31/12/2026";"No informa";"REMUNERACION JUL.2026";
"2026";"Julio";"Técnico";"VIDAL CONTRERAS, MANUEL ANGEL";"ATENCION CLINICA";"21";"TECNICO NIVEL SUPERIOR ENFERMERIA";"Región Metropolitana de Santiago";"(203)(204)(186)";"$ 1.023.292";"$ 475.291";"$ 0";"$ 0";"No";"No tiene";"No tiene";"No tiene";"01/01/2026";"31/12/2026";"No informa";"REMUNERACION JUL.2026";
"2026";"Julio";"Médicos cirujanos, farmacéuticos, químico-farmacéuticos, bioquímicos, cirujano-dentistas";"VIDAL GONZALEZ, NATALIA ANDREA";"Psiquiatria Adultos";"22 Hrs.";"MEDICO CIRUJANO";"Región Metropolitana de Santiago";"(86)(186)";"$ 3.685.516";"$ 2.891.713";"$ 0";-;"No";"No tiene";"No tiene";"No tiene";"01/01/2026";"31/12/2026";"No informa";"Sin observaciones";
"2026";"Julio";"Profesional";"VIDAL SEPULVEDA, DANIELA ALEJANDRA";"Atencion Clinica";"15";"ENFERMERA (O)";"Región Metropolitana de Santiago";"(01)";"$ 1.691.495";"$ 1.394.761";"$ 0";-;"Sí";"$ 99.395 : 12,00 hrs";"$ 79.515 : 8,00 hrs";"No tiene";"01/01/2026";"31/12/2026";"No informa";"Sin observaciones";
"2026";"Julio";"Profesional";"VIDELA MARTINEZ, PABLO ANDRES";"Jefe de Subdepartamento";"5";"INGENIERO (A) CIVIL INDUSTRIAL";"Región Metropolitana de Santiago";"(186)";"$ 3.633.807";"$ 2.851.540";"$ 0";-;"No";"No tiene";"No tiene";"No tiene";"01/01/2026";"31/12/2026";"No informa";"Sin observaciones";
"2026";"Julio";"Auxiliar";"VIDELA RETAMAL, GUILLERMO ANTONIO";"CONDUCTOR";"22";"AUXILIAR";"Región Metropolitana de Santiago";"(205)(202)(204)";"$ 1.103.538";"$ 769.413";"$ 0";"$ 0";"No";"No tiene";"No tiene";"No tiene";"01/01/2026";"31/12/2026";"No informa";"CANCELA DIFERENCIAS DE ASIGNACIÓN FAMILIAR.+REMUNERACION JUL.2026";
"2026";"Julio";"Técnico";"VIGORENA BECERRA, MAURICIO ABRAHAM";"ATENCION CLINICA";"21";"TECNICO NIVEL SUPERIOR ENFERMERIA";"Región Metropolitana de Santiago";"(203)(204)(186)";"$ 1.235.021";"$ 721.256";"$ 0";"$ 0";"Sí";"$ 54.091 : 14,00 hrs";"$ 157.638 : 34,00 hrs";"No tiene";"01/01/2026";"31/12/2026";"No informa";"REMUNERACION JUL.2026";
"2026";"Julio";"Técnico";"VILCHE CIFUENTES, JULIO ESTEBAN";"ATENCION CLINICA";"22";"TECNICO NIVEL SUPERIOR ENFERMERIA";"Región Metropolitana de Santiago";"(202)(204)";"$ 1.019.052";"$ 795.760";"$ 0";"$ 0";"No";"No tiene";"No tiene";"No tiene";"01/01/2026";"30/09/2026";"No informa";"REMUNERACION JUL.2026";
"2026";"Julio";"Profesional";"VILLA CASTRO, BRUNELA PAZ";"Atencion Clinica";"15";"FONOAUDIOLOGO (A)";"Región Metropolitana de Santiago";"(01)";"$ 1.512.586";"$ 1.235.497";"$ 0";-;"No";"No tiene";"No tiene";"No tiene";"01/01/2026";"31/12/2026";"No informa";"Sin observaciones";
"2026";"Julio";"Profesional";"VILLA RIQUELME, ANDRES ALFONSO";"JEFE DE DEPARTAMENTO";"6";"ADMINISTRADOR (A) PUBLICO";"Región Metropolitana de Santiago";"(186)";"$ 3.477.811";"$ 2.700.416";"$ 0";"$ 0";"No";"No tiene";"No tiene";"No tiene";"01/01/2026";"31/12/2026";"No informa";"REMUNERACION JUL.2026";
"2026";"Julio";"Auxiliar";"VILLABLANCA QUEZADA, ALICIA AURORA";"Chofer";"19";"AUXILIAR";"Región Metropolitana de Santiago";"(205)(186)";"$ 1.769.606";"$ 1.586.128";"$ 0";-;"Sí";"$ 174.934 : 40,00 hrs";"$ 739.974 : 141,00 hrs";"No tiene";"01/01/2026";"31/12/2026";"No informa";"Sin observaciones";
"2026";"Julio";"Administrativo";"VILLAGRA MESA, INES MAGDALENA";"Apoyo Administrativo";"21";"ADMINISTRATIVO";"Región Metropolitana de Santiago";"(186)";"$ 727.635";"$ 594.697";"$ 0";-;"No";"No tiene";"No tiene";"No tiene";"01/01/2026";"31/12/2026";"No informa";"Sin observaciones";
"2026";"Julio";"Administrativo";"VILLAGRA VILLAGRA, MARITZA DEL CARMEN";"Apoyo Administrativo";"21";"ADMINISTRATIVO";"Región Metropolitana de Santiago";"(186)(186)";"$ 976.353";"$ 837.109";"$ 0";-;"Sí";"$ 151.912 : 40,00 hrs";"$ 91.147 : 20,00 hrs";"No tiene";"01/01/2026";"31/12/2026";"No informa";"Sin observaciones";
"2026";"Julio";"Profesional";"VILLAGRAN BARRAZA, CAROLINA ANDREA";"Atencion Clinica";"15";"ENFERMERA (O)";"Región Metropolitana de Santiago";"(186)";"$ 1.614.094";"$ 1.305.121";"$ 0";-;"No";"No tiene";"No tiene";"No tiene";"01/01/2026";"31/12/2026";"No informa";"Sin observaciones";
"2026";"Julio";"Profesional";"VILLALBA PEDREROS, SILVIA PAOLA";"Apoyo Administrativo";"10";"ASISTENTE SOCIAL";"Región Metropolitana de Santiago";"(186)";"$ 2.452.321";"$ 1.960.200";"$ 0";-;"No";"No tiene";"No tiene";"No tiene";"01/01/2026";"31/12/2026";"No informa";"Sin observaciones";
"2026";"Julio";"Médicos cirujanos, farmacéuticos, químico-farmacéuticos, bioquímicos, cirujano-dentistas";"VILLALOBOS DE CALDERA, IRAIS JOSEFINA";"Atencion Clinica Medica";"44 Hrs.";"MEDICO CIRUJANO";"Región Metropolitana de Santiago";"(01)";"$ 1.955.378";"$ 1.585.849";"$ 0";-;"No";"No tiene";"No tiene";"No tiene";"01/01/2026";"31/12/2026";"No informa";"Sin observaciones";
"2026";"Julio";"Profesional";"VILLALOBOS MATAMALA, ORIANA LISSETTE";"Apoyo Administrativo";"11";"TECNOLOGO (A) MEDICO";"Región Metropolitana de Santiago";"(186)";"$ 2.297.168";"$ 1.841.066";"$ 0";-;"No";"No tiene";"No tiene";"No tiene";"01/01/2026";"31/12/2026";"No informa";"Sin observaciones";
"2026";"Julio";"Profesional";"VILLANE YAÑEZ, BEATRIZ CONSTANZA";"Jefe de Unidad";"6";"PSICOLOGO (A)";"Región Metropolitana de Santiago";"(186)";"$ 3.460.268";"$ 2.722.296";"$ 0";-;"No";"No tiene";"No tiene";"No tiene";"01/01/2026";"31/12/2026";"No informa";"Sin observaciones";
"2026";"Julio";"Profesional";"VILLANUEVA ESPINOSA, CYNTHIA JOSELYN";"Apoyo Administrativo";"12";"ENFERMERA (O)";"Región Metropolitana de Santiago";"(186)";"$ 2.108.218";"$ 1.693.765";"$ 0";-;"No";"No tiene";"No tiene";"No tiene";"01/01/2026";"31/12/2026";"No informa";"Sin observaciones";
"2026";"Julio";"Profesional";"VILLARROEL GONZALEZ, CATALINA XIMENA";"Apoyo Administrativo";"6";"ENFERMERA (O)";"Región Metropolitana de Santiago";"(186)";"$ 3.425.183";"$ 2.701.524";"$ 0";-;"No";"No tiene";"No tiene";"No tiene";"01/01/2026";"31/12/2026";"No informa";"Sin observaciones";
"2026";"Julio";"Profesional";"VILLARROEL LERZUNDI, CIRO EUGENIO";"Apoyo Administrativo";"10";"PROFESIONAL Y TECNICO UNIVERSITARIO";"Región Metropolitana de Santiago";"(186)";"$ 2.490.826";"$ 1.991.344";"$ 0";-;"No";"No tiene";"No tiene";"No tiene";"01/01/2026";"31/12/2026";"No informa";"Sin observaciones";
"2026";"Julio";"Profesional";"VILLARROEL SANHUEZA, VICTORIA ALEJANDRA";"Atencion Clinica";"15";"KINESIOLOGO (A)";"Región Metropolitana de Santiago";"(01)";"$ 1.512.586";"$ 1.235.497";"$ 0";-;"No";"No tiene";"No tiene";"No tiene";"01/01/2026";"31/07/2026";"No informa";"Sin observaciones";
"2026";"Julio";"Profesional";"VILLARROEL SAN MARTIN, QUIDORA SOLEDAD";"Apoyo Administrativo";"15";"ASISTENTE SOCIAL";"Región Metropolitana de Santiago";"(186)";"$ 1.622.830";"$ 1.309.172";"$ 0";-;"No";"No tiene";"No tiene";"No tiene";"01/01/2026";"31/12/2026";"No informa";"Sin observaciones";
"2026";"Julio";"Profesional";"VILLEGAS MOLINA, MAIRA VALESKA";"Apoyo Administrativo";"8";"INGENIERO (A) EJECUCION ADMINISTRACION DE EMPRESAS";"Región Metropolitana de Santiago";"(186)";"$ 2.876.803";"$ 2.287.760";"$ 0";-;"No";"No tiene";"No tiene";"No tiene";"01/01/2026";"31/12/2026";"No informa";"Sin observaciones";
"2026";"Julio";"Profesional";"VIRA CORNEJO, JESSICA ANDREA";"Atencion Clinica";"16";"ENFERMERA (O)";"Región Metropolitana de Santiago";"(01)";"$ 1.388.719";"$ 1.129.757";"$ 0";-;"No";"No tiene";"No tiene";"No tiene";"01/01/2026";"30/09/2026";"No informa";"Sin observaciones";
"2026";"Julio";"Profesional";"VITTINI GONZALEZ, ANDRES ESTEBAN";"Apoyo Administrativo";"8";"INGENIERO (A) EJECUCION ADMINISTRACION";"Región Metropolitana de Santiago";"(01)";"$ 2.861.832";"$ 2.276.527";"$ 0";-;"No";"No tiene";"No tiene";"No tiene";"01/01/2026";"31/12/2026";"No informa";"Sin observaciones";
"2026";"Julio";"Médicos cirujanos, farmacéuticos, químico-farmacéuticos, bioquímicos, cirujano-dentistas";"VIVALLO OÑATE, NATALIA VICTORIA";"MEDICINA FAMILIAR";"22 Hrs.";"MEDICO CIRUJANO";"Región Metropolitana de Santiago";"(188)(186)";"$ 2.529.904";"$ 2.024.437";"$ 0";-;"No";"No tiene";"No tiene";"No tiene";"01/01/2026";"31/12/2026";"No informa";"Sin observaciones";
"2026";"Julio";"Médicos cirujanos, farmacéuticos, químico-farmacéuticos, bioquímicos, cirujano-dentistas";"WERNER REYES, PATRICIO ANDRES";"Atencion Clinica Medica";"44 Hrs.";"MEDICO CIRUJANO";"Región Metropolitana de Santiago";"(86)(186)";"$ 3.514.428";"$ 2.767.903";"$ 0";-;"No";"No tiene";"No tiene";"No tiene";"01/01/2026";"31/12/2026";"No informa";"Sin observaciones";
"2026";"Julio";"Profesional";"WEVAR CARRASCO, DENISE PAOLA";"Apoyo Administrativo";"9";"INGENIERO (A) EN ADMINISTRACION";"Región Metropolitana de Santiago";"(186)";"$ 2.664.773";"$ 2.126.636";"$ 0";-;"No";"No tiene";"No tiene";"No tiene";"01/01/2026";"31/12/2026";"No informa";"Sin observaciones";
"2026";"Julio";"Médicos cirujanos, farmacéuticos, químico-farmacéuticos, bioquímicos, cirujano-dentistas";"WITTO ESPINOZA, ROCIO JOSEFINA";"Medico Becario Primario";"44 Hrs.";"MEDICO CIRUJANO";"Región Metropolitana de Santiago";"(01)";"$ 2.916.243";"$ 2.386.654";"$ 0";-;"No";"No tiene";"No tiene";"No tiene";"06/05/2025";"05/05/2027";"No informa";"Sin observaciones";
"2026";"Julio";"Profesional";"YALUL SUAREZ, NICOLAS ALEXANDER";"Atencion Clinica";"12";"FONOAUDIOLOGO (A)";"Región Metropolitana de Santiago";"(01)";"$ 2.064.201";"$ 1.660.483";"$ 0";-;"No";"No tiene";"No tiene";"No tiene";"01/01/2026";"31/12/2026";"No informa";"Sin observaciones";
"2026";"Julio";"Técnico";"YAÑEZ AVILA, SILVIA PAULINA";"Atencion Clinica";"22";"TECNICO NIVEL SUPERIOR ENFERMERIA";"Región Metropolitana de Santiago";"(186)";"$ 753.752";"$ 621.242";"$ 0";-;"No";"No tiene";"No tiene";"No tiene";"01/01/2026";"31/12/2026";"No informa";"Sin observaciones";
"2026";"Julio";"Profesional";"YAÑEZ D?JABER, CAMILO ESTEBAN";"Atencion Clinica";"12";"ENFERMERA (O)";"Región Metropolitana de Santiago";"(186)";"$ 2.075.205";"$ 1.667.686";"$ 0";-;"No";"No tiene";"No tiene";"No tiene";"01/01/2026";"30/09/2026";"No informa";"Sin observaciones";
"2026";"Julio";"Profesional";"YAÑEZ HERRERA, NICOLE ALEXANDRA";"Atencion Clinica";"15";"TERAPEUTA OCUPACIONAL";"Región Metropolitana de Santiago";"(220)(186)";"$ 1.774.269";"$ 1.455.284";"$ 0";-;"Sí";"$ 75.461 : 9,00 hrs";"No tiene";"No tiene";"01/01/2026";"31/12/2026";"No informa";"Sin observaciones";
"2026";"Julio";"Profesional";"YAÑEZ MUÑOZ, GISELLE TAMARA";"JEFE DE DEPARTAMENTO";"5";"KINESIOLOGO (A)";"Región Metropolitana de Santiago";"(186)";"$ 3.540.825";"$ 2.702.815";"$ 0";"$ 0";"No";"No tiene";"No tiene";"No tiene";"01/01/2026";"31/12/2026";"No informa";"REMUNERACION JUL.2026";
"2026";"Julio";"Profesional";"YAÑEZ PAVEZ, JOSE LUIS";"Atencion Clinica";"15";"PSICOLOGO (A)";"Región Metropolitana de Santiago";"(186)";"$ 808.702";"$ 666.533";"$ 0";-;"No";"No tiene";"No tiene";"No tiene";"01/01/2026";"31/12/2026";"No informa";"Sin observaciones";
"2026";"Julio";"Técnico";"YAÑEZ ROBERTS, CRISTHOPHER ANDRES";"ATENCION CLINICA";"22";"TECNICO NIVEL SUPERIOR ENFERMERIA";"Región Metropolitana de Santiago";"(203)(204)(186)";"$ 1.248.336";"$ 878.909";"$ 0";"$ 0";"Sí";"$ 139.592 : 40,00 hrs";"$ 184.261 : 44,00 hrs";"No tiene";"01/01/2026";"31/12/2026";"No informa";"REMUNERACION JUL.2026";
"2026";"Julio";"Técnico";"YAÑEZ YAÑEZ, ANDRES";"ATENCION CLINICA";"22";"TECNICO NIVEL SUPERIOR ENFERMERIA";"Región Metropolitana de Santiago";"(202)(204)(186)";"$ 1.180.196";"$ 648.322";"$ 0";"$ 0";"Sí";"$ 45.767 : 13,00 hrs";"$ 42.247 : 10,00 hrs";"No tiene";"01/01/2026";"31/12/2026";"No informa";"REMUNERACION JUL.2026";
"2026";"Julio";"Médicos cirujanos, farmacéuticos, químico-farmacéuticos, bioquímicos, cirujano-dentistas";"YON OYARCE, CONSTANZA ANDREA";"Atencion Clinica Medica";"44 Hrs.";"MEDICO CIRUJANO";"Región Metropolitana de Santiago";"(86)(186)";"$ 3.514.428";"$ 2.768.063";"$ 0";-;"No";"No tiene";"No tiene";"No tiene";"01/01/2026";"31/12/2026";"No informa";"Sin observaciones";
"2026";"Julio";"Técnico";"YOUNG CHI ESPINOZA, CLAUDIO ALEJANDRO";"ATENCION CLINICA";"22";"TECNICO NIVEL SUPERIOR ENFERMERIA";"Región Metropolitana de Santiago";"(202)(204)(186)";"$ 1.604.777";"$ 997.409";"$ 0";"$ 0";"Sí";"$ 140.823 : 40,00 hrs";"$ 371.772 : 88,00 hrs";"No tiene";"01/01/2026";"31/12/2026";"No informa";"REMUNERACION JUL.2026";
"2026";"Julio";"Médicos cirujanos, farmacéuticos, químico-farmacéuticos, bioquímicos, cirujano-dentistas";"YSAMBERTT TUDARES, JOSE EMMANUEL";"Atencion Clinica Medica";"22 Hrs.";"MEDICO CIRUJANO";"Región Metropolitana de Santiago";"(188)";"$ 1.087.097";"$ 862.997";"$ 0";-;"No";"No tiene";"No tiene";"No tiene";"01/01/2026";"30/09/2026";"No informa";"Sin observaciones";
"2026";"Julio";"Médicos cirujanos, farmacéuticos, químico-farmacéuticos, bioquímicos, cirujano-dentistas";"YSAMBERTT TUDARES, JOSE EMMANUEL";"Atencion Clinica Medica";"22 Hrs.";"MEDICO CIRUJANO";"Región Metropolitana de Santiago";"(188)";"$ 1.087.097";"$ 895.985";"$ 0";-;"No";"No tiene";"No tiene";"No tiene";"01/01/2026";"30/09/2026";"No informa";"Sin observaciones";
"2026";"Julio";"Técnico";"YUSTY PRADA, JOSE DANIEL";"ATENCION CLINICA";"22";"ADMINISTRADOR (A) DE EMPRESAS";"Región Metropolitana de Santiago";"(203)(204)(186)";"$ 1.191.790";"$ 883.205";"$ 0";"$ 0";"No";"No tiene";"No tiene";"No tiene";"01/01/2026";"31/12/2026";"No informa";"REMUNERACION JUL.2026";
"2026";"Julio";"Profesional";"ZAMBRANO BREVIS, KARINA ESTEFANIA";"Atencion Clinica";"15";"ENFERMERA (O)";"Región Metropolitana de Santiago";"(186)";"$ 1.622.830";"$ 1.311.976";"$ 0";-;"No";"No tiene";"No tiene";"No tiene";"01/01/2026";"31/12/2026";"No informa";"Sin observaciones";
"2026";"Julio";"Médicos cirujanos, farmacéuticos, químico-farmacéuticos, bioquímicos, cirujano-dentistas";"ZAMORA CALDERON, ANDREA MACKARENA";"Quimico Farmaceutico";"22 Hrs.";"QUIMICO FARMACEUTICO";"Región Metropolitana de Santiago";"(86)(186)";"$ 2.304.190";"$ 2.003.384";"$ 0";-;"No";"No tiene";"No tiene";"No tiene";"01/01/2026";"31/12/2026";"No informa";"Sin observaciones";
"2026";"Julio";"Médicos cirujanos, farmacéuticos, químico-farmacéuticos, bioquímicos, cirujano-dentistas";"ZAMORA CALDERON, ANDREA MACKARENA";"Quimico Farmaceutico";"22 Hrs.";"QUIMICO FARMACEUTICO";"Región Metropolitana de Santiago";"(86)(186)";"$ 2.646.078";"$ 2.041.299";"$ 0";-;"No";"No tiene";"No tiene";"No tiene";"01/01/2026";"31/12/2026";"No informa";"Sin observaciones";
"2026";"Julio";"Profesional";"ZAMORANO HERRERA, ESTEBAN BENJAMIN";"Jefe de Unidad";"5";"ASISTENTE SOCIAL";"Región Metropolitana de Santiago";"(186)";"$ 3.578.017";"$ 2.815.037";"$ 0";-;"No";"No tiene";"No tiene";"No tiene";"01/01/2026";"31/12/2026";"No informa";"Sin observaciones";
"2026";"Julio";"Técnico";"ZAMORANO LUCERO, NATALIA ANDREA";"Atencion Clinica";"20";"TECNICO DE ODONTOLOGIA";"Región Metropolitana de Santiago";"(186)";"$ 1.018.591";"$ 839.523";"$ 0";-;"No";"No tiene";"No tiene";"No tiene";"01/01/2026";"31/12/2026";"No informa";"Sin observaciones";
"2026";"Julio";"Profesional";"ZAMORANO MIRANDA, MARIA PAULINA";"Apoyo Administrativo";"12";"KINESIOLOGO (A)";"Región Metropolitana de Santiago";"(186)";"$ 1.982.431";"$ 1.608.648";"$ 0";-;"No";"No tiene";"No tiene";"No tiene";"01/01/2026";"31/12/2026";"No informa";"Sin observaciones";
"2026";"Julio";"Auxiliar";"ZAMUDIO PULGAR, JOSE MANUEL";"Chofer";"19";"AUXILIAR";"Región Metropolitana de Santiago";"(205)(186)";"$ 1.880.333";"$ 1.693.574";"$ 0";-;"Sí";"$ 139.948 : 32,00 hrs";"$ 892.167 : 170,00 hrs";"No tiene";"01/01/2026";"31/12/2026";"No informa";"Sin observaciones";
"2026";"Julio";"Administrativo";"ZANETTI TORRES, ROMMY STELLA";"Apoyo Administrativo";"13";"ADMINISTRATIVO";"Región Metropolitana de Santiago";"(186)";"$ 1.772.306";"$ 1.429.256";"$ 0";-;"No";"No tiene";"No tiene";"No tiene";"01/01/2026";"31/12/2026";"No informa";"Sin observaciones";
"2026";"Julio";"Profesional";"ZAPATA NEIRA, FABIAN MARCELO";"Atencion Clinica";"9";"ASISTENTE SOCIAL";"Región Metropolitana de Santiago";"(186)(186)";"$ 2.401.291";"$ 2.175.428";"$ 0";-;"No";"No tiene";"No tiene";"No tiene";"01/01/2026";"31/12/2026";"No informa";"Sin observaciones";
"2026";"Julio";"Profesional";"ZAPATA SEPULVEDA, MELISSA ANDREA";"Atencion Clinica";"15";"ENFERMERA (O)";"Región Metropolitana de Santiago";"(186)";"$ 1.631.564";"$ 1.320.553";"$ 0";-;"No";"No tiene";"No tiene";"No tiene";"01/01/2026";"31/12/2026";"No informa";"Sin observaciones";
"2026";"Julio";"Médicos cirujanos, farmacéuticos, químico-farmacéuticos, bioquímicos, cirujano-dentistas";"ZAPATA VASQUEZ, FERNANDO ANTONIO";"MEDICO CIRUJANO CON ESPECIALIDAD EN MEDICINA DE URGENCIA";"28 Hrs.";"MEDICO CIRUJANO CON ESPECIALIDAD EN MEDICINA DE URGENCIA";"Región Metropolitana de Santiago";"(194)(193)(198)(186)";"$ 4.352.488";"$ 2.554.811";"$ 0";"$ 0";"No";"No tiene";"No tiene";"No tiene";"01/01/2026";"31/12/2026";"No informa";"REMUNERACION JUL.2026";
"2026";"Julio";"Profesional";"ZARA CHINETTI, FADUA DAMISA";"Atencion Clinica";"9";"PSICOLOGO (A)";"Región Metropolitana de Santiago";"(186)";"$ 2.627.441";"$ 2.098.320";"$ 0";-;"No";"No tiene";"No tiene";"No tiene";"01/01/2026";"31/12/2026";"No informa";"Sin observaciones";
"2026";"Julio";"Profesional";"ZARATE CASTRO, DIEGO IGNACIO";"Apoyo Administrativo";"13";"NUTRICIONISTA";"Región Metropolitana de Santiago";"(186)";"$ 1.918.363";"$ 1.545.423";"$ 0";-;"No";"No tiene";"No tiene";"No tiene";"01/01/2026";"31/12/2026";"No informa";"Sin observaciones";
"2026";"Julio";"Médicos cirujanos, farmacéuticos, químico-farmacéuticos, bioquímicos, cirujano-dentistas";"ZARO SOTO, KATICA ANTICA";"Atencion Clinica Medica";"44 Hrs.";"MEDICO CIRUJANO";"Región Metropolitana de Santiago";"(01)";"$ 1.955.378";"$ 1.356.146";"$ 1";-;"No";"No tiene";"No tiene";"No tiene";"11/06/2026";"10/09/2026";"No informa";"Sin observaciones";
"2026";"Julio";"Técnico";"ZENTENO MURUA, CAMILA MILENKA DE LOURDES";"Atencion Clinica";"22";"TECNICO NIVEL SUPERIOR ENFERMERIA";"Región Metropolitana de Santiago";"(202)(186)";"$ 1.052.075";"$ 857.967";"$ 2";-;"No";"No tiene";"No tiene";"No tiene";"01/01/2026";"31/12/2026";"No informa";"Sin observaciones";
"2026";"Julio";"Técnico";"ZEVALLOS PAVEZ, ANA LUISA";"Atencion Clinica";"21";"TECNICO NIVEL SUPERIOR ENFERMERIA";"Región Metropolitana de Santiago";"(186)";"$ 1.029.920";"$ 849.632";"$ 3";-;"Sí";"$ 43.122 : 10,00 hrs";"No tiene";"No tiene";"01/01/2026";"31/12/2026";"No informa";"Sin observaciones";
"2026";"Julio";"Profesional";"ZULETA ALFARO, ROLANDO ANTONIO";"Apoyo Administrativo";"7";"PROFESOR (A)";"Región Metropolitana de Santiago";"(186)";"$ 3.229.717";"$ 2.550.593";"$ 4";-;"No";"No tiene";"No tiene";"No tiene";"01/01/2026";"31/12/2026";"No informa";"Sin observaciones";
"2026";"Julio";"Médicos cirujanos, farmacéuticos, químico-farmacéuticos, bioquímicos, cirujano-dentistas";"ZUÑIGA ARAYA, CLAUDIA PATRICIA";"Quimico Farmaceutico";"44 Hrs.";"QUIMICO FARMACEUTICO";"Región Metropolitana de Santiago";"(188)(186)";"$ 4.561.208";"$ 3.686.205";"$ 5";-;"No";"No tiene";"No tiene";"No tiene";"01/01/2026";"31/12/2026";"No informa";"Sin observaciones";
"2026";"Julio";"Auxiliar";"ZUÑIGA FLORES, MARCELO PAUL";"CONDUCTOR";"21";"TECNICO NIVEL SUPERIOR ENFERMERIA";"Región Metropolitana de Santiago";"(205)(202)(204)(186)";"$ 1.560.484";"$ 1.083.237";"$ 0";"$ 0";"Sí";"$ 60.238 : 16,00 hrs";"$ 252.999 : 56,00 hrs";"No tiene";"01/01/2026";"31/12/2026";"No informa";"REMUNERACION JUL.2026";
"2026";"Julio";"Profesional";"ZUÑIGA JARAMILLO, JONATHAN ROLANDO";"Apoyo Administrativo";"13";"PSICOLOGO (A)";"Región Metropolitana de Santiago";"(186)(186)";"$ 1.908.175";"$ 1.527.076";"$ 7";-;"No";"No tiene";"No tiene";"No tiene";"01/01/2026";"31/12/2026";"No informa";"Sin observaciones";
"2026";"Julio";"Técnico";"ZUÑIGA OROZCO, ROMINA JAZMIN";"ATENCION CLINICA";"22";"TECNICO NIVEL SUPERIOR ENFERMERIA";"Región Metropolitana de Santiago";"(202)(204)(186)";"$ 1.092.182";"$ 859.546";"$ 0";"$ 0";"No";"No tiene";"No tiene";"No tiene";"01/01/2026";"31/12/2026";"No informa";"REMUNERACION JUL.2026";
"2026";"Julio";"Técnico";"ZUÑIGA RIQUELME, CLAUDIO ALBERTO";"ATENCION CLINICA";"22";"AUXILIAR DE ENFERMERIA";"Región Metropolitana de Santiago";"(202)(204)(186)";"$ 1.269.972";"$ 814.391";"$ 0";"$ 0";"Sí";"$ 94.224 : 27,00 hrs";"$ 92.130 : 22,00 hrs";"No tiene";"01/01/2026";"31/12/2026";"No informa";"REMUNERACION JUL.2026";
"2026";"Julio";"Técnico";"ZUÑIGA TORRES, BARBARA ALEJANDRA";"Atencion Clinica";"21";"TECNICO NIVEL SUPERIOR LABORATORIO CLINICO";"Región Metropolitana de Santiago";"(186)";"$ 789.223";"$ 656.832";"$ 10";-;"Sí";"No tiene";"$ 36.143 : 8,00 hrs";"No tiene";"01/01/2026";"31/12/2026";"No informa";"Sin observaciones";
