"Año";"Mes";"Estamento";"Nombre completo";"Cargo o función";"Grado EUS o jornada";"Calificación profesional o formación";"Región";"Asignaciones especiales del mes (inc. en rem. bruta)";"Remuneración bruta del mes (incluye bonos e incentivos, asig. especiales, horas extras)";"Remuneración líquida del mes";"Rem. adicionales del mes (no inc. en rem. bruta)";"Remuneración Bonos incentivos del mes (inc. en rem. bruta)";"Derecho a horas extraordinarias";"Montos y horas extraordinarias diurnas del mes(inc. en rem. bruta)";"Montos y horas extraordinarias nocturnas del mes(inc. en rem. bruta)";"Montos y horas extraordinarias festivas del mes (inc. en rem. bruta)";"Fecha de inicio dd/mm/aa";"Fecha de término dd/mm/aa";"Viáticos del mes (no inc. en rem. bruta)";"Observaciones";
"2026";"Marzo";"Profesional";"ABARCA IBEAS, KRISHNA BELEN";"Atencion Clinica";"15";"ENFERMERA (O)";"Región Metropolitana de Santiago";"(01)";"$ 1.491.702";"$ 1.219.741";"$ 0";"$ 0";"No";"No tiene";"No tiene";"No tiene";"01/01/2026";"31/03/2026";"No informa";"Sin observaciones";
"2026";"Marzo";"Profesional";"ABARCA MUÑOZ, MARITZA DENISSE";"APOYO ADMINISTRATIVO";"9";"ABOGADO (A)";"Región Metropolitana de Santiago";"(01)";"$ 2.509.149";"$ 1.496.783";"$ 0";"$ 156.193";"No";"No tiene";"No tiene";"No tiene";"01/01/2026";"31/12/2026";"No informa";"CANCELA PAGO TRIMESTRAL LEY 19.937 PERIODO 03/2026+REMUNERACION MAR.2026";
"2026";"Marzo";"Auxiliar";"ABARCA ROJAS, MANUEL EDUARDO";"CONDUCTOR";"24";"AUXILIAR";"Región Metropolitana de Santiago";"(205)(203)(204)(186)";"$ 819.787";"$ 635.354";"$ 0";"$ 113.579";"No";"No tiene";"No tiene";"No tiene";"01/01/2026";"31/12/2026";"No informa";"CANCELA PAGO TRIMESTRAL LEY 19.490 PERIODO 03/2026+CANCELA PAGO TRIMESTRAL LEY 19.937 PERIODO 03/2026+REMUNERACION MAR.2026";
"2026";"Marzo";"Técnico";"ABARCA RUBIO, FERNANDA DANIELA";"ATENCION CLINICA";"22";"TECNICO NIVEL SUPERIOR ENFERMERIA";"Región Metropolitana de Santiago";"(202)(204)(186)";"$ 1.077.875";"$ 633.785";"$ 0";"$ 124.442";"No";"No tiene";"No tiene";"No tiene";"01/01/2026";"31/12/2026";"No informa";"CANCELA ASIG. TECNICA+CANCELA PAGO TRIMESTRAL LEY 19.490 Y LEY 19.937 PERIODO 03/2026+REMUNERACION MAR.2026";
"2026";"Marzo";"Técnico";"ABARCA SPRING, DANIELA ALEJANDRA";"Atencion Clinica";"21";"TECNICO NIVEL SUPERIOR ENFERMERIA";"Región Metropolitana de Santiago";"(186)";"$ 944.807";"$ 744.559";"$ 0";"$ 134.261";"Sí";"$ 7.426 : 2,00 hrs";"No tiene";"No tiene";"01/01/2026";"31/12/2026";"No informa";"Sin observaciones";
"2026";"Marzo";"Técnico";"ABRAMOVICH MELI, MARIA JAEL";"Atencion Clinica";"21";"TECNICO NIVEL SUPERIOR ENFERMERIA";"Región Metropolitana de Santiago";"(186)";"$ 883.218";"$ 592.631";"$ 0";"$ 137.059";"No";"No tiene";"No tiene";"No tiene";"01/01/2026";"31/12/2026";"No informa";"Sin observaciones";
"2026";"Marzo";"Técnico";"ABUJATUN GAJARDO, SOLANGE ANDREA";"Atencion Clinica";"21";"TECNICO NIVEL SUPERIOR ENFERMERIA";"Región Metropolitana de Santiago";"(186)";"$ 886.672";"$ 587.013";"$ 0";"$ 145.450";"No";"No tiene";"No tiene";"No tiene";"01/01/2026";"31/12/2026";"No informa";"Sin observaciones";
"2026";"Marzo";"Técnico";"ACEVEDO ARMIJO, JERONIMO ANDRES";"ATENCION CLINICA";"21";"TECNICO NIVEL SUPERIOR ENFERMERIA";"Región Metropolitana de Santiago";"(203)(204)(186)";"$ 1.509.877";"$ 1.121.365";"$ 0";"$ 145.450";"Sí";"$ 152.413 : 40,00 hrs";"$ 347.501 : 76,00 hrs";"No tiene";"01/01/2026";"31/12/2026";"No informa";"CANCELA ASIG. TECNICA+CANCELA PAGO TRIMESTRAL LEY 19.490 Y LEY 19.937 PERIODO 03/2026+REMUNERACION MAR.2026";
"2026";"Marzo";"Profesional";"ACEVEDO CASTRO, DANIELA PAZ";"Apoyo Administrativo";"15";"CONTADOR (A) AUDITOR (A)";"Región Metropolitana de Santiago";"(01)";"$ 447.510";"$ 368.837";"$ 0";"$ 0";"No";"No tiene";"No tiene";"No tiene";"01/01/2026";"09/03/2026";"No informa";"Sin observaciones";
"2026";"Marzo";"Técnico";"ACEVEDO FRIAS, ANA DE LAS MERCEDES";"Atencion Clinica";"20";"TECNICO NIVEL SUPERIOR ENFERMERIA";"Región Metropolitana de Santiago";"(186)";"$ 953.792";"$ 729.034";"$ 0";"$ 159.344";"Sí";"$ 23.504 : 6,00 hrs";"$ 18.804 : 4,00 hrs";"No tiene";"01/01/2026";"31/12/2026";"No informa";"Sin observaciones";
"2026";"Marzo";"Administrativo";"ACEVEDO QUEVEDO, CAMILA FERNANDA";"Apoyo Administrativo";"19";"ADMINISTRATIVO";"Región Metropolitana de Santiago";"(186)";"$ 1.337.700";"$ 1.017.387";"$ 0";"$ 209.332";"No";"No tiene";"No tiene";"No tiene";"01/01/2026";"31/12/2026";"No informa";"Sin observaciones";
"2026";"Marzo";"Técnico";"ACEVEDO VALENZUELA, CLAUDIO ALEJANDRO";"Apoyo Administrativo";"18";"TECNICO NIVEL SUPERIOR EN INFORMATICA";"Región Metropolitana de Santiago";"(186)(186)";"$ 979.037";"$ 692.532";"$ 0";"$ 144.502";"No";"No tiene";"No tiene";"No tiene";"01/01/2026";"31/12/2026";"No informa";"REMUNERACION MARZO 2026 + BONOS TRIMESTRALES";
"2026";"Marzo";"Auxiliar";"ACOSTA LARA, JOHANS EDUARDO";"CONDUCTOR";"24";"AUXILIAR";"Región Metropolitana de Santiago";"(205)(202)(204)(186)";"$ 961.842";"$ 634.758";"$ 0";"$ 113.579";"No";"No tiene";"No tiene";"No tiene";"01/01/2026";"31/12/2026";"No informa";"CANCELA PAGO TRIMESTRAL LEY 19.490 PERIODO 03/2026+CANCELA PAGO TRIMESTRAL LEY 19.937 PERIODO 03/2026+REMUNERACION MAR.2026";
"2026";"Marzo";"Médicos cirujanos, farmacéuticos, químico-farmacéuticos, bioquímicos, cirujano-dentistas";"ACOSTA SALAS, MANUEL CHRISTIAN";"Medico Becario Primario";"44 Hrs.";"MEDICO CIRUJANO";"Región Metropolitana de Santiago";"(01)";"$ 2.875.980";"$ 2.373.833";"$ 0";"$ 0";"No";"No tiene";"No tiene";"No tiene";"07/04/2025";"06/04/2026";"No informa";"Sin observaciones";
"2026";"Marzo";"Técnico";"ACUÑA ARAVENA, LORENA MABEL";"Atencion Clinica";"22";"TECNICO NIVEL SUPERIOR ODONTOLOGIA";"Región Metropolitana de Santiago";"(186)";"$ 932.124";"$ 725.604";"$ 0";"$ 127.035";"No";"No tiene";"No tiene";"No tiene";"01/01/2026";"31/12/2026";"No informa";"Sin observaciones";
"2026";"Marzo";"Profesional";"ACUÑA CHAVEZ, JAVIERA BELEN";"Atencion Clinica";"15";"PSICOLOGO (A)";"Región Metropolitana de Santiago";"(01)";"$ 1.491.702";"$ 1.209.717";"$ 0";"$ 0";"No";"No tiene";"No tiene";"No tiene";"01/01/2026";"31/12/2026";"No informa";"Sin observaciones";
"2026";"Marzo";"Profesional";"ACUÑA MARCOS, ALEJANDRA ANDREA";"Atencion Clinica";"15";"KINESIOLOGO (A)";"Región Metropolitana de Santiago";"(186)";"$ 1.905.181";"$ 1.507.599";"$ 0";"$ 158.305";"Sí";"$ 197.247 : 24,00 hrs";"$ 49.312 : 5,00 hrs";"No tiene";"01/01/2026";"31/12/2026";"No informa";"Sin observaciones";
"2026";"Marzo";"Administrativo";"ACUÑA MENA, CAROLINA ESTER";"APOYO ADMINISTRATIVO";"22";"ADMINISTRATIVO";"Región Metropolitana de Santiago";"(203)(204)(186)";"$ 927.593";"$ 619.545";"$ 0";"$ 147.969";"No";"No tiene";"No tiene";"No tiene";"01/01/2026";"31/12/2026";"No informa";"CANCELA BONO ESCOLAR 2026-202603+CANCELA PAGO TRIMESTRAL LEY 19.490 Y LEY 19.937 PERIODO 03/2026+REMUNERACION MAR.2026";
"2026";"Marzo";"Auxiliar";"ACUÑA MUÑOZ, JORGE SEGUNDO";"CONDUCTOR";"22";"AUXILIAR";"Región Metropolitana de Santiago";"(205)(202)(204)";"$ 1.507.806";"$ 1.264.877";"$ 0";"$ 120.553";"Sí";"$ 136.450 : 40,00 hrs";"$ 221.049 : 54,00 hrs";"No tiene";"01/01/2026";"31/12/2026";"No informa";"CANCELA PAGO TRIMESTRAL LEY 19.490 PERIODO 03/2026+CANCELA PAGO TRIMESTRAL LEY 19.937 PERIODO 03/2026+REMUNERACION MAR.2026";
"2026";"Marzo";"Auxiliar";"ACUÑA NAVARRO, LUIS FERNANDO";"CONDUCTOR";"24";"AUXILIAR";"Región Metropolitana de Santiago";"(205)(202)(204)(186)";"$ 961.842";"$ 738.560";"$ 0";"$ 107.026";"No";"No tiene";"No tiene";"No tiene";"01/01/2026";"31/12/2026";"No informa";"CANCELA PAGO TRIMESTRAL LEY 19.490 PERIODO 03/2026+CANCELA PAGO TRIMESTRAL LEY 19.937 PERIODO 03/2026+REMUNERACION MAR.2026";
"2026";"Marzo";"Médicos cirujanos, farmacéuticos, químico-farmacéuticos, bioquímicos, cirujano-dentistas";"ACUÑA PLUA, RODRIGO JAIME";"Atencion Clinica Medica";"44 Hrs.";"MEDICO CIRUJANO";"Región Metropolitana de Santiago";"(188)(186)";"$ 4.571.843";"$ 3.696.186";"$ 0";"$ 0";"No";"No tiene";"No tiene";"No tiene";"01/01/2026";"31/12/2026";"No informa";"Sin observaciones";
"2026";"Marzo";"Técnico";"ACUÑA SANTIBAÑEZ, YESSENIA ESTEFANIA";"Atencion Clinica";"21";"TECNICO NIVEL SUPERIOR ENFERMERIA";"Región Metropolitana de Santiago";"(186)";"$ 1.020.340";"$ 813.323";"$ 0";"$ 145.450";"No";"No tiene";"No tiene";"No tiene";"01/01/2026";"31/12/2026";"No informa";"Sin observaciones";
"2026";"Marzo";"Profesional";"ACUÑA VENEGAS, YANARA BELEN";"Atencion Clinica";"16";"MATRON (A)";"Región Metropolitana de Santiago";"(186)";"$ 1.462.869";"$ 1.159.565";"$ 0";"$ 85.349";"No";"No tiene";"No tiene";"No tiene";"01/01/2026";"31/03/2026";"No informa";"Sin observaciones";
"2026";"Marzo";"Profesional";"ADRIAZOLA CHAVEZ, SERGIO FERNANDO";"Apoyo Administrativo";"9";"CONTADOR (A) PUBLICO (A) AUDITOR";"Región Metropolitana de Santiago";"(186)";"$ 2.893.510";"$ 2.159.857";"$ 0";"$ 265.529";"No";"No tiene";"No tiene";"No tiene";"01/01/2026";"31/12/2026";"No informa";"Sin observaciones";
"2026";"Marzo";"Auxiliar";"AEDO CACERES, CRISTIAN EDUARDO";"CONDUCTOR";"24";"AUXILIAR";"Región Metropolitana de Santiago";"(205)(202)(204)(186)";"$ 939.713";"$ 701.304";"$ 0";"$ 101.566";"No";"No tiene";"No tiene";"No tiene";"01/01/2026";"31/12/2026";"No informa";"CANCELA PAGO TRIMESTRAL LEY 19.490 PERIODO 03/2026+CANCELA PAGO TRIMESTRAL LEY 19.937 PERIODO 03/2026+REMUNERACION MAR.2026";
"2026";"Marzo";"Administrativo";"AGUAYO MARQUEZ, NINOSKA ANDREA";"Apoyo Administrativo";"21";"ADMINISTRATIVO";"Región Metropolitana de Santiago";"(01)";"$ 712.875";"$ 538.036";"$ 0";"$ 0";"No";"No tiene";"No tiene";"No tiene";"16/02/2026";"31/05/2026";"No informa";"Sin observaciones";
"2026";"Marzo";"Profesional";"AGUAYO POBLETE, MARIA JOSE";"Atencion Clinica";"16";"EDUCADOR (A) DE PARVULOS";"Región Metropolitana de Santiago";"(01)";"$ 1.369.545";"$ 1.122.945";"$ 0";"$ 0";"No";"No tiene";"No tiene";"No tiene";"01/01/2026";"31/03/2026";"No informa";"Sin observaciones";
"2026";"Marzo";"Administrativo";"AGUERO HINOJOSA, MARIA";"Apoyo Administrativo";"12";"ADMINISTRADOR (A) PUBLICO";"Región Metropolitana de Santiago";"(01)";"$ 2.695.105";"$ 1.830.522";"$ 0";"$ 740.571";"No";"No tiene";"No tiene";"No tiene";"01/01/2026";"31/05/2026";"No informa";"REMUNERACION MARZO 2026 + BONOS TRIMESTRALES";
"2026";"Marzo";"Profesional";"AGUILERA BENITEZ, KARIN ALEXANDRA";"Atencion Clinica";"16";"ENFERMERA (O)";"Región Metropolitana de Santiago";"(01)";"$ 1.095.637";"$ 842.692";"$ 0";"$ 0";"No";"No tiene";"No tiene";"No tiene";"01/01/2026";"24/03/2026";"No informa";"CONTRATO POR REEMPLAZO";
"2026";"Marzo";"Técnico";"AGUILERA CUEVAS, CAROLINA ANDREA";"Atencion Clinica";"21";"TECNICO NIVEL SUPERIOR ENFERMERIA";"Región Metropolitana de Santiago";"(186)";"$ 854.422";"$ 651.480";"$ 0";"$ 123.073";"No";"No tiene";"No tiene";"No tiene";"01/01/2026";"31/12/2026";"No informa";"Sin observaciones";
"2026";"Marzo";"Profesional";"AGUILERA MOYA, MARCELA VALERIA";"Apoyo Administrativo";"5";"PERIODISTA";"Región Metropolitana de Santiago";"(186)";"$ 3.565.297";"$ 2.825.042";"$ 0";"$ 0";"No";"No tiene";"No tiene";"No tiene";"01/01/2026";"31/12/2026";"No informa";"Sin observaciones";
"2026";"Marzo";"Profesional";"AGUILERA PEREZ, YASNNA DAMARIS";"Apoyo Administrativo";"7";"MATRON (A)";"Región Metropolitana de Santiago";"(186)";"$ 3.687.361";"$ 2.788.084";"$ 0";"$ 550.076";"No";"No tiene";"No tiene";"No tiene";"01/01/2026";"31/12/2026";"No informa";"REMUNERACION MARZO 2026 + BONOS TRIMESTRALES";
"2026";"Marzo";"Profesional";"AGUILERA SILVA, VICTOR GONZALO";"ATENCION CLINICA";"9";"ENFERMERO (A) MATRON (A)";"Región Metropolitana de Santiago";"(203)(204)(186)";"$ 3.746.444";"$ 2.240.849";"$ 0";"$ 833.032";"No";"No tiene";"No tiene";"No tiene";"01/01/2026";"31/12/2026";"No informa";"CANCELA PAGO TRIMESTRAL LEY 19.490 PERIODO 03/2026+CANCELA PAGO TRIMESTRAL LEY 19.937 PERIODO 03/2026+REMUNERACION MAR.2026";
"2026";"Marzo";"Auxiliar";"AGUIRRE ACUÑA, DIEGO IGNACIO";"CONDUCTOR";"22";"AUXILIAR";"Región Metropolitana de Santiago";"(205)(202)(204)";"$ 1.079.206";"$ 556.958";"$ 0";"$ 124.442";"No";"No tiene";"No tiene";"No tiene";"01/01/2026";"31/12/2026";"No informa";"CANCELA PAGO TRIMESTRAL LEY 19.490 PERIODO 03/2026+CANCELA PAGO TRIMESTRAL LEY 19.937 PERIODO 03/2026+REMUNERACION MAR.2026";
"2026";"Marzo";"Médicos cirujanos, farmacéuticos, químico-farmacéuticos, bioquímicos, cirujano-dentistas";"AGUIRRE GONZALEZ, PEDRO PABLO";"Medico Becario Primario";"44 Hrs.";"CIRUJANO DENTISTA";"Región Metropolitana de Santiago";"(01)";"$ 2.875.980";"$ 2.370.382";"$ 0";"$ 0";"No";"No tiene";"No tiene";"No tiene";"06/05/2025";"05/05/2026";"No informa";"Sin observaciones";
"2026";"Marzo";"Técnico";"AGUIRRE ORTIZ, TIARE ABIGAIL";"Atencion Clinica";"21";"TECNICO NIVEL SUPERIOR ODONTOLOGIA";"Región Metropolitana de Santiago";"(186)";"$ 928.249";"$ 731.081";"$ 0";"$ 130.066";"No";"No tiene";"No tiene";"No tiene";"01/01/2026";"31/12/2026";"No informa";"Sin observaciones";
"2026";"Marzo";"Administrativo";"AGUIRRE VIAL, ENRIQUE NICOLAS";"Apoyo Administrativo";"22";"ADMINISTRATIVO";"Región Metropolitana de Santiago";"(01)";"$ 314.174";"$ 256.592";"$ 0";"$ 0";"No";"No tiene";"No tiene";"No tiene";"01/03/2026";"15/03/2026";"No informa";"CONTRATO POR REEMPLAZO";
"2026";"Marzo";"Médicos cirujanos, farmacéuticos, químico-farmacéuticos, bioquímicos, cirujano-dentistas";"ALAMO MISLEH, SOFIA JULIETA";"Medico Becario Primario";"44 Hrs.";"MEDICO CIRUJANO";"Región Metropolitana de Santiago";"(01)";"$ 2.875.980";"$ 2.373.833";"$ 0";"$ 0";"No";"No tiene";"No tiene";"No tiene";"07/04/2025";"06/04/2026";"No informa";"Sin observaciones";
"2026";"Marzo";"Profesional";"ALANIZ MARTINEZ, MARCO ALFONSO";"Atencion Clinica";"15";"MATRON (A)";"Región Metropolitana de Santiago";"(186)";"$ 1.883.812";"$ 1.487.085";"$ 0";"$ 158.305";"Sí";"$ 106.842 : 13,00 hrs";"$ 118.348 : 12,00 hrs";"No tiene";"01/01/2026";"31/12/2026";"No informa";"Sin observaciones";
"2026";"Marzo";"Médicos cirujanos, farmacéuticos, químico-farmacéuticos, bioquímicos, cirujano-dentistas";"ALARCON BUSTAMANTE, ROSA MARIA";"Atencion Odontologica";"44 Hrs.";"CIRUJANO DENTISTA";"Región Metropolitana de Santiago";"(86)(186)";"$ 6.635.361";"$ 5.378.657";"$ 0";"$ 0";"No";"No tiene";"No tiene";"No tiene";"01/01/2026";"31/12/2026";"No informa";"Sin observaciones";
"2026";"Marzo";"Médicos cirujanos, farmacéuticos, químico-farmacéuticos, bioquímicos, cirujano-dentistas";"ALARCON GONZALEZ, MARION IVETTE";"Quimico Farmaceutico";"22 Hrs.";"QUIMICO FARMACEUTICO";"Región Metropolitana de Santiago";"(188)(186)";"$ 2.205.001";"$ 1.688.728";"$ 0";"$ 0";"No";"No tiene";"No tiene";"No tiene";"01/01/2026";"31/12/2026";"No informa";"Sin observaciones";
"2026";"Marzo";"Médicos cirujanos, farmacéuticos, químico-farmacéuticos, bioquímicos, cirujano-dentistas";"ALARCON GONZALEZ, MARION IVETTE";"Quimico Farmaceutico";"22 Hrs.";"QUIMICO FARMACEUTICO";"Región Metropolitana de Santiago";"(188)(186)";"$ 2.205.001";"$ 1.874.214";"$ 0";"$ 0";"No";"No tiene";"No tiene";"No tiene";"01/01/2026";"31/12/2026";"No informa";"Sin observaciones";
"2026";"Marzo";"Técnico";"ALARCON GUERRERO, LAURA ALEJANDRA";"Atencion Clinica";"20";"TECNICO NIVEL SUPERIOR RECURSOS HUMANOS";"Región Metropolitana de Santiago";"(186)";"$ 929.189";"$ 694.729";"$ 0";"$ 177.049";"No";"No tiene";"No tiene";"No tiene";"01/01/2026";"31/12/2026";"No informa";"Sin observaciones";
"2026";"Marzo";"Técnico";"ALARCON JARA, VIVIANA DEL CARMEN";"Atencion Clinica";"21";"TECNICO NIVEL SUPERIOR ENFERMERIA";"Región Metropolitana de Santiago";"(01)";"$ 952.168";"$ 755.867";"$ 0";"$ 130.066";"Sí";"$ 73.609 : 20,00 hrs";"$ 22.082 : 5,00 hrs";"No tiene";"01/01/2026";"31/03/2026";"No informa";"Sin observaciones";
"2026";"Marzo";"Administrativo";"ALARCON MOLINA, PAMELA DENISSE";"Apoyo Administrativo";"16";"ADMINISTRATIVO";"Región Metropolitana de Santiago";"(186)";"$ 1.251.046";"$ 964.890";"$ 0";"$ 216.550";"Sí";"$ 105.497 : 22,00 hrs";"$ 86.316 : 15,00 hrs";"No tiene";"01/01/2026";"31/12/2026";"No informa";"Sin observaciones";
"2026";"Marzo";"Profesional";"ALARCON SAN MARTIN, ALEXANDRA DEL PILAR";"Atencion Clinica";"14";"TERAPEUTA OCUPACIONAL";"Región Metropolitana de Santiago";"(186)";"$ 2.098.340";"$ 1.653.600";"$ 0";"$ 237.078";"Sí";"$ 72.168 : 8,00 hrs";"$ 54.126 : 5,00 hrs";"No tiene";"01/01/2026";"31/12/2026";"No informa";"Sin observaciones";
"2026";"Marzo";"Profesional";"ALAYO VILLENA, MEIBY MIRELLA AIME";"Atencion Clinica";"16";"MATRON (A)";"Región Metropolitana de Santiago";"(01)";"$ 1.491.579";"$ 1.182.068";"$ 0";"$ 99.574";"Sí";"$ 22.460 : 3,00 hrs";"No tiene";"No tiene";"01/01/2026";"31/12/2026";"No informa";"Sin observaciones";
"2026";"Marzo";"Profesional";"ALBA ALVARADO, JUAN ALFONSO";"Apoyo Administrativo";"6";"ABOGADO (A)";"Región Metropolitana de Santiago";"(186)";"$ 3.840.929";"$ 2.966.309";"$ 0";"$ 428.435";"No";"No tiene";"No tiene";"No tiene";"01/01/2026";"31/12/2026";"No informa";"REMUNERACION MARZO 2026 + BONOS TRIMESTRALES";
"2026";"Marzo";"Técnico";"ALBANEZ ARTEAGA, GLORIA ODETTE";"Atencion Clinica";"21";"TECNICO NIVEL SUPERIOR RECURSOS HUMANOS";"Región Metropolitana de Santiago";"(186)";"$ 890.210";"$ 683.064";"$ 0";"$ 144.051";"No";"No tiene";"No tiene";"No tiene";"01/01/2026";"31/12/2026";"No informa";"Sin observaciones";
"2026";"Marzo";"Profesional";"ALBORNOZ ALBORNOZ, LESLEY JIMENA";"Apoyo Administrativo";"10";"TRABAJADOR (A) SOCIAL";"Región Metropolitana de Santiago";"(186)";"$ 2.910.909";"$ 2.171.823";"$ 0";"$ 459.587";"No";"No tiene";"No tiene";"No tiene";"01/01/2026";"31/12/2026";"No informa";"REMUNERACION MARZO 2026 + BONOS TRIMESTRALES";
"2026";"Marzo";"Médicos cirujanos, farmacéuticos, químico-farmacéuticos, bioquímicos, cirujano-dentistas";"ALBORNOZ ARRIAGADA, GUSTAVO FELIPE";"Atencion Clinica Medica";"44 Hrs.";"MEDICO CIRUJANO";"Región Metropolitana de Santiago";"(86)(186)";"$ 3.513.757";"$ 2.786.365";"$ 0";"$ 0";"No";"No tiene";"No tiene";"No tiene";"01/01/2026";"07/04/2026";"No informa";"Sin observaciones";
"2026";"Marzo";"Profesional";"ALBORNOZ MARIQUEO, DIEGO JAVIER";"Atencion Clinica";"15";"KINESIOLOGO (A)";"Región Metropolitana de Santiago";"(186)";"$ 2.039.213";"$ 1.586.851";"$ 0";"$ 217.282";"Sí";"$ 82.187 : 10,00 hrs";"$ 147.935 : 15,00 hrs";"No tiene";"01/01/2026";"31/12/2026";"No informa";"Sin observaciones";
"2026";"Marzo";"Médicos cirujanos, farmacéuticos, químico-farmacéuticos, bioquímicos, cirujano-dentistas";"ALCALDE MONTALVAN, NICOLAS RENE";"Atencion Clinica Medica";"44 Hrs.";"MEDICO CIRUJANO";"Región Metropolitana de Santiago";"(86)";"$ 3.007.345";"$ 2.386.215";"$ 0";"$ 0";"No";"No tiene";"No tiene";"No tiene";"01/01/2026";"31/12/2026";"No informa";"Sin observaciones";
"2026";"Marzo";"Auxiliar";"ALCHAO ZUÑIGA, MIGUEL ALEJANDRO";"Apoyo Logistico";"17";"PROFESOR (A)";"Región Metropolitana de Santiago";"(186)";"$ 1.868.447";"$ 1.375.419";"$ 0";"$ 390.555";"Sí";"$ 132.349 : 20,00 hrs";"$ 95.291 : 12,00 hrs";"No tiene";"01/01/2026";"31/12/2026";"No informa";"REMUNERACION MARZO 2026 + BONOS TRIMESTRALES";
"2026";"Marzo";"Profesional";"ALDONEY ARANGUA, JAVIER";"Apoyo Administrativo";"7";"ADMINISTRADOR (A) PUBLICO";"Región Metropolitana de Santiago";"(186)";"$ 3.669.247";"$ 2.703.392";"$ 0";"$ 500.069";"No";"No tiene";"No tiene";"No tiene";"01/01/2026";"31/12/2026";"No informa";"REMUNERACION MARZO 2026 + BONOS TRIMESTRALES";
"2026";"Marzo";"Auxiliar";"ALEGRIA ARAVENA, LUIS HERNAN";"CONDUCTOR";"24";"TECNICO NIVEL SUPERIOR ENFERMERIA";"Región Metropolitana de Santiago";"(205)(202)(204)(186)";"$ 947.090";"$ 501.224";"$ 0";"$ 35.538";"No";"No tiene";"No tiene";"No tiene";"01/01/2026";"31/12/2026";"No informa";"CANCELA PAGO TRIMESTRAL LEY 19.490 Y 19.937 PERIO+CONTRATO SEGUN PERMISOS MAR.2026+REMUNERACION MAR.2026";
"2026";"Marzo";"Administrativo";"ALFARO BAEZA, IGNACIA ANDREA";"Apoyo Administrativo";"22";"ADMINISTRATIVO";"Región Metropolitana de Santiago";"(186)";"$ 1.071.073";"$ 881.006";"$ 0";"$ 134.812";"Sí";"$ 101.567 : 29,00 hrs";"$ 58.839 : 14,00 hrs";"No tiene";"01/01/2026";"31/12/2026";"No informa";"Sin observaciones";
"2026";"Marzo";"Auxiliar";"ALFARO MEDEL, LUIS GONZALO";"CONDUCTOR";"22";"AUXILIAR";"Región Metropolitana de Santiago";"(205)(202)(204)(186)";"$ 1.158.753";"$ 915.881";"$ 0";"$ 145.183";"No";"No tiene";"No tiene";"No tiene";"01/01/2026";"31/12/2026";"No informa";"CANCELA PAGO TRIMESTRAL LEY 19.490 PERIODO 03/2026+CANCELA PAGO TRIMESTRAL LEY 19.937 PERIODO 03/2026+REMUNERACION MAR.2026";
"2026";"Marzo";"Administrativo";"ALFARO SEVERINO, FREYA PAMELA";"Apoyo Administrativo";"21";"ADMINISTRATIVO";"Región Metropolitana de Santiago";"(01)";"$ 846.872";"$ 657.977";"$ 0";"$ 130.066";"No";"No tiene";"No tiene";"No tiene";"01/01/2026";"31/12/2026";"No informa";"Sin observaciones";
"2026";"Marzo";"Técnico";"ALFARO ZAPATA, CAROLINA RUMALLY";"ATENCION CLINICA";"22";"TECNICO NIVEL MEDIO ENFERMERIA";"Región Metropolitana de Santiago";"(202)(204)(186)";"$ 1.148.976";"$ 743.592";"$ 0";"$ 181.478";"No";"No tiene";"No tiene";"No tiene";"01/01/2026";"31/12/2026";"No informa";"CANCELA ASIG. TECNICA+CANCELA PAGO TRIMESTRAL LEY 19.490 Y LEY 19.937 PERIODO 03/2026+REMUNERACION MAR.2026";
"2026";"Marzo";"Administrativo";"ALIAGA BOTELLO, ALFREDO IGNACIO";"Apoyo Administrativo";"16";"ADMINISTRATIVO";"Región Metropolitana de Santiago";"(186)";"$ 1.015.872";"$ 783.977";"$ 0";"$ 158.803";"Sí";"$ 14.386 : 3,00 hrs";"No tiene";"No tiene";"01/01/2026";"31/12/2026";"No informa";"Sin observaciones";
"2026";"Marzo";"Profesional";"ALIAGA ROJAS, OSCAR BERNARDO";"Atencion Clinica";"15";"PSICOLOGO (A)";"Región Metropolitana de Santiago";"(186)";"$ 1.500.317";"$ 1.226.568";"$ 0";"$ 0";"No";"No tiene";"No tiene";"No tiene";"01/01/2026";"31/03/2026";"No informa";"Sin observaciones";
"2026";"Marzo";"Médicos cirujanos, farmacéuticos, químico-farmacéuticos, bioquímicos, cirujano-dentistas";"ALJARO EHRENBERG, TRINIDAD ISABEL";"Medico Becario Primario";"44 Hrs.";"MEDICO CIRUJANO";"Región Metropolitana de Santiago";"(01)";"$ 2.875.980";"$ 2.370.382";"$ 0";"$ 0";"No";"No tiene";"No tiene";"No tiene";"06/05/2025";"05/05/2026";"No informa";"Sin observaciones";
"2026";"Marzo";"Médicos cirujanos, farmacéuticos, químico-farmacéuticos, bioquímicos, cirujano-dentistas";"ALLAUCA AREVALO, RICARDO ARMANDO";"Atencion Clinica Medica";"44 Hrs.";"MEDICO CIRUJANO";"Región Metropolitana de Santiago";"(188)(186)";"$ 5.151.786";"$ 4.197.837";"$ 0";"$ 0";"No";"No tiene";"No tiene";"No tiene";"01/01/2026";"31/12/2026";"No informa";"Sin observaciones";
"2026";"Marzo";"Profesional";"ALLEN OLIVOS, VERONICA BARBARA";"Apoyo Administrativo";"5";"INGENIERO (A) COMERCIAL";"Región Metropolitana de Santiago";"(186)";"$ 4.081.413";"$ 3.194.290";"$ 0";"$ 497.982";"No";"No tiene";"No tiene";"No tiene";"01/01/2026";"31/12/2026";"No informa";"REMUNERACION MARZO 2026 + BONOS TRIMESTRALES";
"2026";"Marzo";"Profesional";"ALMAZABAL SOTO, MARJORIE ISABEL";"Apoyo Administrativo";"6";"MATRON (A)";"Región Metropolitana de Santiago";"(186)";"$ 4.187.904";"$ 3.178.769";"$ 0";"$ 810.011";"No";"No tiene";"No tiene";"No tiene";"01/01/2026";"31/12/2026";"No informa";"Sin observaciones";
"2026";"Marzo";"Administrativo";"ALTAMIRA CHACON, OMAR CARLOS";"Apoyo Administrativo";"22";"ADMINISTRATIVO";"Región Metropolitana de Santiago";"(186)";"$ 787.370";"$ 590.467";"$ 0";"$ 145.183";"No";"No tiene";"No tiene";"No tiene";"01/01/2026";"31/12/2026";"No informa";"Sin observaciones";
"2026";"Marzo";"Profesional";"ALTAMIRANO BUSTOS, BRISSA BELEN";"Atencion Clinica";"16";"MATRON (A)";"Región Metropolitana de Santiago";"(01)";"$ 1.454.894";"$ 1.139.692";"$ 0";"$ 85.349";"No";"No tiene";"No tiene";"No tiene";"01/01/2026";"31/03/2026";"No informa";"Sin observaciones";
"2026";"Marzo";"Profesional";"ALVARADO ARIAS, ANA MARIA";"Apoyo Administrativo";"15";"EDUCADOR (A) DE PARVULOS";"Región Metropolitana de Santiago";"(186)";"$ 1.992.697";"$ 1.533.124";"$ 0";"$ 217.282";"Sí";"$ 166.378 : 20,00 hrs";"No tiene";"No tiene";"01/01/2026";"31/12/2026";"No informa";"Sin observaciones";
"2026";"Marzo";"Profesional";"ALVARADO BUSTAMANTE, MARITZA";"Apoyo Administrativo";"13";"INGENIERO (A) ADMINISTRACION DE EMPRESAS";"Región Metropolitana de Santiago";"(186)";"$ 2.156.960";"$ 1.668.820";"$ 0";"$ 255.035";"No";"No tiene";"No tiene";"No tiene";"01/01/2026";"31/12/2026";"No informa";"Sin observaciones";
"2026";"Marzo";"Auxiliar";"ALVAREZ FIGUEROA, EDUARDO ANDRES";"CONDUCTOR";"22";"AUXILIAR";"Región Metropolitana de Santiago";"(205)(202)(204)";"$ 1.256.591";"$ 785.959";"$ 0";"$ 120.553";"Sí";"$ 95.515 : 28,00 hrs";"$ 81.870 : 20,00 hrs";"No tiene";"01/01/2026";"31/12/2026";"No informa";"CANCELA PAGO TRIMESTRAL LEY 19.490 PERIODO 03/2026+CANCELA PAGO TRIMESTRAL LEY 19.937 PERIODO 03/2026+REMUNERACION MAR.2026";
"2026";"Marzo";"Profesional";"ALVAREZ FUENTES, JORGE LUIS";"Atencion Clinica";"12";"PSICOLOGO (A)";"Región Metropolitana de Santiago";"(01)";"$ 2.148.916";"$ 1.638.306";"$ 0";"$ 204.708";"No";"No tiene";"No tiene";"No tiene";"01/01/2026";"31/12/2026";"No informa";"REMUNERACION MARZO 2026 + BONOS TRIMESTRALES";
"2026";"Marzo";"Médicos cirujanos, farmacéuticos, químico-farmacéuticos, bioquímicos, cirujano-dentistas";"ALVAREZ MIRABAL, MARIA SALOME";"Medicina Familiar";"44 Hrs.";"MEDICO CIRUJANO";"Región Metropolitana de Santiago";"(188)(186)";"$ 2.791.482";"$ 2.220.392";"$ 0";"$ 0";"No";"No tiene";"No tiene";"No tiene";"01/01/2026";"31/12/2026";"No informa";"Sin observaciones";
"2026";"Marzo";"Administrativo";"ALVAREZ QUINTREL, CRISTIAN ALBERTO";"Apoyo Administrativo";"22";"ADMINISTRATIVO";"Región Metropolitana de Santiago";"(186)";"$ 772.013";"$ 589.454";"$ 0";"$ 120.553";"Sí";"$ 13.888 : 4,00 hrs";"No tiene";"No tiene";"01/01/2026";"31/12/2026";"No informa";"Sin observaciones";
"2026";"Marzo";"Profesional";"ALVAREZ RIVERA, ROMINA ANDREA";"Apoyo Administrativo";"15";"EDUCADOR (A) DE PARVULOS";"Región Metropolitana de Santiago";"(186)";"$ 1.756.893";"$ 1.395.343";"$ 0";"$ 108.641";"Sí";"$ 147.935 : 18,00 hrs";"No tiene";"No tiene";"01/01/2026";"31/12/2026";"No informa";"Sin observaciones";
"2026";"Marzo";"Técnico";"ALVAREZ VILCHES, ALLISON ALEJANDRA";"Atencion Clinica";"22";"TECNICO NIVEL SUPERIOR ENFERMERIA";"Región Metropolitana de Santiago";"(186)";"$ 854.193";"$ 655.287";"$ 0";"$ 120.553";"No";"No tiene";"No tiene";"No tiene";"01/01/2026";"31/03/2026";"No informa";"Sin observaciones";
"2026";"Marzo";"Médicos cirujanos, farmacéuticos, químico-farmacéuticos, bioquímicos, cirujano-dentistas";"ALVEAL BAHAMONDEZ, MARCO ANTONIO";"Medico Becario Primario";"44 Hrs.";"MEDICO CIRUJANO";"Región Metropolitana de Santiago";"(01)";"$ 2.875.980";"$ 2.373.833";"$ 0";"$ 0";"No";"No tiene";"No tiene";"No tiene";"06/05/2025";"05/05/2026";"No informa";"Sin observaciones";
"2026";"Marzo";"Auxiliar";"ALVEAR COFRE, HORACIO RODRIGO";"Apoyo Administrativo";"22";"TECNICO NIVEL SUPERIOR ENFERMERIA";"Región Metropolitana de Santiago";"(186)";"$ 873.801";"$ 675.325";"$ 0";"$ 155.553";"Sí";"$ 66.544 : 19,00 hrs";"$ 42.028 : 10,00 hrs";"No tiene";"01/01/2026";"31/12/2026";"No informa";"Sin observaciones";
"2026";"Marzo";"Auxiliar";"ALVEAR LEMUÑIR, BRAULIO ALFREDO";"Apoyo Logistico";"23";"AUXILIAR";"Región Metropolitana de Santiago";"(01)";"$ 627.501";"$ 513.547";"$ 0";"$ 0";"No";"No tiene";"No tiene";"No tiene";"14/01/2026";"14/04/2026";"No informa";"Sin observaciones";
"2026";"Marzo";"Médicos cirujanos, farmacéuticos, químico-farmacéuticos, bioquímicos, cirujano-dentistas";"ALVIÑA CERDA, CATALINA DEL PILAR";"Medico Becario Primario";"44 Hrs.";"MEDICO CIRUJANO";"Región Metropolitana de Santiago";"(01)";"$ 2.875.980";"$ 2.370.382";"$ 0";"$ 0";"No";"No tiene";"No tiene";"No tiene";"06/05/2025";"05/05/2026";"No informa";"Sin observaciones";
"2026";"Marzo";"Profesional";"ALZAMORA HERNANDEZ, BENJAMIN MATIAS";"Atencion Clinica";"16";"KINESIOLOGO (A)";"Región Metropolitana de Santiago";"(01)";"$ 1.369.545";"$ 1.121.368";"$ 0";"$ 0";"No";"No tiene";"No tiene";"No tiene";"01/01/2026";"06/04/2026";"No informa";"CONTRATO POR REEMPLAZO";
"2026";"Marzo";"Técnico";"ALZAMORA PARRA, LUZ PATRICIA";"Atencion Clinica";"21";"TECNICO NIVEL SUPERIOR ENFERMERIA";"Región Metropolitana de Santiago";"(01)";"$ 791.485";"$ 600.042";"$ 0";"$ 123.073";"No";"No tiene";"No tiene";"No tiene";"01/01/2026";"31/12/2026";"No informa";"Sin observaciones";
"2026";"Marzo";"Administrativo";"AMESTICA MATTA, JUAN ERNESTO";"Apoyo Administrativo";"13";"ADMINISTRATIVO";"Región Metropolitana de Santiago";"(186)";"$ 1.200.766";"$ 904.000";"$ 0";"$ 198.802";"No";"No tiene";"No tiene";"No tiene";"01/01/2026";"31/12/2026";"No informa";"Sin observaciones";
"2026";"Marzo";"Profesional";"AMIGO UGALDE, CAROLINA ANDREA";"ENFERMERA (O)";"8";"ENFERMERA (O)";"Región Metropolitana de Santiago";"(186)";"$ 3.486.371";"$ 2.560.804";"$ 0";"$ 590.230";"No";"No tiene";"No tiene";"No tiene";"01/01/2026";"31/12/2026";"No informa";"REMUNERACION MARZO 2026 + BONOS TRIMESTRALES";
"2026";"Marzo";"Profesional";"ANCAPAN CASTILLO, CAMILA GORETTI";"Atencion Clinica";"15";"ENFERMERA (O)";"Región Metropolitana de Santiago";"(01)";"$ 1.491.702";"$ 1.218.023";"$ 0";"$ 0";"No";"No tiene";"No tiene";"No tiene";"01/01/2026";"31/03/2026";"No informa";"Sin observaciones";
"2026";"Marzo";"Técnico";"ANCAVIL VIDAL, DANIEL ANTONIO";"ATENCION CLINICA";"22";"TECNICO NIVEL SUPERIOR ENFERMERIA";"Región Metropolitana de Santiago";"(202)(204)(186)";"$ 1.453.541";"$ 1.088.173";"$ 0";"$ 120.553";"Sí";"$ 100.687 : 29,00 hrs";"$ 274.979 : 66,00 hrs";"No tiene";"01/01/2026";"31/12/2026";"No informa";"CANCELA ASIG. TECNICA+CANCELA PAGO TRIMESTRAL LEY 19.490 Y LEY 19.937 PERIODO 03/2026+REMUNERACION MAR.2026";
"2026";"Marzo";"Administrativo";"ANDAUR MOREIRA, KASSANDRA LORENA";"Apoyo Administrativo";"21";"ADMINISTRATIVO";"Región Metropolitana de Santiago";"(186)";"$ 945.278";"$ 762.691";"$ 0";"$ 130.066";"Sí";"$ 25.990 : 7,00 hrs";"No tiene";"No tiene";"01/01/2026";"31/12/2026";"No informa";"Sin observaciones";
"2026";"Marzo";"Médicos cirujanos, farmacéuticos, químico-farmacéuticos, bioquímicos, cirujano-dentistas";"ANDRADE GONZALEZ, ALEJANDRA REBECA";"Atencion Odontologica";"33 Hrs.";"CIRUJANO DENTISTA";"Región Metropolitana de Santiago";"(86)(186)";"$ 4.025.686";"$ 3.222.529";"$ 0";"$ 0";"No";"No tiene";"No tiene";"No tiene";"01/01/2026";"31/12/2026";"No informa";"Sin observaciones";
"2026";"Marzo";"Médicos cirujanos, farmacéuticos, químico-farmacéuticos, bioquímicos, cirujano-dentistas";"ANDRADE IBAÑEZ, MARIA FERNANDA";"CIRUGIA GENERAL";"28 Hrs.";"MEDICO CIRUJANO";"Región Metropolitana de Santiago";"(01)";"$ 0";"$ 0";"$ 0";"$ 0";"No";"No tiene";"No tiene";"No tiene";"01/01/2026";"31/12/2026";"No informa";"REMUNERACION MAR.2026";
"2026";"Marzo";"Médicos cirujanos, farmacéuticos, químico-farmacéuticos, bioquímicos, cirujano-dentistas";"ANDRIGHETTI MARQUEZ, MARIA CRISTINA";"Medico Becario Primario";"44 Hrs.";"MEDICO CIRUJANO";"Región Metropolitana de Santiago";"(01)";"$ 2.875.980";"$ 2.373.833";"$ 0";"$ 0";"No";"No tiene";"No tiene";"No tiene";"06/05/2025";"05/05/2026";"No informa";"Sin observaciones";
"2026";"Marzo";"Técnico";"ANTILAO ANTILAO, CLAUDIA INES DEL CARMEN";"Atencion Clinica";"21";"TECNICO NIVEL SUPERIOR ENFERMERIA";"Región Metropolitana de Santiago";"(01)";"$ 916.319";"$ 717.352";"$ 0";"$ 123.073";"No";"No tiene";"No tiene";"No tiene";"01/01/2026";"31/12/2026";"No informa";"Sin observaciones";
"2026";"Marzo";"Profesional";"ANTILAO BARRIOS, GABRIELA JAZMIN";"Apoyo Administrativo";"11";"CONTADOR (A) AUDITOR (A)";"Región Metropolitana de Santiago";"(186)";"$ 3.139.867";"$ 2.393.026";"$ 0";"$ 428.649";"Sí";"$ 230.209 : 20,00 hrs";"$ 262.438 : 19,00 hrs";"No tiene";"01/01/2026";"31/12/2026";"No informa";"Sin observaciones";
"2026";"Marzo";"Técnico";"ANTIMAN COÑUELEF, BARBARA ANDREA";"Atencion Clinica";"20";"TECNICO NIVEL SUPERIOR ENFERMERIA";"Región Metropolitana de Santiago";"(186)";"$ 893.779";"$ 686.853";"$ 0";"$ 141.639";"No";"No tiene";"No tiene";"No tiene";"01/01/2026";"31/12/2026";"No informa";"Sin observaciones";
"2026";"Marzo";"Técnico";"ANTIPAN CASTILLO, FABIAN MANUEL";"Atencion Clinica";"22";"TECNICO NIVEL SUPERIOR ENFERMERIA";"Región Metropolitana de Santiago";"(186)";"$ 937.438";"$ 740.656";"$ 0";"$ 127.035";"Sí";"$ 17.512 : 5,00 hrs";"$ 54.636 : 13,00 hrs";"No tiene";"01/01/2026";"31/12/2026";"No informa";"Sin observaciones";
"2026";"Marzo";"Profesional";"ANTONELLI GONZALEZ, MARIA FERNANDA";"Atencion Clinica";"15";"PSICOLOGO (A)";"Región Metropolitana de Santiago";"(186)";"$ 1.838.038";"$ 1.400.026";"$ 0";"$ 220.386";"No";"No tiene";"No tiene";"No tiene";"01/01/2026";"31/12/2026";"No informa";"Sin observaciones";
"2026";"Marzo";"Técnico";"APAZ REYES, ANNABELLA DEL CARMEN";"Atencion Clinica";"22";"AUXILIAR PARAMEDICO DE ODONTOLOGIA";"Región Metropolitana de Santiago";"(01)";"$ 133.683";"$ 109.259";"$ 0";"$ 0";"No";"No tiene";"No tiene";"No tiene";"02/01/2026";"06/03/2026";"No informa";"CONTRATO POR REEMPLAZO";
"2026";"Marzo";"Profesional";"ARANCIBIA ALCAINO, MIRIAM LUZ";"Apoyo Administrativo";"6";"ASISTENTE SOCIAL";"Región Metropolitana de Santiago";"(186)";"$ 4.535.483";"$ 3.435.894";"$ 0";"$ 1.071.089";"No";"No tiene";"No tiene";"No tiene";"01/01/2026";"31/12/2026";"No informa";"REMUNERACION MARZO 2026 + BONOS TRIMESTRALES";
"2026";"Marzo";"Profesional";"ARANCIBIA CAMPOS, VANIA MONTSERRAT";"JEFE DE DEPARTAMENTO";"9";"INGENIERO (A) EJECUCION ADMINISTRACION DE RECURSOS HUMANOS";"Región Metropolitana de Santiago";"(186)";"$ 2.614.311";"$ 1.983.879";"$ 0";"$ 644.841";"No";"No tiene";"No tiene";"No tiene";"01/01/2026";"31/12/2026";"No informa";"CANCELA BONO ESCOLAR 2026-202603+CANCELA PAGO TRIMESTRAL LEY 19.490 Y LEY 19.937 PERIODO 03/2026+REMUNERACION MAR.2026";
"2026";"Marzo";"Técnico";"ARANCIBIA CISTERNAS, MARCELA VIRGINIA";"Apoyo Administrativo";"21";"TECNICO NIVEL SUPERIOR DE PARVULO";"Región Metropolitana de Santiago";"(01)";"$ 831.969";"$ 649.554";"$ 0";"$ 123.073";"Sí";"$ 114.092 : 31,00 hrs";"No tiene";"No tiene";"01/01/2026";"31/12/2026";"No informa";"Sin observaciones";
"2026";"Marzo";"Médicos cirujanos, farmacéuticos, químico-farmacéuticos, bioquímicos, cirujano-dentistas";"ARANCIBIA CONTRERAS, KARINA PATRICIA";"Atencion Clinica Medica";"44 Hrs.";"MEDICO CIRUJANO";"Región Metropolitana de Santiago";"(86)";"$ 3.007.345";"$ 2.401.968";"$ 0";"$ 0";"No";"No tiene";"No tiene";"No tiene";"01/01/2026";"31/12/2026";"No informa";"Sin observaciones";
"2026";"Marzo";"Técnico";"ARANCIBIA GONZALEZ, STEPHANIE MICHELLE";"Atencion Clinica";"21";"TECNICO NIVEL SUPERIOR ODONTOLOGIA";"Región Metropolitana de Santiago";"(186)";"$ 1.000.020";"$ 795.450";"$ 0";"$ 130.066";"No";"No tiene";"No tiene";"No tiene";"01/01/2026";"31/12/2026";"No informa";"Sin observaciones";
"2026";"Marzo";"Auxiliar";"ARANCIBIA PINO, CRISTIAN DAVID";"CONDUCTOR";"24";"AUXILIAR";"Región Metropolitana de Santiago";"(205)(202)(204)(186)";"$ 1.331.110";"$ 1.033.220";"$ 0";"$ 101.566";"Sí";"$ 117.079 : 40,00 hrs";"$ 266.941 : 76,00 hrs";"No tiene";"01/01/2026";"31/12/2026";"No informa";"CANCELA PAGO TRIMESTRAL LEY 19.490 PERIODO 03/2026+CANCELA PAGO TRIMESTRAL LEY 19.937 PERIODO 03/2026+REMUNERACION MAR.2026";
"2026";"Marzo";"Médicos cirujanos, farmacéuticos, químico-farmacéuticos, bioquímicos, cirujano-dentistas";"ARANCIBIA ROMO, MARIA TERESA";"Imagenologia Oral y Maxilofacial";"22 Hrs.";"CIRUJANO DENTISTA";"Región Metropolitana de Santiago";"(188)(86)(186)";"$ 2.784.945";"$ 2.215.780";"$ 0";"$ 0";"No";"No tiene";"No tiene";"No tiene";"01/01/2026";"31/12/2026";"No informa";"Sin observaciones";
"2026";"Marzo";"Profesional";"ARANCIBIA ULLOA, JESUS EMILIO";"Atencion Clinica";"15";"ENFERMERA (O)";"Región Metropolitana de Santiago";"(186)(186)";"$ 2.134.058";"$ 1.611.253";"$ 0";"$ 219.351";"Sí";"$ 292.916 : 35,00 hrs";"No tiene";"No tiene";"01/01/2026";"31/12/2026";"No informa";"Sin observaciones";
"2026";"Marzo";"Técnico";"ARANCIBIA ZUÑIGA, BELEN CONSTANZA";"Apoyo Administrativo";"22";"TECNICO NIVEL SUPERIOR ENFERMERIA";"Región Metropolitana de Santiago";"(01)";"$ 487.542";"$ 351.845";"$ 0";"$ 0";"No";"No tiene";"No tiene";"No tiene";"16/02/2026";"20/03/2026";"No informa";"CONTRATO POR REEMPLAZO";
"2026";"Marzo";"Auxiliar";"ARANEDA BRAVO, CARLOS";"Chofer";"19";"AUXILIAR";"Región Metropolitana de Santiago";"(205)(186)";"$ 1.380.077";"$ 1.031.502";"$ 0";"$ 301.109";"Sí";"$ 38.482 : 9,00 hrs";"$ 210.369 : 41,00 hrs";"No tiene";"01/01/2026";"31/12/2026";"No informa";"Sin observaciones";
"2026";"Marzo";"Médicos cirujanos, farmacéuticos, químico-farmacéuticos, bioquímicos, cirujano-dentistas";"ARANEDA SAAVEDRA, CRISTIAN ALEJANDRO";"Atencion Clinica Medica";"44 Hrs.";"MEDICO CIRUJANO";"Región Metropolitana de Santiago";"(188)(86)(186)";"$ 4.603.049";"$ 3.723.179";"$ 0";"$ 0";"No";"No tiene";"No tiene";"No tiene";"01/01/2026";"02/05/2026";"No informa";"Sin observaciones";
"2026";"Marzo";"Auxiliar";"ARANGUA AVILEZ, EDUARDO JAVIER";"ATENCION CLINICA";"22";"AUXILIAR";"Región Metropolitana de Santiago";"(205)(202)(204)";"$ 1.633.193";"$ 1.083.688";"$ 0";"$ 120.553";"Sí";"$ 136.450 : 40,00 hrs";"$ 417.537 : 102,00 hrs";"No tiene";"01/01/2026";"31/12/2026";"No informa";"CANCELA PAGO TRIMESTRAL LEY 19.490 PERIODO 03/2026+CANCELA PAGO TRIMESTRAL LEY 19.937 PERIODO 03/2026+REMUNERACION MAR.2026";
"2026";"Marzo";"Administrativo";"ARAOS ARAOS, KATHERINNE ANDREA";"APOYO ADMINISTRATIVO";"22";"ADMINISTRATIVO";"Región Metropolitana de Santiago";"(203)(204)";"$ 947.674";"$ 776.832";"$ 0";"$ 120.553";"Sí";"No tiene";"$ 98.244 : 24,00 hrs";"No tiene";"01/01/2026";"31/12/2026";"No informa";"CANCELA PAGO TRIMESTRAL LEY 19.490 PERIODO 03/2026+CANCELA PAGO TRIMESTRAL LEY 19.937 PERIODO 03/2026+REMUNERACION MAR.2026";
"2026";"Marzo";"Administrativo";"ARAUJO GALLARDO, RICARDO ANTONIO";"Apoyo Administrativo";"22";"ADMINISTRATIVO";"Región Metropolitana de Santiago";"(186)";"$ 840.041";"$ 646.938";"$ 0";"$ 134.812";"Sí";"$ 42.028 : 12,00 hrs";"$ 21.014 : 5,00 hrs";"No tiene";"01/01/2026";"31/12/2026";"No informa";"Sin observaciones";
"2026";"Marzo";"Técnico";"ARAVENA BOBADILLA, JAVIER JESUS";"ATENCION CLINICA";"22";"TECNICO NIVEL SUPERIOR ENFERMERIA";"Región Metropolitana de Santiago";"(202)(204)(186)";"$ 1.094.768";"$ 800.250";"$ 0";"$ 139.998";"No";"No tiene";"No tiene";"No tiene";"01/01/2026";"31/12/2026";"No informa";"CANCELA ASIG. TECNICA+CANCELA PAGO TRIMESTRAL LEY 19.490 Y LEY 19.937 PERIODO 03/2026+REMUNERACION MAR.2026";
"2026";"Marzo";"Administrativo";"ARAVENA CARRASCO, LILIANA DEL CARMEN";"Apoyo Administrativo";"19";"TECNICO EN SECRETARIADO";"Región Metropolitana de Santiago";"(186)";"$ 899.823";"$ 675.827";"$ 0";"$ 163.100";"No";"No tiene";"No tiene";"No tiene";"01/01/2026";"31/12/2026";"No informa";"Sin observaciones";
"2026";"Marzo";"Profesional";"ARAVENA CASTILLO, JOSE ERASMO";"Atencion Clinica";"15";"ENFERMERA (O)";"Región Metropolitana de Santiago";"(186)";"$ 1.593.438";"$ 1.247.842";"$ 0";"$ 93.121";"No";"No tiene";"No tiene";"No tiene";"01/01/2026";"31/12/2026";"No informa";"Sin observaciones";
"2026";"Marzo";"Auxiliar";"ARAVENA CONTRERAS, VIVIANA JOHANNA";"Apoyo Logistico";"24";"AUXILIAR";"Región Metropolitana de Santiago";"(186)";"$ 765.838";"$ 593.433";"$ 0";"$ 122.316";"No";"No tiene";"No tiene";"No tiene";"01/01/2026";"31/12/2026";"No informa";"Sin observaciones";
"2026";"Marzo";"Auxiliar";"ARAVENA LARA, LUIS ALBERTO";"CONDUCTOR";"22";"PODOLOGO (A)";"Región Metropolitana de Santiago";"(205)(202)(204)";"$ 1.135.206";"$ 882.241";"$ 0";"$ 155.553";"No";"No tiene";"No tiene";"No tiene";"01/01/2026";"31/12/2026";"No informa";"CANCELA ASIG. TECNICA+CANCELA PAGO TRIMESTRAL LEY 19.490 Y LEY 19.937 PERIODO 03/2026+REMUNERACION MAR.2026";
"2026";"Marzo";"Administrativo";"ARAVENA PINTO, MARGARITA SUSANA";"Apoyo Administrativo";"21";"TECNICO ADMINISTRATIVO EN RECURSOS HUMANOS";"Región Metropolitana de Santiago";"(186)";"$ 1.020.891";"$ 809.398";"$ 0";"$ 167.827";"Sí";"$ 71.162 : 19,00 hrs";"$ 53.933 : 12,00 hrs";"No tiene";"01/01/2026";"31/12/2026";"No informa";"Sin observaciones";
"2026";"Marzo";"Profesional";"ARAVENA PULIDO, GLORIA IGNACIA";"Atencion Clinica";"14";"EDUCADOR (A) DE PARVULOS";"Región Metropolitana de Santiago";"(186)";"$ 1.997.425";"$ 1.569.386";"$ 0";"$ 239.336";"No";"No tiene";"No tiene";"No tiene";"01/01/2026";"31/12/2026";"No informa";"Sin observaciones";
"2026";"Marzo";"Técnico";"ARAVENA REINOSO, AUGUSTO ALEJANDRO";"ATENCION CLINICA";"22";"TECNICO NIVEL SUPERIOR ENFERMERIA";"Región Metropolitana de Santiago";"(203)(204)(186)";"$ 944.342";"$ 684.186";"$ 0";"$ 114.072";"No";"No tiene";"No tiene";"No tiene";"01/01/2026";"31/12/2026";"No informa";"CANCELA ASIG. TECNICA+CANCELA PAGO TRIMESTRAL LEY 19.937 PERIODO 03/2026+REMUNERACION MAR.2026";
"2026";"Marzo";"Técnico";"ARAVENA REYES, PAMELA ADRIANA";"Atencion Clinica";"21";"TECNICO NIVEL SUPERIOR ENFERMERIA";"Región Metropolitana de Santiago";"(186)";"$ 881.736";"$ 675.587";"$ 0";"$ 145.450";"No";"No tiene";"No tiene";"No tiene";"01/01/2026";"31/12/2026";"No informa";"Sin observaciones";
"2026";"Marzo";"Profesional";"ARAYA ALARCON, SUGEISY";"Atencion Clinica";"15";"KINESIOLOGO (A)";"Región Metropolitana de Santiago";"(186)";"$ 2.177.376";"$ 1.761.567";"$ 0";"$ 217.282";"Sí";"$ 241.248 : 29,00 hrs";"$ 109.809 : 11,00 hrs";"No tiene";"01/01/2026";"31/12/2026";"No informa";"Sin observaciones";
"2026";"Marzo";"Profesional";"ARAYA FLORES, FABIOLA ALEJANDRA";"Apoyo Administrativo";"8";"INGENIERO (A) EN ADMINISTRACION";"Región Metropolitana de Santiago";"(186)";"$ 3.035.030";"$ 2.320.643";"$ 0";"$ 289.439";"No";"No tiene";"No tiene";"No tiene";"01/01/2026";"31/12/2026";"No informa";"Sin observaciones";
"2026";"Marzo";"Profesional";"ARAYA FUENTES, MARIA DEL PILAR";"APOYO ADMINISTRATIVO";"12";"INGENIERO (A) PREVENCION DE RIESGOS";"Región Metropolitana de Santiago";"(186)";"$ 1.955.061";"$ 1.499.383";"$ 0";"$ 120.417";"No";"No tiene";"No tiene";"No tiene";"01/01/2026";"31/12/2026";"No informa";"CANCELA PAGO TRIMESTRAL LEY 19.937 PERIODO 03/2026+REMUNERACION MAR.2026";
"2026";"Marzo";"Médicos cirujanos, farmacéuticos, químico-farmacéuticos, bioquímicos, cirujano-dentistas";"ARAYA HERRERA, BERNARDITA DEL CARMEN";"Atencion Odontologica";"22 Hrs.";"CIRUJANO DENTISTA";"Región Metropolitana de Santiago";"(188)(186)";"$ 2.488.229";"$ 1.888.866";"$ 0";"$ 0";"No";"No tiene";"No tiene";"No tiene";"01/01/2026";"31/12/2026";"No informa";"Sin observaciones";
"2026";"Marzo";"Médicos cirujanos, farmacéuticos, químico-farmacéuticos, bioquímicos, cirujano-dentistas";"ARAYA HERRERA, BERNARDITA DEL CARMEN";"Atencion Odontologica";"11 Hrs.";"CIRUJANO DENTISTA";"Región Metropolitana de Santiago";"(188)(186)";"$ 1.244.112";"$ 1.078.808";"$ 0";"$ 0";"No";"No tiene";"No tiene";"No tiene";"01/01/2026";"31/03/2026";"No informa";"Sin observaciones";
"2026";"Marzo";"Médicos cirujanos, farmacéuticos, químico-farmacéuticos, bioquímicos, cirujano-dentistas";"ARAYA HERRERA, BERNARDITA DEL CARMEN";"Atencion Odontologica";"11 Hrs.";"CIRUJANO DENTISTA";"Región Metropolitana de Santiago";"(188)(186)";"$ 1.244.112";"$ 1.078.808";"$ 0";"$ 0";"No";"No tiene";"No tiene";"No tiene";"01/01/2026";"31/12/2026";"No informa";"Sin observaciones";
"2026";"Marzo";"Administrativo";"ARAYA RAMIREZ, MARIA INES";"Apoyo Administrativo";"22";"ADMINISTRATIVO";"Región Metropolitana de Santiago";"(186)";"$ 925.652";"$ 735.376";"$ 0";"$ 145.183";"No";"No tiene";"No tiene";"No tiene";"01/01/2026";"31/12/2026";"No informa";"Sin observaciones";
"2026";"Marzo";"Profesional";"ARAYA ROJAS, KATHERINE ISABEL";"Atencion Clinica";"15";"PSICOLOGO (A)";"Región Metropolitana de Santiago";"(01)";"$ 1.584.823";"$ 1.252.830";"$ 0";"$ 93.121";"No";"No tiene";"No tiene";"No tiene";"01/01/2026";"31/12/2026";"No informa";"Sin observaciones";
"2026";"Marzo";"Profesional";"ARAYA SALINAS, VALERIA ALEJANDRA";"Atencion Clinica";"15";"ENFERMERA (O)";"Región Metropolitana de Santiago";"(186)";"$ 1.750.115";"$ 1.344.871";"$ 0";"$ 158.305";"No";"No tiene";"No tiene";"No tiene";"01/01/2026";"31/12/2026";"No informa";"Sin observaciones";
"2026";"Marzo";"Profesional";"ARAYA SANHUEZA, JONATHAN OMAR";"Director Zonal";"5";"KINESIOLOGO (A)";"Región Metropolitana de Santiago";"(186)";"$ 4.381.220";"$ 3.380.899";"$ 0";"$ 779.450";"No";"No tiene";"No tiene";"No tiene";"01/01/2026";"31/12/2026";"No informa";"Sin observaciones";
"2026";"Marzo";"Profesional";"ARAYA VALENZUELA, TATIANA BEATRIZ";"Subdirector";"5";"KINESIOLOGO (A)";"Región Metropolitana de Santiago";"(186)";"$ 4.040.440";"$ 3.161.439";"$ 0";"$ 548.502";"No";"No tiene";"No tiene";"No tiene";"01/01/2026";"31/12/2026";"No informa";"Sin observaciones";
"2026";"Marzo";"Profesional";"ARCE GONZALEZ, GUILLERMO ANDRES HAFID";"Atencion Clinica";"13";"ENFERMERA (O)";"Región Metropolitana de Santiago";"(186)(186)";"$ 2.160.657";"$ 1.439.750";"$ 0";"$ 258.732";"No";"No tiene";"No tiene";"No tiene";"01/01/2026";"31/12/2026";"No informa";"Sin observaciones";
"2026";"Marzo";"Profesional";"ARCE MUÑOZ, FRANCISCO JAVIER";"Apoyo Administrativo";"9";"PROFESOR (A)";"Región Metropolitana de Santiago";"(186)";"$ 3.140.825";"$ 2.255.902";"$ 0";"$ 458.167";"No";"No tiene";"No tiene";"No tiene";"01/01/2026";"31/12/2026";"No informa";"REMUNERACION MARZO 2026 + BONOS TRIMESTRALES";
"2026";"Marzo";"Profesional";"ARCOS ELGUETA, VALENTINA DANIELA";"Apoyo Administrativo";"8";"CIRUJANO DENTISTA";"Región Metropolitana de Santiago";"(01)";"$ 2.901.085";"$ 2.239.086";"$ 0";"$ 170.258";"No";"No tiene";"No tiene";"No tiene";"01/01/2026";"31/12/2026";"No informa";"Sin observaciones";
"2026";"Marzo";"Administrativo";"ARENAS CASTILLO, JUAN HERNAN";"Apoyo Administrativo";"22";"ADMINISTRATIVO";"Región Metropolitana de Santiago";"(186)";"$ 776.999";"$ 586.932";"$ 0";"$ 134.812";"No";"No tiene";"No tiene";"No tiene";"01/01/2026";"31/12/2026";"No informa";"Sin observaciones";
"2026";"Marzo";"Administrativo";"ARENAS NAVEA, NILDA PALOMA";"Apoyo Administrativo";"21";"ADMINISTRATIVO";"Región Metropolitana de Santiago";"(186)";"$ 801.004";"$ 601.515";"$ 0";"$ 145.450";"No";"No tiene";"No tiene";"No tiene";"01/01/2026";"31/12/2026";"No informa";"Sin observaciones";
"2026";"Marzo";"Administrativo";"AREVALO MATURANA, MICHELLE MONSERRAT";"APOYO ADMINISTRATIVO";"22";"ADMINISTRATIVO";"Región Metropolitana de Santiago";"(203)(204)";"$ 849.430";"$ 635.180";"$ 0";"$ 120.553";"No";"No tiene";"No tiene";"No tiene";"01/01/2026";"31/12/2026";"No informa";"CANCELA PAGO TRIMESTRAL LEY 19.490 PERIODO 03/2026+CANCELA PAGO TRIMESTRAL LEY 19.937 PERIODO 03/2026+REMUNERACION MAR.2026";
"2026";"Marzo";"Administrativo";"AREVALO ROSALES, ELSA MIREYA";"Apoyo Administrativo";"19";"ADMINISTRATIVO";"Región Metropolitana de Santiago";"(01)";"$ 1.074.197";"$ 847.561";"$ 0";"$ 163.100";"Sí";"$ 111.430 : 27,00 hrs";"$ 69.334 : 14,00 hrs";"No tiene";"01/01/2026";"31/12/2026";"No informa";"REMUNERACION MARZO 2026 + BONOS TRIMESTRALES";
"2026";"Marzo";"Administrativo";"ARIAS PEÑA, FABIOLA ALEJANDRA";"Apoyo Administrativo";"22";"ADMINISTRATIVO";"Región Metropolitana de Santiago";"(186)";"$ 843.833";"$ 652.615";"$ 0";"$ 134.812";"No";"No tiene";"No tiene";"No tiene";"01/01/2026";"31/12/2026";"No informa";"Sin observaciones";
"2026";"Marzo";"Profesional";"ARIAS SUAREZ, ALINE FRANCISCA";"Atencion Clinica";"15";"TERAPEUTA OCUPACIONAL";"Región Metropolitana de Santiago";"(01)";"$ 1.584.823";"$ 1.254.863";"$ 0";"$ 93.121";"No";"No tiene";"No tiene";"No tiene";"01/01/2026";"31/12/2026";"No informa";"Sin observaciones";
"2026";"Marzo";"Profesional";"ARMAS MAC CLURE, FELIPE CARLOS";"Apoyo Administrativo";"9";"ADMINISTRADOR (A) PUBLICO";"Región Metropolitana de Santiago";"(01)";"$ 2.665.342";"$ 2.096.392";"$ 0";"$ 156.193";"No";"No tiene";"No tiene";"No tiene";"01/01/2026";"31/12/2026";"No informa";"Sin observaciones";
"2026";"Marzo";"Técnico";"AROS HERRERA, BEATRIZ ARACELY";"Atencion Clinica";"22";"TECNICO NIVEL SUPERIOR ENFERMERIA";"Región Metropolitana de Santiago";"(186)";"$ 888.052";"$ 670.634";"$ 0";"$ 145.183";"No";"No tiene";"No tiene";"No tiene";"01/01/2026";"31/12/2026";"No informa";"Sin observaciones";
"2026";"Marzo";"Profesional";"ARRATIA ZUÑIGA, CLAUDIO MAURICIO";"Jefe de Departamento";"5";"INGENIERO (A) EJECUCION GESTION PUBLICA";"Región Metropolitana de Santiago";"(186)";"$ 5.019.640";"$ 3.762.432";"$ 0";"$ 1.436.209";"No";"No tiene";"No tiene";"No tiene";"01/01/2026";"31/12/2026";"No informa";"REMUNERACION MARZO 2026 + BONOS TRIMESTRALES";
"2026";"Marzo";"Administrativo";"ARREDONDO PIÑA, ALDO ALEXIS";"Apoyo Administrativo";"16";"ADMINISTRADOR (A) PUBLICO";"Región Metropolitana de Santiago";"(186)";"$ 1.715.383";"$ 1.259.359";"$ 0";"$ 311.671";"Sí";"$ 43.101 : 6,00 hrs";"No tiene";"No tiene";"01/01/2026";"31/12/2026";"No informa";"Sin observaciones";
"2026";"Marzo";"Profesional";"ARRIAGADA CHACON, DANIELA ALEJANDRA";"Atencion Clinica";"15";"ENFERMERA (O)";"Región Metropolitana de Santiago";"(186)";"$ 1.591.810";"$ 1.289.984";"$ 0";"$ 0";"No";"No tiene";"No tiene";"No tiene";"01/01/2026";"31/12/2026";"No informa";"Sin observaciones";
"2026";"Marzo";"Técnico";"ARRIAGADA MORALES, MARISOL ALEJANDRA";"Atencion Clinica";"22";"TECNICO NIVEL SUPERIOR ODONTOLOGIA";"Región Metropolitana de Santiago";"(01)";"$ 838.484";"$ 643.611";"$ 0";"$ 114.072";"No";"No tiene";"No tiene";"No tiene";"01/01/2026";"31/03/2026";"No informa";"Sin observaciones";
"2026";"Marzo";"Auxiliar";"ARRIAGADA SALINAS, RAUL ENRIQUE";"CONDUCTOR";"22";"AUXILIAR";"Región Metropolitana de Santiago";"(205)(202)(204)(186)";"$ 1.588.750";"$ 1.160.440";"$ 0";"$ 172.404";"Sí";"$ 137.664 : 40,00 hrs";"$ 363.434 : 88,00 hrs";"No tiene";"01/01/2026";"31/12/2026";"No informa";"CANCELA PAGO TRIMESTRAL LEY 19.490 PERIODO 03/2026+CANCELA PAGO TRIMESTRAL LEY 19.937 PERIODO 03/2026+REMUNERACION MAR.2026";
"2026";"Marzo";"Administrativo";"ARRUE LOPEZ, PAOLA ELIANA";"APOYO ADMINISTRATIVO";"22";"ADMINISTRATIVO";"Región Metropolitana de Santiago";"(01)";"$ 710.074";"$ 569.642";"$ 0";"$ 37.638";"No";"No tiene";"No tiene";"No tiene";"18/02/2026";"19/03/2026";"No informa";"BONO VACACIONES 2026+PAGO BONO MENSUAL+REEMPLAZO FEB.2026 (18-28)+REEMPLAZO MAR.2026 (01-19)";
"2026";"Marzo";"Administrativo";"ARTIGAS MOLINA, ELSA JACQUELINE";"Apoyo Administrativo";"13";"INGENIERO (A) EJECUCION ADMINISTRACION DE EMPRESAS";"Región Metropolitana de Santiago";"(186)";"$ 2.318.642";"$ 1.733.948";"$ 0";"$ 520.565";"No";"No tiene";"No tiene";"No tiene";"01/01/2026";"31/12/2026";"No informa";"Sin observaciones";
"2026";"Marzo";"Administrativo";"ARZUAGA SANCHEZ, FABIOLA DEL CARMEN";"APOYO ADMINISTRATIVO";"22";"ADMINISTRATIVO";"Región Metropolitana de Santiago";"(186)";"$ 637.572";"$ 510.323";"$ 0";"$ 120.553";"No";"No tiene";"No tiene";"No tiene";"01/01/2026";"31/12/2026";"No informa";"CANCELA PAGO TRIMESTRAL LEY 19.490 PERIODO 03/2026+CANCELA PAGO TRIMESTRAL LEY 19.937 PERIODO 03/2026+REMUNERACION MAR.2026";
"2026";"Marzo";"Profesional";"ASTORGA QUIROGA, HANS ANDRES";"Atencion Clinica";"12";"ENFERMERA (O)";"Región Metropolitana de Santiago";"(186)";"$ 2.599.538";"$ 2.001.236";"$ 0";"$ 425.472";"Sí";"$ 127.512 : 12,00 hrs";"No tiene";"No tiene";"01/01/2026";"31/12/2026";"No informa";"Sin observaciones";
"2026";"Marzo";"Profesional";"ASTORGA VALDES, DAVID ANDRES";"Apoyo Administrativo";"8";"ASISTENTE SOCIAL";"Región Metropolitana de Santiago";"(186)";"$ 3.292.722";"$ 2.447.273";"$ 0";"$ 488.074";"No";"No tiene";"No tiene";"No tiene";"01/01/2026";"31/12/2026";"No informa";"Sin observaciones";
"2026";"Marzo";"Profesional";"ASTUDILLO GUAJARDO, CAROLINA ANTONIETA";"Apoyo Administrativo";"8";"TRABAJADOR (A) SOCIAL";"Región Metropolitana de Santiago";"(186)";"$ 3.263.883";"$ 2.451.312";"$ 0";"$ 397.270";"No";"No tiene";"No tiene";"No tiene";"01/01/2026";"31/12/2026";"No informa";"Sin observaciones";
"2026";"Marzo";"Médicos cirujanos, farmacéuticos, químico-farmacéuticos, bioquímicos, cirujano-dentistas";"ASTUDILLO LOPEZ, VALENTINA DEL PILAR";"Atencion Clinica Medica";"44 Hrs.";"MEDICO CIRUJANO";"Región Metropolitana de Santiago";"(86)(186)";"$ 3.465.905";"$ 2.753.504";"$ 0";"$ 0";"No";"No tiene";"No tiene";"No tiene";"01/01/2026";"31/12/2026";"No informa";"Sin observaciones";
"2026";"Marzo";"Profesional";"ASTUDILLO MARTINEZ, DANIELA FRANCISCA";"Atencion Clinica";"15";"ENFERMERA (O)";"Región Metropolitana de Santiago";"(186)";"$ 1.810.101";"$ 1.375.062";"$ 0";"$ 192.449";"No";"No tiene";"No tiene";"No tiene";"01/01/2026";"31/12/2026";"No informa";"Sin observaciones";
"2026";"Marzo";"Administrativo";"ASTUDILLO MENDOZA, PAULA MACARENA";"APOYO ADMINISTRATIVO";"22";"ADMINISTRATIVO";"Región Metropolitana de Santiago";"(203)(204)(186)";"$ 863.553";"$ 426.696";"$ 0";"$ 120.553";"No";"No tiene";"No tiene";"No tiene";"01/01/2026";"31/12/2026";"No informa";"CANCELA PAGO TRIMESTRAL LEY 19.490 PERIODO 03/2026+CANCELA PAGO TRIMESTRAL LEY 19.937 PERIODO 03/2026+REMUNERACION MAR.2026";
"2026";"Marzo";"Técnico";"ASTUDILLO MORA, XIMENA CAROLINA";"Atencion Clinica";"20";"TECNICO NIVEL SUPERIOR ENFERMERIA";"Región Metropolitana de Santiago";"(186)";"$ 978.318";"$ 751.345";"$ 0";"$ 159.344";"No";"No tiene";"No tiene";"No tiene";"01/01/2026";"31/12/2026";"No informa";"Sin observaciones";
"2026";"Marzo";"Técnico";"ASTUR LA HOZ, SOPHIA ISABELLA";"Atencion Clinica";"22";"TECNICO NIVEL SUPERIOR ODONTOLOGIA";"Región Metropolitana de Santiago";"(01)";"$ 741.447";"$ 549.746";"$ 0";"$ 0";"No";"No tiene";"No tiene";"No tiene";"22/01/2026";"13/04/2026";"No informa";"CONTRATO POR REEMPLAZO";
"2026";"Marzo";"Médicos cirujanos, farmacéuticos, químico-farmacéuticos, bioquímicos, cirujano-dentistas";"AUBELE LEON, MARIA TRINIDAD";"CIRUGIA GENERAL";"28 Hrs.";"MEDICO CIRUJANO";"Región Metropolitana de Santiago";"(194)(193)(198)";"$ 2.488.500";"$ 1.973.292";"$ 0";"$ 121.497";"No";"No tiene";"No tiene";"No tiene";"01/01/2026";"31/12/2026";"No informa";"DIF. BONO VACACIONES 2026+PAGO ASIGNACION METAS DE PRODUCCION Y CALIDAD PERIODO 03/2026+REMUNERACION MAR.2026";
"2026";"Marzo";"Profesional";"AVENDAÑO ARROYO, NATALIA VALENTINA";"Atencion Clinica";"15";"PSICOLOGO (A)";"Región Metropolitana de Santiago";"(01)";"$ 1.491.702";"$ 1.218.023";"$ 0";"$ 0";"No";"No tiene";"No tiene";"No tiene";"01/01/2026";"31/12/2026";"No informa";"Sin observaciones";
"2026";"Marzo";"Médicos cirujanos, farmacéuticos, químico-farmacéuticos, bioquímicos, cirujano-dentistas";"AVILA ALULEMA, BELLITA DE LOURDES";"Medicina Familiar";"22 Hrs.";"MEDICO CIRUJANO";"Región Metropolitana de Santiago";"(188)(86)(186)";"$ 3.466.041";"$ 3.135.433";"$ 0";"$ 0";"No";"No tiene";"No tiene";"No tiene";"01/01/2026";"31/12/2026";"No informa";"Sin observaciones";
"2026";"Marzo";"Médicos cirujanos, farmacéuticos, químico-farmacéuticos, bioquímicos, cirujano-dentistas";"AVILA ALULEMA, BELLITA DE LOURDES";"Medicina Familiar";"22 Hrs.";"MEDICO CIRUJANO";"Región Metropolitana de Santiago";"(188)(86)(186)";"$ 3.466.041";"$ 2.471.697";"$ 0";"$ 0";"No";"No tiene";"No tiene";"No tiene";"01/01/2026";"31/12/2026";"No informa";"Sin observaciones";
"2026";"Marzo";"Técnico";"AVILA ARAVENA, ANTONELLA FLORENCIA";"Atencion Clinica";"21";"TECNICO DE NIVEL SUPERIOR EN ENFERMERIA GINECO OBSTETRICA Y NEONATAL";"Región Metropolitana de Santiago";"(01)";"$ 731.315";"$ 603.628";"$ 0";"$ 0";"No";"No tiene";"No tiene";"No tiene";"16/01/2026";"16/04/2026";"No informa";"Sin observaciones";
"2026";"Marzo";"Médicos cirujanos, farmacéuticos, químico-farmacéuticos, bioquímicos, cirujano-dentistas";"AVILA BELTRAN, DENISSE CAROLINA";"Atencion Clinica Medica";"22 Hrs.";"MEDICO CIRUJANO";"Región Metropolitana de Santiago";"(188)(186)";"$ 2.508.459";"$ 2.180.899";"$ 0";"$ 0";"No";"No tiene";"No tiene";"No tiene";"01/01/2026";"31/12/2026";"No informa";"Sin observaciones";
"2026";"Marzo";"Médicos cirujanos, farmacéuticos, químico-farmacéuticos, bioquímicos, cirujano-dentistas";"AVILA BELTRAN, DENISSE CAROLINA";"Atencion Clinica Medica";"22 Hrs.";"MEDICO CIRUJANO";"Región Metropolitana de Santiago";"(188)(186)";"$ 2.508.459";"$ 1.905.858";"$ 0";"$ 0";"No";"No tiene";"No tiene";"No tiene";"01/01/2026";"31/12/2026";"No informa";"Sin observaciones";
"2026";"Marzo";"Técnico";"AVILA PARADA, CHRISNA FERNANDA";"Atencion Clinica";"21";"TECNICO NIVEL SUPERIOR ENFERMERIA";"Región Metropolitana de Santiago";"(186)";"$ 928.249";"$ 724.576";"$ 0";"$ 130.066";"No";"No tiene";"No tiene";"No tiene";"01/01/2026";"31/12/2026";"No informa";"Sin observaciones";
"2026";"Marzo";"Profesional";"AVILES PARADA, MARIA FERNANDA";"Atencion Clinica";"12";"ENFERMERA (O)";"Región Metropolitana de Santiago";"(186)";"$ 2.841.338";"$ 2.103.681";"$ 0";"$ 433.500";"Sí";"$ 106.260 : 10,00 hrs";"$ 255.024 : 20,00 hrs";"No tiene";"01/01/2026";"31/12/2026";"No informa";"Sin observaciones";
"2026";"Marzo";"Administrativo";"AVILES TORRES, CAROLINA DEL PILAR";"Apoyo Administrativo";"13";"ADMINISTRADOR (A) PUBLICO";"Región Metropolitana de Santiago";"(186)";"$ 2.210.559";"$ 1.572.841";"$ 0";"$ 462.724";"No";"No tiene";"No tiene";"No tiene";"01/01/2026";"31/12/2026";"No informa";"REMUNERACION MARZO 2026 + BONOS TRIMESTRALES";
"2026";"Marzo";"Profesional";"AYALA LE FORT, MARIA SOFIA";"APOYO ADMINISTRATIVO";"8";"CONTADOR (A) AUDITOR (A)";"Región Metropolitana de Santiago";"(186)";"$ 2.910.905";"$ 2.263.440";"$ 0";"$ 638.762";"No";"No tiene";"No tiene";"No tiene";"01/01/2026";"31/12/2026";"No informa";"CANCELA BONO ESCOLAR 2026-202603+CANCELA PAGO TRIMESTRAL LEY 19.490 Y LEY 19.937 PERIODO 03/202+REMUNERACION MAR.2026";
"2026";"Marzo";"Médicos cirujanos, farmacéuticos, químico-farmacéuticos, bioquímicos, cirujano-dentistas";"AYALA MAUREIRA, EDUARDO IGNACIO";"Atencion Clinica Medica";"44 Hrs.";"MEDICO CIRUJANO";"Región Metropolitana de Santiago";"(86)(186)";"$ 5.064.574";"$ 4.149.383";"$ 0";"$ 0";"Sí";"$ 207.264 : 16,00 hrs";"$ 1.165.800 : 75,00 hrs";"No tiene";"01/01/2026";"07/05/2026";"No informa";"Sin observaciones";
"2026";"Marzo";"Profesional";"AYLWIN NAVARRO, JAVIERA";"Atencion Clinica";"15";"PSICOLOGO (A)";"Región Metropolitana de Santiago";"(186)";"$ 1.750.115";"$ 1.339.139";"$ 0";"$ 158.305";"No";"No tiene";"No tiene";"No tiene";"01/01/2026";"31/12/2026";"No informa";"Sin observaciones";
"2026";"Marzo";"Médicos cirujanos, farmacéuticos, químico-farmacéuticos, bioquímicos, cirujano-dentistas";"AYORA CASTELLANOS, HECTOR ROLANDO";"Medicina Familiar";"44 Hrs.";"MEDICO CIRUJANO";"Región Metropolitana de Santiago";"(188)(86)(186)";"$ 6.810.694";"$ 5.518.357";"$ 0";"$ 0";"No";"No tiene";"No tiene";"No tiene";"01/01/2026";"31/12/2026";"No informa";"Sin observaciones";
"2026";"Marzo";"Profesional";"BADILLA GARRIDO, ALEJANDRA CECILIA";"Apoyo Administrativo";"7";"INGENIERO (A) EJECUCION ADMINISTRACION";"Región Metropolitana de Santiago";"(186)";"$ 4.121.477";"$ 3.081.545";"$ 0";"$ 1.000.138";"No";"No tiene";"No tiene";"No tiene";"01/01/2026";"31/12/2026";"No informa";"Sin observaciones";
"2026";"Marzo";"Profesional";"BADILLA LIZANA, JAVIERA ALEJANDRA";"Atencion Clinica";"15";"MATRON (A)";"Región Metropolitana de Santiago";"(01)";"$ 745.853";"$ 614.732";"$ 0";"$ 0";"No";"No tiene";"No tiene";"No tiene";"01/01/2026";"31/12/2026";"No informa";"Sin observaciones";
"2026";"Marzo";"Profesional";"BADILLO TELLO, MARIA BELEN";"ATENCION CLINICA";"13";"ENFERMERA (O)";"Región Metropolitana de Santiago";"(01)";"$ 3.083.349";"$ 2.499.032";"$ 0";"$ 0";"Sí";"$ 379.343 : 39,00 hrs";"$ 933.767 : 150,00 hrs";"No tiene";"01/03/2026";"31/03/2026";"No informa";"REEMPLAZO MAR.2026 (01-31)";
"2026";"Marzo";"Técnico";"BAEZ BAEZA, CRISTIAN JAVIER";"ATENCION CLINICA";"22";"TECNICO NIVEL SUPERIOR ENFERMERIA";"Región Metropolitana de Santiago";"(202)(204)(186)";"$ 1.402.585";"$ 961.423";"$ 0";"$ 127.035";"Sí";"$ 98.065 : 28,00 hrs";"$ 147.097 : 35,00 hrs";"No tiene";"01/01/2026";"31/12/2026";"No informa";"CANCELA ASIG. TECNICA+CANCELA PAGO TRIMESTRAL LEY 19.490 Y LEY 19.937 PERIODO 03/2026+REMUNERACION MAR.2026";
"2026";"Marzo";"Médicos cirujanos, farmacéuticos, químico-farmacéuticos, bioquímicos, cirujano-dentistas";"BAEZA FIGUEROA, IGNACIO ANDRES";"Atencion Odontologica";"11 Hrs.";"CIRUJANO DENTISTA";"Región Metropolitana de Santiago";"(186)";"$ 596.735";"$ 487.712";"$ 0";"$ 0";"No";"No tiene";"No tiene";"No tiene";"01/01/2026";"31/03/2026";"No informa";"Sin observaciones";
"2026";"Marzo";"Médicos cirujanos, farmacéuticos, químico-farmacéuticos, bioquímicos, cirujano-dentistas";"BAEZA FIGUEROA, IGNACIO ANDRES";"Atencion Odontologica";"22 Hrs.";"CIRUJANO DENTISTA";"Región Metropolitana de Santiago";"(86)(186)";"$ 1.260.876";"$ 988.017";"$ 0";"$ 0";"No";"No tiene";"No tiene";"No tiene";"01/01/2026";"31/12/2026";"No informa";"Sin observaciones";
"2026";"Marzo";"Médicos cirujanos, farmacéuticos, químico-farmacéuticos, bioquímicos, cirujano-dentistas";"BAEZA FIGUEROA, IGNACIO ANDRES";"Atencion Odontologica";"11 Hrs.";"CIRUJANO DENTISTA";"Región Metropolitana de Santiago";"(186)";"$ 596.735";"$ 487.712";"$ 0";"$ 0";"No";"No tiene";"No tiene";"No tiene";"01/02/2026";"31/03/2026";"No informa";"Sin observaciones";
"2026";"Marzo";"Administrativo";"BAHAMONDES GUZMAN, MANUEL ANTONIO";"Apoyo Administrativo";"13";"ADMINISTRATIVO";"Región Metropolitana de Santiago";"(186)(186)";"$ 1.379.268";"$ 758.076";"$ 0";"$ 327.062";"No";"No tiene";"No tiene";"No tiene";"01/01/2026";"31/12/2026";"No informa";"Sin observaciones";
"2026";"Marzo";"Médicos cirujanos, farmacéuticos, químico-farmacéuticos, bioquímicos, cirujano-dentistas";"BAHAMONDES ROJAS, ROLANDO FABIO";"Medico PAO";"44 Hrs.";"MEDICO CIRUJANO";"Región Metropolitana de Santiago";"(188)(86)(186)";"$ 4.140.258";"$ 3.349.850";"$ 0";"$ 0";"No";"No tiene";"No tiene";"No tiene";"01/01/2026";"31/12/2026";"No informa";"Sin observaciones";
"2026";"Marzo";"Técnico";"BAHAMONDES YAÑEZ, TIHARE PAMELA";"Atencion Clinica";"22";"TECNICO NIVEL SUPERIOR ENFERMERIA";"Región Metropolitana de Santiago";"(01)";"$ 844.965";"$ 646.540";"$ 0";"$ 120.553";"No";"No tiene";"No tiene";"No tiene";"01/01/2026";"31/03/2026";"No informa";"Sin observaciones";
"2026";"Marzo";"Profesional";"BALUT LAING, LEYLA ANDREA";"Jefe de Unidad";"8";"INGENIERO (A) EJECUCION GESTION INDUSTRIAL";"Región Metropolitana de Santiago";"(186)";"$ 3.035.030";"$ 2.314.615";"$ 0";"$ 289.439";"No";"No tiene";"No tiene";"No tiene";"01/01/2026";"31/12/2026";"No informa";"REMUNERACION MARZO 2026 + BONOS TRIMESTRALES";
"2026";"Marzo";"Médicos cirujanos, farmacéuticos, químico-farmacéuticos, bioquímicos, cirujano-dentistas";"BALZA CASTRO, MARIELA JOSEFINA";"Atencion Clinica Medica";"44 Hrs.";"MEDICO CIRUJANO";"Región Metropolitana de Santiago";"(186)";"$ 2.386.941";"$ 1.906.657";"$ 0";"$ 0";"No";"No tiene";"No tiene";"No tiene";"01/01/2026";"31/03/2026";"No informa";"Sin observaciones";
"2026";"Marzo";"Profesional";"BANDERAS MACIAS, FRANCIAS MARGARITA";"Atencion Clinica";"15";"MATRON (A)";"Región Metropolitana de Santiago";"(186)";"$ 891.550";"$ 684.551";"$ 0";"$ 124.162";"No";"No tiene";"No tiene";"No tiene";"01/01/2026";"31/12/2026";"No informa";"Sin observaciones";
"2026";"Marzo";"Médicos cirujanos, farmacéuticos, químico-farmacéuticos, bioquímicos, cirujano-dentistas";"BARAHONA VASQUEZ, PRISCILLA DEL ROSARIO";"QUIMICO FARMACEUTICO";"44 Hrs.";"QUIMICO FARMACEUTICO";"Región Metropolitana de Santiago";"(86)(186)";"$ 5.502.450";"$ 4.396.310";"$ 0";"$ 0";"No";"No tiene";"No tiene";"No tiene";"01/01/2026";"31/12/2026";"No informa";"REMUNERACION MAR.2026";
"2026";"Marzo";"Técnico";"BARCHIESI RUIZ, MARIA ALEJANDRA";"Atencion Clinica";"20";"TECNICO NIVEL SUPERIOR ODONTOLOGIA";"Región Metropolitana de Santiago";"(01)";"$ 757.293";"$ 617.572";"$ 0";"$ 0";"No";"No tiene";"No tiene";"No tiene";"01/01/2026";"31/03/2026";"No informa";"Sin observaciones";
"2026";"Marzo";"Profesional";"BARISTELLI LLANTEN, GINA PATRICIA";"Atencion Clinica";"15";"EDUCADOR (A) DE PARVULOS";"Región Metropolitana de Santiago";"(186)";"$ 1.740.808";"$ 1.349.801";"$ 0";"$ 158.305";"Sí";"$ 82.186 : 10,00 hrs";"No tiene";"No tiene";"01/01/2026";"31/12/2026";"No informa";"Sin observaciones";
"2026";"Marzo";"Administrativo";"BARRA MEDINA, MARINA DEL CARMEN";"Apoyo Administrativo";"22";"ADMINISTRATIVO";"Región Metropolitana de Santiago";"(186)";"$ 843.833";"$ 653.766";"$ 0";"$ 134.812";"No";"No tiene";"No tiene";"No tiene";"01/01/2026";"31/12/2026";"No informa";"Sin observaciones";
"2026";"Marzo";"Profesional";"BARRA MORA, MARIA GABRIELA";"Apoyo Administrativo";"13";"PROFESIONAL Y TECNICO UNIVERSITARIO";"Región Metropolitana de Santiago";"(01)";"$ 1.861.732";"$ 1.513.202";"$ 0";"$ 0";"No";"No tiene";"No tiene";"No tiene";"01/01/2026";"31/12/2026";"No informa";"Sin observaciones";
"2026";"Marzo";"Técnico";"BARRA ORELLANA, MARITZA ANDREA";"ATENCION CLINICA";"22";"TECNICO NIVEL SUPERIOR ENFERMERIA";"Región Metropolitana de Santiago";"(202)(204)";"$ 1.141.322";"$ 717.523";"$ 0";"$ 114.072";"No";"No tiene";"No tiene";"No tiene";"01/01/2026";"31/12/2026";"No informa";"CANCELA ASIG. TECNICA+CANCELA PAGO TRIMESTRAL LEY 19.937 PERIODO 03/2026+REMUNERACION MAR.2026";
"2026";"Marzo";"Técnico";"BARRAZA SANCHEZ, PAMELA MURIEL";"Atencion Clinica";"20";"TECNICO NIVEL SUPERIOR ENFERMERIA";"Región Metropolitana de Santiago";"(186)";"$ 889.353";"$ 674.632";"$ 0";"$ 137.213";"No";"No tiene";"No tiene";"No tiene";"01/01/2026";"31/12/2026";"No informa";"Sin observaciones";
"2026";"Marzo";"Médicos cirujanos, farmacéuticos, químico-farmacéuticos, bioquímicos, cirujano-dentistas";"BARRAZA WILLIAMS, JOSEFA ANDREA";"Atencion Clinica Medica";"44 Hrs.";"MEDICO CIRUJANO";"Región Metropolitana de Santiago";"(86)(186)";"$ 3.465.905";"$ 2.750.349";"$ 0";"$ 0";"No";"No tiene";"No tiene";"No tiene";"01/01/2026";"31/12/2026";"No informa";"Sin observaciones";
"2026";"Marzo";"Técnico";"BARRERA ALARCON, LORENA DEL CARMEN";"Atencion Clinica";"22";"TECNICO NIVEL SUPERIOR ODONTOLOGIA";"Región Metropolitana de Santiago";"(186)";"$ 849.579";"$ 657.833";"$ 0";"$ 120.553";"No";"No tiene";"No tiene";"No tiene";"01/01/2026";"31/12/2026";"No informa";"Sin observaciones";
"2026";"Marzo";"Técnico";"BARRERA BASTIDAS, SANDY STEFANYA DE LOURDES";"Atencion Clinica";"21";"TECNICO NIVEL SUPERIOR ENFERMERIA";"Región Metropolitana de Santiago";"(186)";"$ 928.249";"$ 721.437";"$ 0";"$ 130.066";"No";"No tiene";"No tiene";"No tiene";"01/01/2026";"31/12/2026";"No informa";"Sin observaciones";
"2026";"Marzo";"Técnico";"BARRERA MEZA, MARIA ROCIO";"ATENCION CLINICA";"22";"TECNICO NIVEL SUPERIOR ENFERMERIA";"Región Metropolitana de Santiago";"(202)(204)(186)";"$ 1.182.285";"$ 832.748";"$ 0";"$ 172.599";"Sí";"$ 45.530 : 13,00 hrs";"$ 50.433 : 12,00 hrs";"No tiene";"01/01/2026";"31/12/2026";"No informa";"CANCELA ASIG. TECNICA+CANCELA BONO ESCOLAR 2026-202603+CANCELA PAGO TRIMESTRAL LEY 19.490 Y LEY 19.937 PERIODO 03/2026+REMUNERACION MAR.2026";
"2026";"Marzo";"Médicos cirujanos, farmacéuticos, químico-farmacéuticos, bioquímicos, cirujano-dentistas";"BARRETO ALTAMIRANO, JULIO ENRIQUE";"DIRECTOR";"22 Hrs.";"MEDICO CIRUJANO CON ESPECIALIDAD EN MEDICINA DE URGENCIA";"Región Metropolitana de Santiago";"(86)(186)";"$ 3.533.476";"$ 3.265.011";"$ 0";"$ 0";"No";"No tiene";"No tiene";"No tiene";"01/01/2026";"31/12/2026";"No informa";"REMUNERACION MAR.2026";
"2026";"Marzo";"Profesional";"BARRIA HULE, GLORIA JOCELYNE";"Atencion Clinica";"16";"TRABAJADOR (A) SOCIAL";"Región Metropolitana de Santiago";"(01)";"$ 1.369.545";"$ 1.121.368";"$ 0";"$ 0";"No";"No tiene";"No tiene";"No tiene";"01/01/2026";"06/04/2026";"No informa";"CONTRATO POR REEMPLAZO";
"2026";"Marzo";"Técnico";"BARRIA MARTINEZ, CAMILA FRANCISCA ANDREA";"Atencion Clinica";"21";"TECNICO NIVEL SUPERIOR ENFERMERIA";"Región Metropolitana de Santiago";"(186)";"$ 929.712";"$ 721.828";"$ 0";"$ 145.450";"Sí";"$ 38.103 : 10,00 hrs";"No tiene";"No tiene";"01/01/2026";"31/12/2026";"No informa";"Sin observaciones";
"2026";"Marzo";"Profesional";"BARRIA MARTINEZ, ROXANA MARCELA";"Jefe de Departamento";"5";"INGENIERO (A) EJECUCION ADMINISTRACION";"Región Metropolitana de Santiago";"(186)(186)";"$ 4.273.557";"$ 3.152.759";"$ 0";"$ 635.107";"No";"No tiene";"No tiene";"No tiene";"01/01/2026";"31/12/2026";"No informa";"REMUNERACION MARZO 2026 + BONOS TRIMESTRALES";
"2026";"Marzo";"Profesional";"BARRIGA CARVAJAL, SUSANA BEATRIZ";"JEFE DE DEPARTAMENTO";"5";"ENFERMERA (O)";"Región Metropolitana de Santiago";"(01)";"$ 3.786.111";"$ 2.954.503";"$ 0";"$ 985.914";"No";"No tiene";"No tiene";"No tiene";"01/01/2026";"31/12/2026";"No informa";"BONO VACACIONES 2026+CANCELA PAGO TRIMESTRAL LEY 19.490 Y LEY 19.937 PERIODO 03/2026+REMUNERACION MAR.2026";
"2026";"Marzo";"Técnico";"BARRIOS CAMPOS, ALEJANDRA ISABEL";"Atencion Clinica";"22";"TECNICO PARAMEDICO";"Región Metropolitana de Santiago";"(186)";"$ 825.001";"$ 632.053";"$ 0";"$ 124.442";"Sí";"$ 27.533 : 8,00 hrs";"No tiene";"No tiene";"01/01/2026";"31/12/2026";"No informa";"Sin observaciones";
"2026";"Marzo";"Técnico";"BART ESPINOZA, CYNTIA SUJEY";"Apoyo Administrativo";"21";"EDUCADOR (A) DIFERENCIAL";"Región Metropolitana de Santiago";"(186)";"$ 803.415";"$ 610.275";"$ 0";"$ 130.066";"No";"No tiene";"No tiene";"No tiene";"01/01/2026";"31/12/2026";"No informa";"Sin observaciones";
"2026";"Marzo";"Profesional";"BARUEL GONZALEZ, PAULO NELSON";"Apoyo Logistico";"12";"INGENIERO (A) PREVENCION DE RIESGOS";"Región Metropolitana de Santiago";"(01)";"$ 3.397.235";"$ 2.750.740";"$ 0";"$ 248.861";"Sí";"$ 316.886 : 30,00 hrs";"$ 887.280 : 70,00 hrs";"No tiene";"01/01/2026";"31/03/2026";"No informa";"Sin observaciones";
"2026";"Marzo";"Administrativo";"BASCUÑAN CABEZAS, MARCELA ANDREA";"Secretaria";"16";"ADMINISTRATIVO";"Región Metropolitana de Santiago";"(01)";"$ 1.193.188";"$ 948.700";"$ 0";"$ 167.826";"Sí";"$ 28.494 : 6,00 hrs";"$ 28.493 : 5,00 hrs";"No tiene";"01/01/2026";"31/12/2026";"No informa";"Sin observaciones";
"2026";"Marzo";"Profesional";"BASCUR BASCUR, JENNIFER TREICY";"Atencion Clinica";"12";"NUTRICIONISTA";"Región Metropolitana de Santiago";"(186)";"$ 2.295.415";"$ 1.784.553";"$ 0";"$ 248.861";"No";"No tiene";"No tiene";"No tiene";"01/01/2026";"31/12/2026";"No informa";"Sin observaciones";
"2026";"Marzo";"Médicos cirujanos, farmacéuticos, químico-farmacéuticos, bioquímicos, cirujano-dentistas";"BASOALTO SANDOVAL, CEFORA EUNICE";"Salud Publica";"44 Hrs.";"CIRUJANO DENTISTA";"Región Metropolitana de Santiago";"(86)(186)";"$ 4.895.533";"$ 3.976.488";"$ 0";"$ 0";"No";"No tiene";"No tiene";"No tiene";"01/01/2026";"31/12/2026";"No informa";"Sin observaciones";
"2026";"Marzo";"Profesional";"BASSO CHACON, GIOVANNA LESLIE";"Apoyo Administrativo";"9";"INGENIERO (A) COMERCIAL";"Región Metropolitana de Santiago";"(186)";"$ 2.893.510";"$ 2.175.970";"$ 0";"$ 265.529";"No";"No tiene";"No tiene";"No tiene";"01/01/2026";"31/12/2026";"No informa";"Sin observaciones";
"2026";"Marzo";"Profesional";"BASTIAS SANCHEZ, BASTIAN ANDRE";"Apoyo Administrativo";"8";"INGENIERO (A) EN INFORMATICA";"Región Metropolitana de Santiago";"(186)";"$ 3.108.809";"$ 2.357.235";"$ 0";"$ 363.218";"No";"No tiene";"No tiene";"No tiene";"01/01/2026";"31/12/2026";"No informa";"REMUNERACION MARZO 2026 + BONOS TRIMESTRALES";
"2026";"Marzo";"Profesional";"BAYER ROJAS, KATIA MARGARITA";"Apoyo Administrativo";"9";"ENFERMERA (O)";"Región Metropolitana de Santiago";"(186)";"$ 3.231.284";"$ 2.385.105";"$ 0";"$ 562.296";"No";"No tiene";"No tiene";"No tiene";"01/01/2026";"31/12/2026";"No informa";"Sin observaciones";
"2026";"Marzo";"Administrativo";"BAYOTORO MARILEO, JUANA CLAUDINA";"Apoyo Administrativo";"21";"ADMINISTRATIVO";"Región Metropolitana de Santiago";"(186)";"$ 884.607";"$ 677.964";"$ 0";"$ 156.638";"No";"No tiene";"No tiene";"No tiene";"01/01/2026";"31/12/2026";"No informa";"Sin observaciones";
"2026";"Marzo";"Técnico";"BEAS JARA, HILDA ANGELICA";"Atencion Clinica";"21";"TECNICO NIVEL SUPERIOR ENFERMERIA";"Región Metropolitana de Santiago";"(186)";"$ 873.345";"$ 663.702";"$ 0";"$ 137.059";"No";"No tiene";"No tiene";"No tiene";"01/01/2026";"31/12/2026";"No informa";"Sin observaciones";
"2026";"Marzo";"Técnico";"BEAUMONT VILLALOBOS, ELIZABETH CAROLINA";"Atencion Clinica";"20";"TECNICO NIVEL SUPERIOR ENFERMERIA";"Región Metropolitana de Santiago";"(186)";"$ 889.353";"$ 676.727";"$ 0";"$ 137.213";"No";"No tiene";"No tiene";"No tiene";"01/01/2026";"31/12/2026";"No informa";"Sin observaciones";
"2026";"Marzo";"Profesional";"BECERRA CARVAJAL, CARLOS ENRIQUE";"Coordinador";"7";"INGENIERO (A) EJECUCION ADMINISTRACION";"Región Metropolitana de Santiago";"(186)";"$ 3.627.659";"$ 2.713.702";"$ 0";"$ 506.320";"No";"No tiene";"No tiene";"No tiene";"01/01/2026";"31/12/2026";"No informa";"Sin observaciones";
"2026";"Marzo";"Técnico";"BECERRA ROJAS, FRANCO ALEJANDRO";"ATENCION CLINICA";"22";"TECNICO NIVEL SUPERIOR ENFERMERIA";"Región Metropolitana de Santiago";"(202)(204)(186)";"$ 1.069.429";"$ 769.654";"$ 0";"$ 127.035";"No";"No tiene";"No tiene";"No tiene";"01/01/2026";"31/12/2026";"No informa";"CANCELA ASIG. TECNICA+CANCELA PAGO TRIMESTRAL LEY 19.490 Y LEY 19.937 PERIODO 03/2026+REMUNERACION MAR.2026";
"2026";"Marzo";"Profesional";"BECKER GATTA, MAXIMILIANO ALEXIS";"Apoyo Administrativo";"8";"PSICOLOGO (A)";"Región Metropolitana de Santiago";"(186)";"$ 3.289.309";"$ 2.441.324";"$ 0";"$ 499.425";"No";"No tiene";"No tiene";"No tiene";"01/01/2026";"31/12/2026";"No informa";"REMUNERACION MARZO 2026 + BONOS TRIMESTRALES";
"2026";"Marzo";"Administrativo";"BEECHER VARELA, URSULA ANDREA";"Apoyo Administrativo";"13";"ADMINISTRATIVO";"Región Metropolitana de Santiago";"(186)";"$ 1.732.428";"$ 1.218.753";"$ 0";"$ 493.799";"Sí";"$ 118.356 : 20,00 hrs";"$ 78.115 : 11,00 hrs";"No tiene";"01/01/2026";"31/12/2026";"No informa";"REMUNERACION MARZO 2026 + BONOS TRIMESTRALES";
"2026";"Marzo";"Técnico";"BEJARES GONZALEZ, MARIA LORETO";"Atencion Clinica";"22";"ENFERMERA (O)";"Región Metropolitana de Santiago";"(186)(186)";"$ 1.103.055";"$ 756.516";"$ 0";"$ 156.653";"No";"No tiene";"No tiene";"No tiene";"01/01/2026";"31/12/2026";"No informa";"Sin observaciones";
"2026";"Marzo";"Administrativo";"BELLO GALAZ, MARICELA DEL CARMEN";"Apoyo Administrativo";"22";"ADMINISTRATIVO";"Región Metropolitana de Santiago";"(186)";"$ 850.971";"$ 657.841";"$ 0";"$ 133.516";"Sí";"$ 70.654 : 20,00 hrs";"No tiene";"No tiene";"01/01/2026";"31/12/2026";"No informa";"Sin observaciones";
"2026";"Marzo";"Profesional";"BELLO VIDAL, PAULINA BELEN";"APOYO ADMINISTRATIVO";"10";"ENFERMERA (O)";"Región Metropolitana de Santiago";"(01)";"$ 2.301.654";"$ 1.799.477";"$ 0";"$ 18.819";"No";"No tiene";"No tiene";"No tiene";"01/01/2026";"31/03/2026";"No informa";"BONO VACACIONES 2026+REMUNERACION MAR.2026";
"2026";"Marzo";"Médicos cirujanos, farmacéuticos, químico-farmacéuticos, bioquímicos, cirujano-dentistas";"BELTRAN AÑAZCO, FELIPE IGNACIO";"Atencion Clinica Medica";"44 Hrs.";"MEDICO CIRUJANO";"Región Metropolitana de Santiago";"(86)(186)";"$ 3.650.490";"$ 2.900.112";"$ 0";"$ 0";"No";"No tiene";"No tiene";"No tiene";"01/01/2026";"31/12/2026";"No informa";"Sin observaciones";
"2026";"Marzo";"Profesional";"BELTRAN CALDERON, PABLO ANDRES";"ATENCION CLINICA";"13";"ENFERMERA (O)";"Región Metropolitana de Santiago";"(203)(204)(186)";"$ 3.418.369";"$ 2.814.997";"$ 0";"$ 188.504";"Sí";"$ 265.780 : 27,00 hrs";"$ 377.998 : 32,00 hrs";"No tiene";"01/01/2026";"31/12/2026";"No informa";"CANCELA PAGO TRIMESTRAL LEY 19.490 PERIODO 03/2026+CANCELA PAGO TRIMESTRAL LEY 19.937 PERIODO 03/2026+REMUNERACION MAR.2026";
"2026";"Marzo";"Profesional";"BENAVIDES CESPEDES, VICTOR HUGO";"Apoyo Administrativo";"11";"INGENIERO (A) EJECUCION EN MINAS";"Región Metropolitana de Santiago";"(186)";"$ 2.453.363";"$ 1.861.848";"$ 0";"$ 223.073";"No";"No tiene";"No tiene";"No tiene";"01/01/2026";"31/12/2026";"No informa";"REMUNERACION MARZO 2026 + BONOS TRIMESTRALES";
"2026";"Marzo";"Técnico";"BENAVIDES PARRA, MARCO ANDRES";"Atencion Clinica";"21";"AUXILIAR DE ENFERMERIA";"Región Metropolitana de Santiago";"(01)";"$ 731.315";"$ 602.750";"$ 0";"$ 0";"No";"No tiene";"No tiene";"No tiene";"01/01/2026";"31/12/2026";"No informa";"Sin observaciones";
"2026";"Marzo";"Profesional";"BERASAIN MUÑOZ, GISELA LORETO";"Apoyo Administrativo";"5";"MATRON (A)";"Región Metropolitana de Santiago";"(186)";"$ 4.276.480";"$ 3.320.430";"$ 0";"$ 692.844";"No";"No tiene";"No tiene";"No tiene";"01/01/2026";"31/12/2026";"No informa";"REMUNERACION MARZO 2026 + BONOS TRIMESTRALES";
"2026";"Marzo";"Profesional";"BERENGUELA SILVA, JOCELYN MARCELA";"Apoyo Administrativo";"12";"PERIODISTA";"Región Metropolitana de Santiago";"(186)";"$ 2.327.972";"$ 1.752.187";"$ 0";"$ 248.861";"No";"No tiene";"No tiene";"No tiene";"01/01/2026";"31/12/2026";"No informa";"REMUNERACION MARZO 2026 + BONOS TRIMESTRALES";
"2026";"Marzo";"Médicos cirujanos, farmacéuticos, químico-farmacéuticos, bioquímicos, cirujano-dentistas";"BERGAMIN PINO, DANIEL VICTOR ANTONIO";"Atencion Odontologica";"33 Hrs.";"CIRUJANO DENTISTA";"Región Metropolitana de Santiago";"(01)";"$ 1.850.899";"$ 1.483.993";"$ 0";"$ 0";"No";"No tiene";"No tiene";"No tiene";"01/01/2026";"31/12/2026";"No informa";"Sin observaciones";
"2026";"Marzo";"Médicos cirujanos, farmacéuticos, químico-farmacéuticos, bioquímicos, cirujano-dentistas";"BERGAMIN PINO, DANIEL VICTOR ANTONIO";"Atencion Odontologica";"11 Hrs.";"CIRUJANO DENTISTA";"Región Metropolitana de Santiago";"(01)";"$ 616.965";"$ 509.244";"$ 0";"$ 0";"No";"No tiene";"No tiene";"No tiene";"01/01/2026";"31/12/2026";"No informa";"Sin observaciones";
"2026";"Marzo";"Técnico";"BERGUÑO ZUÑIGA, MARIA FRANCISCA";"ATENCION CLINICA";"22";"TECNICO NIVEL SUPERIOR ENFERMERIA";"Región Metropolitana de Santiago";"(203)(204)(186)";"$ 1.004.779";"$ 622.588";"$ 0";"$ 145.183";"No";"No tiene";"No tiene";"No tiene";"01/01/2026";"31/12/2026";"No informa";"CANCELA ASIG. TECNICA+CANCELA PAGO TRIMESTRAL LEY 19.490 Y LEY 19.937 PERIODO 03/2026+REMUNERACION MAR.2026";
"2026";"Marzo";"Profesional";"BERMEDO SANTELICES, CAROLINA ANDREA DEL CARMEN";"ATENCION CLINICA";"13";"ENFERMERA (O)";"Región Metropolitana de Santiago";"(203)(204)(186)";"$ 4.089.709";"$ 2.865.675";"$ 0";"$ 188.504";"Sí";"$ 393.748 : 40,00 hrs";"$ 921.370 : 78,00 hrs";"No tiene";"01/01/2026";"31/12/2026";"No informa";"CANCELA PAGO TRIMESTRAL LEY 19.490 PERIODO 03/2026+CANCELA PAGO TRIMESTRAL LEY 19.937 PERIODO 03/2026+REMUNERACION MAR.2026";
"2026";"Marzo";"Profesional";"BERNALES FUENTES, CARLA BELEN";"Atencion Clinica";"14";"ASISTENTE SOCIAL";"Región Metropolitana de Santiago";"(186)";"$ 1.652.778";"$ 1.331.667";"$ 0";"$ 0";"No";"No tiene";"No tiene";"No tiene";"01/01/2026";"31/12/2026";"No informa";"Sin observaciones";
"2026";"Marzo";"Profesional";"BERRIOS ARMIJO, ROXANA ISABEL";"ATENCION CLINICA";"11";"KINESIOLOGO (A)";"Región Metropolitana de Santiago";"(203)(201)(204)(186)";"$ 3.461.441";"$ 2.689.514";"$ 0";"$ 813.558";"No";"No tiene";"No tiene";"No tiene";"01/01/2026";"31/12/2026";"No informa";"CANCELA PAGO TRIMESTRAL LEY 19.490 PERIODO 03/2026+CANCELA PAGO TRIMESTRAL LEY 19.937 PERIODO 03/2026+REMUNERACION MAR.2026";
"2026";"Marzo";"Técnico";"BERRIOS CACERES, EDUARDO YOJAN";"ATENCION CLINICA";"22";"TECNICO NIVEL SUPERIOR ENFERMERIA";"Región Metropolitana de Santiago";"(202)(204)(186)";"$ 1.460.753";"$ 1.207.973";"$ 0";"$ 181.478";"Sí";"$ 141.307 : 40,00 hrs";"$ 224.678 : 53,00 hrs";"No tiene";"01/01/2026";"31/12/2026";"No informa";"CANCELA ASIG. TECNICA+CANCELA PAGO TRIMESTRAL LEY 19.490 Y LEY 19.937 PERIODO 03/2026+REMUNERACION MAR.2026";
"2026";"Marzo";"Médicos cirujanos, farmacéuticos, químico-farmacéuticos, bioquímicos, cirujano-dentistas";"BIENZOBAS DARRAIDOU, CATALINA DEL CARMEN";"Medico PAO";"44 Hrs.";"MEDICO CIRUJANO";"Región Metropolitana de Santiago";"(86)(186)";"$ 3.870.517";"$ 3.106.495";"$ 0";"$ 0";"No";"No tiene";"No tiene";"No tiene";"01/01/2026";"31/12/2026";"No informa";"Sin observaciones";
"2026";"Marzo";"Profesional";"BILLIARD RIVAS, SIMONEE MARISOL";"ATENCION CLINICA";"13";"ENFERMERA (O)";"Región Metropolitana de Santiago";"(203)(186)";"$ 3.776.472";"$ 3.129.988";"$ 0";"$ 188.504";"Sí";"$ 391.409 : 40,00 hrs";"$ 1.009.835 : 86,00 hrs";"No tiene";"01/01/2026";"31/03/2026";"No informa";"CANCELA PAGO TRIMESTRAL LEY 19.490 PERIODO 03/2026+CANCELA PAGO TRIMESTRAL LEY 19.937 PERIODO 03/2026+REMUNERACION MAR.2026";
"2026";"Marzo";"Profesional";"BLAMEY ALEGRIA, GUILLERMO ANTONIO";"ARQUITECTO";"5";"ARQUITECTO(A)";"Región Metropolitana de Santiago";"(186)";"$ 4.199.217";"$ 3.244.070";"$ 0";"$ 707.279";"No";"No tiene";"No tiene";"No tiene";"01/01/2026";"31/12/2026";"No informa";"Sin observaciones";
"2026";"Marzo";"Profesional";"BOBADILLA ZAPATA, ROXANA ELIZABETH";"ATENCION CLINICA";"13";"ENFERMERA (O)";"Región Metropolitana de Santiago";"(203)(204)(186)";"$ 3.140.777";"$ 2.444.205";"$ 0";"$ 206.985";"Sí";"$ 236.249 : 24,00 hrs";"$ 129.937 : 11,00 hrs";"No tiene";"01/01/2026";"31/12/2026";"No informa";"CANCELA PAGO TRIMESTRAL LEY 19.490 PERIODO 03/2026+CANCELA PAGO TRIMESTRAL LEY 19.937 PERIODO 03/2026+REMUNERACION MAR.2026";
"2026";"Marzo";"Profesional";"BOEKEMEYER MOREIRA, CARLOS JOAQUIN";"ATENCION CLINICA";"12";"ENFERMERA (O)";"Región Metropolitana de Santiago";"(203)(204)(186)";"$ 3.016.264";"$ 470.611";"$ 0";"$ 590.042";"No";"No tiene";"No tiene";"No tiene";"01/01/2026";"31/12/2026";"No informa";"CANCELA PAGO TRIMESTRAL LEY 19.490 PERIODO 03/2026+CANCELA PAGO TRIMESTRAL LEY 19.937 PERIODO 03/2026+REMUNERACION MAR.2026";
"2026";"Marzo";"Profesional";"BORDILLO MELLADO, CARLA NICOLE VICTORIA";"Apoyo Administrativo";"15";"TRABAJADOR (A) SOCIAL";"Región Metropolitana de Santiago";"(01)";"$ 1.491.702";"$ 1.208.141";"$ 0";"$ 0";"No";"No tiene";"No tiene";"No tiene";"01/01/2026";"31/12/2026";"No informa";"Sin observaciones";
"2026";"Marzo";"Profesional";"BORGES CASTILLO, CLAUDIO ANDRES";"JEFE DE DEPARTAMENTO";"5";"ADMINISTRADOR (A) PUBLICO";"Región Metropolitana de Santiago";"(01)";"$ 3.473.598";"$ 2.561.566";"$ 0";"$ 386.893";"No";"No tiene";"No tiene";"No tiene";"01/01/2026";"31/12/2026";"No informa";"BONO VACACIONES 2026+CANCELA PAGO TRIMESTRAL LEY 19.490 Y LEY 19.937 PERIODO 03/2026+REMUNERACION MAR.2026";
"2026";"Marzo";"Profesional";"BOTTAI BUENO, CAMILA ANGELICA";"Apoyo Administrativo";"7";"KINESIOLOGO (A)";"Región Metropolitana de Santiago";"(186)";"$ 3.201.425";"$ 2.456.402";"$ 0";"$ 187.526";"No";"No tiene";"No tiene";"No tiene";"01/01/2026";"31/12/2026";"No informa";"REMUNERACION MARZO 2026 + BONOS TRIMESTRALES";
"2026";"Marzo";"Profesional";"BOWEN ESPINOZA, SEBASTIAN RENE";"Apoyo Administrativo";"8";"PSICOLOGO (A)";"Región Metropolitana de Santiago";"(186)";"$ 3.305.872";"$ 2.499.452";"$ 0";"$ 454.023";"No";"No tiene";"No tiene";"No tiene";"01/01/2026";"31/12/2026";"No informa";"REMUNERACION MARZO 2026 + BONOS TRIMESTRALES";
"2026";"Marzo";"Profesional";"BOZA FLORES, MATIAS IGNACIO";"ATENCION CLINICA";"13";"ENFERMERA (O)";"Región Metropolitana de Santiago";"(203)(204)(186)";"$ 2.788.194";"$ 2.188.190";"$ 0";"$ 206.985";"No";"No tiene";"No tiene";"No tiene";"01/01/2026";"31/12/2026";"No informa";"CANCELA PAGO TRIMESTRAL LEY 19.490 PERIODO 03/2026+CANCELA PAGO TRIMESTRAL LEY 19.937 PERIODO 03/2026+REMUNERACION MAR.2026";
"2026";"Marzo";"Administrativo";"BOZO SILVA, NATALIA FABIOLA";"Secretaria";"13";"ADMINISTRADOR (A) PUBLICO";"Región Metropolitana de Santiago";"(186)";"$ 2.398.173";"$ 1.684.687";"$ 0";"$ 600.096";"No";"No tiene";"No tiene";"No tiene";"01/01/2026";"31/12/2026";"No informa";"REMUNERACION MARZO 2026 + BONOS TRIMESTRALES";
"2026";"Marzo";"Médicos cirujanos, farmacéuticos, químico-farmacéuticos, bioquímicos, cirujano-dentistas";"BRANIFF OLAVE, SALVADOR";"Atencion Odontologica";"22 Hrs.";"CIRUJANO DENTISTA";"Región Metropolitana de Santiago";"(186)";"$ 1.193.472";"$ 942.707";"$ 0";"$ 0";"No";"No tiene";"No tiene";"No tiene";"01/01/2026";"31/03/2026";"No informa";"Sin observaciones";
"2026";"Marzo";"Médicos cirujanos, farmacéuticos, químico-farmacéuticos, bioquímicos, cirujano-dentistas";"BRANIFF OLAVE, SALVADOR";"Atencion Odontologica";"22 Hrs.";"CIRUJANO DENTISTA";"Región Metropolitana de Santiago";"(186)";"$ 1.193.472";"$ 983.660";"$ 0";"$ 0";"No";"No tiene";"No tiene";"No tiene";"01/01/2026";"31/03/2026";"No informa";"Sin observaciones";
"2026";"Marzo";"Técnico";"BRAVO AGUAYO, JOCELYN LISSET";"Atencion Clinica";"22";"TECNICO NIVEL SUPERIOR ENFERMERIA";"Región Metropolitana de Santiago";"(01)";"$ 159.411";"$ 137.143";"$ 0";"$ 0";"Sí";"$ 37.524 : 11,00 hrs";"No tiene";"No tiene";"08/01/2026";"05/03/2026";"No informa";"CONTRATO POR REEMPLAZO";
"2026";"Marzo";"Profesional";"BRAVO BADILLA, CESAR LEONIDAS";"PROFESIONAL";"5";"ENFERMERA (O)";"Región Metropolitana de Santiago";"(186)";"$ 3.638.450";"$ 2.720.406";"$ 0";"$ 1.173.560";"No";"No tiene";"No tiene";"No tiene";"01/01/2026";"31/12/2026";"No informa";"BONO VACACIONES 2026+CANCELA PAGO TRIMESTRAL LEY 19.490 Y LEY 19.937 PERIODO 03/2026+REMUNERACION MAR.2026";
"2026";"Marzo";"Profesional";"BRAVO BRAVO, JOSELINE ALEJANDRA";"Apoyo Administrativo";"8";"TECNOLOGO (A) MEDICO";"Región Metropolitana de Santiago";"(01)";"$ 2.730.827";"$ 2.192.294";"$ 0";"$ 0";"No";"No tiene";"No tiene";"No tiene";"12/02/2026";"12/05/2026";"No informa";"CONTRATO EN REEMPLAZO";
"2026";"Marzo";"Técnico";"BRAVO BUNSTER, ARTURO IGNACIO JORGE";"ATENCION CLINICA";"22";"TECNICO NIVEL SUPERIOR ENFERMERIA";"Región Metropolitana de Santiago";"(203)(204)";"$ 849.430";"$ 675.806";"$ 0";"$ 37.638";"No";"No tiene";"No tiene";"No tiene";"01/01/2026";"31/12/2026";"No informa";"BONO VACACIONES 2026+REMUNERACION MAR.2026";
"2026";"Marzo";"Profesional";"BRAVO CONTRERAS, MARLA ABRIL";"Atencion Clinica";"16";"MATRON (A)";"Región Metropolitana de Santiago";"(01)";"$ 1.369.545";"$ 1.122.945";"$ 0";"$ 0";"No";"No tiene";"No tiene";"No tiene";"05/01/2026";"06/04/2026";"No informa";"CONTRATO POR REEMPLAZO";
"2026";"Marzo";"Profesional";"BRAVO DIAZ, MARGARITA PATRICIA";"Apoyo Administrativo";"5";"ENFERMERA (O)";"Región Metropolitana de Santiago";"(186)";"$ 4.160.801";"$ 3.246.545";"$ 0";"$ 577.370";"No";"No tiene";"No tiene";"No tiene";"01/01/2026";"31/12/2026";"No informa";"Sin observaciones";
"2026";"Marzo";"Profesional";"BRAVO GODOY, CLAUDIA ANDREA";"Atencion Clinica";"15";"TRABAJADOR (A) SOCIAL";"Región Metropolitana de Santiago";"(186)";"$ 1.593.438";"$ 1.244.768";"$ 0";"$ 93.121";"No";"No tiene";"No tiene";"No tiene";"01/01/2026";"31/12/2026";"No informa";"Sin observaciones";
"2026";"Marzo";"Profesional";"BRAVO INOSTROZA, KATHERINE ANDREA";"Apoyo Administrativo";"15";"CONTADOR (A) AUDITOR (A)";"Región Metropolitana de Santiago";"(186)";"$ 1.875.932";"$ 1.420.806";"$ 0";"$ 217.282";"Sí";"$ 49.613 : 6,00 hrs";"No tiene";"No tiene";"01/01/2026";"31/12/2026";"No informa";"Sin observaciones";
"2026";"Marzo";"Técnico";"BRAVO MONDACA, CYNTHIA ALEJANDRA";"Atencion Clinica";"21";"AUXILIAR PARAMEDICO DE ODONTOLOGIA";"Región Metropolitana de Santiago";"(186)";"$ 890.570";"$ 684.921";"$ 0";"$ 145.450";"No";"No tiene";"No tiene";"No tiene";"01/01/2026";"31/12/2026";"No informa";"Sin observaciones";
"2026";"Marzo";"Médicos cirujanos, farmacéuticos, químico-farmacéuticos, bioquímicos, cirujano-dentistas";"BRAVO SOTO, VALENTINA SOLEDAD";"Medico PAO";"44 Hrs.";"MÉDICOS CIRUJANOS, FARMACÉUTICOS, QUÍMICO-FARMACÉUTICOS, BIOQUÍMICOS, CIRUJANO-DENTISTAS";"Región Metropolitana de Santiago";"(188)(86)(186)";"$ 4.525.579";"$ 3.661.750";"$ 0";"$ 0";"No";"No tiene";"No tiene";"No tiene";"01/01/2026";"31/12/2026";"No informa";"Sin observaciones";
"2026";"Marzo";"Profesional";"BRAVO VALDES, MICHELLE VALERIA";"Atencion Clinica";"15";"ENFERMERA (O)";"Región Metropolitana de Santiago";"(01)";"$ 1.650.007";"$ 1.264.143";"$ 0";"$ 158.305";"No";"No tiene";"No tiene";"No tiene";"01/01/2026";"31/12/2026";"No informa";"Sin observaciones";
"2026";"Marzo";"Profesional";"BRETTI REYES, ARLETTI";"Atencion Clinica";"15";"MATRON (A)";"Región Metropolitana de Santiago";"(186)";"$ 2.104.149";"$ 1.646.185";"$ 0";"$ 217.282";"Sí";"$ 198.450 : 24,00 hrs";"$ 79.380 : 8,00 hrs";"No tiene";"01/01/2026";"31/12/2026";"No informa";"Sin observaciones";
"2026";"Marzo";"Profesional";"BRICEÑO MUÑOZ, ERIC EDGARDO";"Apoyo Administrativo";"10";"ABOGADO (A)";"Región Metropolitana de Santiago";"(01)";"$ 2.444.654";"$ 1.889.774";"$ 0";"$ 143.000";"No";"No tiene";"No tiene";"No tiene";"01/01/2026";"31/12/2026";"No informa";"REMUNERACION MARZO 2026 + BONOS TRIMESTRALES";
"2026";"Marzo";"Médicos cirujanos, farmacéuticos, químico-farmacéuticos, bioquímicos, cirujano-dentistas";"BRIGNARDELLO HERNANDEZ, CARLOS ALFREDO";"Atencion Clinica Medica";"44 Hrs.";"MEDICO CIRUJANO";"Región Metropolitana de Santiago";"(188)(186)";"$ 4.909.019";"$ 3.996.838";"$ 0";"$ 0";"No";"No tiene";"No tiene";"No tiene";"01/01/2026";"31/03/2026";"No informa";"Sin observaciones";
"2026";"Marzo";"Técnico";"BRIONES ARAYA, YASNA ALEJANDRA";"Atencion Clinica";"22";"TECNICO NIVEL SUPERIOR ENFERMERIA";"Región Metropolitana de Santiago";"(186)";"$ 860.675";"$ 695.301";"$ 0";"$ 127.035";"No";"No tiene";"No tiene";"No tiene";"01/01/2026";"31/12/2026";"No informa";"Sin observaciones";
"2026";"Marzo";"Técnico";"BRIONES CARO, YUBITZA SCARLETT";"Atencion Clinica";"20";"TECNICO NIVEL SUPERIOR ENFERMERIA";"Región Metropolitana de Santiago";"(186)";"$ 904.107";"$ 683.396";"$ 0";"$ 151.967";"No";"No tiene";"No tiene";"No tiene";"01/01/2026";"31/03/2026";"No informa";"Sin observaciones";
"2026";"Marzo";"Administrativo";"BRIONES MUÑOZ, JORGE ANTONIO";"Apoyo Administrativo";"16";"ADMINISTRATIVO";"Región Metropolitana de Santiago";"(186)";"$ 1.236.083";"$ 958.286";"$ 0";"$ 202.113";"Sí";"No tiene";"$ 159.390 : 80,00 hrs";"No tiene";"01/01/2026";"31/12/2026";"No informa";"REMUNERACION MARZO 2026 + BONOS TRIMESTRALES";
"2026";"Marzo";"Administrativo";"BRIONES OLGUIN, SILVIA ANDREA";"Apoyo Administrativo";"21";"ADMINISTRATIVO";"Región Metropolitana de Santiago";"(186)";"$ 829.057";"$ 628.549";"$ 0";"$ 145.450";"Sí";"$ 22.472 : 6,00 hrs";"No tiene";"No tiene";"01/01/2026";"31/12/2026";"No informa";"Sin observaciones";
"2026";"Marzo";"Profesional";"BRITO AMARO, CARLA ANDREA";"Atencion Clinica";"12";"KINESIOLOGO (A)";"Región Metropolitana de Santiago";"(186)";"$ 2.552.448";"$ 2.018.265";"$ 0";"$ 321.111";"Sí";"$ 276.276 : 26,00 hrs";"No tiene";"No tiene";"01/01/2026";"31/12/2026";"No informa";"Sin observaciones";
"2026";"Marzo";"Profesional";"BRITO FARIAS, INGRID NICOLE";"Atencion Clinica";"15";"MATRON (A)";"Región Metropolitana de Santiago";"(186)";"$ 1.591.810";"$ 1.292.270";"$ 0";"$ 0";"No";"No tiene";"No tiene";"No tiene";"01/01/2026";"31/12/2026";"No informa";"Sin observaciones";
"2026";"Marzo";"Profesional";"BRITO RAMOS, CAROLINA ALEJANDRA";"Apoyo Administrativo";"5";"ARQUITECTO(A)";"Región Metropolitana de Santiago";"(186)";"$ 3.860.012";"$ 2.994.263";"$ 0";"$ 368.074";"No";"No tiene";"No tiene";"No tiene";"01/01/2026";"31/12/2026";"No informa";"REMUNERACION MARZO 2026 + BONOS TRIMESTRALES";
"2026";"Marzo";"Administrativo";"BUCCAREY VARGAS, CAMILA DANIELA";"Secretaria";"21";"ADMINISTRATIVO";"Región Metropolitana de Santiago";"(186)";"$ 941.563";"$ 758.976";"$ 0";"$ 130.066";"Sí";"$ 89.109 : 24,00 hrs";"No tiene";"No tiene";"01/01/2026";"31/12/2026";"No informa";"REMUNERACION MARZO 2026 + BONOS TRIMESTRALES";
"2026";"Marzo";"Médicos cirujanos, farmacéuticos, químico-farmacéuticos, bioquímicos, cirujano-dentistas";"BUELE GALVEZ, KENYA YULANOVA";"Atencion Odontologica";"22 Hrs.";"CIRUJANO DENTISTA";"Región Metropolitana de Santiago";"(188)(186)";"$ 2.255.956";"$ 1.822.724";"$ 0";"$ 0";"No";"No tiene";"No tiene";"No tiene";"01/01/2026";"31/12/2026";"No informa";"Sin observaciones";
"2026";"Marzo";"Profesional";"BUITRAGO ALBARRACIN, JENNIFER TATIANA";"Atencion Clinica";"15";"ENFERMERA (O)";"Región Metropolitana de Santiago";"(186)";"$ 1.859.767";"$ 1.408.150";"$ 0";"$ 242.115";"No";"No tiene";"No tiene";"No tiene";"01/01/2026";"31/12/2026";"No informa";"Sin observaciones";
"2026";"Marzo";"Médicos cirujanos, farmacéuticos, químico-farmacéuticos, bioquímicos, cirujano-dentistas";"BURDILES ALVAREZ, ARNALDO ANDRES";"CIRUGIA GENERAL";"22 Hrs.";"MEDICO CIRUJANO CON ESPECIALIDAD EN MEDICINA DEL DEPORTE";"Región Metropolitana de Santiago";"(01)";"$ 1.045.114";"$ 480.425";"$ 0";"$ 0";"No";"No tiene";"No tiene";"No tiene";"04/02/2026";"04/05/2026";"No informa";"REMUNERACION MAR.2026";
"2026";"Marzo";"Administrativo";"BURGOS RALPH, EVELYN ALEJANDRA";"Apoyo Administrativo";"22";"ADMINISTRATIVO";"Región Metropolitana de Santiago";"(186)";"$ 769.222";"$ 589.329";"$ 0";"$ 127.035";"No";"No tiene";"No tiene";"No tiene";"01/01/2026";"31/12/2026";"No informa";"Sin observaciones";
"2026";"Marzo";"Profesional";"BUSTAMANTE ALIAGA, JENNIFER ANDREA";"Atencion Clinica";"16";"KINESIOLOGO (A)";"Región Metropolitana de Santiago";"(01)";"$ 727.450";"$ 577.567";"$ 0";"$ 42.675";"No";"No tiene";"No tiene";"No tiene";"01/01/2026";"31/03/2026";"No informa";"Sin observaciones";
"2026";"Marzo";"Médicos cirujanos, farmacéuticos, químico-farmacéuticos, bioquímicos, cirujano-dentistas";"BUSTAMANTE HERNANDEZ, JUAN PABLO ALBERTO";"Atencion Clinica Medica";"44 Hrs.";"MEDICO CIRUJANO";"Región Metropolitana de Santiago";"(86)(186)";"$ 3.465.905";"$ 2.749.678";"$ 0";"$ 0";"No";"No tiene";"No tiene";"No tiene";"01/01/2026";"31/12/2026";"No informa";"Sin observaciones";
"2026";"Marzo";"Profesional";"BUSTOS CAMPOS, NICOLET PAMELA";"Atencion Clinica";"7";"NUTRICIONISTA";"Región Metropolitana de Santiago";"(01)";"$ 3.589.514";"$ 2.606.830";"$ 0";"$ 500.069";"No";"No tiene";"No tiene";"No tiene";"01/01/2026";"31/12/2026";"No informa";"Sin observaciones";
"2026";"Marzo";"Técnico";"BUSTOS CARRASCO, DANIELA PAZ";"Atencion Clinica";"21";"TECNICO NIVEL SUPERIOR ENFERMERIA";"Región Metropolitana de Santiago";"(186)";"$ 913.701";"$ 710.242";"$ 0";"$ 137.059";"Sí";"$ 30.483 : 8,00 hrs";"No tiene";"No tiene";"01/01/2026";"31/12/2026";"No informa";"Sin observaciones";
"2026";"Marzo";"Profesional";"BUSTOS CLASING, TATIANA PAOLA";"Apoyo Administrativo";"3";"ABOGADO (A)";"Región Metropolitana de Santiago";"(36)";"$ 4.953.931";"$ 3.730.913";"$ 0";"$ 427.605";"No";"No tiene";"No tiene";"No tiene";"01/01/2026";"31/12/2026";"No informa";"REMUNERACION MARZO 2026 + BONOS TRIMESTRALES";
"2026";"Marzo";"Administrativo";"BUSTOS LOBOS, MARCELA ALEJANDRA";"Apoyo Administrativo";"21";"ADMINISTRATIVO";"Región Metropolitana de Santiago";"(01)";"$ 876.683";"$ 688.746";"$ 0";"$ 123.073";"Sí";"$ 36.804 : 10,00 hrs";"No tiene";"No tiene";"01/01/2026";"31/12/2026";"No informa";"Sin observaciones";
"2026";"Marzo";"Profesional";"BUSTOS PIZARRO, JOSELYN ELENA";"Atencion Clinica";"16";"KINESIOLOGO (A)";"Región Metropolitana de Santiago";"(186)";"$ 1.477.094";"$ 1.151.051";"$ 0";"$ 99.574";"No";"No tiene";"No tiene";"No tiene";"01/01/2026";"31/12/2026";"No informa";"Sin observaciones";
"2026";"Marzo";"Profesional";"BUSTOS SEPULVEDA, PAOLA DAYAN";"Atencion Clinica";"15";"PSICOLOGO (A)";"Región Metropolitana de Santiago";"(01)";"$ 1.491.702";"$ 1.209.717";"$ 0";"$ 0";"No";"No tiene";"No tiene";"No tiene";"01/01/2026";"31/12/2026";"No informa";"Sin observaciones";
"2026";"Marzo";"Técnico";"BUSTOS TORRES, ALEJANDRA SOLANGE";"Atencion Clinica";"20";"TECNICO NIVEL SUPERIOR ODONTOLOGIA";"Región Metropolitana de Santiago";"(186)";"$ 1.031.178";"$ 809.657";"$ 0";"$ 153.443";"Sí";"$ 58.761 : 15,00 hrs";"No tiene";"No tiene";"01/01/2026";"31/12/2026";"No informa";"Sin observaciones";
"2026";"Marzo";"Profesional";"CABALLERO CANAS, EVELYN";"Apoyo Administrativo";"11";"ADMINISTRADOR (A) PUBLICO";"Región Metropolitana de Santiago";"(186)";"$ 2.988.390";"$ 2.009.297";"$ 0";"$ 769.819";"No";"No tiene";"No tiene";"No tiene";"01/01/2026";"31/12/2026";"No informa";"REMUNERACION MARZO 2026 + BONOS TRIMESTRALES";
"2026";"Marzo";"Administrativo";"CABALLERO CAÑAS, SONIA ELIZABETH";"Secretaria";"20";"ADMINISTRATIVO";"Región Metropolitana de Santiago";"(186)";"$ 875.162";"$ 651.926";"$ 0";"$ 177.049";"No";"No tiene";"No tiene";"No tiene";"01/01/2026";"31/12/2026";"No informa";"REMUNERACION MARZO 2026 + BONOS TRIMESTRALES";
"2026";"Marzo";"Técnico";"CABELLO MUÑOZ, PAULINA ESTER";"ATENCION CLINICA";"21";"TECNICO NIVEL SUPERIOR ENFERMERIA";"Región Metropolitana de Santiago";"(203)(204)(186)";"$ 1.427.574";"$ 1.060.615";"$ 0";"$ 167.827";"Sí";"$ 106.689 : 28,00 hrs";"$ 310.922 : 68,00 hrs";"No tiene";"01/01/2026";"31/12/2026";"No informa";"CANCELA ASIG. TECNICA+CANCELA PAGO TRIMESTRAL LEY 19.490 Y LEY 19.937 PERIODO 03/2026+REMUNERACION MAR.2026";
"2026";"Marzo";"Médicos cirujanos, farmacéuticos, químico-farmacéuticos, bioquímicos, cirujano-dentistas";"CABELLO PEREZ, MARIA CECILIA";"Odontopediatria";"22 Hrs.";"CIRUJANO DENTISTA";"Región Metropolitana de Santiago";"(188)(86)(186)";"$ 1.544.205";"$ 1.252.531";"$ 0";"$ 0";"No";"No tiene";"No tiene";"No tiene";"01/01/2026";"31/12/2026";"No informa";"Sin observaciones";
"2026";"Marzo";"Técnico";"CABELLO POBLETE, IRMA DEL PILAR";"ATENCION CLINICA";"22";"TECNICO NIVEL SUPERIOR ENFERMERIA";"Región Metropolitana de Santiago";"(203)(204)(186)";"$ 1.277.242";"$ 815.511";"$ 0";"$ 200.015";"Sí";"$ 52.990 : 15,00 hrs";"$ 148.372 : 35,00 hrs";"No tiene";"01/01/2026";"31/12/2026";"No informa";"CANCELA ASIG. TECNICA+CANCELA BONO ESCOLAR 2026-202603+CANCELA PAGO TRIMESTRAL LEY 19.490 Y LEY 19.937 PERIODO 03/2026+REMUNERACION MAR.2026";
"2026";"Marzo";"Médicos cirujanos, farmacéuticos, químico-farmacéuticos, bioquímicos, cirujano-dentistas";"CABELLO SAAVEDRA, ELIZABETH LETICIA";"MEDICINA GENERAL";"44 Hrs.";"MEDICO CIRUJANO";"Región Metropolitana de Santiago";"(86)";"$ 3.411.957";"$ 2.709.744";"$ 0";"$ 0";"No";"No tiene";"No tiene";"No tiene";"01/01/2026";"31/03/2026";"No informa";"Sin observaciones";
"2026";"Marzo";"Profesional";"CABELLO SANDOVAL, FELIPE IGNACIO";"Atencion Clinica";"13";"TERAPEUTA OCUPACIONAL";"Región Metropolitana de Santiago";"(01)";"$ 1.940.262";"$ 1.489.259";"$ 0";"$ 170.023";"No";"No tiene";"No tiene";"No tiene";"01/01/2026";"31/12/2026";"No informa";"REMUNERACION MARZO 2026 + BONOS TRIMESTRALES";
"2026";"Marzo";"Técnico";"CABELLO VALDES, DANIELA TATIANA";"Atencion Clinica";"20";"TECNICO NIVEL SUPERIOR ODONTOLOGIA";"Región Metropolitana de Santiago";"(186)";"$ 984.220";"$ 764.841";"$ 0";"$ 165.246";"No";"No tiene";"No tiene";"No tiene";"01/01/2026";"31/12/2026";"No informa";"Sin observaciones";
"2026";"Marzo";"Médicos cirujanos, farmacéuticos, químico-farmacéuticos, bioquímicos, cirujano-dentistas";"CABEZAS ARAMAYO, GUILLERMO GASPAR";"MEDICO CIRUJANO CON ESPECIALIDAD EN MEDICINA DE URGENCIA";"22 Hrs.";"MEDICO CIRUJANO CON ESPECIALIDAD EN MEDICINA DE URGENCIA";"Región Metropolitana de Santiago";"(186)";"$ 2.110.592";"$ 1.882.776";"$ 0";"$ 0";"No";"No tiene";"No tiene";"No tiene";"01/01/2026";"31/12/2026";"No informa";"REMUNERACION MAR.2026";
"2026";"Marzo";"Médicos cirujanos, farmacéuticos, químico-farmacéuticos, bioquímicos, cirujano-dentistas";"CABEZAS ARAMAYO, GUILLERMO GASPAR";"MEDICO CIRUJANO CON ESPECIALIDAD EN MEDICINA DE URGENCIA";"28 Hrs.";"MEDICO CIRUJANO CON ESPECIALIDAD EN MEDICINA DE URGENCIA";"Región Metropolitana de Santiago";"(194)(193)(198)(186)";"$ 4.202.668";"$ 3.058.926";"$ 0";"$ 0";"No";"No tiene";"No tiene";"No tiene";"01/01/2026";"31/03/2026";"No informa";"REMUNERACION MAR.2026";
"2026";"Marzo";"Médicos cirujanos, farmacéuticos, químico-farmacéuticos, bioquímicos, cirujano-dentistas";"CABEZAS BAEZA, YASMIN ESTEPHANI";"Quimico Farmaceutico";"44 Hrs.";"QUIMICO FARMACEUTICO";"Región Metropolitana de Santiago";"(186)";"$ 2.386.941";"$ 1.912.616";"$ 0";"$ 0";"No";"No tiene";"No tiene";"No tiene";"01/01/2026";"31/03/2026";"No informa";"Sin observaciones";
"2026";"Marzo";"Administrativo";"CABEZAS CUBILLOS, PEDRO ANGEL";"Apoyo Administrativo";"16";"ADMINISTRATIVO";"Región Metropolitana de Santiago";"(186)";"$ 1.193.690";"$ 950.118";"$ 0";"$ 167.826";"Sí";"$ 119.883 : 25,00 hrs";"$ 63.298 : 11,00 hrs";"No tiene";"01/01/2026";"31/12/2026";"No informa";"Sin observaciones";
"2026";"Marzo";"Profesional";"CABRERA ARAYA, FRANCISCO ALONSO";"APOYO ADMINISTRATIVO";"15";"INGENIERO (A) ADMINISTRACION DE EMPRESAS";"Región Metropolitana de Santiago";"(01)";"$ 1.491.702";"$ 1.186.077";"$ 0";"$ 18.819";"No";"No tiene";"No tiene";"No tiene";"01/01/2026";"31/12/2026";"No informa";"BONO VACACIONES 2026+REMUNERACION MAR.2026";
"2026";"Marzo";"Administrativo";"CABRERA CANALES, FELIPE SEGUNDO";"APOYO ADMINISTRATIVO";"22";"ADMINISTRATIVO";"Región Metropolitana de Santiago";"(186)";"$ 951.058";"$ 825.904";"$ 0";"$ 134.812";"Sí";"$ 105.980 : 30,00 hrs";"$ 127.176 : 30,00 hrs";"No tiene";"01/01/2026";"31/12/2026";"No informa";"CANCELA PAGO TRIMESTRAL LEY 19.490 PERIODO 03/2026+CANCELA PAGO TRIMESTRAL LEY 19.937 PERIODO 03/2026+REMUNERACION MAR.2026";
"2026";"Marzo";"Profesional";"CACERES ALBORNOZ, KAREN NAYADETH";"ATENCION CLINICA";"13";"ENFERMERA (O)";"Región Metropolitana de Santiago";"(203)(204)";"$ 3.253.174";"$ 2.667.920";"$ 0";"$ 18.819";"Sí";"$ 272.349 : 28,00 hrs";"$ 233.442 : 20,00 hrs";"No tiene";"01/01/2026";"31/03/2026";"No informa";"BONO VACACIONES 2026+REMUNERACION MAR.2026";
"2026";"Marzo";"Auxiliar";"CACERES CONTRERAS, TERESITA";"Apoyo Administrativo";"17";"AUXILIAR";"Región Metropolitana de Santiago";"(186)(186)";"$ 1.315.391";"$ 753.944";"$ 0";"$ 331.017";"Sí";"$ 160.101 : 34,00 hrs";"No tiene";"No tiene";"01/01/2026";"31/12/2026";"No informa";"REMUNERACION MARZO 2026 + BONOS TRIMESTRALES";
"2026";"Marzo";"Técnico";"CACERES ECHEÑIQUE, DANIELLE MEITTZER DENISSE";"APOYO ADMINISTRATIVO";"21";"TECNICO JURIDICO";"Región Metropolitana de Santiago";"(01)";"$ 731.315";"$ 596.388";"$ 0";"$ 0";"No";"No tiene";"No tiene";"No tiene";"27/01/2026";"31/03/2026";"No informa";"PAGO BONO MENSUAL+REMUNERACION MAR.2026";
"2026";"Marzo";"Administrativo";"CACERES GONGORA, ELENA ISABEL";"Apoyo Administrativo";"22";"ADMINISTRATIVO";"Región Metropolitana de Santiago";"(186)";"$ 747.030";"$ 575.594";"$ 0";"$ 114.072";"No";"No tiene";"No tiene";"No tiene";"01/01/2026";"31/03/2026";"No informa";"CONTRATO POR REEMPLAZO";
"2026";"Marzo";"Profesional";"CACERES ISLA, ROBERTO ANGEL";"Apoyo Administrativo";"12";"ENFERMERA (O)";"Región Metropolitana de Santiago";"(01)";"$ 2.064.625";"$ 1.616.293";"$ 0";"$ 120.417";"No";"No tiene";"No tiene";"No tiene";"01/01/2026";"31/12/2026";"No informa";"REMUNERACION MARZO 2026 + BONOS TRIMESTRALES";
"2026";"Marzo";"Profesional";"CACERES SERRANO, LUIS FELIPE";"Apoyo Administrativo";"11";"INGENIERO (A) ELECTRICO";"Región Metropolitana de Santiago";"(186)";"$ 2.628.039";"$ 2.036.783";"$ 0";"$ 223.073";"Sí";"$ 277.888 : 24,00 hrs";"No tiene";"No tiene";"01/01/2026";"31/12/2026";"No informa";"Sin observaciones";
"2026";"Marzo";"Profesional";"CACHANA ALVARADO, JOSE";"Apoyo Administrativo";"5";"INGENIERO (A) EN INFORMATICA";"Región Metropolitana de Santiago";"(186)";"$ 5.317.324";"$ 3.952.513";"$ 0";"$ 1.623.854";"No";"No tiene";"No tiene";"No tiene";"01/01/2026";"31/12/2026";"No informa";"REMUNERACION MARZO 2026 + BONOS TRIMESTRALES";
"2026";"Marzo";"Administrativo";"CADENA ARAYA, KAREN YANINA";"Apoyo Administrativo";"21";"ADMINISTRATIVO";"Región Metropolitana de Santiago";"(186)";"$ 778.627";"$ 589.661";"$ 0";"$ 123.073";"No";"No tiene";"No tiene";"No tiene";"01/01/2026";"31/12/2026";"No informa";"Sin observaciones";
"2026";"Marzo";"Profesional";"CADIZ QUEZADA, SANDRA MARGARITA";"Apoyo Administrativo";"8";"ARQUITECTO(A)";"Región Metropolitana de Santiago";"(186)(186)";"$ 3.380.802";"$ 2.040.543";"$ 0";"$ 499.425";"No";"No tiene";"No tiene";"No tiene";"01/01/2026";"31/12/2026";"No informa";"REMUNERACION MARZO 2026 + BONOS TRIMESTRALES";
"2026";"Marzo";"Administrativo";"CALDERON BUENO, GEORGINA DE LA ROSA";"Apoyo Administrativo";"16";"INGENIERO (A) EJECUCION ADMINISTRACION DE EMPRESAS";"Región Metropolitana de Santiago";"(186)";"$ 1.814.577";"$ 1.258.012";"$ 0";"$ 461.940";"No";"No tiene";"No tiene";"No tiene";"01/01/2026";"31/12/2026";"No informa";"Sin observaciones";
"2026";"Marzo";"Técnico";"CALDERON CASTRO, TRINIDAD DEL CARMEN";"Atencion Clinica";"22";"TECNICO NIVEL SUPERIOR ENFERMERIA";"Región Metropolitana de Santiago";"(186)";"$ 854.193";"$ 655.287";"$ 0";"$ 120.553";"No";"No tiene";"No tiene";"No tiene";"01/01/2026";"31/12/2026";"No informa";"Sin observaciones";
"2026";"Marzo";"Técnico";"CALDERON CATALAN, KAMILA FRANCISCA POLLETT";"Atencion Clinica";"22";"TECNICO NIVEL SUPERIOR ENFERMERIA";"Región Metropolitana de Santiago";"(186)";"$ 868.452";"$ 668.378";"$ 0";"$ 134.812";"No";"No tiene";"No tiene";"No tiene";"01/01/2026";"31/12/2026";"No informa";"Sin observaciones";
"2026";"Marzo";"Auxiliar";"CALDERON PELLISSA, MAURICIO ANTONIO";"CONDUCTOR";"22";"AUXILIAR";"Región Metropolitana de Santiago";"(205)(202)(204)";"$ 1.079.206";"$ 463.753";"$ 0";"$ 127.035";"No";"No tiene";"No tiene";"No tiene";"01/01/2026";"31/12/2026";"No informa";"CANCELA PAGO TRIMESTRAL LEY 19.490 PERIODO 03/2026+CANCELA PAGO TRIMESTRAL LEY 19.937 PERIODO 03/2026+REMUNERACION MAR.2026";
"2026";"Marzo";"Profesional";"CALDERON PIZARRO, LESLY BELEN";"Atencion Clinica";"12";"ENFERMERA (O)";"Región Metropolitana de Santiago";"(01)";"$ 2.084.694";"$ 1.659.097";"$ 0";"$ 140.486";"No";"No tiene";"No tiene";"No tiene";"01/01/2026";"31/12/2026";"No informa";"Sin observaciones";
"2026";"Marzo";"Profesional";"CALDERON QUIJADA, CONSTANZA ANDREA";"Apoyo Administrativo";"12";"ADMINISTRADOR (A) PUBLICO";"Región Metropolitana de Santiago";"(186)";"$ 2.128.608";"$ 1.652.401";"$ 0";"$ 120.417";"Sí";"$ 106.260 : 10,00 hrs";"No tiene";"No tiene";"01/01/2026";"31/12/2026";"No informa";"Sin observaciones";
"2026";"Marzo";"Técnico";"CALDERON VASQUEZ, JESVANA ARLY";"Atencion Clinica";"21";"TECNICO NIVEL SUPERIOR ENFERMERIA";"Región Metropolitana de Santiago";"(186)";"$ 854.422";"$ 654.559";"$ 0";"$ 123.073";"No";"No tiene";"No tiene";"No tiene";"01/01/2026";"31/03/2026";"No informa";"Sin observaciones";
"2026";"Marzo";"Profesional";"CALFULEO CORNEJO, PAULINA ISABEL";"Atencion Clinica";"15";"MATRON (A)";"Región Metropolitana de Santiago";"(186)";"$ 1.608.958";"$ 1.253.326";"$ 0";"$ 108.641";"No";"No tiene";"No tiene";"No tiene";"01/01/2026";"31/03/2026";"No informa";"Sin observaciones";
"2026";"Marzo";"Técnico";"CALVO GALLARDO, PATRICIA IVONNE";"Atencion Clinica";"21";"TECNICO NIVEL SUPERIOR ODONTOLOGIA";"Región Metropolitana de Santiago";"(186)";"$ 1.011.949";"$ 720.543";"$ 0";"$ 137.059";"No";"No tiene";"No tiene";"No tiene";"01/01/2026";"31/12/2026";"No informa";"Sin observaciones";
"2026";"Marzo";"Profesional";"CAMACHO CAICEDO, VALERIA SOFIA";"Atencion Clinica";"16";"NUTRICIONISTA";"Región Metropolitana de Santiago";"(01)";"$ 1.369.545";"$ 1.124.095";"$ 0";"$ 0";"No";"No tiene";"No tiene";"No tiene";"01/01/2026";"31/03/2026";"No informa";"Sin observaciones";
"2026";"Marzo";"Profesional";"CAMARADA SOTO, NATTALY ALEJANDRA";"Atencion Clinica";"15";"MATRON (A)";"Región Metropolitana de Santiago";"(186)";"$ 1.774.248";"$ 1.357.185";"$ 0";"$ 173.825";"No";"No tiene";"No tiene";"No tiene";"01/01/2026";"31/12/2026";"No informa";"Sin observaciones";
"2026";"Marzo";"Médicos cirujanos, farmacéuticos, químico-farmacéuticos, bioquímicos, cirujano-dentistas";"CAMEJO HENRIQUEZ, JORGE LUIS";"Medicina Familiar";"44 Hrs.";"MEDICO CIRUJANO";"Región Metropolitana de Santiago";"(188)(86)(186)";"$ 6.857.525";"$ 5.842.164";"$ 0";"$ 0";"No";"No tiene";"No tiene";"No tiene";"01/01/2026";"31/12/2026";"No informa";"Sin observaciones";
"2026";"Marzo";"Profesional";"CAMIROAGA PEÑA, PIA IGNACIA";"Atencion Clinica";"16";"ENFERMERA (O)";"Región Metropolitana de Santiago";"(186)";"$ 1.507.790";"$ 1.206.691";"$ 0";"$ 85.349";"Sí";"$ 44.921 : 6,00 hrs";"No tiene";"No tiene";"01/01/2026";"31/12/2026";"No informa";"Sin observaciones";
"2026";"Marzo";"Administrativo";"CAMPBELL ALFARO, MILTON ALEXIS";"Apoyo Administrativo";"22";"ADMINISTRATIVO";"Región Metropolitana de Santiago";"(186)";"$ 907.713";"$ 703.242";"$ 0";"$ 155.553";"Sí";"$ 38.526 : 11,00 hrs";"$ 71.447 : 17,00 hrs";"No tiene";"01/01/2026";"31/12/2026";"No informa";"Sin observaciones";
"2026";"Marzo";"Profesional";"CAMPILLAY FERNANDEZ, PAULA IRENE";"Atencion Clinica";"15";"PSICOLOGO (A)";"Región Metropolitana de Santiago";"(01)";"$ 745.853";"$ 609.586";"$ 0";"$ 0";"No";"No tiene";"No tiene";"No tiene";"01/01/2026";"31/12/2026";"No informa";"Sin observaciones";
"2026";"Marzo";"Profesional";"CAMPOS ALARCON, CATALINA DE LOS ANGELES";"Atencion Clinica";"15";"TERAPEUTA OCUPACIONAL";"Región Metropolitana de Santiago";"(186)";"$ 1.947.362";"$ 1.566.278";"$ 0";"$ 158.305";"Sí";"$ 197.247 : 24,00 hrs";"No tiene";"No tiene";"01/01/2026";"31/12/2026";"No informa";"Sin observaciones";
"2026";"Marzo";"Administrativo";"CAMPOS BUSTAMANTE, JUDITH";"Apoyo Administrativo";"13";"ADMINISTRATIVO";"Región Metropolitana de Santiago";"(186)";"$ 1.347.203";"$ 971.143";"$ 0";"$ 294.997";"No";"No tiene";"No tiene";"No tiene";"01/01/2026";"31/12/2026";"No informa";"REMUNERACION MARZO 2026 + BONOS TRIMESTRALES";
"2026";"Marzo";"Administrativo";"CAMPOS CAMPOS, ANDRES DAVID";"Apoyo Administrativo";"13";"ADMINISTRATIVO";"Región Metropolitana de Santiago";"(186)";"$ 1.350.559";"$ 1.052.700";"$ 0";"$ 256.519";"Sí";"$ 41.834 : 7,00 hrs";"No tiene";"No tiene";"01/01/2026";"31/12/2026";"No informa";"Sin observaciones";
"2026";"Marzo";"Profesional";"CAMPOS CONTRERAS, CINDY MACARENA";"Atencion Clinica";"15";"ENFERMERA (O)";"Región Metropolitana de Santiago";"(186)";"$ 1.658.622";"$ 1.305.238";"$ 0";"$ 158.305";"No";"No tiene";"No tiene";"No tiene";"01/01/2026";"31/12/2026";"No informa";"Sin observaciones";
"2026";"Marzo";"Profesional";"CAMPOS MARAMBIO, RODRIGO FERNANDO";"Atencion Clinica";"15";"KINESIOLOGO (A)";"Región Metropolitana de Santiago";"(186)";"$ 1.710.869";"$ 1.363.285";"$ 0";"$ 108.641";"Sí";"$ 32.875 : 4,00 hrs";"$ 69.036 : 7,00 hrs";"No tiene";"01/01/2026";"31/12/2026";"No informa";"Sin observaciones";
"2026";"Marzo";"Profesional";"CAMPOS SANDOVAL, ROMINA MABEL";"Atencion Clinica";"14";"ENFERMERA (O)";"Región Metropolitana de Santiago";"(186)";"$ 3.373.121";"$ 2.849.855";"$ 0";"$ 198.694";"Sí";"$ 290.404 : 32,00 hrs";"$ 1.121.688 : 103,00 hrs";"No tiene";"01/01/2026";"31/12/2026";"No informa";"Sin observaciones";
"2026";"Marzo";"Administrativo";"CAMPOS SEREY, ANTONIETA JANETT";"Apoyo Administrativo";"22";"ADMINISTRATIVO";"Región Metropolitana de Santiago";"(186)";"$ 843.833";"$ 652.615";"$ 0";"$ 134.812";"No";"No tiene";"No tiene";"No tiene";"01/01/2026";"31/12/2026";"No informa";"Sin observaciones";
"2026";"Marzo";"Profesional";"CAMPOS VILLALOBOS, LEDA CHANEL";"Apoyo Administrativo";"10";"ADMINISTRADOR (A) PUBLICO";"Región Metropolitana de Santiago";"(186)";"$ 2.457.311";"$ 1.936.350";"$ 0";"$ 143.000";"No";"No tiene";"No tiene";"No tiene";"01/01/2026";"31/12/2026";"No informa";"REMUNERACION MARZO 2026 + BONOS TRIMESTRALES";
"2026";"Marzo";"Médicos cirujanos, farmacéuticos, químico-farmacéuticos, bioquímicos, cirujano-dentistas";"CAMPUSANO BORGES, ESTEFANIA ANDREA";"Atencion Clinica Medica";"44 Hrs.";"MEDICO CIRUJANO";"Región Metropolitana de Santiago";"(86)(186)";"$ 4.702.465";"$ 3.859.114";"$ 0";"$ 0";"Sí";"$ 237.800 : 20,00 hrs";"$ 998.760 : 70,00 hrs";"No tiene";"01/01/2026";"07/05/2026";"No informa";"Sin observaciones";
"2026";"Marzo";"Profesional";"CANALES SAAVEDRA, PAOLA ANDREA";"Atencion Clinica";"15";"MATRON (A)";"Región Metropolitana de Santiago";"(186)";"$ 1.980.237";"$ 1.563.606";"$ 0";"$ 158.305";"Sí";"$ 180.810 : 22,00 hrs";"$ 49.312 : 5,00 hrs";"No tiene";"01/01/2026";"31/12/2026";"No informa";"Sin observaciones";
"2026";"Marzo";"Técnico";"CANALES SALAZAR, TAMARA ALEJANDRA";"Atencion Clinica";"21";"TECNICO NIVEL SUPERIOR ENFERMERIA";"Región Metropolitana de Santiago";"(186)";"$ 994.097";"$ 781.145";"$ 0";"$ 145.450";"Sí";"$ 112.361 : 30,00 hrs";"No tiene";"No tiene";"01/01/2026";"31/12/2026";"No informa";"Sin observaciones";
"2026";"Marzo";"Profesional";"CANALES URRIOLA, CLAUDIA ANGELICA";"Atencion Clinica";"12";"ASISTENTE SOCIAL";"Región Metropolitana de Santiago";"(186)";"$ 2.460.431";"$ 1.803.641";"$ 0";"$ 381.320";"No";"No tiene";"No tiene";"No tiene";"01/01/2026";"31/12/2026";"No informa";"Sin observaciones";
"2026";"Marzo";"Administrativo";"CANCINO VEGA, NATACHA STIVALIE";"Apoyo Administrativo";"22";"TECNICO NIVEL SUPERIOR EN TRABAJO SOCIAL";"Región Metropolitana de Santiago";"(01)";"$ 251.338";"$ 207.152";"$ 0";"$ 0";"No";"No tiene";"No tiene";"No tiene";"01/03/2026";"12/03/2026";"No informa";"CONTRATO POR REEMPLAZO";
"2026";"Marzo";"Administrativo";"CANCINO VEGA, NATACHA STIVALIE";"Apoyo Administrativo";"22";"TECNICO NIVEL SUPERIOR EN TRABAJO SOCIAL";"Región Metropolitana de Santiago";"(01)";"$ 251.338";"$ 207.152";"$ 0";"$ 0";"No";"No tiene";"No tiene";"No tiene";"20/03/2026";"31/03/2026";"No informa";"CONTRATO POR REEMPLAZO";
"2026";"Marzo";"Profesional";"CANDIA MILLAR, TAMARA ANDREA";"Atencion Clinica";"15";"ASISTENTE SOCIAL";"Región Metropolitana de Santiago";"(186)";"$ 1.942.783";"$ 1.542.968";"$ 0";"$ 217.282";"Sí";"$ 116.464 : 14,00 hrs";"No tiene";"No tiene";"01/01/2026";"31/12/2026";"No informa";"Sin observaciones";
"2026";"Marzo";"Técnico";"CANDIA VALENZUELA, NADIA SOLEDAD";"Atencion Clinica";"20";"ENFERMERA (O)";"Región Metropolitana de Santiago";"(186)";"$ 1.252.070";"$ 925.170";"$ 0";"$ 243.597";"No";"No tiene";"No tiene";"No tiene";"01/01/2026";"31/12/2026";"No informa";"Sin observaciones";
"2026";"Marzo";"Médicos cirujanos, farmacéuticos, químico-farmacéuticos, bioquímicos, cirujano-dentistas";"CANIUMILLA ADONIS, ERIK ESTEBAN";"Atencion Clinica Medica";"44 Hrs.";"MEDICO CIRUJANO";"Región Metropolitana de Santiago";"(86)(186)";"$ 3.465.905";"$ 2.750.349";"$ 0";"$ 0";"No";"No tiene";"No tiene";"No tiene";"01/01/2026";"31/12/2026";"No informa";"Sin observaciones";
"2026";"Marzo";"Profesional";"CANO DELGADO, CARLOS";"Atencion Clinica";"14";"PSICOLOGO (A)";"Región Metropolitana de Santiago";"(186)";"$ 1.060.943";"$ 740.008";"$ 0";"$ 243.854";"No";"No tiene";"No tiene";"No tiene";"01/01/2026";"31/12/2026";"No informa";"Sin observaciones";
"2026";"Marzo";"Profesional";"CANO DELGADO, CARLOS";"Atencion Clinica";"14";"PSICOLOGO (A)";"Región Metropolitana de Santiago";"(186)";"$ 817.089";"$ 668.706";"$ 0";"$ 243.854";"No";"No tiene";"No tiene";"No tiene";"01/01/2026";"31/12/2026";"No informa";"Sin observaciones";
"2026";"Marzo";"Médicos cirujanos, farmacéuticos, químico-farmacéuticos, bioquímicos, cirujano-dentistas";"CANQUIL MATUS, IGNACIO ISMAEL";"Atencion Clinica Medica";"44 Hrs.";"MEDICO CIRUJANO";"Región Metropolitana de Santiago";"(86)";"$ 3.007.345";"$ 2.382.878";"$ 0";"$ 0";"No";"No tiene";"No tiene";"No tiene";"01/01/2026";"31/12/2026";"No informa";"Sin observaciones";
"2026";"Marzo";"Administrativo";"CANTILLANA GLORIA, ALEJANDRA SOLANGE";"Apoyo Administrativo";"21";"ADMINISTRATIVO";"Región Metropolitana de Santiago";"(01)";"$ 712.875";"$ 587.552";"$ 0";"$ 0";"No";"No tiene";"No tiene";"No tiene";"01/01/2026";"31/12/2026";"No informa";"Sin observaciones";
"2026";"Marzo";"Administrativo";"CARCAMO OYARCE, CINDY ANDREA";"Apoyo Administrativo";"21";"ADMINISTRATIVO";"Región Metropolitana de Santiago";"(186)";"$ 785.291";"$ 658.987";"$ 0";"$ 0";"No";"No tiene";"No tiene";"No tiene";"01/01/2026";"31/12/2026";"No informa";"Sin observaciones";
"2026";"Marzo";"Técnico";"CARCAMO PEREZ, ANDREA DANITZA";"Atencion Clinica";"22";"TECNICO NIVEL SUPERIOR EN FARMACIA";"Región Metropolitana de Santiago";"(186)";"$ 858.082";"$ 655.838";"$ 0";"$ 124.442";"No";"No tiene";"No tiene";"No tiene";"01/01/2026";"31/12/2026";"No informa";"Sin observaciones";
"2026";"Marzo";"Profesional";"CARDENAS LAZCANO, CONSUELO BEATRIZ";"Apoyo Administrativo";"8";"MATRON (A)";"Región Metropolitana de Santiago";"(01)";"$ 3.014.591";"$ 2.312.599";"$ 0";"$ 283.764";"No";"No tiene";"No tiene";"No tiene";"01/01/2026";"31/12/2026";"No informa";"Sin observaciones";
"2026";"Marzo";"Técnico";"CARDENAS MATAMALA, ELIZABETH TERESA";"Atencion Clinica";"22";"TECNICO NIVEL SUPERIOR ENFERMERIA";"Región Metropolitana de Santiago";"(186)";"$ 935.858";"$ 725.931";"$ 0";"$ 139.998";"No";"No tiene";"No tiene";"No tiene";"01/01/2026";"31/12/2026";"No informa";"Sin observaciones";
"2026";"Marzo";"Técnico";"CARDENAS MONTECINOS, PATRICIA ALEJANDRA";"ATENCION CLINICA";"22";"TECNICO NIVEL SUPERIOR ENFERMERIA";"Región Metropolitana de Santiago";"(203)(204)(186)";"$ 1.189.644";"$ 806.876";"$ 0";"$ 134.812";"Sí";"$ 49.032 : 14,00 hrs";"$ 142.895 : 34,00 hrs";"No tiene";"01/01/2026";"31/12/2026";"No informa";"CANCELA ASIG. TECNICA+CANCELA PAGO TRIMESTRAL LEY 19.490 Y LEY 19.937 PERIODO 03/2026+REMUNERACION MAR.2026";
"2026";"Marzo";"Auxiliar";"CARDENAS PALMA, ALEX RODRIGO";"CONDUCTOR";"22";"AUXILIAR";"Región Metropolitana de Santiago";"(205)(202)(204)(186)";"$ 1.087.652";"$ 839.127";"$ 0";"$ 134.812";"No";"No tiene";"No tiene";"No tiene";"01/01/2026";"31/12/2026";"No informa";"CANCELA PAGO TRIMESTRAL LEY 19.490 PERIODO 03/2026+CANCELA PAGO TRIMESTRAL LEY 19.937 PERIODO 03/2026+REMUNERACION MAR.2026";
"2026";"Marzo";"Administrativo";"CARES SANDOVAL, NINOSKA XIMENA";"Secretaria";"16";"RELACIONADOR (A) PUBLICO";"Región Metropolitana de Santiago";"(186)";"$ 1.611.435";"$ 1.204.698";"$ 0";"$ 258.798";"No";"No tiene";"No tiene";"No tiene";"01/01/2026";"31/12/2026";"No informa";"REMUNERACION MARZO 2026 + BONOS TRIMESTRALES";
"2026";"Marzo";"Técnico";"CARO JORQUERA, EVELYN MARGARITA";"Atencion Clinica";"22";"TECNICO NIVEL SUPERIOR ENFERMERIA";"Región Metropolitana de Santiago";"(01)";"$ 838.484";"$ 644.785";"$ 0";"$ 114.072";"No";"No tiene";"No tiene";"No tiene";"01/01/2026";"31/03/2026";"No informa";"Sin observaciones";
"2026";"Marzo";"Profesional";"CARO OLIVARES, GERSON ARIEL";"ATENCION CLINICA";"13";"ENFERMERA (O)";"Región Metropolitana de Santiago";"(203)(204)(186)";"$ 3.079.746";"$ 2.465.701";"$ 0";"$ 299.389";"Sí";"$ 9.844 : 1,00 hrs";"$ 295.311 : 25,00 hrs";"No tiene";"01/01/2026";"31/12/2026";"No informa";"CANCELA PAGO TRIMESTRAL LEY 19.490 PERIODO 03/2026+CANCELA PAGO TRIMESTRAL LEY 19.937 PERIODO 03/2026+REMUNERACION MAR.2026";
"2026";"Marzo";"Técnico";"CARO PINO, NICOLE LISSETTE";"Atencion Clinica";"22";"TECNICO NIVEL SUPERIOR ENFERMERIA";"Región Metropolitana de Santiago";"(186)";"$ 1.012.582";"$ 811.558";"$ 0";"$ 124.442";"Sí";"$ 20.832 : 6,00 hrs";"No tiene";"No tiene";"01/01/2026";"31/12/2026";"No informa";"Sin observaciones";
"2026";"Marzo";"Auxiliar";"CAROCA MADARIAGA, NIBALDO ALEXANDER";"CONDUCTOR";"22";"AUXILIAR";"Región Metropolitana de Santiago";"(205)(202)(204)";"$ 1.307.760";"$ 924.508";"$ 0";"$ 114.072";"Sí";"$ 3.411 : 1,00 hrs";"$ 225.143 : 55,00 hrs";"No tiene";"01/01/2026";"31/12/2026";"No informa";"CANCELA PAGO TRIMESTRAL LEY 19.937 PERIODO 03/2026+REMUNERACION MAR.2026";
"2026";"Marzo";"Profesional";"CARRASCO CORNEJO, JUAN CARLOS";"Apoyo Administrativo";"8";"INGENIERO (A) COMERCIAL";"Región Metropolitana de Santiago";"(186)";"$ 3.577.175";"$ 2.474.718";"$ 0";"$ 681.034";"No";"No tiene";"No tiene";"No tiene";"01/01/2026";"31/12/2026";"No informa";"REMUNERACION MARZO 2026 + BONOS TRIMESTRALES";
"2026";"Marzo";"Profesional";"CARRASCO DIAZ, FABIOLA ANDREA";"Apoyo Administrativo";"8";"ENFERMERA (O)";"Región Metropolitana de Santiago";"(01)";"$ 2.730.827";"$ 2.170.688";"$ 0";"$ 0";"No";"No tiene";"No tiene";"No tiene";"07/01/2026";"07/04/2026";"No informa";"Sin observaciones";
"2026";"Marzo";"Técnico";"CARRASCO DONOSO, CRISTIAN ELIAS ALBERTO";"ATENCION CLINICA";"22";"TECNICO NIVEL SUPERIOR ENFERMERIA";"Región Metropolitana de Santiago";"(202)(204)(186)";"$ 1.339.544";"$ 682.290";"$ 0";"$ 127.035";"Sí";"$ 98.065 : 28,00 hrs";"$ 84.056 : 20,00 hrs";"No tiene";"01/01/2026";"31/12/2026";"No informa";"CANCELA ASIG. TECNICA+CANCELA PAGO TRIMESTRAL LEY 19.490 Y LEY 19.937 PERIODO 03/2026+REMUNERACION MAR.2026";
"2026";"Marzo";"Profesional";"CARRASCO FUENZALIDA, VANIA MARCELA";"Atencion Clinica";"16";"PSICOLOGO (A)";"Región Metropolitana de Santiago";"(01)";"$ 1.454.894";"$ 1.144.207";"$ 0";"$ 85.349";"No";"No tiene";"No tiene";"No tiene";"01/01/2026";"24/03/2026";"No informa";"Sin observaciones";
"2026";"Marzo";"Administrativo";"CARRASCO GOMEZ, MARIBEL DAISY";"Apoyo Administrativo";"13";"ADMINISTRATIVO";"Región Metropolitana de Santiago";"(186)";"$ 1.498.793";"$ 1.093.774";"$ 0";"$ 327.062";"Sí";"$ 119.525 : 20,00 hrs";"No tiene";"No tiene";"01/01/2026";"31/12/2026";"No informa";"Sin observaciones";
"2026";"Marzo";"Profesional";"CARRASCO MANCILLA, CAMILA FERNANDA";"Atencion Clinica";"13";"TERAPEUTA OCUPACIONAL";"Región Metropolitana de Santiago";"(01)";"$ 1.770.239";"$ 1.433.056";"$ 0";"$ 0";"No";"No tiene";"No tiene";"No tiene";"01/01/2026";"31/12/2026";"No informa";"Sin observaciones";
"2026";"Marzo";"Profesional";"CARRASCO NAVAS, CAROL CRISTINA";"ATENCION CLINICA";"13";"ENFERMERA (O)";"Región Metropolitana de Santiago";"(203)(204)(186)";"$ 3.316.970";"$ 2.657.677";"$ 0";"$ 325.262";"Sí";"$ 267.359 : 27,00 hrs";"$ 261.417 : 22,00 hrs";"No tiene";"01/01/2026";"31/12/2026";"No informa";"CANCELA PAGO TRIMESTRAL LEY 19.490 PERIODO 03/2026+CANCELA PAGO TRIMESTRAL LEY 19.937 PERIODO 03/2026+REMUNERACION MAR.2026";
"2026";"Marzo";"Profesional";"CARRASCO POBLETE, TAMARA FRANCISCA";"Atencion Clinica";"16";"NUTRICIONISTA";"Región Metropolitana de Santiago";"(01)";"$ 913.033";"$ 677.303";"$ 0";"$ 0";"No";"No tiene";"No tiene";"No tiene";"12/01/2026";"20/03/2026";"No informa";"CONTRATO POR REEMPLAZO";
"2026";"Marzo";"Técnico";"CARRASCO SOTO, CAROLINA BELEN";"Atencion Clinica";"18";"TECNICO DE NIVEL SUPERIOR EN PREVENCION Y REHABILITACION EN DROGODEPENDENCIA";"Región Metropolitana de Santiago";"(01)";"$ 1.146.218";"$ 944.665";"$ 0";"$ 0";"No";"No tiene";"No tiene";"No tiene";"01/01/2026";"31/12/2026";"No informa";"Sin observaciones";
"2026";"Marzo";"Médicos cirujanos, farmacéuticos, químico-farmacéuticos, bioquímicos, cirujano-dentistas";"CARRASCO VALENZUELA, SOLEDAD ALEJANDRA";"Atencion Odontologica";"44 Hrs.";"CIRUJANO DENTISTA";"Región Metropolitana de Santiago";"(86)(186)";"$ 6.068.905";"$ 4.966.231";"$ 0";"$ 0";"No";"No tiene";"No tiene";"No tiene";"01/01/2026";"31/12/2026";"No informa";"Sin observaciones";
"2026";"Marzo";"Administrativo";"CARREÑO BUSTAMANTE, CRISTIAN ANDRES";"APOYO ADMINISTRATIVO";"16";"ADMINISTRATIVO";"Región Metropolitana de Santiago";"(186)";"$ 945.558";"$ 760.876";"$ 0";"$ 369.939";"Sí";"$ 78.953 : 16,00 hrs";"No tiene";"No tiene";"01/01/2026";"31/12/2026";"No informa";"CANCELA PAGO TRIMESTRAL LEY 19.490 PERIODO 03/2026+CANCELA PAGO TRIMESTRAL LEY 19.937 PERIODO 03/2026+REMUNERACION MAR.2026";
"2026";"Marzo";"Profesional";"CARREÑO CARO, MARIA GABRIELA";"Apoyo Administrativo";"15";"INGENIERO (A) EJECUCION CONTROL DE GESTION";"Región Metropolitana de Santiago";"(186)";"$ 2.052.538";"$ 1.591.874";"$ 0";"$ 217.282";"Sí";"$ 214.988 : 26,00 hrs";"$ 19.845 : 2,00 hrs";"No tiene";"01/01/2026";"31/12/2026";"No informa";"Sin observaciones";
"2026";"Marzo";"Profesional";"CARREÑO GAIBISSO, KARINA PAOLA";"Atencion Clinica";"12";"ENFERMERA (O)";"Región Metropolitana de Santiago";"(186)";"$ 2.327.526";"$ 1.738.171";"$ 0";"$ 280.972";"No";"No tiene";"No tiene";"No tiene";"01/01/2026";"31/12/2026";"No informa";"Sin observaciones";
"2026";"Marzo";"Profesional";"CARRERA AZOCAR, KAREN ALEJANDRA";"Atencion Clinica";"15";"PSICOLOGO (A)";"Región Metropolitana de Santiago";"(186)";"$ 1.717.599";"$ 1.341.431";"$ 0";"$ 217.282";"No";"No tiene";"No tiene";"No tiene";"01/01/2026";"31/12/2026";"No informa";"Sin observaciones";
"2026";"Marzo";"Profesional";"CARRIEL CAÑUTA, YESENIA JOSELYN ORIETA";"Atencion Clinica";"15";"ENFERMERA (O)";"Región Metropolitana de Santiago";"(186)";"$ 1.810.101";"$ 1.389.607";"$ 0";"$ 192.449";"No";"No tiene";"No tiene";"No tiene";"01/01/2026";"31/12/2026";"No informa";"Sin observaciones";
"2026";"Marzo";"Médicos cirujanos, farmacéuticos, químico-farmacéuticos, bioquímicos, cirujano-dentistas";"CARRILLO ARISMENDI, DIANA ESPERANZA";"Atencion Clinica Medica";"33 Hrs.";"MEDICO CIRUJANO";"Región Metropolitana de Santiago";"(188)(186)";"$ 3.322.399";"$ 2.614.575";"$ 0";"$ 0";"No";"No tiene";"No tiene";"No tiene";"01/01/2026";"31/12/2026";"No informa";"Sin observaciones";
"2026";"Marzo";"Profesional";"CARRION BUBNIAK, SUSAN CAROLINA";"Apoyo Administrativo";"11";"INGENIERO (A) EJECUCION ADMINISTRACION DE EMPRESAS";"Región Metropolitana de Santiago";"(01)";"$ 2.652.995";"$ 1.918.080";"$ 0";"$ 446.145";"No";"No tiene";"No tiene";"No tiene";"01/01/2026";"31/12/2026";"No informa";"REMUNERACION MARZO 2026 + BONOS TRIMESTRALES";
"2026";"Marzo";"Profesional";"CARRION GONZALEZ, ALEXIS ALBERTO";"JEFE DE DEPARTAMENTO";"10";"TRABAJADOR (A) SOCIAL";"Región Metropolitana de Santiago";"(186)";"$ 2.326.969";"$ 1.445.545";"$ 0";"$ 266.933";"No";"No tiene";"No tiene";"No tiene";"01/01/2026";"31/12/2026";"No informa";"CANCELA PAGO TRIMESTRAL LEY 19.490 PERIODO 03/2026+CANCELA PAGO TRIMESTRAL LEY 19.937 PERIODO 03/2026+REMUNERACION MAR.2026";
"2026";"Marzo";"Médicos cirujanos, farmacéuticos, químico-farmacéuticos, bioquímicos, cirujano-dentistas";"CARTAGENA GIL, DANIELA PAZ";"Medico Becario Primario";"44 Hrs.";"MEDICO CIRUJANO";"Región Metropolitana de Santiago";"(01)";"$ 2.875.980";"$ 2.373.833";"$ 0";"$ 0";"No";"No tiene";"No tiene";"No tiene";"06/05/2025";"05/05/2026";"No informa";"Sin observaciones";
"2026";"Marzo";"Técnico";"CARTES GAETE, PAULA ANDREA";"Atencion Clinica";"20";"TECNICO NIVEL SUPERIOR ENFERMERIA";"Región Metropolitana de Santiago";"(186)";"$ 1.052.529";"$ 832.370";"$ 0";"$ 166.721";"No";"No tiene";"No tiene";"No tiene";"01/01/2026";"31/12/2026";"No informa";"Sin observaciones";
"2026";"Marzo";"Técnico";"CARVACHO LOBELUZ, VALERY MAKARENA";"Atencion Clinica";"22";"TECNICO NIVEL SUPERIOR ENFERMERIA";"Región Metropolitana de Santiago";"(186)";"$ 843.098";"$ 647.382";"$ 0";"$ 114.072";"No";"No tiene";"No tiene";"No tiene";"01/01/2026";"31/03/2026";"No informa";"Sin observaciones";
"2026";"Marzo";"Profesional";"CARVACHO SAEZ, RUBEN ALEJANDRO";"Jefe Unidad de Apoyo";"6";"ABOGADO (A)";"Región Metropolitana de Santiago";"(186)";"$ 3.806.328";"$ 2.913.469";"$ 0";"$ 428.435";"No";"No tiene";"No tiene";"No tiene";"01/01/2026";"31/12/2026";"No informa";"REMUNERACION MARZO 2026 + BONOS TRIMESTRALES";
"2026";"Marzo";"Profesional";"CARVALLO GUTIERREZ, ANA MARIA";"Atencion Clinica";"16";"NUTRICIONISTA";"Región Metropolitana de Santiago";"(01)";"$ 1.454.894";"$ 1.142.500";"$ 0";"$ 85.349";"No";"No tiene";"No tiene";"No tiene";"01/01/2026";"31/12/2026";"No informa";"Sin observaciones";
"2026";"Marzo";"Médicos cirujanos, farmacéuticos, químico-farmacéuticos, bioquímicos, cirujano-dentistas";"CARVALLO MATURANA, JAVIER IGNACIO";"Medico Becario Primario";"44 Hrs.";"MEDICO CIRUJANO";"Región Metropolitana de Santiago";"(01)";"$ 2.875.980";"$ 2.370.382";"$ 0";"$ 0";"No";"No tiene";"No tiene";"No tiene";"08/05/2025";"07/05/2026";"No informa";"Sin observaciones";
"2026";"Marzo";"Técnico";"CASTAÑEDA ESPINOZA, FLORENCIA DE LAS NIEVES";"ATENCION CLINICA";"22";"TECNICO NIVEL SUPERIOR ENFERMERIA";"Región Metropolitana de Santiago";"(203)(204)(186)";"$ 990.654";"$ 497.955";"$ 0";"$ 162.228";"No";"No tiene";"No tiene";"No tiene";"01/01/2026";"31/12/2026";"No informa";"CANCELA ASIG. TECNICA+CANCELA BONO ESCOLAR 2026-202603+CANCELA PAGO TRIMESTRAL LEY 19.490 Y LEY 19.937 PERIODO 03/2026+REMUNERACION MAR.2026";
"2026";"Marzo";"Técnico";"CASTAÑEDA HOLTMANN, IGNACIO ALEXIS";"ATENCION CLINICA";"22";"TECNICO NIVEL SUPERIOR ENFERMERIA";"Región Metropolitana de Santiago";"(203)(204)(186)";"$ 933.678";"$ 347.322";"$ 0";"$ 139.998";"No";"No tiene";"No tiene";"No tiene";"01/01/2026";"31/12/2026";"No informa";"CANCELA ASIG. TECNICA+CANCELA PAGO TRIMESTRAL LEY 19.490 Y LEY 19.937 PERIODO 03/2026+REMUNERACION MAR.2026";
"2026";"Marzo";"Técnico";"CASTAÑEDA MUÑOZ, KARYN MARION";"ATENCION CLINICA";"22";"FONOAUDIOLOGO (A)";"Región Metropolitana de Santiago";"(203)(204)(186)";"$ 1.232.313";"$ 776.705";"$ 0";"$ 175.182";"No";"No tiene";"No tiene";"No tiene";"01/01/2026";"31/12/2026";"No informa";"CANCELA PAGO TRIMESTRAL LEY 19.490 PERIODO 03/2026+CANCELA PAGO TRIMESTRAL LEY 19.937 PERIODO 03/2026+REMUNERACION MAR.2026";
"2026";"Marzo";"Auxiliar";"CASTILLO ALDUNCE, RICHARD MANUEL";"Apoyo Logistico";"23";"AUXILIAR";"Región Metropolitana de Santiago";"(01)";"$ 830.718";"$ 716.764";"$ 0";"$ 0";"Sí";"$ 31.169 : 10,00 hrs";"$ 172.049 : 46,00 hrs";"No tiene";"01/01/2026";"31/03/2026";"No informa";"Sin observaciones";
"2026";"Marzo";"Médicos cirujanos, farmacéuticos, químico-farmacéuticos, bioquímicos, cirujano-dentistas";"CASTILLO ARAYA, ANA MARCELA";"Atencion Clinica Medica";"44 Hrs.";"MEDICO CIRUJANO";"Región Metropolitana de Santiago";"(188)(186)";"$ 5.219.221";"$ 4.261.751";"$ 0";"$ 0";"No";"No tiene";"No tiene";"No tiene";"01/01/2026";"31/12/2026";"No informa";"Sin observaciones";
"2026";"Marzo";"Médicos cirujanos, farmacéuticos, químico-farmacéuticos, bioquímicos, cirujano-dentistas";"CASTILLO ARIAS, KARINA ELIZABETH";"Quimico Farmaceutico";"44 Hrs.";"QUIMICO FARMACEUTICO";"Región Metropolitana de Santiago";"(86)(186)";"$ 6.163.315";"$ 5.042.875";"$ 0";"$ 0";"No";"No tiene";"No tiene";"No tiene";"01/01/2026";"31/12/2026";"No informa";"Sin observaciones";
"2026";"Marzo";"Profesional";"CASTILLO BUDIN, MARUZELLA SOLANGE";"Coordinador";"9";"INGENIERO (A) EJECUCION ADMINISTRACION";"Región Metropolitana de Santiago";"(186)";"$ 3.176.607";"$ 2.224.420";"$ 0";"$ 562.296";"No";"No tiene";"No tiene";"No tiene";"01/01/2026";"31/12/2026";"No informa";"Sin observaciones";
"2026";"Marzo";"Profesional";"CASTILLO CARRASCO, JESSICA MADELAINE";"Apoyo Administrativo";"13";"PSICOLOGO (A)";"Región Metropolitana de Santiago";"(01)";"$ 1.881.124";"$ 1.504.183";"$ 0";"$ 110.885";"No";"No tiene";"No tiene";"No tiene";"01/01/2026";"31/12/2026";"No informa";"Sin observaciones";
"2026";"Marzo";"Profesional";"CASTILLO CASTILLO, NATHALIE NICOLE";"Atencion Clinica";"16";"ENFERMERA (O)";"Región Metropolitana de Santiago";"(01)";"$ 1.534.255";"$ 1.260.426";"$ 0";"$ 0";"Sí";"$ 74.868 : 10,00 hrs";"$ 89.842 : 10,00 hrs";"No tiene";"01/01/2026";"21/05/2026";"No informa";"CONTRATO POR REEMPLAZO";
"2026";"Marzo";"Profesional";"CASTILLO CHACON, CONSTANZA FERNANDA";"Apoyo Logistico";"12";"INGENIERO (A) COMERCIAL";"Región Metropolitana de Santiago";"(01)";"$ 2.514.391";"$ 2.003.664";"$ 0";"$ 204.708";"Sí";"$ 200.694 : 19,00 hrs";"$ 164.781 : 13,00 hrs";"No tiene";"01/01/2026";"31/03/2026";"No informa";"Sin observaciones";
"2026";"Marzo";"Administrativo";"CASTILLO CURUMILLA, OSCAR";"Apoyo Administrativo";"14";"ADMINISTRATIVO";"Región Metropolitana de Santiago";"(01)";"$ 1.393.072";"$ 978.301";"$ 0";"$ 383.416";"Sí";"$ 64.241 : 12,00 hrs";"No tiene";"No tiene";"01/01/2026";"31/05/2026";"No informa";"REMUNERACION MARZO 2026 + BONOS TRIMESTRALES";
"2026";"Marzo";"Profesional";"CASTILLO HENRIQUEZ, JORGE IGNACIO";"Atencion Clinica";"14";"KINESIOLOGO (A)";"Región Metropolitana de Santiago";"(186)(186)";"$ 1.951.725";"$ 1.355.061";"$ 0";"$ 198.694";"No";"No tiene";"No tiene";"No tiene";"01/01/2026";"31/12/2026";"No informa";"Sin observaciones";
"2026";"Marzo";"Administrativo";"CASTILLO RIVAS, NESTOR FRANCISCO";"APOYO ADMINISTRATIVO";"22";"KINESIOLOGO (A)";"Región Metropolitana de Santiago";"(203)(204)(186)";"$ 1.154.149";"$ 788.712";"$ 0";"$ 156.653";"No";"No tiene";"No tiene";"No tiene";"01/01/2026";"31/12/2026";"No informa";"CANCELA PAGO TRIMESTRAL LEY 19.490 PERIODO 03/2026+CANCELA PAGO TRIMESTRAL LEY 19.937 PERIODO 03/2026+REMUNERACION MAR.2026";
"2026";"Marzo";"Administrativo";"CASTILLO ROCCO, ALEX CHRISTIAN";"Apoyo Administrativo";"21";"ADMINISTRATIVO";"Región Metropolitana de Santiago";"(186)";"$ 841.846";"$ 640.502";"$ 0";"$ 145.450";"Sí";"$ 40.842 : 11,00 hrs";"No tiene";"No tiene";"01/01/2026";"31/12/2026";"No informa";"Sin observaciones";
"2026";"Marzo";"Médicos cirujanos, farmacéuticos, químico-farmacéuticos, bioquímicos, cirujano-dentistas";"CASTILLO SAEZ, PAOLA ANGELICA";"Atencion Odontologica";"22 Hrs.";"MÉDICOS CIRUJANOS, FARMACÉUTICOS, QUÍMICO-FARMACÉUTICOS, BIOQUÍMICOS, CIRUJANO-DENTISTAS";"Región Metropolitana de Santiago";"(86)(186)";"$ 2.582.639";"$ 2.252.031";"$ 0";"$ 0";"No";"No tiene";"No tiene";"No tiene";"01/01/2026";"31/12/2026";"No informa";"Sin observaciones";
"2026";"Marzo";"Médicos cirujanos, farmacéuticos, químico-farmacéuticos, bioquímicos, cirujano-dentistas";"CASTILLO SAEZ, PAOLA ANGELICA";"Atencion Odontologica";"22 Hrs.";"MÉDICOS CIRUJANOS, FARMACÉUTICOS, QUÍMICO-FARMACÉUTICOS, BIOQUÍMICOS, CIRUJANO-DENTISTAS";"Región Metropolitana de Santiago";"(86)(186)";"$ 2.582.639";"$ 1.957.784";"$ 0";"$ 0";"No";"No tiene";"No tiene";"No tiene";"01/01/2026";"31/12/2026";"No informa";"Sin observaciones";
"2026";"Marzo";"Médicos cirujanos, farmacéuticos, químico-farmacéuticos, bioquímicos, cirujano-dentistas";"CASTILLO SAEZ, RODRIGO ERIC";"Atencion Odontologica";"22 Hrs.";"CIRUJANO DENTISTA";"Región Metropolitana de Santiago";"(188)(186)";"$ 2.211.745";"$ 1.714.488";"$ 0";"$ 0";"No";"No tiene";"No tiene";"No tiene";"01/01/2026";"31/12/2026";"No informa";"Sin observaciones";
"2026";"Marzo";"Médicos cirujanos, farmacéuticos, químico-farmacéuticos, bioquímicos, cirujano-dentistas";"CASTILLO SAEZ, RODRIGO ERIC";"Atencion Odontologica";"11 Hrs.";"CIRUJANO DENTISTA";"Región Metropolitana de Santiago";"(188)(186)";"$ 1.105.871";"$ 905.045";"$ 0";"$ 0";"No";"No tiene";"No tiene";"No tiene";"01/01/2026";"31/12/2026";"No informa";"Sin observaciones";
"2026";"Marzo";"Profesional";"CASTILLO SEPULVEDA, AGUEDA";"Atencion Clinica";"15";"TERAPEUTA OCUPACIONAL";"Región Metropolitana de Santiago";"(186)";"$ 1.907.008";"$ 1.456.065";"$ 0";"$ 217.282";"Sí";"$ 49.613 : 6,00 hrs";"$ 39.690 : 4,00 hrs";"No tiene";"01/01/2026";"31/12/2026";"No informa";"Sin observaciones";
"2026";"Marzo";"Profesional";"CASTILLO VELOSO, NATALIA SOFIA";"Atencion Clinica";"14";"KINESIOLOGO (A)";"Región Metropolitana de Santiago";"(186)";"$ 2.129.533";"$ 1.699.678";"$ 0";"$ 237.078";"Sí";"$ 162.378 : 18,00 hrs";"$ 86.602 : 8,00 hrs";"No tiene";"01/01/2026";"31/12/2026";"No informa";"Sin observaciones";
"2026";"Marzo";"Médicos cirujanos, farmacéuticos, químico-farmacéuticos, bioquímicos, cirujano-dentistas";"CASTRO ARENAS, JAVIERA CAROLINA";"Atencion Clinica Medica";"44 Hrs.";"MEDICO CIRUJANO";"Región Metropolitana de Santiago";"(86)";"$ 3.007.345";"$ 2.389.160";"$ 0";"$ 0";"No";"No tiene";"No tiene";"No tiene";"01/01/2026";"31/12/2026";"No informa";"Sin observaciones";
"2026";"Marzo";"Auxiliar";"CASTRO MENA, AMELIA ROSA";"Apoyo Administrativo";"21";"AUXILIAR";"Región Metropolitana de Santiago";"(186)";"$ 1.049.816";"$ 841.896";"$ 0";"$ 156.638";"Sí";"$ 148.515 : 40,00 hrs";"$ 89.109 : 20,00 hrs";"No tiene";"01/01/2026";"31/12/2026";"No informa";"REMUNERACION MARZO 2026 + BONOS TRIMESTRALES";
"2026";"Marzo";"Técnico";"CASTRO MONTOYA, STEPHANY MICHELLE";"Atencion Clinica";"22";"TECNICO NIVEL SUPERIOR ENFERMERIA";"Región Metropolitana de Santiago";"(01)";"$ 731.315";"$ 596.388";"$ 0";"$ 0";"No";"No tiene";"No tiene";"No tiene";"01/01/2026";"31/03/2026";"No informa";"CONTRATO POR REEMPLAZO";
"2026";"Marzo";"Médicos cirujanos, farmacéuticos, químico-farmacéuticos, bioquímicos, cirujano-dentistas";"CASTRO MOROCHO, LUIS VLADIMIR";"Medicina Familiar";"11 Hrs.";"MEDICO CIRUJANO";"Región Metropolitana de Santiago";"(188)(86)(186)";"$ 1.702.672";"$ 1.537.368";"$ 0";"$ 0";"No";"No tiene";"No tiene";"No tiene";"01/01/2026";"31/12/2026";"No informa";"Sin observaciones";
"2026";"Marzo";"Médicos cirujanos, farmacéuticos, químico-farmacéuticos, bioquímicos, cirujano-dentistas";"CASTRO MOROCHO, LUIS VLADIMIR";"Medicina Familiar";"22 Hrs.";"MEDICO CIRUJANO";"Región Metropolitana de Santiago";"(188)(86)(186)";"$ 3.405.349";"$ 2.438.925";"$ 0";"$ 0";"No";"No tiene";"No tiene";"No tiene";"01/01/2026";"31/12/2026";"No informa";"Sin observaciones";
"2026";"Marzo";"Auxiliar";"CASTRO MUÑOZ, CLAUDIO ANDRES";"CONDUCTOR";"24";"AUXILIAR";"Región Metropolitana de Santiago";"(202)";"$ 1.159.587";"$ 988.478";"$ 0";"$ 96.105";"Sí";"$ 114.958 : 40,00 hrs";"$ 234.515 : 68,00 hrs";"No tiene";"01/01/2026";"31/03/2026";"No informa";"CANCELA PAGO TRIMESTRAL LEY 19.937 PERIODO 03/2026+REMUNERACION MAR.2026";
"2026";"Marzo";"Técnico";"CASTRO ORTEGA, LORENA SOLEDAD";"Apoyo Administrativo";"21";"TECNICO AMBIENTAL";"Región Metropolitana de Santiago";"(186)";"$ 796.422";"$ 604.175";"$ 0";"$ 123.073";"No";"No tiene";"No tiene";"No tiene";"01/01/2026";"31/12/2026";"No informa";"Sin observaciones";
"2026";"Marzo";"Profesional";"CASTRO ROBLES, LYSSA FRANCESCA";"Atencion Clinica";"15";"NUTRICIONISTA";"Región Metropolitana de Santiago";"(186)";"$ 1.865.975";"$ 1.394.820";"$ 0";"$ 248.323";"No";"No tiene";"No tiene";"No tiene";"01/01/2026";"31/12/2026";"No informa";"Sin observaciones";
"2026";"Marzo";"Profesional";"CASTRO TOBAR, CYNDI ELISA";"ATENCION CLINICA";"13";"ENFERMERA (O)";"Región Metropolitana de Santiago";"(01)";"$ 2.264.722";"$ 1.867.890";"$ 0";"$ 18.819";"Sí";"$ 233.442 : 24,00 hrs";"$ 319.037 : 98,00 hrs";"No tiene";"01/03/2026";"31/03/2026";"No informa";"BONO VACACIONES 2026+SUPLENCIA MAR.2026 (01-31)";
"2026";"Marzo";"Profesional";"CASTRUCCIO ALVAREZ, CAROLINA PAZ";"Apoyo Administrativo";"6";"PSICOLOGO (A)";"Región Metropolitana de Santiago";"(01)";"$ 3.684.147";"$ 2.731.991";"$ 0";"$ 415.047";"No";"No tiene";"No tiene";"No tiene";"01/01/2026";"31/12/2026";"No informa";"REMUNERACION MARZO 2026 + BONOS TRIMESTRALES";
"2026";"Marzo";"Técnico";"CATALAN GONZALEZ, GABRIELA VALENTINA";"Atencion Clinica";"21";"TECNICO NIVEL SUPERIOR ODONTOLOGIA";"Región Metropolitana de Santiago";"(186)";"$ 854.422";"$ 654.559";"$ 0";"$ 123.073";"No";"No tiene";"No tiene";"No tiene";"01/01/2026";"31/12/2026";"No informa";"Sin observaciones";
"2026";"Marzo";"Médicos cirujanos, farmacéuticos, químico-farmacéuticos, bioquímicos, cirujano-dentistas";"CATALAN PEREZ, CLAUDIO RODRIGO";"Imagenologia Oral y Maxilofacial";"22 Hrs.";"CIRUJANO DENTISTA";"Región Metropolitana de Santiago";"(188)(86)(186)";"$ 2.784.945";"$ 2.215.651";"$ 0";"$ 0";"No";"No tiene";"No tiene";"No tiene";"01/01/2026";"31/12/2026";"No informa";"Sin observaciones";
"2026";"Marzo";"Profesional";"CATRIPIL CARIQUEO, RODRIGO";"Apoyo Administrativo";"12";"ADMINISTRADOR (A) PUBLICO";"Región Metropolitana de Santiago";"(186)";"$ 2.880.700";"$ 2.090.428";"$ 0";"$ 790.736";"No";"No tiene";"No tiene";"No tiene";"01/01/2026";"31/12/2026";"No informa";"REMUNERACION MARZO 2026 + BONOS TRIMESTRALES";
"2026";"Marzo";"Administrativo";"CAVIERES SAGREDO, DANIELA ALEJANDRA";"Apoyo Administrativo";"22";"ADMINISTRATIVO";"Región Metropolitana de Santiago";"(186)";"$ 828.848";"$ 651.132";"$ 0";"$ 124.442";"No";"No tiene";"No tiene";"No tiene";"01/01/2026";"31/12/2026";"No informa";"Sin observaciones";
"2026";"Marzo";"Médicos cirujanos, farmacéuticos, químico-farmacéuticos, bioquímicos, cirujano-dentistas";"CEA VILLANUEVA, MICHELLE";"Medico Becario Primario";"44 Hrs.";"MEDICO CIRUJANO";"Región Metropolitana de Santiago";"(01)";"$ 2.875.980";"$ 2.353.702";"$ 0";"$ 0";"No";"No tiene";"No tiene";"No tiene";"06/05/2025";"05/05/2026";"No informa";"Sin observaciones";
"2026";"Marzo";"Médicos cirujanos, farmacéuticos, químico-farmacéuticos, bioquímicos, cirujano-dentistas";"CELEDON AGUERO, NATALIA VANESA";"Atencion Clinica Medica";"22 Hrs.";"MEDICO CIRUJANO";"Región Metropolitana de Santiago";"(188)(186)";"$ 1.287.849";"$ 1.052.558";"$ 0";"$ 0";"No";"No tiene";"No tiene";"No tiene";"01/01/2026";"31/12/2026";"No informa";"Sin observaciones";
"2026";"Marzo";"Médicos cirujanos, farmacéuticos, químico-farmacéuticos, bioquímicos, cirujano-dentistas";"CELEDON AGUERO, NATALIA VANESA";"Atencion Clinica Medica";"22 Hrs.";"MEDICO CIRUJANO";"Región Metropolitana de Santiago";"(188)(186)";"$ 1.287.849";"$ 1.005.756";"$ 0";"$ 0";"No";"No tiene";"No tiene";"No tiene";"01/01/2026";"31/12/2026";"No informa";"Sin observaciones";
"2026";"Marzo";"Profesional";"CERDA MUÑOZ, MAURICIO ANGELO";"Apoyo Administrativo";"11";"CONTADOR (A) AUDITOR (A)";"Región Metropolitana de Santiago";"(186)";"$ 2.507.253";"$ 1.875.569";"$ 0";"$ 288.682";"No";"No tiene";"No tiene";"No tiene";"01/01/2026";"31/12/2026";"No informa";"REMUNERACION MARZO 2026 + BONOS TRIMESTRALES";
"2026";"Marzo";"Profesional";"CERON PEREDA, FELIPE IGNACIO";"ATENCION CLINICA";"13";"ENFERMERA (O)";"Región Metropolitana de Santiago";"(203)(204)";"$ 3.519.687";"$ 2.923.800";"$ 0";"$ 18.819";"Sí";"$ 282.076 : 29,00 hrs";"$ 490.228 : 42,00 hrs";"No tiene";"01/01/2026";"31/12/2026";"No informa";"BONO VACACIONES 2026+REMUNERACION MAR.2026";
"2026";"Marzo";"Auxiliar";"CHAVEZ GALVEZ, OSCAR GERMAN";"CONDUCTOR";"24";"AUXILIAR";"Región Metropolitana de Santiago";"(01)";"$ 1.002.840";"$ 869.280";"$ 0";"$ 37.638";"Sí";"$ 83.345 : 29,00 hrs";"$ 291.994 : 132,00 hrs";"No tiene";"01/03/2026";"30/03/2026";"No informa";"BONO VACACIONES 2026+PAGO BONO MENSUAL+REEMPLAZO MAR.2026 (01-30)";
"2026";"Marzo";"Médicos cirujanos, farmacéuticos, químico-farmacéuticos, bioquímicos, cirujano-dentistas";"CHAVEZ GARATE, TOMAS IGNACIO";"Quimico Farmaceutico";"44 Hrs.";"QUIMICO FARMACEUTICO";"Región Metropolitana de Santiago";"(186)";"$ 4.140.257";"$ 3.331.563";"$ 0";"$ 0";"No";"No tiene";"No tiene";"No tiene";"01/01/2026";"31/12/2026";"No informa";"Sin observaciones";
"2026";"Marzo";"Profesional";"CHAVEZ RAMIREZ, PABLO ANDRES";"Apoyo Administrativo";"12";"ASISTENTE SOCIAL";"Región Metropolitana de Santiago";"(01)";"$ 2.064.625";"$ 1.621.060";"$ 0";"$ 120.417";"No";"No tiene";"No tiene";"No tiene";"01/01/2026";"31/12/2026";"No informa";"REMUNERACION MARZO 2026 + BONOS TRIMESTRALES";
"2026";"Marzo";"Médicos cirujanos, farmacéuticos, químico-farmacéuticos, bioquímicos, cirujano-dentistas";"CHAVEZ VARGAS, JAVIERA IGNACIA";"Atencion Clinica Medica";"44 Hrs.";"MEDICO CIRUJANO";"Región Metropolitana de Santiago";"(86)";"$ 3.007.345";"$ 2.401.968";"$ 0";"$ 0";"No";"No tiene";"No tiene";"No tiene";"01/01/2026";"31/12/2026";"No informa";"Sin observaciones";
"2026";"Marzo";"Técnico";"CHERY , WILMENE";"Atencion Clinica";"22";"TECNICO NIVEL SUPERIOR ENFERMERIA";"Región Metropolitana de Santiago";"(186)";"$ 858.082";"$ 657.058";"$ 0";"$ 124.442";"No";"No tiene";"No tiene";"No tiene";"01/01/2026";"31/03/2026";"No informa";"Sin observaciones";
"2026";"Marzo";"Profesional";"CHIAPPE VASQUEZ, NELLY ANDREA";"Atencion Clinica";"12";"ENFERMERA (O)";"Región Metropolitana de Santiago";"(01)";"$ 2.240.409";"$ 1.707.387";"$ 0";"$ 204.708";"No";"No tiene";"No tiene";"No tiene";"01/01/2026";"31/12/2026";"No informa";"Sin observaciones";
"2026";"Marzo";"Auxiliar";"CHIPLE CABELLO, JUAN EVARISTO";"CONDUCTOR";"24";"AUXILIAR";"Región Metropolitana de Santiago";"(205)(202)(204)(186)";"$ 1.096.668";"$ 780.458";"$ 0";"$ 107.026";"No";"No tiene";"No tiene";"No tiene";"01/01/2026";"31/12/2026";"No informa";"CANCELA PAGO TRIMESTRAL LEY 19.490 PERIODO 03/2026+CANCELA PAGO TRIMESTRAL LEY 19.937 PERIODO 03/2026+REMUNERACION MAR.2026";
"2026";"Marzo";"Profesional";"CID ASTUDILLO, TIMOTEO ESTEBAN";"Apoyo Administrativo";"8";"KINESIOLOGO (A)";"Región Metropolitana de Santiago";"(186)";"$ 3.258.671";"$ 2.438.679";"$ 0";"$ 454.023";"No";"No tiene";"No tiene";"No tiene";"01/01/2026";"31/12/2026";"No informa";"Sin observaciones";
"2026";"Marzo";"Profesional";"CID CIFUENTES, GONZALO ANDRES";"Atencion Clinica";"15";"KINESIOLOGO (A)";"Región Metropolitana de Santiago";"(186)";"$ 2.008.826";"$ 1.592.548";"$ 0";"$ 214.178";"Sí";"$ 168.383 : 20,00 hrs";"No tiene";"No tiene";"01/01/2026";"31/12/2026";"No informa";"Sin observaciones";
"2026";"Marzo";"Profesional";"CIFUENTES BOYD, MARIO ANTONIO";"ATENCION CLINICA";"9";"KINESIOLOGO (A)";"Región Metropolitana de Santiago";"(203)(201)(204)(186)";"$ 4.054.688";"$ 2.925.924";"$ 0";"$ 900.715";"No";"No tiene";"No tiene";"No tiene";"01/01/2026";"31/12/2026";"No informa";"CANCELA PAGO TRIMESTRAL LEY 19.490 PERIODO 03/2026+CANCELA PAGO TRIMESTRAL LEY 19.937 PERIODO 03/2026+REMUNERACION MAR.2026";
"2026";"Marzo";"Profesional";"CIFUENTES CID, ROLANDO ANDRES";"Apoyo Administrativo";"12";"INGENIERO (A) EJECUCION EN INFORMATICA";"Región Metropolitana de Santiago";"(01)";"$ 1.944.208";"$ 1.560.007";"$ 0";"$ 0";"No";"No tiene";"No tiene";"No tiene";"01/01/2026";"30/09/2026";"No informa";"CONTRATO EN REEMPLAZO";
"2026";"Marzo";"Médicos cirujanos, farmacéuticos, químico-farmacéuticos, bioquímicos, cirujano-dentistas";"CISTERNA CORTES, MATIAS IGNACIO";"Medico Becario Primario";"44 Hrs.";"MEDICO CIRUJANO";"Región Metropolitana de Santiago";"(01)";"$ 2.875.980";"$ 2.373.833";"$ 0";"$ 0";"No";"No tiene";"No tiene";"No tiene";"07/04/2025";"06/04/2026";"No informa";"Sin observaciones";
"2026";"Marzo";"Médicos cirujanos, farmacéuticos, químico-farmacéuticos, bioquímicos, cirujano-dentistas";"CISTERNA GRANIFO, LUIS EDUARDO";"Medico General Especialidad Basica";"22 Hrs.";"MEDICO CIRUJANO";"Región Metropolitana de Santiago";"(86)(186)";"$ 2.967.020";"$ 2.351.382";"$ 0";"$ 0";"No";"No tiene";"No tiene";"No tiene";"01/01/2026";"31/12/2026";"No informa";"Sin observaciones";
"2026";"Marzo";"Profesional";"CISTERNA MATAMALA, DANIELA IVANIA";"Atencion Clinica";"15";"TERAPEUTA OCUPACIONAL";"Región Metropolitana de Santiago";"(186)";"$ 1.790.120";"$ 1.412.514";"$ 0";"$ 158.305";"Sí";"$ 131.498 : 16,00 hrs";"No tiene";"No tiene";"01/01/2026";"31/12/2026";"No informa";"Sin observaciones";
"2026";"Marzo";"Técnico";"CISTERNA RIVERA, CAROLINA AYESHA";"Atencion Clinica";"20";"TECNICO NIVEL SUPERIOR ENFERMERIA";"Región Metropolitana de Santiago";"(01)";"$ 740.155";"$ 603.596";"$ 0";"$ 0";"No";"No tiene";"No tiene";"No tiene";"01/01/2026";"31/12/2026";"No informa";"Sin observaciones";
"2026";"Marzo";"Profesional";"CISTERNAS ESPINOZA, CLAUDIA MARINA";"Apoyo Administrativo";"7";"ASISTENTE SOCIAL";"Región Metropolitana de Santiago";"(01)";"$ 3.539.507";"$ 2.593.934";"$ 0";"$ 441.728";"No";"No tiene";"No tiene";"No tiene";"01/01/2026";"31/12/2026";"No informa";"REMUNERACION MARZO 2026 + BONOS TRIMESTRALES";
"2026";"Marzo";"Administrativo";"CISTERNAS SANCHEZ, NATALIE ANDREA";"Apoyo Administrativo";"22";"ADMINISTRATIVO";"Región Metropolitana de Santiago";"(186)(186)";"$ 913.985";"$ 645.889";"$ 0";"$ 133.516";"No";"No tiene";"No tiene";"No tiene";"01/01/2026";"31/12/2026";"No informa";"Sin observaciones";
"2026";"Marzo";"Administrativo";"COFRE ALVAREZ, NADIA ANDREA";"Apoyo Administrativo";"21";"ADMINISTRATIVO";"Región Metropolitana de Santiago";"(186)";"$ 912.440";"$ 714.580";"$ 0";"$ 156.638";"Sí";"$ 100.248 : 27,00 hrs";"No tiene";"No tiene";"01/01/2026";"31/12/2026";"No informa";"Sin observaciones";
"2026";"Marzo";"Auxiliar";"COFRE ROJAS, RENE ALEJANDRO";"CONDUCTOR";"22";"TECNICO NIVEL SUPERIOR ENFERMERIA";"Región Metropolitana de Santiago";"(205)(202)(204)";"$ 1.135.206";"$ 876.084";"$ 0";"$ 145.183";"No";"No tiene";"No tiene";"No tiene";"01/01/2026";"31/12/2026";"No informa";"CANCELA ASIG. TECNICA+CANCELA PAGO TRIMESTRAL LEY 19.490 Y LEY 19.937 PERIODO 03/2026+REMUNERACION MAR.2026";
"2026";"Marzo";"Profesional";"COLLANTES ESCUDERO, PABLO ANDRES";"Atencion Clinica";"15";"KINESIOLOGO (A)";"Región Metropolitana de Santiago";"(186)";"$ 1.855.869";"$ 1.462.345";"$ 0";"$ 158.305";"Sí";"No tiene";"$ 197.247 : 20,00 hrs";"No tiene";"01/01/2026";"31/12/2026";"No informa";"Sin observaciones";
"2026";"Marzo";"Médicos cirujanos, farmacéuticos, químico-farmacéuticos, bioquímicos, cirujano-dentistas";"COLLAO CHAVEZ, JAVIERA ANDREA";"Atencion Clinica Medica";"44 Hrs.";"MEDICO CIRUJANO";"Región Metropolitana de Santiago";"(86)";"$ 3.007.345";"$ 2.406.650";"$ 0";"$ 0";"No";"No tiene";"No tiene";"No tiene";"01/01/2026";"31/12/2026";"No informa";"Sin observaciones";
"2026";"Marzo";"Profesional";"COLLAO COLLAO, JOSE GABRIEL";"ATENCION CLINICA";"13";"ENFERMERA (O)";"Región Metropolitana de Santiago";"(203)(204)(186)";"$ 3.564.524";"$ 2.426.836";"$ 0";"$ 277.288";"Sí";"$ 396.087 : 40,00 hrs";"$ 380.243 : 32,00 hrs";"No tiene";"01/01/2026";"31/12/2026";"No informa";"CANCELA BONO ESCOLAR 2026-202603+CANCELA PAGO TRIMESTRAL LEY 19.490 Y LEY 19.937 PERIODO 03/2026+REMUNERACION MAR.2026";
"2026";"Marzo";"Médicos cirujanos, farmacéuticos, químico-farmacéuticos, bioquímicos, cirujano-dentistas";"COLMENAREZ , BLANCA CRISTINA";"Psiquiatria Adultos";"22 Hrs.";"MEDICO CIRUJANO";"Región Metropolitana de Santiago";"(86)(186)";"$ 3.428.679";"$ 3.055.184";"$ 0";"$ 0";"No";"No tiene";"No tiene";"No tiene";"01/01/2026";"31/12/2026";"No informa";"Sin observaciones";
"2026";"Marzo";"Técnico";"CONCHA HERNANDEZ, DANIELA VIVIANA";"Atencion Clinica";"20";"TECNICO NIVEL SUPERIOR ENFERMERIA";"Región Metropolitana de Santiago";"(01)";"$ 972.346";"$ 748.679";"$ 0";"$ 159.344";"No";"No tiene";"No tiene";"No tiene";"01/01/2026";"31/12/2026";"No informa";"Sin observaciones";
"2026";"Marzo";"Profesional";"CONCHA HERRERA, MYRIAM ANDREA";"JEFE DE DEPARTAMENTO";"6";"ADMINISTRADOR (A) PUBLICO";"Región Metropolitana de Santiago";"(186)";"$ 3.338.301";"$ 2.571.526";"$ 0";"$ 356.668";"No";"No tiene";"No tiene";"No tiene";"01/01/2026";"31/12/2026";"No informa";"CANCELA PAGO TRIMESTRAL LEY 19.490 Y LEY 19.937 PERIODO 03/2026+DIF. BONO VACACIONES 2026+REMUNERACION MAR.2026";
"2026";"Marzo";"Administrativo";"CONCHA VALLEJOS, MARIA TERESA";"Apoyo Administrativo";"22";"ADMINISTRATIVO";"Región Metropolitana de Santiago";"(186)";"$ 910.667";"$ 719.449";"$ 0";"$ 134.812";"No";"No tiene";"No tiene";"No tiene";"01/01/2026";"31/12/2026";"No informa";"Sin observaciones";
"2026";"Marzo";"Profesional";"CONCHA VEGA, MAURICIO ALEXIS";"ATENCION CLINICA";"12";"ENFERMERA (O)";"Región Metropolitana de Santiago";"(203)(204)";"$ 4.636.894";"$ 3.259.103";"$ 0";"$ 537.861";"Sí";"$ 422.514 : 40,00 hrs";"$ 1.242.192 : 98,00 hrs";"No tiene";"01/01/2026";"31/12/2026";"No informa";"CANCELA PAGO TRIMESTRAL LEY 19.490 PERIODO 03/2026+CANCELA PAGO TRIMESTRAL LEY 19.937 PERIODO 03/2026+REMUNERACION MAR.2026";
"2026";"Marzo";"Profesional";"CONEJERA ROJAS, CLAUDIO RODRIGO";"Apoyo Administrativo";"10";"ABOGADO (A)";"Región Metropolitana de Santiago";"(01)";"$ 2.301.654";"$ 1.843.636";"$ 0";"$ 0";"No";"No tiene";"No tiene";"No tiene";"01/01/2026";"31/12/2026";"No informa";"Sin observaciones";
"2026";"Marzo";"Médicos cirujanos, farmacéuticos, químico-farmacéuticos, bioquímicos, cirujano-dentistas";"CONEJEROS DE LA CRUZ, MELINCKA ISIDORA";"Atencion Odontologica";"22 Hrs.";"CIRUJANO DENTISTA";"Región Metropolitana de Santiago";"(188)(186)";"$ 1.395.743";"$ 1.142.097";"$ 0";"$ 0";"No";"No tiene";"No tiene";"No tiene";"01/01/2026";"31/12/2026";"No informa";"Sin observaciones";
"2026";"Marzo";"Médicos cirujanos, farmacéuticos, químico-farmacéuticos, bioquímicos, cirujano-dentistas";"CONEJEROS ZAPATA, MARCELO ESTEBAN";"Atencion Clinica Medica";"44 Hrs.";"MEDICO CIRUJANO";"Región Metropolitana de Santiago";"(86)(186)";"$ 3.650.490";"$ 2.871.741";"$ 0";"$ 0";"No";"No tiene";"No tiene";"No tiene";"01/01/2026";"31/12/2026";"No informa";"Sin observaciones";
"2026";"Marzo";"Profesional";"CONTRERAS AGUILERA, DEYANIRA MARIBEL";"Atencion Clinica";"14";"NUTRICIONISTA";"Región Metropolitana de Santiago";"(01)";"$ 1.899.254";"$ 1.451.505";"$ 0";"$ 182.890";"No";"No tiene";"No tiene";"No tiene";"01/01/2026";"31/03/2026";"No informa";"Sin observaciones";
"2026";"Marzo";"Profesional";"CONTRERAS ARREDONDO, MACARENA ANDREA";"Atencion Clinica";"16";"TERAPEUTA OCUPACIONAL";"Región Metropolitana de Santiago";"(01)";"$ 1.589.657";"$ 1.282.634";"$ 0";"$ 85.349";"Sí";"$ 89.841 : 12,00 hrs";"$ 44.921 : 5,00 hrs";"No tiene";"01/01/2026";"31/12/2026";"No informa";"Sin observaciones";
"2026";"Marzo";"Técnico";"CONTRERAS BASCUÑAN, NICOLE MONSERRAT";"Atencion Clinica";"20";"TECNICO NIVEL SUPERIOR ENFERMERIA";"Región Metropolitana de Santiago";"(01)";"$ 887.807";"$ 683.336";"$ 0";"$ 141.639";"No";"No tiene";"No tiene";"No tiene";"01/01/2026";"31/03/2026";"No informa";"Sin observaciones";
"2026";"Marzo";"Técnico";"CONTRERAS CIFUENTES, DIANA VALERIA";"Atencion Clinica";"21";"TECNICO NIVEL SUPERIOR ENFERMERIA";"Región Metropolitana de Santiago";"(186)";"$ 854.422";"$ 577.956";"$ 0";"$ 123.073";"No";"No tiene";"No tiene";"No tiene";"01/01/2026";"31/12/2026";"No informa";"Sin observaciones";
"2026";"Marzo";"Técnico";"CONTRERAS DIAZ, ROCIO CONCEPCION";"Atencion Clinica";"21";"TECNICO NIVEL SUPERIOR ENFERMERIA";"Región Metropolitana de Santiago";"(186)";"$ 953.506";"$ 739.658";"$ 0";"$ 145.450";"No";"No tiene";"No tiene";"No tiene";"01/01/2026";"31/12/2026";"No informa";"Sin observaciones";
"2026";"Marzo";"Técnico";"CONTRERAS GONZALEZ, CAMILA ANDREA";"Atencion Clinica";"21";"TECNICO NIVEL SUPERIOR ENFERMERIA";"Región Metropolitana de Santiago";"(186)";"$ 861.415";"$ 657.742";"$ 0";"$ 130.066";"No";"No tiene";"No tiene";"No tiene";"01/01/2026";"31/12/2026";"No informa";"Sin observaciones";
"2026";"Marzo";"Técnico";"CONTRERAS GUAJARDO, DANIELA CAROLINA";"ATENCION CLINICA";"22";"TECNICO NIVEL SUPERIOR ENFERMERIA";"Región Metropolitana de Santiago";"(203)(204)(186)";"$ 1.127.450";"$ 947.399";"$ 0";"$ 120.553";"Sí";"$ 45.136 : 13,00 hrs";"$ 91.660 : 22,00 hrs";"No tiene";"01/01/2026";"31/12/2026";"No informa";"CANCELA ASIG. TECNICA+CANCELA PAGO TRIMESTRAL LEY 19.490 Y LEY 19.937 PERIODO 03/2026+REMUNERACION MAR.2026";
"2026";"Marzo";"Auxiliar";"CONTRERAS GUZMAN, FERNANDO PATRICIO";"CONDUCTOR";"24";"AUXILIAR";"Región Metropolitana de Santiago";"(205)(203)(204)(186)";"$ 974.953";"$ 708.663";"$ 0";"$ 122.316";"Sí";"$ 113.240 : 38,00 hrs";"$ 35.760 : 10,00 hrs";"No tiene";"01/01/2026";"31/12/2026";"No informa";"CANCELA PAGO TRIMESTRAL LEY 19.490 PERIODO 03/2026+CANCELA PAGO TRIMESTRAL LEY 19.937 PERIODO 03/2026+REMUNERACION MAR.2026";
"2026";"Marzo";"Administrativo";"CONTRERAS LOPEZ, GLADYS VIOLETA";"Apoyo Administrativo";"15";"ADMINISTRATIVO";"Región Metropolitana de Santiago";"(186)";"$ 1.385.895";"$ 990.621";"$ 0";"$ 369.347";"Sí";"$ 64.959 : 12,00 hrs";"No tiene";"No tiene";"01/01/2026";"31/12/2026";"No informa";"Sin observaciones";
"2026";"Marzo";"Médicos cirujanos, farmacéuticos, químico-farmacéuticos, bioquímicos, cirujano-dentistas";"CONTRERAS MARAMBIO, JULIO CESAR ENRIQUE";"Atencion Clinica Medica";"44 Hrs.";"MEDICO CIRUJANO";"Región Metropolitana de Santiago";"(86)";"$ 3.007.345";"$ 2.405.288";"$ 0";"$ 0";"No";"No tiene";"No tiene";"No tiene";"01/01/2026";"31/12/2026";"No informa";"Sin observaciones";
"2026";"Marzo";"Médicos cirujanos, farmacéuticos, químico-farmacéuticos, bioquímicos, cirujano-dentistas";"CONTRERAS MORGADO, CATALINA ANDREA";"Atencion Clinica Medica";"44 Hrs.";"MEDICO CIRUJANO";"Región Metropolitana de Santiago";"(86)(186)";"$ 3.650.490";"$ 2.900.112";"$ 0";"$ 0";"No";"No tiene";"No tiene";"No tiene";"01/01/2026";"07/05/2026";"No informa";"Sin observaciones";
"2026";"Marzo";"Auxiliar";"CONTRERAS MUÑOZ, PEDRO CRISTIAN";"CONDUCTOR";"22";"TECNICO NIVEL SUPERIOR ENFERMERIA";"Región Metropolitana de Santiago";"(205)(202)(204)";"$ 1.492.705";"$ 1.226.801";"$ 0";"$ 186.663";"Sí";"$ 136.450 : 40,00 hrs";"$ 221.049 : 54,00 hrs";"No tiene";"01/01/2026";"31/12/2026";"No informa";"CANCELA ASIG. TECNICA+CANCELA PAGO TRIMESTRAL LEY 19.490 Y LEY 19.937 PERIODO 03/2026+REMUNERACION MAR.2026";
"2026";"Marzo";"Técnico";"CONTRERAS PEÑA, GLORIA CAROLINA";"Atencion Clinica";"22";"TECNICO NIVEL SUPERIOR ENFERMERIA";"Región Metropolitana de Santiago";"(186)";"$ 933.990";"$ 728.022";"$ 0";"$ 133.516";"No";"No tiene";"No tiene";"No tiene";"01/01/2026";"31/12/2026";"No informa";"Sin observaciones";
"2026";"Marzo";"Administrativo";"CONTRERAS PEÑALOZA, PAOLA ALEJANDRA";"ADMINISTRATIVO";"21";"ADMINISTRATIVO";"Región Metropolitana de Santiago";"(01)";"$ 839.879";"$ 660.706";"$ 0";"$ 123.073";"No";"No tiene";"No tiene";"No tiene";"01/01/2026";"31/12/2026";"No informa";"Sin observaciones";
"2026";"Marzo";"Profesional";"CONTRERAS PINO, TAMARA ELIZABETH";"Atencion Clinica";"15";"ENFERMERA (O)";"Región Metropolitana de Santiago";"(186)";"$ 1.608.958";"$ 1.265.451";"$ 0";"$ 108.641";"No";"No tiene";"No tiene";"No tiene";"01/01/2026";"31/12/2026";"No informa";"Sin observaciones";
"2026";"Marzo";"Técnico";"CONTRERAS RETAMAL, DANIELA CONSTANZA";"Atencion Clinica";"22";"TECNICO NIVEL SUPERIOR ENFERMERIA";"Región Metropolitana de Santiago";"(01)";"$ 141.870";"$ 117.593";"$ 0";"$ 0";"Sí";"$ 20.468 : 6,00 hrs";"No tiene";"No tiene";"01/03/2026";"06/03/2026";"No informa";"CONTRATO POR REEMPLAZO";
"2026";"Marzo";"Técnico";"CONTRERAS RETAMAL, DANIELA CONSTANZA";"Atencion Clinica";"22";"TECNICO NIVEL SUPERIOR ENFERMERIA";"Región Metropolitana de Santiago";"(01)";"$ 212.806";"$ 176.390";"$ 0";"$ 0";"Sí";"$ 20.468 : 6,00 hrs";"No tiene";"No tiene";"08/03/2026";"16/03/2026";"No informa";"CONTRATO POR REEMPLAZO";
"2026";"Marzo";"Profesional";"CONTRERAS SANTA MARIA, NICOLE ELIZABETH";"Atencion Clinica";"15";"ENFERMERA (O)";"Región Metropolitana de Santiago";"(186)";"$ 1.707.934";"$ 1.314.850";"$ 0";"$ 158.305";"Sí";"$ 49.312 : 6,00 hrs";"No tiene";"No tiene";"01/01/2026";"31/12/2026";"No informa";"Sin observaciones";
"2026";"Marzo";"Médicos cirujanos, farmacéuticos, químico-farmacéuticos, bioquímicos, cirujano-dentistas";"CONTRERAS VERA, PABLO RENAN";"Atencion Odontologica";"11 Hrs.";"CIRUJANO DENTISTA";"Región Metropolitana de Santiago";"(86)(186)";"$ 1.625.121";"$ 1.461.341";"$ 0";"$ 0";"No";"No tiene";"No tiene";"No tiene";"01/01/2026";"31/12/2026";"No informa";"Sin observaciones";
"2026";"Marzo";"Profesional";"CORDERO ACEVEDO, NATALIA IRINA";"Atencion Clinica";"13";"NUTRICIONISTA";"Región Metropolitana de Santiago";"(01)";"$ 1.976.446";"$ 1.571.356";"$ 0";"$ 110.885";"Sí";"$ 48.634 : 5,00 hrs";"$ 46.688 : 4,00 hrs";"No tiene";"01/01/2026";"31/12/2026";"No informa";"Sin observaciones";
"2026";"Marzo";"Administrativo";"CORDERO MORALES, JOAQUIN OSVALDO";"APOYO ADMINISTRATIVO";"22";"ADMINISTRATIVO";"Región Metropolitana de Santiago";"(186)";"$ 637.572";"$ 508.662";"$ 0";"$ 120.553";"No";"No tiene";"No tiene";"No tiene";"01/01/2026";"31/12/2026";"No informa";"CANCELA PAGO TRIMESTRAL LEY 19.490 PERIODO 03/2026+CANCELA PAGO TRIMESTRAL LEY 19.937 PERIODO 03/2026+REMUNERACION MAR.2026";
"2026";"Marzo";"Profesional";"CORDOVA DIAZ, HORTENSIA ISOLINA";"Atencion Clinica";"15";"KINESIOLOGO (A)";"Región Metropolitana de Santiago";"(186)";"$ 2.638.960";"$ 1.941.118";"$ 0";"$ 530.790";"Sí";"$ 299.480 : 36,00 hrs";"$ 199.653 : 20,00 hrs";"No tiene";"01/01/2026";"31/12/2026";"No informa";"Sin observaciones";
"2026";"Marzo";"Profesional";"CORDOVA FARIAS, CAROLINE ANDREA";"Atencion Clinica";"15";"KINESIOLOGO (A)";"Región Metropolitana de Santiago";"(186)";"$ 1.817.705";"$ 1.417.033";"$ 0";"$ 217.282";"No";"No tiene";"No tiene";"No tiene";"01/01/2026";"31/12/2026";"No informa";"Sin observaciones";
"2026";"Marzo";"Técnico";"CORDOVEZ URREJOLA, ROXANA JOSELYNNE";"ATENCION CLINICA";"21";"TECNICO NIVEL SUPERIOR ENFERMERIA";"Región Metropolitana de Santiago";"(203)(204)(186)";"$ 1.490.825";"$ 941.269";"$ 0";"$ 179.015";"Sí";"$ 110.499 : 29,00 hrs";"$ 370.363 : 81,00 hrs";"No tiene";"01/01/2026";"31/12/2026";"No informa";"CANCELA ASIG. TECNICA+CANCELA PAGO TRIMESTRAL LEY 19.490 Y LEY 19.937 PERIODO 03/2026+REMUNERACION MAR.2026";
"2026";"Marzo";"Profesional";"CORNEJO MANAUT, DIEGO FELIPE";"Atencion Clinica";"15";"PSICOLOGO (A)";"Región Metropolitana de Santiago";"(01)";"$ 1.491.702";"$ 1.209.717";"$ 0";"$ 0";"No";"No tiene";"No tiene";"No tiene";"01/01/2026";"31/03/2026";"No informa";"Sin observaciones";
"2026";"Marzo";"Profesional";"CORNEJO ROJAS, JOCELYN DANIELA";"Atencion Clinica";"16";"ENFERMERA (O)";"Región Metropolitana de Santiago";"(01)";"$ 1.454.894";"$ 1.153.255";"$ 0";"$ 85.349";"No";"No tiene";"No tiene";"No tiene";"01/01/2026";"31/03/2026";"No informa";"CONTRATO POR REEMPLAZO";
"2026";"Marzo";"Técnico";"CORONA OBANDO, TATIANA IGNACIA";"Atencion Clinica";"22";"TECNICO NIVEL SUPERIOR ENFERMERIA";"Región Metropolitana de Santiago";"(186)";"$ 854.193";"$ 661.637";"$ 0";"$ 120.553";"No";"No tiene";"No tiene";"No tiene";"01/01/2026";"31/12/2026";"No informa";"Sin observaciones";
"2026";"Marzo";"Técnico";"CORONADO ALARCON, CRISTIAN ALFREDO";"ATENCION CLINICA";"22";"TECNICO NIVEL SUPERIOR ENFERMERIA";"Región Metropolitana de Santiago";"(202)(204)(186)";"$ 1.086.322";"$ 776.882";"$ 0";"$ 134.812";"No";"No tiene";"No tiene";"No tiene";"01/01/2026";"31/12/2026";"No informa";"CANCELA ASIG. TECNICA+CANCELA PAGO TRIMESTRAL LEY 19.490 Y LEY 19.937 PERIODO 03/2026+REMUNERACION MAR.2026";
"2026";"Marzo";"Administrativo";"CORREA CORTEZ, STEPHANIE ESPERANZA";"Apoyo Administrativo";"18";"RELACIONADOR (A) PUBLICO";"Región Metropolitana de Santiago";"(01)";"$ 1.376.232";"$ 1.025.946";"$ 0";"$ 218.174";"Sí";"$ 11.840 : 2,00 hrs";"No tiene";"No tiene";"01/01/2026";"31/03/2026";"No informa";"Sin observaciones";
"2026";"Marzo";"Técnico";"CORREA DONOSO, PIA DANIELA";"Atencion Clinica";"22";"TECNICO NIVEL SUPERIOR ENFERMERIA";"Región Metropolitana de Santiago";"(186)";"$ 946.133";"$ 742.861";"$ 0";"$ 127.035";"Sí";"$ 14.009 : 4,00 hrs";"No tiene";"No tiene";"01/01/2026";"31/12/2026";"No informa";"Sin observaciones";
"2026";"Marzo";"Administrativo";"CORREA PAREDES, DANITZA JAVIERA";"Apoyo Administrativo";"22";"ADMINISTRATIVO";"Región Metropolitana de Santiago";"(186)";"$ 850.278";"$ 672.113";"$ 0";"$ 114.072";"Sí";"$ 103.248 : 30,00 hrs";"No tiene";"No tiene";"01/01/2026";"31/03/2026";"No informa";"Sin observaciones";
"2026";"Marzo";"Técnico";"CORREA SOBELL, JAVIERA SCARLETTE";"Atencion Clinica";"21";"TECNICO NIVEL SUPERIOR ENFERMERIA";"Región Metropolitana de Santiago";"(186)(186)";"$ 861.415";"$ 595.558";"$ 0";"$ 130.066";"No";"No tiene";"No tiene";"No tiene";"01/01/2026";"31/03/2026";"No informa";"Sin observaciones";
"2026";"Marzo";"Profesional";"CORTES BRAVO, CLAUDIA MELINA";"ATENCION CLINICA";"11";"ENFERMERA (O)";"Región Metropolitana de Santiago";"(203)(204)(186)";"$ 4.237.812";"$ 3.041.517";"$ 0";"$ 642.973";"Sí";"$ 441.029 : 37,00 hrs";"$ 500.627 : 35,00 hrs";"No tiene";"01/01/2026";"31/12/2026";"No informa";"CANCELA PAGO TRIMESTRAL LEY 19.490 PERIODO 03/2026+CANCELA PAGO TRIMESTRAL LEY 19.937 PERIODO 03/2026+REMUNERACION MAR.2026";
"2026";"Marzo";"Técnico";"CORTES CONEJEROS, FERNANDO IGNACIO";"ATENCION CLINICA";"22";"TECNICO NIVEL SUPERIOR ENFERMERIA";"Región Metropolitana de Santiago";"(202)(204)";"$ 1.004.983";"$ 797.378";"$ 0";"$ 37.638";"No";"No tiene";"No tiene";"No tiene";"01/01/2026";"31/12/2026";"No informa";"BONO VACACIONES 2026+REMUNERACION MAR.2026";
"2026";"Marzo";"Profesional";"CORTES CORTES, SOFIA ESMERALDA";"JEFE DE DEPARTAMENTO";"10";"ENFERMERA (O)";"Región Metropolitana de Santiago";"(203)(204)(186)";"$ 3.518.621";"$ 1.940.646";"$ 0";"$ 886.598";"No";"No tiene";"No tiene";"No tiene";"01/01/2026";"31/12/2026";"No informa";"CANCELA PAGO TRIMESTRAL LEY 19.490 PERIODO 03/2026+CANCELA PAGO TRIMESTRAL LEY 19.937 PERIODO 03/2026+REMUNERACION MAR.2026";
"2026";"Marzo";"Profesional";"CORTES JARA, FELIPE ANDRES";"Jefe de Departamento";"6";"PSICOLOGO (A)";"Región Metropolitana de Santiago";"(186)";"$ 3.694.753";"$ 2.801.182";"$ 0";"$ 408.353";"No";"No tiene";"No tiene";"No tiene";"01/01/2026";"31/12/2026";"No informa";"REMUNERACION MARZO 2026 + BONOS TRIMESTRALES";
"2026";"Marzo";"Técnico";"CORTES MEZA, PAULA CRISTINA";"ATENCION CLINICA";"22";"TECNICO NIVEL SUPERIOR ENFERMERIA";"Región Metropolitana de Santiago";"(202)(204)(186)";"$ 1.077.875";"$ 692.150";"$ 0";"$ 147.969";"No";"No tiene";"No tiene";"No tiene";"01/01/2026";"31/12/2026";"No informa";"CANCELA ASIG. TECNICA+CANCELA BONO ESCOLAR 2026-202603+CANCELA PAGO TRIMESTRAL LEY 19.490 Y LEY 19.937 PERIODO 03/2026+REMUNERACION MAR.2026";
"2026";"Marzo";"Médicos cirujanos, farmacéuticos, químico-farmacéuticos, bioquímicos, cirujano-dentistas";"CORTES PICAZO, PATRICIO ALEJANDRO";"MEDICO CIRUJANO CON ESPECIALIDAD EN MEDICINA DE URGENCIA";"22 Hrs.";"MEDICO CIRUJANO CON ESPECIALIDAD EN MEDICINA DE URGENCIA";"Región Metropolitana de Santiago";"(186)";"$ 2.757.970";"$ 2.377.455";"$ 0";"$ 0";"No";"No tiene";"No tiene";"No tiene";"01/01/2026";"31/12/2026";"No informa";"PAGO ASIGNACION METAS DE PRODUCCION Y CALIDAD PERIODO 03/2026+REMUNERACION MAR.2026";
"2026";"Marzo";"Administrativo";"CORTES SAEZ, VIVIANA JACQUELINE";"Secretaria";"13";"ADMINISTRATIVO";"Región Metropolitana de Santiago";"(186)";"$ 1.573.794";"$ 1.054.337";"$ 0";"$ 521.588";"No";"No tiene";"No tiene";"No tiene";"01/01/2026";"31/12/2026";"No informa";"REMUNERACION MARZO 2026 + BONOS TRIMESTRALES";
"2026";"Marzo";"Médicos cirujanos, farmacéuticos, químico-farmacéuticos, bioquímicos, cirujano-dentistas";"CORVALAN DAVILA, JOSE MANUEL";"Atencion Clinica Medica";"44 Hrs.";"MEDICO CIRUJANO";"Región Metropolitana de Santiago";"(86)(186)";"$ 3.650.490";"$ 2.880.978";"$ 0";"$ 0";"No";"No tiene";"No tiene";"No tiene";"01/01/2026";"31/12/2026";"No informa";"Sin observaciones";
"2026";"Marzo";"Profesional";"CORVALAN VILLARROEL, CLAUDIO ALEJANDRO";"Apoyo Administrativo";"15";"ASISTENTE SOCIAL";"Región Metropolitana de Santiago";"(01)";"$ 1.741.500";"$ 1.332.580";"$ 0";"$ 158.305";"No";"No tiene";"No tiene";"No tiene";"01/01/2026";"31/12/2026";"No informa";"Sin observaciones";
"2026";"Marzo";"Técnico";"COSTE HERNANDEZ, KARLA ANDREA";"ATENCION CLINICA";"22";"TECNICO NIVEL SUPERIOR ENFERMERIA";"Región Metropolitana de Santiago";"(203)(204)(186)";"$ 1.182.314";"$ 978.916";"$ 0";"$ 127.035";"Sí";"$ 137.664 : 40,00 hrs";"$ 132.158 : 32,00 hrs";"No tiene";"01/01/2026";"31/12/2026";"No informa";"CANCELA ASIG. TECNICA+CANCELA PAGO TRIMESTRAL LEY 19.490 Y LEY 19.937 PERIODO 03/2026+REMUNERACION MAR.2026";
"2026";"Marzo";"Profesional";"CRISOSTOMO NARANJO, PABLO ANDRES";"Apoyo Administrativo";"8";"INGENIERO (A) CIVIL INDUSTRIAL";"Región Metropolitana de Santiago";"(01)";"$ 3.048.643";"$ 2.325.529";"$ 0";"$ 317.816";"No";"No tiene";"No tiene";"No tiene";"01/01/2026";"31/12/2026";"No informa";"REMUNERACION MARZO 2026 + BONOS TRIMESTRALES";
"2026";"Marzo";"Profesional";"CRUCES ORTIZ, YESSENIA BELEN";"Atencion Clinica";"15";"PSICOLOGO (A)";"Región Metropolitana de Santiago";"(01)";"$ 1.491.702";"$ 1.219.741";"$ 0";"$ 0";"No";"No tiene";"No tiene";"No tiene";"01/01/2026";"31/03/2026";"No informa";"Sin observaciones";
"2026";"Marzo";"Profesional";"CRUZ LATHROP, DIEGO ANDRES";"Coordinador";"8";"ODONTOLOGO(A)";"Región Metropolitana de Santiago";"(01)";"$ 1.911.580";"$ 1.539.148";"$ 0";"$ 0";"No";"No tiene";"No tiene";"No tiene";"02/03/2026";"22/03/2026";"No informa";"Sin observaciones";
"2026";"Marzo";"Profesional";"CRUZ ORTIZ, ROCIO PAULINA";"Atencion Clinica";"12";"ENFERMERA (O)";"Región Metropolitana de Santiago";"(01)";"$ 2.392.074";"$ 1.938.062";"$ 0";"$ 120.417";"Sí";"$ 327.449 : 31,00 hrs";"No tiene";"No tiene";"01/01/2026";"31/12/2026";"No informa";"Sin observaciones";
"2026";"Marzo";"Médicos cirujanos, farmacéuticos, químico-farmacéuticos, bioquímicos, cirujano-dentistas";"CRUZ VERA, GISELLA BERTILDA";"Atencion Clinica Medica";"22 Hrs.";"MEDICO CIRUJANO";"Región Metropolitana de Santiago";"(188)(186)";"$ 2.589.382";"$ 2.261.822";"$ 0";"$ 0";"No";"No tiene";"No tiene";"No tiene";"01/01/2026";"31/12/2026";"No informa";"Sin observaciones";
"2026";"Marzo";"Médicos cirujanos, farmacéuticos, químico-farmacéuticos, bioquímicos, cirujano-dentistas";"CRUZ VERA, GISELLA BERTILDA";"Atencion Clinica Medica";"22 Hrs.";"MEDICO CIRUJANO";"Región Metropolitana de Santiago";"(188)(186)";"$ 2.589.382";"$ 1.964.932";"$ 0";"$ 0";"No";"No tiene";"No tiene";"No tiene";"01/01/2026";"31/12/2026";"No informa";"Sin observaciones";
"2026";"Marzo";"Administrativo";"CUADROS GARCIA, MARCELO ALEJANDRO";"Apoyo Administrativo";"16";"CONTADOR (A) AUDITOR (A)";"Región Metropolitana de Santiago";"(186)";"$ 1.712.596";"$ 1.274.883";"$ 0";"$ 273.757";"Sí";"$ 86.202 : 12,00 hrs";"No tiene";"No tiene";"01/01/2026";"31/12/2026";"No informa";"Sin observaciones";
"2026";"Marzo";"Administrativo";"CUBILLOS MORAGA, JOAN FELIPE";"APOYO ADMINISTRATIVO";"22";"KINESIOLOGO (A)";"Región Metropolitana de Santiago";"(203)(204)(186)";"$ 1.541.304";"$ 1.292.149";"$ 0";"$ 175.182";"Sí";"$ 49.710 : 13,00 hrs";"$ 330.382 : 72,00 hrs";"No tiene";"01/01/2026";"31/12/2026";"No informa";"CANCELA PAGO TRIMESTRAL LEY 19.490 PERIODO 03/2026+CANCELA PAGO TRIMESTRAL LEY 19.937 PERIODO 03/2026+REMUNERACION MAR.2026";
"2026";"Marzo";"Médicos cirujanos, farmacéuticos, químico-farmacéuticos, bioquímicos, cirujano-dentistas";"CUEVAS GUERRERO, EDUARDO ANDRES";"Atencion Odontologica";"11 Hrs.";"CIRUJANO DENTISTA";"Región Metropolitana de Santiago";"(188)(186)";"$ 1.274.614";"$ 1.053.515";"$ 0";"$ 0";"No";"No tiene";"No tiene";"No tiene";"01/01/2026";"31/12/2026";"No informa";"Sin observaciones";
"2026";"Marzo";"Médicos cirujanos, farmacéuticos, químico-farmacéuticos, bioquímicos, cirujano-dentistas";"CUEVAS GUERRERO, EDUARDO ANDRES";"Atencion Odontologica";"22 Hrs.";"CIRUJANO DENTISTA";"Región Metropolitana de Santiago";"(188)(186)";"$ 2.502.075";"$ 1.939.937";"$ 0";"$ 0";"No";"No tiene";"No tiene";"No tiene";"01/01/2026";"31/12/2026";"No informa";"Sin observaciones";
"2026";"Marzo";"Administrativo";"CUEVAS LOBOS, EVA LUISA";"APOYO ADMINISTRATIVO";"22";"ADMINISTRATIVO";"Región Metropolitana de Santiago";"(203)(204)(186)";"$ 1.005.755";"$ 838.123";"$ 0";"$ 120.553";"No";"No tiene";"No tiene";"No tiene";"01/01/2026";"31/12/2026";"No informa";"CANCELA PAGO TRIMESTRAL LEY 19.490 PERIODO 03/2026+CANCELA PAGO TRIMESTRAL LEY 19.937 PERIODO 03/2026+REMUNERACION MAR.2026";
"2026";"Marzo";"Profesional";"CUEVAS MARTINEZ, GONZALO ANDRES";"Coordinador";"11";"INGENIERO (A) EN GESTION DE RECURSOS HUMANOS";"Región Metropolitana de Santiago";"(186)";"$ 3.023.505";"$ 2.323.752";"$ 0";"$ 428.649";"Sí";"$ 231.573 : 20,00 hrs";"$ 236.205 : 17,00 hrs";"No tiene";"01/01/2026";"31/12/2026";"No informa";"Sin observaciones";
"2026";"Marzo";"Profesional";"CULACIATI ALARCON, MANUELA";"Atencion Clinica";"16";"PSICOLOGO (A)";"Región Metropolitana de Santiago";"(01)";"$ 776.074";"$ 592.747";"$ 0";"$ 0";"No";"No tiene";"No tiene";"No tiene";"23/02/2026";"17/03/2026";"No informa";"CONTRATO POR REEMPLAZO";
"2026";"Marzo";"Médicos cirujanos, farmacéuticos, químico-farmacéuticos, bioquímicos, cirujano-dentistas";"CURRIN ANTIL, VIVIANA ALEJANDRA";"Atencion Odontologica";"22 Hrs.";"CIRUJANO DENTISTA";"Región Metropolitana de Santiago";"(188)(86)(186)";"$ 2.757.970";"$ 2.191.055";"$ 0";"$ 0";"No";"No tiene";"No tiene";"No tiene";"01/01/2026";"31/03/2026";"No informa";"Sin observaciones";
"2026";"Marzo";"Profesional";"DAMES VERGARA, VICTOR HUGO";"ATENCION CLINICA";"12";"ENFERMERA (O)";"Región Metropolitana de Santiago";"(203)(204)(186)";"$ 3.942.049";"$ 3.076.626";"$ 0";"$ 485.681";"Sí";"$ 348.116 : 32,00 hrs";"$ 548.283 : 42,00 hrs";"No tiene";"01/01/2026";"31/12/2026";"No informa";"CANCELA PAGO TRIMESTRAL LEY 19.490 PERIODO 03/2026+CANCELA PAGO TRIMESTRAL LEY 19.937 PERIODO 03/2026+REMUNERACION MAR.2026";
"2026";"Marzo";"Técnico";"DANIELS MUÑOZ, MONICA ALEJANDRA";"Apoyo Administrativo";"14";"TECNICO EN COMPUTACION";"Región Metropolitana de Santiago";"(186)";"$ 1.489.074";"$ 1.020.201";"$ 0";"$ 443.479";"Sí";"$ 17.035 : 3,00 hrs";"$ 34.069 : 5,00 hrs";"No tiene";"01/01/2026";"31/12/2026";"No informa";"Sin observaciones";
"2026";"Marzo";"Profesional";"D?AQUIN LEMA, ELISA MARIA";"Apoyo Administrativo";"15";"ABOGADO (A)";"Región Metropolitana de Santiago";"(01)";"$ 1.540.713";"$ 1.266.792";"$ 0";"$ 0";"Sí";"$ 49.011 : 6,00 hrs";"No tiene";"No tiene";"01/01/2026";"31/03/2026";"No informa";"CONTRATO POR REEMPLAZO";
"2026";"Marzo";"Médicos cirujanos, farmacéuticos, químico-farmacéuticos, bioquímicos, cirujano-dentistas";"DE LA FUENTE BASTIAS, OSCAR BALDEMAR";"Atencion Clinica Medica";"44 Hrs.";"MEDICO CIRUJANO";"Región Metropolitana de Santiago";"(188)(186)";"$ 5.111.325";"$ 4.168.421";"$ 0";"$ 0";"No";"No tiene";"No tiene";"No tiene";"01/01/2026";"31/12/2026";"No informa";"Sin observaciones";
"2026";"Marzo";"Auxiliar";"DE LA FUENTE NUÑEZ, ISRAEL ISAIAS";"Apoyo Logistico";"23";"AUXILIAR";"Región Metropolitana de Santiago";"(186)";"$ 694.156";"$ 536.046";"$ 0";"$ 110.149";"Sí";"No tiene";"$ 15.097 : 4,00 hrs";"No tiene";"01/01/2026";"31/12/2026";"No informa";"Sin observaciones";
"2026";"Marzo";"Médicos cirujanos, farmacéuticos, químico-farmacéuticos, bioquímicos, cirujano-dentistas";"DE LA VEGA CONTRERAS, MICHELLE CECILIA";"Atencion Odontologica";"22 Hrs.";"CIRUJANO DENTISTA";"Región Metropolitana de Santiago";"(186)";"$ 2.360.102";"$ 1.885.616";"$ 0";"$ 0";"No";"No tiene";"No tiene";"No tiene";"01/01/2026";"31/03/2026";"No informa";"Sin observaciones";
"2026";"Marzo";"Técnico";"DEL CAMPO MIRANDA, CLAUDIA ANDREA";"ATENCION CLINICA";"22";"TECNICO NIVEL SUPERIOR ENFERMERIA";"Región Metropolitana de Santiago";"(01)";"$ 340.653";"$ 296.115";"$ 0";"$ 0";"Sí";"No tiene";"$ 96.880 : 77,00 hrs";"No tiene";"01/03/2026";"10/03/2026";"No informa";"PAGO BONO MENSUAL+REEMPLAZO MAR.2026 (01-10)";
"2026";"Marzo";"Técnico";"DEL CANTO ARAYA, ANGELINA BEATRIZ";"Atencion Clinica";"21";"TECNICO NIVEL SUPERIOR ENFERMERIA";"Región Metropolitana de Santiago";"(01)";"$ 731.315";"$ 597.704";"$ 0";"$ 0";"No";"No tiene";"No tiene";"No tiene";"01/01/2026";"31/12/2026";"No informa";"Sin observaciones";
"2026";"Marzo";"Médicos cirujanos, farmacéuticos, químico-farmacéuticos, bioquímicos, cirujano-dentistas";"DELGADO DIOCARES, PAOLA VANESSA";"Atencion Odontologica";"44 Hrs.";"CIRUJANO DENTISTA";"Región Metropolitana de Santiago";"(188)(186)";"$ 5.124.812";"$ 4.180.087";"$ 0";"$ 0";"No";"No tiene";"No tiene";"No tiene";"01/01/2026";"31/12/2026";"No informa";"Sin observaciones";
"2026";"Marzo";"Médicos cirujanos, farmacéuticos, químico-farmacéuticos, bioquímicos, cirujano-dentistas";"DELGADO FLORES, JOSE MANUEL";"Medico Becario Primario";"44 Hrs.";"MEDICO CIRUJANO";"Región Metropolitana de Santiago";"(01)";"$ 2.875.980";"$ 2.370.382";"$ 0";"$ 0";"No";"No tiene";"No tiene";"No tiene";"06/05/2025";"05/05/2026";"No informa";"Sin observaciones";
"2026";"Marzo";"Médicos cirujanos, farmacéuticos, químico-farmacéuticos, bioquímicos, cirujano-dentistas";"DELGADO HENRIQUEZ, FELIPE DANIEL";"Atencion Odontologica";"44 Hrs.";"CIRUJANO DENTISTA";"Región Metropolitana de Santiago";"(186)";"$ 4.180.718";"$ 3.366.857";"$ 0";"$ 0";"No";"No tiene";"No tiene";"No tiene";"01/02/2026";"30/04/2026";"No informa";"Sin observaciones";
"2026";"Marzo";"Médicos cirujanos, farmacéuticos, químico-farmacéuticos, bioquímicos, cirujano-dentistas";"DELGADO VARON, NATALIA";"MEDICO CIRUJANO CON ESPECIALIDAD EN MEDICINA DE URGENCIA";"22 Hrs.";"MEDICO CIRUJANO CON ESPECIALIDAD EN MEDICINA DE URGENCIA";"Región Metropolitana de Santiago";"(86)(186)";"$ 1.867.825";"$ 1.596.487";"$ 0";"$ 0";"No";"No tiene";"No tiene";"No tiene";"01/01/2026";"31/12/2026";"No informa";"REMUNERACION MAR.2026";
"2026";"Marzo";"Técnico";"DEL RIO PARRA, CRISTIAN JAVIER";"ATENCION CLINICA";"22";"TECNICO NIVEL SUPERIOR ENFERMERIA";"Región Metropolitana de Santiago";"(202)(204)(186)";"$ 1.341.745";"$ 988.819";"$ 0";"$ 120.553";"Sí";"$ 138.879 : 40,00 hrs";"$ 124.991 : 30,00 hrs";"No tiene";"01/01/2026";"31/12/2026";"No informa";"CANCELA ASIG. TECNICA+CANCELA PAGO TRIMESTRAL LEY 19.490 Y LEY 19.937 PERIODO 03/2026+REMUNERACION MAR.2026";
"2026";"Marzo";"Administrativo";"DELZO REYES, FRANCO ALEJANDRO";"APOYO ADMINISTRATIVO";"15";"ADMINISTRATIVO";"Región Metropolitana de Santiago";"(186)";"$ 983.808";"$ 711.268";"$ 0";"$ 272.208";"No";"No tiene";"No tiene";"No tiene";"01/01/2026";"31/12/2026";"No informa";"CANCELA BONO ESCOLAR 2026-202603+CANCELA PAGO TRIMESTRAL LEY 19.490 Y LEY 19.937 PERIODO 03/2026+PAGO POR MANTENEDOR DE CARGAS FAMILIARES RETROACTI+REMUNERACION MAR.2026";
"2026";"Marzo";"Profesional";"DIAZ ARAOS, FELIPE ANDRES";"Apoyo Administrativo";"6";"INGENIERO (A) EJECUCION ADMINISTRACION DE EMPRESAS";"Región Metropolitana de Santiago";"(186)";"$ 3.934.649";"$ 3.058.421";"$ 0";"$ 522.155";"No";"No tiene";"No tiene";"No tiene";"01/01/2026";"31/12/2026";"No informa";"REMUNERACION MARZO 2026 + BONOS TRIMESTRALES";
"2026";"Marzo";"Profesional";"DIAZ ARENAS, ROBERT DAVID";"Apoyo Administrativo";"9";"INGENIERO (A) COMERCIAL";"Región Metropolitana de Santiago";"(01)";"$ 2.774.678";"$ 2.074.256";"$ 0";"$ 265.529";"No";"No tiene";"No tiene";"No tiene";"01/01/2026";"31/12/2026";"No informa";"Sin observaciones";
"2026";"Marzo";"Profesional";"DIAZ CONTRERAS, MARIA BELEN";"Atencion Clinica";"15";"ENFERMERA (O)";"Región Metropolitana de Santiago";"(186)";"$ 1.784.259";"$ 1.351.228";"$ 0";"$ 192.449";"No";"No tiene";"No tiene";"No tiene";"01/01/2026";"31/12/2026";"No informa";"Sin observaciones";
"2026";"Marzo";"Profesional";"DIAZ DENECKEN, OSCAR ANTONIO";"APOYO LOGISTICO";"12";"INGENIERO (A) EJECUCION MECANICA AUTOMOTRIZ";"Región Metropolitana de Santiago";"(01)";"$ 2.024.485";"$ 1.592.262";"$ 0";"$ 120.417";"Sí";"$ 42.251 : 4,00 hrs";"$ 38.026 : 3,00 hrs";"No tiene";"01/01/2026";"31/12/2026";"No informa";"CANCELA PAGO TRIMESTRAL LEY 19.937 PERIODO 03/2026+REMUNERACION MAR.2026";
"2026";"Marzo";"Administrativo";"DIAZ FARIAS, ALEJANDRA";"Apoyo Administrativo";"15";"ADMINISTRATIVO";"Región Metropolitana de Santiago";"(186)";"$ 1.258.559";"$ 972.832";"$ 0";"$ 207.758";"No";"No tiene";"No tiene";"No tiene";"01/01/2026";"31/12/2026";"No informa";"REMUNERACION MARZO 2026 + BONOS TRIMESTRALES";
"2026";"Marzo";"Profesional";"DIAZ FONSECA, CATHERINE VALENTINA";"Atencion Clinica";"15";"FONOAUDIOLOGO (A)";"Región Metropolitana de Santiago";"(01)";"$ 1.491.702";"$ 1.218.023";"$ 0";"$ 0";"No";"No tiene";"No tiene";"No tiene";"01/01/2026";"31/12/2026";"No informa";"Sin observaciones";
"2026";"Marzo";"Profesional";"DIAZ GOMEZ, JOAN JARNETT";"Atencion Clinica";"15";"MATRON (A)";"Región Metropolitana de Santiago";"(186)";"$ 1.826.319";"$ 1.427.885";"$ 0";"$ 217.282";"No";"No tiene";"No tiene";"No tiene";"01/01/2026";"31/12/2026";"No informa";"Sin observaciones";
"2026";"Marzo";"Técnico";"DIAZ GONZALEZ, ALEXANDRA JESUS";"Atencion Clinica";"21";"TECNICO NIVEL SUPERIOR ODONTOLOGIA";"Región Metropolitana de Santiago";"(01)";"$ 243.772";"$ 199.235";"$ 0";"$ 0";"No";"No tiene";"No tiene";"No tiene";"01/03/2026";"10/03/2026";"No informa";"Sin observaciones";
"2026";"Marzo";"Técnico";"DIAZ GUTIERREZ, RUTH ELIANA";"Atencion Clinica";"18";"TECNICO NIVEL SUPERIOR ENFERMERIA";"Región Metropolitana de Santiago";"(186)";"$ 1.050.260";"$ 786.378";"$ 0";"$ 197.048";"No";"No tiene";"No tiene";"No tiene";"01/01/2026";"31/12/2026";"No informa";"REMUNERACION MARZO 2026 + BONOS TRIMESTRALES";
"2026";"Marzo";"Profesional";"DIAZ GUZMAN, EDUARDO ALBERTO";"ENCARGADO (A)";"9";"INGENIERO (A) COMERCIAL";"Región Metropolitana de Santiago";"(186)";"$ 2.655.319";"$ 1.985.415";"$ 0";"$ 364.451";"No";"No tiene";"No tiene";"No tiene";"01/01/2026";"31/12/2026";"No informa";"CANCELA PAGO TRIMESTRAL LEY 19.490 PERIODO 03/2026+CANCELA PAGO TRIMESTRAL LEY 19.937 PERIODO 03/2026+REMUNERACION MAR.2026";
"2026";"Marzo";"Profesional";"DIAZ JARAQUEMADA, ISABEL MARGARITA";"Atencion Clinica";"15";"PROFESOR (A)";"Región Metropolitana de Santiago";"(186)";"$ 1.826.319";"$ 1.422.637";"$ 0";"$ 217.282";"No";"No tiene";"No tiene";"No tiene";"01/01/2026";"31/12/2026";"No informa";"Sin observaciones";
"2026";"Marzo";"Profesional";"DIAZ MOLINA, MANUEL ULISES";"Apoyo Administrativo";"8";"INGENIERO (A) AGRONOMO";"Región Metropolitana de Santiago";"(186)";"$ 3.215.067";"$ 2.362.831";"$ 0";"$ 363.218";"No";"No tiene";"No tiene";"No tiene";"01/01/2026";"31/12/2026";"No informa";"REMUNERACION MARZO 2026 + BONOS TRIMESTRALES";
"2026";"Marzo";"Técnico";"DIAZ ORTIZ, NAYARETH PAOLA";"Atencion Clinica";"22";"TECNICO NIVEL SUPERIOR ODONTOLOGIA";"Región Metropolitana de Santiago";"(186)";"$ 858.082";"$ 663.477";"$ 0";"$ 124.442";"No";"No tiene";"No tiene";"No tiene";"01/01/2026";"31/12/2026";"No informa";"Sin observaciones";
"2026";"Marzo";"Administrativo";"DIAZ ORTIZ, NICOLAS IGNACIO";"Apoyo Administrativo";"21";"ADMINISTRATIVO";"Región Metropolitana de Santiago";"(01)";"$ 854.014";"$ 674.841";"$ 0";"$ 123.073";"Sí";"$ 36.804 : 10,00 hrs";"$ 44.165 : 10,00 hrs";"No tiene";"01/01/2026";"31/12/2026";"No informa";"Sin observaciones";
"2026";"Marzo";"Profesional";"DIAZ PERALTA, KATHERINE ANDREA";"Atencion Clinica";"15";"KINESIOLOGO (A)";"Región Metropolitana de Santiago";"(186)";"$ 1.865.975";"$ 1.394.820";"$ 0";"$ 248.323";"No";"No tiene";"No tiene";"No tiene";"01/01/2026";"31/12/2026";"No informa";"Sin observaciones";
"2026";"Marzo";"Profesional";"DIAZ SALGADO, KAROL ANDREA";"Apoyo Administrativo";"8";"ENFERMERA (O)";"Región Metropolitana de Santiago";"(186)";"$ 1.738.874";"$ 1.404.408";"$ 0";"$ 0";"No";"No tiene";"No tiene";"No tiene";"01/01/2026";"19/03/2026";"No informa";"Sin observaciones";
"2026";"Marzo";"Auxiliar";"DIAZ SILVA, FABIAN ANTONIO";"CONDUCTOR";"24";"AUXILIAR";"Región Metropolitana de Santiago";"(01)";"$ 1.296.559";"$ 1.162.995";"$ 0";"$ 0";"Sí";"$ 114.958 : 40,00 hrs";"$ 554.100 : 212,00 hrs";"No tiene";"01/03/2026";"31/03/2026";"No informa";"PAGO BONO MENSUAL+SUPLENCIA MAR.2026 (01-31)";
"2026";"Marzo";"Médicos cirujanos, farmacéuticos, químico-farmacéuticos, bioquímicos, cirujano-dentistas";"DIAZ VALDIVIA, FRANCISCO IGNACIO";"Atencion Clinica Medica";"44 Hrs.";"MEDICO CIRUJANO";"Región Metropolitana de Santiago";"(86)(186)";"$ 3.465.905";"$ 2.727.676";"$ 0";"$ 0";"No";"No tiene";"No tiene";"No tiene";"01/01/2026";"31/12/2026";"No informa";"Sin observaciones";
"2026";"Marzo";"Técnico";"DIAZ VASQUEZ, VICTOR RICARDO";"ATENCION CLINICA";"22";"TECNICO NIVEL SUPERIOR ENFERMERIA";"Región Metropolitana de Santiago";"(202)(204)(186)";"$ 1.094.768";"$ 731.506";"$ 0";"$ 145.183";"No";"No tiene";"No tiene";"No tiene";"01/01/2026";"31/12/2026";"No informa";"CANCELA ASIG. TECNICA+CANCELA PAGO TRIMESTRAL LEY 19.490 Y LEY 19.937 PERIODO 03/2026+REMUNERACION MAR.2026";
"2026";"Marzo";"Técnico";"DIAZ VERGARA, CARLOS MAURICIO";"Apoyo Administrativo";"12";"TECNICO AUDITOR";"Región Metropolitana de Santiago";"(186)";"$ 1.965.017";"$ 1.443.845";"$ 0";"$ 460.633";"Sí";"$ 239.099 : 38,00 hrs";"$ 143.459 : 19,00 hrs";"No tiene";"01/01/2026";"31/12/2026";"No informa";"REMUNERACION MARZO 2026 + BONOS TRIMESTRALES";
"2026";"Marzo";"Administrativo";"DIETZOLD PINO, MURIEL CAROLINA";"APOYO ADMINISTRATIVO";"22";"ADMINISTRATIVO";"Región Metropolitana de Santiago";"(203)(204)(186)";"$ 1.083.919";"$ 797.108";"$ 0";"$ 114.072";"No";"No tiene";"No tiene";"No tiene";"01/01/2026";"31/12/2026";"No informa";"CANCELA PAGO TRIMESTRAL LEY 19.937 PERIODO 03/2026+REMUNERACION MAR.2026";
"2026";"Marzo";"Técnico";"DINAMARCA DEL POZO, LORETO HORTENCIA";"Atencion Clinica";"22";"TECNICO NIVEL SUPERIOR ENFERMERIA";"Región Metropolitana de Santiago";"(186)";"$ 849.579";"$ 659.143";"$ 0";"$ 120.553";"No";"No tiene";"No tiene";"No tiene";"01/01/2026";"31/03/2026";"No informa";"Sin observaciones";
"2026";"Marzo";"Profesional";"DINAMARCA PARADA, NATALIA LORETTO";"Subdirector";"7";"NUTRICIONISTA";"Región Metropolitana de Santiago";"(01)";"$ 3.279.241";"$ 2.447.764";"$ 0";"$ 281.289";"No";"No tiene";"No tiene";"No tiene";"01/01/2026";"31/12/2026";"No informa";"Sin observaciones";
"2026";"Marzo";"Médicos cirujanos, farmacéuticos, químico-farmacéuticos, bioquímicos, cirujano-dentistas";"DISI SALAZAR, CESAR ENRIQUE";"Atencion Odontologica";"22 Hrs.";"CIRUJANO DENTISTA";"Región Metropolitana de Santiago";"(188)(186)";"$ 2.529.422";"$ 2.040.208";"$ 0";"$ 0";"No";"No tiene";"No tiene";"No tiene";"01/01/2026";"31/12/2026";"No informa";"Sin observaciones";
"2026";"Marzo";"Profesional";"DOCMAC WALKOWIAK, DOMINIQUE MARIE";"ATENCION CLINICA";"13";"ENFERMERA (O)";"Región Metropolitana de Santiago";"(203)(204)(186)";"$ 3.880.415";"$ 2.948.267";"$ 0";"$ 188.504";"Sí";"$ 391.409 : 40,00 hrs";"$ 728.020 : 62,00 hrs";"No tiene";"01/01/2026";"31/12/2026";"No informa";"CANCELA PAGO TRIMESTRAL LEY 19.490 PERIODO 03/2026+CANCELA PAGO TRIMESTRAL LEY 19.937 PERIODO 03/2026+REMUNERACION MAR.2026";
"2026";"Marzo";"Profesional";"DOMINGUEZ ESPINOSA, MARIA JOSE";"Apoyo Administrativo";"8";"INGENIERO (A) CIVIL BIOMEDICO";"Región Metropolitana de Santiago";"(186)";"$ 3.063.407";"$ 2.359.652";"$ 0";"$ 317.816";"No";"No tiene";"No tiene";"No tiene";"01/01/2026";"31/12/2026";"No informa";"REMUNERACION MARZO 2026 + BONOS TRIMESTRALES";
"2026";"Marzo";"Médicos cirujanos, farmacéuticos, químico-farmacéuticos, bioquímicos, cirujano-dentistas";"DONAIRE VERA, EUGENIO ANDRES";"MEDICO CIRUJANO CON ESPECIALIDAD EN MEDICINA DE URGENCIA";"22 Hrs.";"MEDICO CIRUJANO CON ESPECIALIDAD EN MEDICINA DE URGENCIA";"Región Metropolitana de Santiago";"(86)(186)";"$ 2.650.074";"$ 2.315.745";"$ 0";"$ 0";"No";"No tiene";"No tiene";"No tiene";"01/01/2026";"31/03/2026";"No informa";"REMUNERACION MAR.2026";
"2026";"Marzo";"Profesional";"DONOSO ALARCON, JOSEFA";"APOYO ADMINISTRATIVO";"15";"ADMINISTRADOR (A) PUBLICO";"Región Metropolitana de Santiago";"(01)";"$ 845.298";"$ 691.140";"$ 0";"$ 37.638";"No";"No tiene";"No tiene";"No tiene";"27/02/2026";"13/03/2026";"No informa";"BONO VACACIONES 2026+REEMPLAZO FEB.2026 (27-28)+REEMPLAZO MAR.2026 (01-13)";
"2026";"Marzo";"Técnico";"DONOSO GONZALEZ, ARACELI DEL SAGRADO CORAZON";"Atencion Clinica";"21";"TECNICO NIVEL SUPERIOR ENFERMERIA";"Región Metropolitana de Santiago";"(186)";"$ 881.736";"$ 665.505";"$ 0";"$ 145.450";"No";"No tiene";"No tiene";"No tiene";"01/01/2026";"31/12/2026";"No informa";"Sin observaciones";
"2026";"Marzo";"Profesional";"DONOSO NILO, WILLIAMS ENRIQUE";"Apoyo Administrativo";"9";"KINESIOLOGO (A)";"Región Metropolitana de Santiago";"(01)";"$ 2.774.678";"$ 2.074.533";"$ 0";"$ 265.529";"No";"No tiene";"No tiene";"No tiene";"01/01/2026";"31/12/2026";"No informa";"Sin observaciones";
"2026";"Marzo";"Médicos cirujanos, farmacéuticos, químico-farmacéuticos, bioquímicos, cirujano-dentistas";"DOREN ALARCON, SOLANGE FRANCISCA";"Atencion Odontologica";"22 Hrs.";"CIRUJANO DENTISTA";"Región Metropolitana de Santiago";"(188)(186)";"$ 2.488.229";"$ 2.160.669";"$ 0";"$ 0";"No";"No tiene";"No tiene";"No tiene";"01/01/2026";"31/12/2026";"No informa";"Sin observaciones";
"2026";"Marzo";"Médicos cirujanos, farmacéuticos, químico-farmacéuticos, bioquímicos, cirujano-dentistas";"DOREN ALARCON, SOLANGE FRANCISCA";"Atencion Odontologica";"22 Hrs.";"CIRUJANO DENTISTA";"Región Metropolitana de Santiago";"(188)(186)";"$ 2.488.229";"$ 1.891.090";"$ 0";"$ 0";"No";"No tiene";"No tiene";"No tiene";"01/01/2026";"31/12/2026";"No informa";"Sin observaciones";
"2026";"Marzo";"Profesional";"DROGUETT ARIAS, JULISSA ALEJANDRA";"Apoyo Administrativo";"15";"INGENIERO (A) EJECUCION ADMINISTRACION DE NEGOCIOS";"Región Metropolitana de Santiago";"(01)";"$ 1.778.907";"$ 1.329.559";"$ 0";"$ 254.531";"Sí";"$ 32.674 : 4,00 hrs";"No tiene";"No tiene";"01/01/2026";"31/12/2026";"No informa";"Sin observaciones";
"2026";"Marzo";"Profesional";"DROGUETT SAAVEDRA, CLAUDIO";"Apoyo Administrativo";"8";"INGENIERO (A) EJECUCION EN INFORMATICA";"Región Metropolitana de Santiago";"(01)";"$ 2.730.827";"$ 2.173.244";"$ 0";"$ 0";"No";"No tiene";"No tiene";"No tiene";"01/01/2026";"31/12/2026";"No informa";"Sin observaciones";
"2026";"Marzo";"Administrativo";"DUARTE ARCE, MARIA ELIANA";"Apoyo Administrativo";"13";"ADMINISTRATIVO";"Región Metropolitana de Santiago";"(186)";"$ 1.661.048";"$ 1.266.384";"$ 0";"$ 299.272";"Sí";"$ 209.169 : 35,00 hrs";"$ 100.401 : 14,00 hrs";"No tiene";"01/01/2026";"31/12/2026";"No informa";"Sin observaciones";
"2026";"Marzo";"Auxiliar";"DUARTE ARRIAZA, GABRIEL MICHEL";"CONDUCTOR";"22";"AUXILIAR";"Región Metropolitana de Santiago";"(205)(202)(204)";"$ 1.436.705";"$ 1.059.895";"$ 0";"$ 127.035";"Sí";"$ 136.450 : 40,00 hrs";"$ 221.049 : 54,00 hrs";"No tiene";"01/01/2026";"31/12/2026";"No informa";"CANCELA PAGO TRIMESTRAL LEY 19.490 PERIODO 03/2026+CANCELA PAGO TRIMESTRAL LEY 19.937 PERIODO 03/2026+REMUNERACION MAR.2026";
"2026";"Marzo";"Profesional";"DUARTE PARRA, LAURA VICTORIA";"Atencion Clinica";"13";"ASISTENTE SOCIAL";"Región Metropolitana de Santiago";"(01)";"$ 1.958.938";"$ 1.540.611";"$ 0";"$ 110.885";"Sí";"$ 77.814 : 8,00 hrs";"No tiene";"No tiene";"01/01/2026";"31/12/2026";"No informa";"Sin observaciones";
"2026";"Marzo";"Técnico";"DUARTE SALGADO, FRANCISCA ANDREA";"Atencion Clinica";"20";"TECNICO NIVEL SUPERIOR ODONTOLOGIA";"Región Metropolitana de Santiago";"(186)";"$ 956.187";"$ 751.592";"$ 0";"$ 137.213";"No";"No tiene";"No tiene";"No tiene";"01/01/2026";"31/12/2026";"No informa";"Sin observaciones";
"2026";"Marzo";"Profesional";"DUK DIAZ, ANDREA MARGARITA";"ATENCION CLINICA";"9";"ENFERMERA (O)";"Región Metropolitana de Santiago";"(203)(204)(186)";"$ 3.746.444";"$ 2.139.440";"$ 0";"$ 416.516";"No";"No tiene";"No tiene";"No tiene";"01/01/2026";"31/12/2026";"No informa";"CANCELA PAGO TRIMESTRAL LEY 19.490 PERIODO 03/2026+CANCELA PAGO TRIMESTRAL LEY 19.937 PERIODO 03/2026+REMUNERACION MAR.2026";
"2026";"Marzo";"Profesional";"DURAN BARAHONA, ROSSANA ESTER";"Apoyo Administrativo";"10";"ASISTENTE SOCIAL";"Región Metropolitana de Santiago";"(186)";"$ 2.971.233";"$ 2.212.793";"$ 0";"$ 514.799";"No";"No tiene";"No tiene";"No tiene";"01/01/2026";"31/12/2026";"No informa";"Sin observaciones";
"2026";"Marzo";"Profesional";"DURAN MEDINA, FRANCISCA ALEJANDRA";"Atencion Clinica";"13";"PSICOLOGO (A)";"Región Metropolitana de Santiago";"(01)";"$ 1.770.239";"$ 1.438.410";"$ 0";"$ 0";"No";"No tiene";"No tiene";"No tiene";"01/01/2026";"31/12/2026";"No informa";"Sin observaciones";
"2026";"Marzo";"Profesional";"DURAN MELLADO, SUSANA MELISSA";"APOYO ADMINISTRATIVO";"15";"INGENIERO (A) COMERCIAL";"Región Metropolitana de Santiago";"(01)";"$ 1.491.702";"$ 1.181.818";"$ 0";"$ 124.161";"No";"No tiene";"No tiene";"No tiene";"01/01/2026";"30/04/2026";"No informa";"CANCELA PAGO TRIMESTRAL LEY 19.490 PERIODO 03/2026+CANCELA PAGO TRIMESTRAL LEY 19.937 PERIODO 03/2026+REMUNERACION MAR.2026";
"2026";"Marzo";"Profesional";"ECHANIZ FARIAS, CATALINA MAGDALENA";"Atencion Clinica";"15";"ENFERMERA (O)";"Región Metropolitana de Santiago";"(186)";"$ 1.991.706";"$ 1.483.414";"$ 0";"$ 335.235";"Sí";"$ 156.154 : 19,00 hrs";"No tiene";"No tiene";"01/01/2026";"31/12/2026";"No informa";"Sin observaciones";
"2026";"Marzo";"Administrativo";"ECHEVERRIA GUZMAN, CLAUDIA PATRICIA";"SECRETARIA";"21";"ADMINISTRATIVO";"Región Metropolitana de Santiago";"(186)";"$ 838.521";"$ 563.111";"$ 0";"$ 211.470";"Sí";"$ 19.052 : 5,00 hrs";"No tiene";"No tiene";"01/01/2026";"31/12/2026";"No informa";"CANCELA BONO ESCOLAR 2026-202603+CANCELA PAGO TRIMESTRAL LEY 19.490 Y LEY 19.937 PERIODO 03/2026+REMUNERACION MAR.2026";
"2026";"Marzo";"Técnico";"ELGUETA JARA, PATRICIA ELIANA";"SECRETARIA";"22";"TECNICO NIVEL SUPERIOR EN TRABAJO SOCIAL";"Región Metropolitana de Santiago";"(01)";"$ 1.006.955";"$ 901.868";"$ 0";"$ 141.488";"Sí";"$ 136.450 : 40,00 hrs";"$ 130.992 : 32,00 hrs";"No tiene";"01/01/2026";"31/12/2026";"No informa";"CANCELA BONO ESCOLAR 2026-202603+CANCELA PAGO TRIMESTRAL LEY 19.937 PERIODO 03/2026+REMUNERACION MAR.2026";
"2026";"Marzo";"Técnico";"ELGUETA MALDONADO, KIMBERLY LISSETTS";"ATENCION CLINICA";"22";"TECNICO NIVEL SUPERIOR ENFERMERIA";"Región Metropolitana de Santiago";"(202)(204)";"$ 1.187.144";"$ 983.493";"$ 0";"$ 37.638";"Sí";"$ 92.104 : 27,00 hrs";"$ 90.057 : 22,00 hrs";"No tiene";"01/01/2026";"30/04/2026";"No informa";"BONO VACACIONES 2026+REMUNERACION MAR.2026";
"2026";"Marzo";"Profesional";"ELGUETA RODRIGUEZ, ELIZABETH JOVANNA";"Apoyo Administrativo";"8";"ENFERMERA (O)";"Región Metropolitana de Santiago";"(01)";"$ 3.162.149";"$ 2.310.825";"$ 0";"$ 431.322";"No";"No tiene";"No tiene";"No tiene";"01/01/2026";"31/12/2026";"No informa";"REMUNERACION MARZO 2026 + BONOS TRIMESTRALES";
"2026";"Marzo";"Profesional";"ELLIOTT FELIU, SOPHIA CATALINA";"Atencion Clinica";"16";"PSICOLOGO (A)";"Región Metropolitana de Santiago";"(01)";"$ 1.095.637";"$ 851.921";"$ 0";"$ 0";"No";"No tiene";"No tiene";"No tiene";"01/01/2026";"24/03/2026";"No informa";"CONTRATO POR REEMPLAZO";
"2026";"Marzo";"Profesional";"ENRIQUEZ LOPEZ, SERGIO ANTONIO";"APOYO ADMINISTRATIVO";"7";"KINESIOLOGO (A)";"Región Metropolitana de Santiago";"(186)";"$ 3.061.738";"$ 2.115.779";"$ 0";"$ 952.491";"No";"No tiene";"No tiene";"No tiene";"01/01/2026";"31/12/2026";"No informa";"CANCELA BONO ESCOLAR 2026-202603+CANCELA PAGO TRIMESTRAL LEY 19.490 Y LEY 19.937 PERIODO 03/2026+REMUNERACION MAR.2026";
"2026";"Marzo";"Auxiliar";"ESCALANTE PEÑAILILLO, DAVID JACOB";"CONDUCTOR";"21";"AUXILIAR";"Región Metropolitana de Santiago";"(205)(202)(204)";"$ 1.443.500";"$ 781.438";"$ 0";"$ 172.866";"Sí";"$ 147.216 : 40,00 hrs";"$ 132.495 : 30,00 hrs";"No tiene";"01/01/2026";"31/12/2026";"No informa";"CANCELA BONO ESCOLAR 2026-202603+CANCELA PAGO TRIMESTRAL LEY 19.490 Y LEY 19.937 PERIODO 03/2026+REMUNERACION MAR.2026";
"2026";"Marzo";"Auxiliar";"ESCALANTE SALAMANCA, JUAN FRANCISCO";"CONDUCTOR";"22";"AUXILIAR";"Región Metropolitana de Santiago";"(205)(202)(204)";"$ 1.079.206";"$ 852.553";"$ 0";"$ 114.072";"No";"No tiene";"No tiene";"No tiene";"01/01/2026";"31/12/2026";"No informa";"CANCELA PAGO TRIMESTRAL LEY 19.937 PERIODO 03/2026+REMUNERACION MAR.2026";
"2026";"Marzo";"Médicos cirujanos, farmacéuticos, químico-farmacéuticos, bioquímicos, cirujano-dentistas";"ESCALANTE TAPIA, DIEGO ANTONIO";"Atencion Clinica Medica";"44 Hrs.";"MEDICO CIRUJANO";"Región Metropolitana de Santiago";"(86)(186)";"$ 4.256.710";"$ 3.429.179";"$ 0";"$ 0";"Sí";"$ 77.724 : 6,00 hrs";"$ 528.496 : 34,00 hrs";"No tiene";"01/01/2026";"07/05/2026";"No informa";"Sin observaciones";
"2026";"Marzo";"Técnico";"ESCAMILLA ROJAS, ANDREA ALEJANDRA";"Atencion Clinica";"21";"ENFERMERA (O)";"Región Metropolitana de Santiago";"(186)(186)";"$ 1.173.978";"$ 778.701";"$ 0";"$ 191.577";"No";"No tiene";"No tiene";"No tiene";"01/01/2026";"31/12/2026";"No informa";"Sin observaciones";
"2026";"Marzo";"Administrativo";"ESCARATE FIGUEROA, PEDRO ALFONSO";"Apoyo Administrativo";"22";"ADMINISTRATIVO";"Región Metropolitana de Santiago";"(186)(186)";"$ 705.090";"$ 571.543";"$ 0";"$ 0";"No";"No tiene";"No tiene";"No tiene";"01/01/2026";"31/12/2026";"No informa";"Sin observaciones";
"2026";"Marzo";"Profesional";"ESCOBAR PEÑALOZA, MARIA BELEN";"ATENCION CLINICA";"13";"ENFERMERA (O)";"Región Metropolitana de Santiago";"(203)(204)(186)";"$ 3.254.010";"$ 2.625.662";"$ 0";"$ 258.732";"Sí";"$ 129.488 : 13,00 hrs";"$ 322.725 : 27,00 hrs";"No tiene";"01/01/2026";"31/12/2026";"No informa";"CANCELA PAGO TRIMESTRAL LEY 19.490 PERIODO 03/2026+CANCELA PAGO TRIMESTRAL LEY 19.937 PERIODO 03/2026+REMUNERACION MAR.2026";
"2026";"Marzo";"Técnico";"ESCOBAR VILLAGRA, JOSE LUIS";"Atencion Clinica";"22";"TECNICO NIVEL SUPERIOR ENFERMERIA";"Región Metropolitana de Santiago";"(01)";"$ 838.484";"$ 643.611";"$ 0";"$ 114.072";"No";"No tiene";"No tiene";"No tiene";"01/01/2026";"31/03/2026";"No informa";"Sin observaciones";
"2026";"Marzo";"Administrativo";"ESCORZA BARRIGA, FRANCISCA";"Apoyo Administrativo";"21";"ADMINISTRATIVO";"Región Metropolitana de Santiago";"(186)";"$ 1.228.232";"$ 980.516";"$ 0";"$ 162.104";"No";"No tiene";"No tiene";"No tiene";"01/01/2026";"31/12/2026";"No informa";"Sin observaciones";
"2026";"Marzo";"Auxiliar";"ESCORZA PIZARRO, LUIS HERNAN";"CONDUCTOR";"24";"AUXILIAR";"Región Metropolitana de Santiago";"(202)(204)(186)";"$ 880.243";"$ 469.064";"$ 0";"$ 101.566";"No";"No tiene";"No tiene";"No tiene";"01/01/2026";"31/12/2026";"No informa";"CANCELA PAGO TRIMESTRAL LEY 19.490 PERIODO 03/2026+CANCELA PAGO TRIMESTRAL LEY 19.937 PERIODO 03/2026+REMUNERACION MAR.2026";
"2026";"Marzo";"Profesional";"ESPINOSA ROMERO, ANTONIO ALEJANDRO";"ATENCION CLINICA";"13";"ENFERMERA (O)";"Región Metropolitana de Santiago";"(203)(204)(186)";"$ 2.774.591";"$ 1.823.670";"$ 0";"$ 188.504";"No";"No tiene";"No tiene";"No tiene";"01/01/2026";"31/12/2026";"No informa";"CANCELA PAGO TRIMESTRAL LEY 19.490 PERIODO 03/2026+CANCELA PAGO TRIMESTRAL LEY 19.937 PERIODO 03/2026+REMUNERACION MAR.2026";
"2026";"Marzo";"Técnico";"ESPINOSA VALENZUELA, GUILLERMO MOISES";"ATENCION CLINICA";"21";"TECNICO NIVEL SUPERIOR ENFERMERIA";"Región Metropolitana de Santiago";"(203)(204)(186)";"$ 1.289.069";"$ 1.084.725";"$ 0";"$ 145.450";"Sí";"$ 102.879 : 27,00 hrs";"$ 105.126 : 24,00 hrs";"No tiene";"01/01/2026";"31/12/2026";"No informa";"CANCELA ASIG. TECNICA+CANCELA PAGO TRIMESTRAL LEY 19.490 Y LEY 19.937 PERIODO 03/2026+REMUNERACION MAR.2026";
"2026";"Marzo";"Profesional";"ESPINOZA ACUÑA, MARIA JOSE";"Atencion Clinica";"14";"MATRON (A)";"Región Metropolitana de Santiago";"(186)";"$ 1.935.651";"$ 1.515.810";"$ 0";"$ 209.984";"No";"No tiene";"No tiene";"No tiene";"01/01/2026";"31/12/2026";"No informa";"Sin observaciones";
"2026";"Marzo";"Médicos cirujanos, farmacéuticos, químico-farmacéuticos, bioquímicos, cirujano-dentistas";"ESPINOZA CALLEJAS, HUGO FERNANDO";"Atencion Odontologica";"22 Hrs.";"CIRUJANO DENTISTA";"Región Metropolitana de Santiago";"(188)(186)";"$ 2.515.204";"$ 2.008.059";"$ 0";"$ 0";"No";"No tiene";"No tiene";"No tiene";"01/01/2026";"31/12/2026";"No informa";"Sin observaciones";
"2026";"Marzo";"Médicos cirujanos, farmacéuticos, químico-farmacéuticos, bioquímicos, cirujano-dentistas";"ESPINOZA DIAZ, NATALIA BELEN";"Atencion Clinica Medica";"44 Hrs.";"MEDICO CIRUJANO";"Región Metropolitana de Santiago";"(86)(186)";"$ 3.465.905";"$ 2.749.678";"$ 0";"$ 0";"No";"No tiene";"No tiene";"No tiene";"01/01/2026";"31/12/2026";"No informa";"Sin observaciones";
"2026";"Marzo";"Médicos cirujanos, farmacéuticos, químico-farmacéuticos, bioquímicos, cirujano-dentistas";"ESPINOZA FARIAS, RODRIGO ANDRES";"Medicina Interna";"44 Hrs.";"MEDICO CIRUJANO";"Región Metropolitana de Santiago";"(86)(86)(186)";"$ 6.203.776";"$ 3.766.480";"$ 0";"$ 0";"No";"No tiene";"No tiene";"No tiene";"01/01/2026";"31/12/2026";"No informa";"Sin observaciones";
"2026";"Marzo";"Técnico";"ESPINOZA FUENZALIDA, PRISCILLA ANDREA";"Atencion Clinica";"21";"TECNICO NIVEL SUPERIOR DE PARVULO";"Región Metropolitana de Santiago";"(01)";"$ 943.555";"$ 752.112";"$ 0";"$ 123.073";"Sí";"$ 18.402 : 5,00 hrs";"No tiene";"No tiene";"01/01/2026";"31/12/2026";"No informa";"Sin observaciones";
"2026";"Marzo";"Profesional";"ESPINOZA GONZALEZ, SERGIO EMANUEL";"ATENCION CLINICA";"13";"ENFERMERA (O)";"Región Metropolitana de Santiago";"(203)(204)(186)";"$ 2.784.435";"$ 2.195.591";"$ 0";"$ 206.985";"Sí";"$ 9.844 : 1,00 hrs";"No tiene";"No tiene";"01/01/2026";"31/12/2026";"No informa";"CANCELA PAGO TRIMESTRAL LEY 19.490 PERIODO 03/2026+CANCELA PAGO TRIMESTRAL LEY 19.937 PERIODO 03/2026+REMUNERACION MAR.2026";
"2026";"Marzo";"Profesional";"ESPINOZA LARREA, FELIPE MARCELO";"Apoyo Administrativo";"5";"INGENIERO (A) CONSTRUCTOR";"Región Metropolitana de Santiago";"(01)";"$ 3.473.598";"$ 2.759.345";"$ 0";"$ 0";"No";"No tiene";"No tiene";"No tiene";"01/01/2026";"31/12/2026";"No informa";"Sin observaciones";
"2026";"Marzo";"Técnico";"ESPINOZA LOPEZ, VICTOR HILARIO";"Apoyo Administrativo";"12";"INGENIERO (A) EN RECURSOS HUMANOS";"Región Metropolitana de Santiago";"(186)";"$ 3.013.213";"$ 2.056.185";"$ 0";"$ 757.744";"Sí";"$ 283.919 : 27,00 hrs";"No tiene";"No tiene";"01/01/2026";"31/12/2026";"No informa";"Sin observaciones";
"2026";"Marzo";"Médicos cirujanos, farmacéuticos, químico-farmacéuticos, bioquímicos, cirujano-dentistas";"ESPINOZA MALDONADO, RAUL ENRIQUE";"Atencion Clinica Medica";"44 Hrs.";"MEDICO CIRUJANO";"Región Metropolitana de Santiago";"(188)(186)";"$ 5.259.682";"$ 4.307.507";"$ 0";"$ 0";"No";"No tiene";"No tiene";"No tiene";"01/01/2026";"31/12/2026";"No informa";"Sin observaciones";
"2026";"Marzo";"Médicos cirujanos, farmacéuticos, químico-farmacéuticos, bioquímicos, cirujano-dentistas";"ESPINOZA MORALES, DEYANIRA FERNANDA";"Medico PAO";"44 Hrs.";"MEDICO CIRUJANO";"Región Metropolitana de Santiago";"(188)(86)(186)";"$ 4.329.077";"$ 3.495.188";"$ 0";"$ 0";"No";"No tiene";"No tiene";"No tiene";"01/01/2026";"31/12/2026";"No informa";"Sin observaciones";
"2026";"Marzo";"Profesional";"ESPINOZA PARRAGUEZ, LAURA ADRIANA";"Apoyo Administrativo";"5";"MATRON (A)";"Región Metropolitana de Santiago";"(186)";"$ 4.754.388";"$ 3.617.569";"$ 0";"$ 1.060.918";"No";"No tiene";"No tiene";"No tiene";"01/01/2026";"31/12/2026";"No informa";"REMUNERACION MARZO 2026 + BONOS TRIMESTRALES";
"2026";"Marzo";"Administrativo";"ESPINOZA PARRAO, FRESIA";"Secretaria";"13";"ADMINISTRATIVO";"Región Metropolitana de Santiago";"(186)";"$ 1.684.700";"$ 1.143.752";"$ 0";"$ 521.588";"Sí";"$ 50.616 : 8,00 hrs";"No tiene";"No tiene";"01/01/2026";"31/12/2026";"No informa";"REMUNERACION MARZO 2026 + BONOS TRIMESTRALES";
"2026";"Marzo";"Médicos cirujanos, farmacéuticos, químico-farmacéuticos, bioquímicos, cirujano-dentistas";"ESPINOZA POOL, CAROLINA HEIDY";"Atencion Clinica Medica";"22 Hrs.";"MEDICO CIRUJANO";"Región Metropolitana de Santiago";"(188)(86)(186)";"$ 2.744.483";"$ 2.397.332";"$ 0";"$ 0";"No";"No tiene";"No tiene";"No tiene";"01/01/2026";"31/12/2026";"No informa";"Sin observaciones";
"2026";"Marzo";"Profesional";"ESPINOZA RETAMAL, GERARDO IGNACIO";"ATENCION CLINICA";"13";"ENFERMERA (O)";"Región Metropolitana de Santiago";"(203)(204)(186)";"$ 2.774.591";"$ 2.204.971";"$ 0";"$ 206.985";"No";"No tiene";"No tiene";"No tiene";"01/01/2026";"31/12/2026";"No informa";"CANCELA PAGO TRIMESTRAL LEY 19.490 PERIODO 03/2026+CANCELA PAGO TRIMESTRAL LEY 19.937 PERIODO 03/2026+REMUNERACION MAR.2026";
"2026";"Marzo";"Profesional";"ESPINOZA VERGARA, EVELYN VALESKA";"APOYO ADMINISTRATIVO";"13";"ADMINISTRADOR (A) PUBLICO";"Región Metropolitana de Santiago";"(186)";"$ 1.901.925";"$ 1.318.877";"$ 0";"$ 273.593";"No";"No tiene";"No tiene";"No tiene";"01/01/2026";"31/12/2026";"No informa";"CANCELA BONO ESCOLAR 2026-202603+CANCELA PAGO TRIMESTRAL LEY 19.490 Y LEY 19.937 PERIODO 03/2026+REMUNERACION MAR.2026";
"2026";"Marzo";"Profesional";"ESTAY ZAPATA, CAMILA FERNANDA";"ATENCION CLINICA";"13";"ENFERMERA (O)";"Región Metropolitana de Santiago";"(203)";"$ 2.361.625";"$ 1.812.827";"$ 0";"$ 225.465";"No";"No tiene";"No tiene";"No tiene";"01/01/2026";"31/03/2026";"No informa";"CANCELA PAGO TRIMESTRAL LEY 19.490 PERIODO 03/2026+CANCELA PAGO TRIMESTRAL LEY 19.937 PERIODO 03/2026+REMUNERACION MAR.2026";
"2026";"Marzo";"Profesional";"EYZAGUIRRE ARZOLAS, LUIS HUMBERTO";"ATENCION CLINICA";"11";"KINESIOLOGO (A)";"Región Metropolitana de Santiago";"(203)(201)(204)(186)";"$ 4.665.300";"$ 3.671.643";"$ 0";"$ 642.973";"Sí";"$ 476.788 : 40,00 hrs";"$ 743.789 : 52,00 hrs";"No tiene";"01/01/2026";"31/12/2026";"No informa";"CANCELA PAGO TRIMESTRAL LEY 19.490 PERIODO 03/2026+CANCELA PAGO TRIMESTRAL LEY 19.937 PERIODO 03/2026+REMUNERACION MAR.2026";
"2026";"Marzo";"Auxiliar";"FALCON VISCARRA, JUAN ANDRES";"CONDUCTOR";"21";"AUXILIAR";"Región Metropolitana de Santiago";"(205)(202)(204)";"$ 1.496.498";"$ 1.157.410";"$ 0";"$ 145.450";"Sí";"$ 147.216 : 40,00 hrs";"$ 185.493 : 42,00 hrs";"No tiene";"01/01/2026";"31/12/2026";"No informa";"CANCELA PAGO TRIMESTRAL LEY 19.490 PERIODO 03/2026+CANCELA PAGO TRIMESTRAL LEY 19.937 PERIODO 03/2026+REMUNERACION MAR.2026";
"2026";"Marzo";"Profesional";"FARFAN TORRES, KAREN PATRICIA";"Apoyo Administrativo";"5";"ENFERMERA (O)";"Región Metropolitana de Santiago";"(186)";"$ 4.087.647";"$ 3.202.535";"$ 0";"$ 577.370";"No";"No tiene";"No tiene";"No tiene";"01/01/2026";"31/12/2026";"No informa";"REMUNERACION MARZO 2026 + BONOS TRIMESTRALES";
"2026";"Marzo";"Técnico";"FARIAS ALCAINO, MAIRA FRANCISCA";"Atencion Clinica";"22";"TECNICO NIVEL SUPERIOR ENFERMERIA";"Región Metropolitana de Santiago";"(01)";"$ 0";"$ 0";"$ 0";"$ 0";"No";"No tiene";"No tiene";"No tiene";"01/01/2026";"31/12/2026";"No informa";"PSGS DESDE 02/01/2026 AL 31/03/2026";
"2026";"Marzo";"Profesional";"FARIAS LOPEZ, MARJORIE NICOLE";"Atencion Clinica";"16";"ENFERMERA (O)";"Región Metropolitana de Santiago";"(01)";"$ 1.500.414";"$ 1.173.760";"$ 0";"$ 125.305";"No";"No tiene";"No tiene";"No tiene";"01/01/2026";"31/03/2026";"No informa";"Sin observaciones";
"2026";"Marzo";"Administrativo";"FAUNDEZ MARTINEZ, MARISOL";"Apoyo Administrativo";"13";"ADMINISTRATIVO";"Región Metropolitana de Santiago";"(186)";"$ 1.573.794";"$ 1.050.216";"$ 0";"$ 521.588";"No";"No tiene";"No tiene";"No tiene";"01/01/2026";"31/12/2026";"No informa";"REMUNERACION MARZO 2026 + BONOS TRIMESTRALES";
"2026";"Marzo";"Médicos cirujanos, farmacéuticos, químico-farmacéuticos, bioquímicos, cirujano-dentistas";"FAUNDEZ TORO, FRANCISCA SOLEDAD";"Atencion Clinica Medica";"44 Hrs.";"MEDICO CIRUJANO";"Región Metropolitana de Santiago";"(86)(186)";"$ 3.501.575";"$ 2.786.321";"$ 0";"$ 0";"Sí";"$ 35.670 : 3,00 hrs";"No tiene";"No tiene";"01/01/2026";"31/12/2026";"No informa";"Sin observaciones";
"2026";"Marzo";"Profesional";"FAUNES NILO, CARLOS ALBERTO";"Apoyo Administrativo";"8";"KINESIOLOGO (A)";"Región Metropolitana de Santiago";"(01)";"$ 2.730.827";"$ 2.174.959";"$ 0";"$ 0";"No";"No tiene";"No tiene";"No tiene";"01/01/2026";"31/03/2026";"No informa";"Sin observaciones";
"2026";"Marzo";"Auxiliar";"FERNANDEZ CASTRO, GUILLERMO VICTOR";"CONDUCTOR";"22";"AUXILIAR";"Región Metropolitana de Santiago";"(205)(202)(204)";"$ 1.079.206";"$ 666.300";"$ 0";"$ 155.553";"No";"No tiene";"No tiene";"No tiene";"01/01/2026";"31/07/2026";"No informa";"CANCELA PAGO TRIMESTRAL LEY 19.490 PERIODO 03/2026+CANCELA PAGO TRIMESTRAL LEY 19.937 PERIODO 03/2026+REMUNERACION MAR.2026";
"2026";"Marzo";"Médicos cirujanos, farmacéuticos, químico-farmacéuticos, bioquímicos, cirujano-dentistas";"FERNANDEZ FLORES, ESTEBAN NICOLAS";"Medico PAO";"44 Hrs.";"MEDICO CIRUJANO";"Región Metropolitana de Santiago";"(86)(186)";"$ 4.140.258";"$ 3.353.572";"$ 0";"$ 0";"No";"No tiene";"No tiene";"No tiene";"01/01/2026";"31/12/2026";"No informa";"Sin observaciones";
"2026";"Marzo";"Profesional";"FERNANDEZ FUENTES, PAOLA JACQUELINE";"Apoyo Administrativo";"7";"KINESIOLOGO (A)";"Región Metropolitana de Santiago";"(01)";"$ 3.527.006";"$ 2.556.507";"$ 0";"$ 437.561";"No";"No tiene";"No tiene";"No tiene";"01/01/2026";"31/12/2026";"No informa";"Sin observaciones";
"2026";"Marzo";"Profesional";"FERNANDEZ GUTIERREZ, ALVARO ORLANDO";"ATENCION CLINICA";"12";"ENFERMERA (O)";"Región Metropolitana de Santiago";"(203)(204)(186)";"$ 3.045.650";"$ 2.111.354";"$ 0";"$ 485.681";"No";"No tiene";"No tiene";"No tiene";"01/01/2026";"31/12/2026";"No informa";"CANCELA PAGO TRIMESTRAL LEY 19.490 PERIODO 03/2026+CANCELA PAGO TRIMESTRAL LEY 19.937 PERIODO 03/2026+REMUNERACION MAR.2026";
"2026";"Marzo";"Médicos cirujanos, farmacéuticos, químico-farmacéuticos, bioquímicos, cirujano-dentistas";"FERNANDEZ MORENO, DANIELA DEL CARMEN";"Atencion Clinica Medica";"44 Hrs.";"MEDICO CIRUJANO";"Región Metropolitana de Santiago";"(86)";"$ 3.007.345";"$ 2.402.909";"$ 0";"$ 0";"No";"No tiene";"No tiene";"No tiene";"01/01/2026";"31/12/2026";"No informa";"Sin observaciones";
"2026";"Marzo";"Médicos cirujanos, farmacéuticos, químico-farmacéuticos, bioquímicos, cirujano-dentistas";"FERNANDEZ MUÑOZ, ARELIS FRANCISCA";"Atencion Clinica Medica";"44 Hrs.";"MEDICO CIRUJANO";"Región Metropolitana de Santiago";"(86)";"$ 3.007.345";"$ 2.385.921";"$ 0";"$ 0";"No";"No tiene";"No tiene";"No tiene";"01/01/2026";"31/12/2026";"No informa";"Sin observaciones";
"2026";"Marzo";"Profesional";"FERNANDEZ NEIRA, ISAAC FERNANDO";"JEFE DE DEPARTAMENTO";"7";"CONTADOR (A) AUDITOR (A)";"Región Metropolitana de Santiago";"(186)";"$ 3.153.231";"$ 2.343.917";"$ 0";"$ 750.103";"No";"No tiene";"No tiene";"No tiene";"01/01/2026";"31/12/2026";"No informa";"CANCELA PAGO TRIMESTRAL LEY 19.490 PERIODO 03/2026+CANCELA PAGO TRIMESTRAL LEY 19.937 PERIODO 03/2026+REMUNERACION MAR.2026";
"2026";"Marzo";"Médicos cirujanos, farmacéuticos, químico-farmacéuticos, bioquímicos, cirujano-dentistas";"FERNANDEZ URTUBIA, DIEGO ALEJANDRO";"Atencion Odontologica";"44 Hrs.";"CIRUJANO DENTISTA";"Región Metropolitana de Santiago";"(186)(186)";"$ 2.647.681";"$ 1.376.378";"$ 0";"$ 0";"No";"No tiene";"No tiene";"No tiene";"01/01/2026";"31/03/2026";"No informa";"CONTRATO POR REEMPLAZO";
"2026";"Marzo";"Médicos cirujanos, farmacéuticos, químico-farmacéuticos, bioquímicos, cirujano-dentistas";"FERNANDEZ DAVILA SEPULVEDA, PIA ALEJANDRA";"Atencion Odontologica";"44 Hrs.";"CIRUJANO DENTISTA";"Región Metropolitana de Santiago";"(86)(186)";"$ 7.660.378";"$ 6.119.685";"$ 0";"$ 0";"No";"No tiene";"No tiene";"No tiene";"01/01/2026";"31/12/2026";"No informa";"Sin observaciones";
"2026";"Marzo";"Profesional";"FERRER HERNANDEZ, MARIA ESTHER";"Apoyo Administrativo";"8";"PSICOLOGO (A)";"Región Metropolitana de Santiago";"(186)";"$ 3.304.073";"$ 2.451.604";"$ 0";"$ 499.425";"No";"No tiene";"No tiene";"No tiene";"01/01/2026";"31/12/2026";"No informa";"REMUNERACION MARZO 2026 + BONOS TRIMESTRALES";
"2026";"Marzo";"Administrativo";"FERRERA NUÑEZ, GUILLERMO ULICES";"APOYO LOGISTICO";"20";"ADMINISTRATIVO";"Región Metropolitana de Santiago";"(01)";"$ 778.982";"$ 640.468";"$ 0";"$ 0";"Sí";"$ 38.827 : 10,00 hrs";"No tiene";"No tiene";"16/01/2026";"16/04/2026";"No informa";"PAGO BONO MENSUAL+REMUNERACION MAR.2026";
"2026";"Marzo";"Administrativo";"FICA CONTRERAS, YERTY NELLY";"Secretaria";"13";"ADMINISTRATIVO";"Región Metropolitana de Santiago";"(186)";"$ 1.514.343";"$ 1.165.713";"$ 0";"$ 256.519";"Sí";"$ 46.407 : 8,00 hrs";"$ 55.688 : 8,00 hrs";"No tiene";"01/01/2026";"31/12/2026";"No informa";"Sin observaciones";
"2026";"Marzo";"Médicos cirujanos, farmacéuticos, químico-farmacéuticos, bioquímicos, cirujano-dentistas";"FIERRO FUENTES, VALERY NATASHA";"Atencion Clinica Medica";"22 Hrs.";"MEDICO CIRUJANO";"Región Metropolitana de Santiago";"(188)";"$ 1.078.832";"$ 890.468";"$ 0";"$ 0";"No";"No tiene";"No tiene";"No tiene";"01/01/2026";"31/03/2026";"No informa";"Sin observaciones";
"2026";"Marzo";"Médicos cirujanos, farmacéuticos, químico-farmacéuticos, bioquímicos, cirujano-dentistas";"FIERRO FUENTES, VALERY NATASHA";"Atencion Clinica Medica";"22 Hrs.";"MEDICO CIRUJANO";"Región Metropolitana de Santiago";"(188)";"$ 1.078.832";"$ 856.971";"$ 0";"$ 0";"No";"No tiene";"No tiene";"No tiene";"01/01/2026";"31/03/2026";"No informa";"Sin observaciones";
"2026";"Marzo";"Profesional";"FIGUEREDO ALMARZA, JOSE LUIS";"Apoyo Administrativo";"5";"ENFERMERA (O)";"Región Metropolitana de Santiago";"(186)(186)";"$ 5.037.979";"$ 3.262.736";"$ 0";"$ 1.436.209";"No";"No tiene";"No tiene";"No tiene";"01/01/2026";"31/12/2026";"No informa";"REMUNERACION MARZO 2026 + BONOS TRIMESTRALES";
"2026";"Marzo";"Médicos cirujanos, farmacéuticos, químico-farmacéuticos, bioquímicos, cirujano-dentistas";"FIGUEROA GALLEGUILLOS, TOMAS ALEJANDRO";"Medico Becario Primario";"44 Hrs.";"MEDICO CIRUJANO";"Región Metropolitana de Santiago";"(01)";"$ 2.875.980";"$ 2.370.382";"$ 0";"$ 0";"No";"No tiene";"No tiene";"No tiene";"07/04/2025";"06/04/2026";"No informa";"Sin observaciones";
"2026";"Marzo";"Profesional";"FIGUEROA GODOY, DANNAHE ERIKA";"Atencion Clinica";"16";"PROFESIONAL";"Región Metropolitana de Santiago";"(01)";"$ 1.454.894";"$ 1.153.255";"$ 0";"$ 85.349";"No";"No tiene";"No tiene";"No tiene";"01/01/2026";"31/03/2026";"No informa";"Sin observaciones";
"2026";"Marzo";"Médicos cirujanos, farmacéuticos, químico-farmacéuticos, bioquímicos, cirujano-dentistas";"FIGUEROA MONTENEGRO, CAMILA ANDREA";"Atencion Clinica Medica";"44 Hrs.";"MEDICO CIRUJANO";"Región Metropolitana de Santiago";"(86)(186)";"$ 4.944.958";"$ 4.045.915";"$ 0";"$ 0";"Sí";"$ 255.540 : 20,00 hrs";"$ 1.088.643 : 71,00 hrs";"No tiene";"01/01/2026";"31/12/2026";"No informa";"Sin observaciones";
"2026";"Marzo";"Profesional";"FIGUEROA OSSES, CLAUDIA ANDREA";"Apoyo Administrativo";"15";"ABOGADO (A)";"Región Metropolitana de Santiago";"(186)";"$ 1.785.500";"$ 1.355.740";"$ 0";"$ 209.005";"No";"No tiene";"No tiene";"No tiene";"01/01/2026";"31/12/2026";"No informa";"REMUNERACION MARZO 2026 + BONOS TRIMESTRALES";
"2026";"Marzo";"Técnico";"FIGUEROA SALAZAR, CAMILA NAHARA";"Atencion Clinica";"21";"TECNICO NIVEL SUPERIOR ENFERMERIA";"Región Metropolitana de Santiago";"(186)";"$ 974.835";"$ 774.587";"$ 0";"$ 134.261";"Sí";"$ 37.454 : 10,00 hrs";"No tiene";"No tiene";"01/01/2026";"31/12/2026";"No informa";"Sin observaciones";
"2026";"Marzo";"Técnico";"FIGUEROA VILLEGAS, SOLANGE CAROLINE";"Atencion Clinica";"21";"TECNICO NIVEL SUPERIOR ENFERMERIA";"Región Metropolitana de Santiago";"(186)";"$ 988.090";"$ 787.017";"$ 0";"$ 123.073";"No";"No tiene";"No tiene";"No tiene";"01/01/2026";"31/12/2026";"No informa";"Sin observaciones";
"2026";"Marzo";"Médicos cirujanos, farmacéuticos, químico-farmacéuticos, bioquímicos, cirujano-dentistas";"FIGUEROA ZAMORA, CARLOS FRANCISCO";"Atencion Clinica Medica";"22 Hrs.";"MEDICO CIRUJANO";"Región Metropolitana de Santiago";"(188)(186)";"$ 2.643.198";"$ 2.215.015";"$ 0";"$ 0";"No";"No tiene";"No tiene";"No tiene";"01/01/2026";"31/03/2026";"No informa";"Sin observaciones";
"2026";"Marzo";"Médicos cirujanos, farmacéuticos, químico-farmacéuticos, bioquímicos, cirujano-dentistas";"FILER LOPEZ, ISIDORA PAZ";"Atencion Odontologica";"44 Hrs.";"CIRUJANO DENTISTA";"Región Metropolitana de Santiago";"(01)";"$ 1.928.381";"$ 1.563.536";"$ 0";"$ 0";"No";"No tiene";"No tiene";"No tiene";"01/03/2026";"31/05/2026";"No informa";"Sin observaciones";
"2026";"Marzo";"Médicos cirujanos, farmacéuticos, químico-farmacéuticos, bioquímicos, cirujano-dentistas";"FLETE MEZA, JORGE LUIS";"Atencion Clinica Medica";"22 Hrs.";"MEDICO CIRUJANO";"Región Metropolitana de Santiago";"(01)";"$ 964.192";"$ 794.688";"$ 0";"$ 0";"No";"No tiene";"No tiene";"No tiene";"01/01/2026";"31/03/2026";"No informa";"Sin observaciones";
"2026";"Marzo";"Profesional";"FLORES ESCOBAR, NATALY YESSICA";"ASISTENTE SOCIAL";"10";"ASISTENTE SOCIAL";"Región Metropolitana de Santiago";"(186)";"$ 2.821.985";"$ 2.146.274";"$ 0";"$ 390.866";"No";"No tiene";"No tiene";"No tiene";"01/01/2026";"31/12/2026";"No informa";"Sin observaciones";
"2026";"Marzo";"Médicos cirujanos, farmacéuticos, químico-farmacéuticos, bioquímicos, cirujano-dentistas";"FLORES FERNANDEZ DAVILA, MARTIN ANDRES";"Atencion Odontologica";"44 Hrs.";"CIRUJANO DENTISTA";"Región Metropolitana de Santiago";"(86)(186)";"$ 2.454.315";"$ 1.966.582";"$ 0";"$ 0";"No";"No tiene";"No tiene";"No tiene";"01/02/2026";"01/04/2026";"No informa";"CONTRATO POR REEMPLAZO";
"2026";"Marzo";"Auxiliar";"FLORES LEIVA, SEBASTIAN ADOLFO";"CONDUCTOR";"21";"AUXILIAR";"Región Metropolitana de Santiago";"(205)(202)(204)";"$ 1.168.056";"$ 904.820";"$ 0";"$ 151.044";"No";"No tiene";"No tiene";"No tiene";"01/01/2026";"31/12/2026";"No informa";"CANCELA PAGO TRIMESTRAL LEY 19.490 PERIODO 03/2026+CANCELA PAGO TRIMESTRAL LEY 19.937 PERIODO 03/2026+REMUNERACION MAR.2026";
"2026";"Marzo";"Médicos cirujanos, farmacéuticos, químico-farmacéuticos, bioquímicos, cirujano-dentistas";"FLORES MATURANA, ANDRES JAINS";"Atencion Clinica Medica";"44 Hrs.";"MEDICO CIRUJANO";"Región Metropolitana de Santiago";"(86)(186)";"$ 5.596.859";"$ 4.583.704";"$ 0";"$ 0";"No";"No tiene";"No tiene";"No tiene";"01/01/2026";"31/12/2026";"No informa";"Sin observaciones";
"2026";"Marzo";"Profesional";"FLORES PAULLETTS, ANGIE ESMERALDA";"Atencion Clinica";"14";"PSICOLOGO (A)";"Región Metropolitana de Santiago";"(186)";"$ 1.902.546";"$ 1.448.252";"$ 0";"$ 235.950";"No";"No tiene";"No tiene";"No tiene";"01/01/2026";"31/12/2026";"No informa";"Sin observaciones";
"2026";"Marzo";"Auxiliar";"FLORES PIZARRO, JOSE ANTONIO";"CONDUCTOR";"21";"AUXILIAR";"Región Metropolitana de Santiago";"(205)(202)(204)";"$ 1.163.789";"$ 643.014";"$ 0";"$ 151.044";"No";"No tiene";"No tiene";"No tiene";"01/01/2026";"31/12/2026";"No informa";"CANCELA PAGO TRIMESTRAL LEY 19.490 PERIODO 03/2026+CANCELA PAGO TRIMESTRAL LEY 19.937 PERIODO 03/2026+REMUNERACION MAR.2026";
"2026";"Marzo";"Profesional";"FLORES RUIZ, VALENTINA PAZ";"Apoyo Logistico";"13";"PSICOLOGO (A)";"Región Metropolitana de Santiago";"(186)";"$ 1.891.172";"$ 1.476.040";"$ 0";"$ 110.885";"No";"No tiene";"No tiene";"No tiene";"01/01/2026";"31/12/2026";"No informa";"Sin observaciones";
"2026";"Marzo";"Administrativo";"FLORES SILVA, YOCELYN POLETT";"Apoyo Administrativo";"22";"ADMINISTRATIVO";"Región Metropolitana de Santiago";"(186)";"$ 826.957";"$ 642.599";"$ 0";"$ 120.553";"Sí";"$ 68.832 : 20,00 hrs";"No tiene";"No tiene";"01/01/2026";"31/03/2026";"No informa";"Sin observaciones";
"2026";"Marzo";"Profesional";"FLORES VARGAS, CATALINA IGNACIA";"ATENCION CLINICA";"13";"ENFERMERA (O)";"Región Metropolitana de Santiago";"(203)(204)(186)";"$ 2.774.591";"$ 2.222.722";"$ 0";"$ 199.593";"No";"No tiene";"No tiene";"No tiene";"01/01/2026";"31/12/2026";"No informa";"CANCELA PAGO TRIMESTRAL LEY 19.937 PERIODO 03/2026+REMUNERACION MAR.2026";
"2026";"Marzo";"Administrativo";"FOLCH MONTIEL, DARLING PAULETTE";"APOYO ADMINISTRATIVO";"17";"ADMINISTRATIVO";"Región Metropolitana de Santiago";"(186)";"$ 1.122.718";"$ 963.496";"$ 0";"$ 179.301";"Sí";"$ 183.198 : 40,00 hrs";"$ 137.398 : 25,00 hrs";"No tiene";"01/01/2026";"31/12/2026";"No informa";"CANCELA PAGO TRIMESTRAL LEY 19.490 PERIODO 03/2026+CANCELA PAGO TRIMESTRAL LEY 19.937 PERIODO 03/2026+REMUNERACION MAR.2026";
"2026";"Marzo";"Médicos cirujanos, farmacéuticos, químico-farmacéuticos, bioquímicos, cirujano-dentistas";"FRANCAVILA HORMAZABAL, CARLA ANTONELLA";"Atencion Odontologica";"11 Hrs.";"CIRUJANO DENTISTA";"Región Metropolitana de Santiago";"(188)(186)";"$ 1.122.729";"$ 958.949";"$ 0";"$ 0";"No";"No tiene";"No tiene";"No tiene";"01/01/2026";"31/12/2026";"No informa";"Sin observaciones";
"2026";"Marzo";"Médicos cirujanos, farmacéuticos, químico-farmacéuticos, bioquímicos, cirujano-dentistas";"FRANCAVILA HORMAZABAL, CARLA ANTONELLA";"Atencion Odontologica";"22 Hrs.";"CIRUJANO DENTISTA";"Región Metropolitana de Santiago";"(188)(186)";"$ 2.245.463";"$ 1.713.871";"$ 0";"$ 0";"No";"No tiene";"No tiene";"No tiene";"01/01/2026";"31/03/2026";"No informa";"Sin observaciones";
"2026";"Marzo";"Profesional";"FRANCO PEÑA, CATALINA ANDREA";"Jefe de Departamento";"5";"KINESIOLOGO (A)";"Región Metropolitana de Santiago";"(186)";"$ 4.477.372";"$ 3.439.392";"$ 0";"$ 967.095";"No";"No tiene";"No tiene";"No tiene";"01/01/2026";"31/12/2026";"No informa";"REMUNERACION MARZO 2026 + BONOS TRIMESTRALES";
"2026";"Marzo";"Profesional";"FREZ CANELO, RENATO ORLANDO";"Subdirector";"7";"KINESIOLOGO (A)";"Región Metropolitana de Santiago";"(186)";"$ 3.424.186";"$ 2.602.419";"$ 0";"$ 318.794";"No";"No tiene";"No tiene";"No tiene";"01/01/2026";"31/12/2026";"No informa";"Sin observaciones";
"2026";"Marzo";"Administrativo";"FREZ CUADRA, CLAUDIA ELI";"Secretaria";"13";"ADMINISTRATIVO";"Región Metropolitana de Santiago";"(186)";"$ 1.691.028";"$ 1.149.829";"$ 0";"$ 521.588";"Sí";"$ 56.944 : 9,00 hrs";"No tiene";"No tiene";"01/01/2026";"31/12/2026";"No informa";"REMUNERACION MARZO 2026 + BONOS TRIMESTRALES";
"2026";"Marzo";"Médicos cirujanos, farmacéuticos, químico-farmacéuticos, bioquímicos, cirujano-dentistas";"FRIAS CUMSILLE, NATACHA PATRICIA";"Atencion Clinica Medica";"44 Hrs.";"MEDICO CIRUJANO";"Región Metropolitana de Santiago";"(86)(186)";"$ 3.465.905";"$ 2.753.924";"$ 0";"$ 0";"No";"No tiene";"No tiene";"No tiene";"01/01/2026";"31/12/2026";"No informa";"Sin observaciones";
"2026";"Marzo";"Técnico";"FRIAS GODOY, FABIAN NICOLAS";"ATENCION CLINICA";"22";"TECNICO NIVEL SUPERIOR ENFERMERIA";"Región Metropolitana de Santiago";"(202)(204)(186)";"$ 1.492.058";"$ 1.011.569";"$ 0";"$ 127.035";"Sí";"$ 137.664 : 40,00 hrs";"$ 284.965 : 69,00 hrs";"No tiene";"01/01/2026";"31/12/2026";"No informa";"CANCELA ASIG. TECNICA+CANCELA PAGO TRIMESTRAL LEY 19.490 Y LEY 19.937 PERIODO 03/2026+REMUNERACION MAR.2026";
"2026";"Marzo";"Médicos cirujanos, farmacéuticos, químico-farmacéuticos, bioquímicos, cirujano-dentistas";"FUENTEALBA ARCOS, JOSE LUIS";"Quimico Farmaceutico";"44 Hrs.";"QUIMICO FARMACEUTICO";"Región Metropolitana de Santiago";"(86)(186)";"$ 5.542.911";"$ 4.541.743";"$ 0";"$ 0";"No";"No tiene";"No tiene";"No tiene";"01/01/2026";"31/12/2026";"No informa";"Sin observaciones";
"2026";"Marzo";"Auxiliar";"FUENTES BESSOLO, JAIME MAURICIO";"Chofer";"19";"AUXILIAR";"Región Metropolitana de Santiago";"(205)(202)(186)";"$ 1.535.048";"$ 1.139.868";"$ 0";"$ 260.334";"No";"No tiene";"No tiene";"No tiene";"01/01/2026";"31/12/2026";"No informa";"Sin observaciones";
"2026";"Marzo";"Profesional";"FUENTES DE LA CUADRA, SEBASTIAN ESTEBAN";"APOYO ADMINISTRATIVO";"9";"INGENIERO (A) EN AGRONEGOCIOS";"Región Metropolitana de Santiago";"(01)";"$ 2.509.149";"$ 2.002.103";"$ 0";"$ 0";"No";"No tiene";"No tiene";"No tiene";"01/01/2026";"30/04/2026";"No informa";"REMUNERACION MAR.2026";
"2026";"Marzo";"Médicos cirujanos, farmacéuticos, químico-farmacéuticos, bioquímicos, cirujano-dentistas";"FUENTES FLORES, JUAN DOMINGO";"Atencion Clinica Medica";"44 Hrs.";"MEDICO CIRUJANO";"Región Metropolitana de Santiago";"(86)(186)";"$ 3.465.905";"$ 2.754.175";"$ 0";"$ 0";"No";"No tiene";"No tiene";"No tiene";"01/01/2026";"31/12/2026";"No informa";"Sin observaciones";
"2026";"Marzo";"Administrativo";"FUENTES JUICA, MONICA SOLEDAD";"Apoyo Administrativo";"14";"ADMINISTRATIVO";"Región Metropolitana de Santiago";"(186)";"$ 1.682.827";"$ 1.275.771";"$ 0";"$ 337.695";"Sí";"$ 224.965 : 40,00 hrs";"$ 134.979 : 20,00 hrs";"No tiene";"01/01/2026";"31/12/2026";"No informa";"REMUNERACION MARZO 2026 + BONOS TRIMESTRALES";
"2026";"Marzo";"Médicos cirujanos, farmacéuticos, químico-farmacéuticos, bioquímicos, cirujano-dentistas";"FUENTES KAY, MARCO ANTONIO";"Atencion Clinica Medica";"44 Hrs.";"CIRUJANO DENTISTA";"Región Metropolitana de Santiago";"(188)(186)";"$ 2.710.630";"$ 2.181.880";"$ 0";"$ 0";"No";"No tiene";"No tiene";"No tiene";"01/01/2026";"31/03/2026";"No informa";"Sin observaciones";
"2026";"Marzo";"Auxiliar";"FUENTES LIZANA, MAURICIO SEBASTIAN";"CONDUCTOR";"22";"AUXILIAR";"Región Metropolitana de Santiago";"(205)(202)(204)";"$ 1.444.892";"$ 1.201.636";"$ 0";"$ 134.812";"Sí";"$ 136.450 : 40,00 hrs";"$ 229.236 : 56,00 hrs";"No tiene";"01/01/2026";"31/12/2026";"No informa";"CANCELA PAGO TRIMESTRAL LEY 19.490 PERIODO 03/2026+CANCELA PAGO TRIMESTRAL LEY 19.937 PERIODO 03/2026+REMUNERACION MAR.2026";
"2026";"Marzo";"Profesional";"FUENTES LOPEZ, SOPHIA ALMENDRA";"Apoyo Administrativo";"13";"FONOAUDIOLOGO (A)";"Región Metropolitana de Santiago";"(01)";"$ 1.770.239";"$ 1.438.410";"$ 0";"$ 0";"No";"No tiene";"No tiene";"No tiene";"02/01/2026";"02/04/2026";"No informa";"Sin observaciones";
"2026";"Marzo";"Profesional";"FUENTES MARIVIL, NICOLAS ELIAS";"Apoyo Administrativo";"12";"ADMINISTRADOR (A) PUBLICO";"Región Metropolitana de Santiago";"(01)";"$ 1.944.208";"$ 1.576.059";"$ 0";"$ 0";"No";"No tiene";"No tiene";"No tiene";"01/01/2026";"31/12/2026";"No informa";"Sin observaciones";
"2026";"Marzo";"Médicos cirujanos, farmacéuticos, químico-farmacéuticos, bioquímicos, cirujano-dentistas";"FUENTES MONTECINOS, VALENTINA MARIA";"Atencion Odontologica";"11 Hrs.";"CIRUJANO DENTISTA";"Región Metropolitana de Santiago";"(01)";"$ 482.095";"$ 397.921";"$ 0";"$ 0";"No";"No tiene";"No tiene";"No tiene";"01/01/2026";"31/03/2026";"No informa";"Sin observaciones";
"2026";"Marzo";"Médicos cirujanos, farmacéuticos, químico-farmacéuticos, bioquímicos, cirujano-dentistas";"FUENTES MONTECINOS, VALENTINA MARIA";"Atencion Odontologica";"33 Hrs.";"CIRUJANO DENTISTA";"Región Metropolitana de Santiago";"(01)";"$ 1.446.287";"$ 1.167.838";"$ 0";"$ 0";"No";"No tiene";"No tiene";"No tiene";"01/01/2026";"31/03/2026";"No informa";"Sin observaciones";
"2026";"Marzo";"Administrativo";"FUENTES ORELLANA, VERONICA JACQUELINE";"Apoyo Administrativo";"16";"ADMINISTRATIVO";"Región Metropolitana de Santiago";"(186)";"$ 1.529.453";"$ 1.218.729";"$ 0";"$ 216.550";"Sí";"$ 199.238 : 40,00 hrs";"$ 239.085 : 40,00 hrs";"No tiene";"01/01/2026";"31/12/2026";"No informa";"Sin observaciones";
"2026";"Marzo";"Profesional";"FUENTES SOLAR, BARBARA ELISETTE";"Coordinador";"7";"MATRON (A)";"Región Metropolitana de Santiago";"(186)";"$ 3.877.693";"$ 2.873.220";"$ 0";"$ 756.354";"No";"No tiene";"No tiene";"No tiene";"01/01/2026";"31/12/2026";"No informa";"Sin observaciones";
"2026";"Marzo";"Profesional";"FUENZALIDA RAMIREZ, YERKA MARLENE";"Atencion Clinica";"12";"NUTRICIONISTA";"Región Metropolitana de Santiago";"(01)";"$ 2.240.409";"$ 1.742.813";"$ 0";"$ 204.708";"No";"No tiene";"No tiene";"No tiene";"01/01/2026";"31/03/2026";"No informa";"Sin observaciones";
"2026";"Marzo";"Técnico";"GABY CONTRERAS, BRIAN ARNALDO";"ATENCION CLINICA";"22";"TECNICO NIVEL SUPERIOR ENFERMERIA";"Región Metropolitana de Santiago";"(202)";"$ 1.232.613";"$ 852.168";"$ 0";"$ 20.740";"Sí";"$ 95.515 : 28,00 hrs";"$ 180.114 : 44,00 hrs";"No tiene";"01/01/2026";"31/03/2026";"No informa";"CANCELA PAGO TRIMESTRAL LEY 19.490 PERIODO 03/2026+REMUNERACION MAR.2026";
"2026";"Marzo";"Profesional";"GAC LABRA, MARCELO ESTEBAN";"Apoyo Administrativo";"5";"INGENIERO (A) COMERCIAL";"Región Metropolitana de Santiago";"(186)(186)";"$ 4.944.156";"$ 3.261.936";"$ 0";"$ 1.342.386";"No";"No tiene";"No tiene";"No tiene";"01/01/2026";"31/12/2026";"No informa";"REMUNERACION MARZO 2026 + BONOS TRIMESTRALES";
"2026";"Marzo";"Auxiliar";"GAETE LUCO, MANUEL JULIO";"CONDUCTOR";"24";"AUXILIAR";"Región Metropolitana de Santiago";"(205)(203)(204)(186)";"$ 1.357.003";"$ 467.486";"$ 0";"$ 113.579";"Sí";"$ 119.200 : 40,00 hrs";"$ 193.105 : 54,00 hrs";"No tiene";"01/01/2026";"31/12/2026";"No informa";"CANCELA BONO TRATO USUARIO 2025+CANCELA PAGO TRIMESTRAL LEY 19.490 Y LEY 19.937 PERIODO 03/2026+REMUNERACION MAR.2026";
"2026";"Marzo";"Médicos cirujanos, farmacéuticos, químico-farmacéuticos, bioquímicos, cirujano-dentistas";"GAETE RIVERA, MARIA JOSE";"Quimico Farmaceutico";"44 Hrs.";"QUIMICO FARMACEUTICO";"Región Metropolitana de Santiago";"(186)";"$ 2.386.881";"$ 1.910.506";"$ 0";"$ 0";"No";"No tiene";"No tiene";"No tiene";"01/01/2026";"31/12/2026";"No informa";"Sin observaciones";
"2026";"Marzo";"Profesional";"GAETE YAÑEZ, CECILIA MARGARITA";"Apoyo Administrativo";"5";"ENFERMERO (A) MATRON (A)";"Región Metropolitana de Santiago";"(186)";"$ 4.190.263";"$ 3.285.116";"$ 0";"$ 570.153";"No";"No tiene";"No tiene";"No tiene";"01/01/2026";"31/12/2026";"No informa";"REMUNERACION MARZO 2026 + BONOS TRIMESTRALES";
"2026";"Marzo";"Técnico";"GAJARDO BOLADOS, AGUSTIN ENRIQUE";"ATENCION CLINICA";"21";"TECNICO NIVEL SUPERIOR ENFERMERIA";"Región Metropolitana de Santiago";"(203)(204)(186)";"$ 1.009.963";"$ 713.512";"$ 0";"$ 145.450";"No";"No tiene";"No tiene";"No tiene";"01/01/2026";"31/12/2026";"No informa";"CANCELA ASIG. TECNICA+CANCELA PAGO TRIMESTRAL LEY 19.490 Y LEY 19.937 PERIODO 03/2026+REMUNERACION MAR.2026";
"2026";"Marzo";"Técnico";"GAJARDO VILCHES, PATRICIA DEL CARMEN";"Atencion Clinica";"22";"TECNICO NIVEL SUPERIOR ENFERMERIA";"Región Metropolitana de Santiago";"(186)";"$ 939.901";"$ 731.131";"$ 0";"$ 134.812";"No";"No tiene";"No tiene";"No tiene";"01/01/2026";"31/12/2026";"No informa";"Sin observaciones";
"2026";"Marzo";"Técnico";"GALARCE ABARCA, ANDREA CAROLINA";"Atencion Clinica";"20";"TECNICO NIVEL SUPERIOR ENFERMERIA";"Región Metropolitana de Santiago";"(01)";"$ 1.111.916";"$ 882.903";"$ 0";"$ 165.246";"No";"No tiene";"No tiene";"No tiene";"01/01/2026";"31/12/2026";"No informa";"Sin observaciones";
"2026";"Marzo";"Administrativo";"GALARCE DUCHENS, CARLA ANDREA";"Apoyo Administrativo";"22";"ADMINISTRATIVO";"Región Metropolitana de Santiago";"(186)";"$ 1.058.768";"$ 861.023";"$ 0";"$ 145.183";"Sí";"$ 123.643 : 35,00 hrs";"$ 76.306 : 18,00 hrs";"No tiene";"01/01/2026";"31/12/2026";"No informa";"Sin observaciones";
"2026";"Marzo";"Administrativo";"GALAZ LEIVA, DIANA PAULA";"APOYO ADMINISTRATIVO";"22";"ADMINISTRATIVO";"Región Metropolitana de Santiago";"(203)(204)(186)";"$ 897.791";"$ 538.625";"$ 0";"$ 120.553";"Sí";"$ 41.299 : 12,00 hrs";"No tiene";"No tiene";"01/01/2026";"31/12/2026";"No informa";"CANCELA PAGO TRIMESTRAL LEY 19.490 PERIODO 03/2026+CANCELA PAGO TRIMESTRAL LEY 19.937 PERIODO 03/2026+REMUNERACION MAR.2026";
"2026";"Marzo";"Administrativo";"GALAZ LORCA, YBSEN";"APOYO ADMINISTRATIVO";"13";"INGENIERO (A) EN ADMINISTRACION DE RECURSOS HUMANOS";"Región Metropolitana de Santiago";"(186)";"$ 1.788.029";"$ 1.397.720";"$ 0";"$ 492.445";"No";"No tiene";"No tiene";"No tiene";"01/01/2026";"31/12/2026";"No informa";"CANCELA BONO ESCOLAR 2026-202603+CANCELA PAGO TRIMESTRAL LEY 19.490 Y LEY 19.937 PERIODO 03/2026+REMUNERACION MAR.2026";
"2026";"Marzo";"Profesional";"GALDAMES PALMA, KATHERINE ODETTE";"ATENCION CLINICA";"9";"ENFERMERA (O)";"Región Metropolitana de Santiago";"(203)(204)(186)";"$ 3.801.962";"$ 2.696.319";"$ 0";"$ 648.799";"No";"No tiene";"No tiene";"No tiene";"01/01/2026";"31/12/2026";"No informa";"BONO VACACIONES 2026+CANCELA PAGO TRIMESTRAL LEY 19.490 Y LEY 19.937 PERIODO 03/2026+REMUNERACION MAR.2026";
"2026";"Marzo";"Profesional";"GALDAMES POLANCO, DANIELA ISABEL";"Apoyo Administrativo";"11";"INGENIERO (A) EJECUCION ADMINISTRACION DE EMPRESAS";"Región Metropolitana de Santiago";"(186)";"$ 2.536.073";"$ 1.928.885";"$ 0";"$ 271.187";"Sí";"$ 46.315 : 4,00 hrs";"No tiene";"No tiene";"01/01/2026";"31/12/2026";"No informa";"Sin observaciones";
"2026";"Marzo";"Técnico";"GALDAMEZ LABARCA, TAMARA VICTORIA";"Atencion Clinica";"22";"TECNICO NIVEL SUPERIOR ENFERMERIA";"Región Metropolitana de Santiago";"(01)";"$ 741.448";"$ 544.926";"$ 0";"$ 0";"No";"No tiene";"No tiene";"No tiene";"14/02/2026";"04/04/2026";"No informa";"CONTRATO POR REEMPLAZO";
"2026";"Marzo";"Técnico";"GALEAS MAULEN, TANIA ANDREA";"Atencion Clinica";"22";"TECNICO NIVEL SUPERIOR ENFERMERIA";"Región Metropolitana de Santiago";"(01)";"$ 899.887";"$ 705.014";"$ 0";"$ 114.072";"Sí";"$ 61.403 : 18,00 hrs";"No tiene";"No tiene";"01/01/2026";"31/12/2026";"No informa";"Sin observaciones";
"2026";"Marzo";"Médicos cirujanos, farmacéuticos, químico-farmacéuticos, bioquímicos, cirujano-dentistas";"GALIMANY ACOSTA, JOSEFINA ANTONIA";"Medico Becario Primario";"44 Hrs.";"CIRUJANO DENTISTA";"Región Metropolitana de Santiago";"(186)(86)(186)";"$ 2.656.682";"$ 1.938.322";"$ 0";"$ 0";"No";"No tiene";"No tiene";"No tiene";"01/01/2026";"31/12/2026";"No informa";"Sin observaciones";
"2026";"Marzo";"Administrativo";"GALINDO CASTRO, LEONOR ALEJANDRA";"Apoyo Administrativo";"16";"INGENIERO (A) EN RECURSOS HUMANOS";"Región Metropolitana de Santiago";"(186)";"$ 1.686.570";"$ 1.217.186";"$ 0";"$ 333.933";"No";"No tiene";"No tiene";"No tiene";"01/01/2026";"31/12/2026";"No informa";"Sin observaciones";
"2026";"Marzo";"Técnico";"GALINDO MADRID, CARLA DEL CARMEN";"Atencion Clinica";"22";"PSICOLOGO (A)";"Región Metropolitana de Santiago";"(186)";"$ 1.111.477";"$ 858.040";"$ 0";"$ 165.075";"No";"No tiene";"No tiene";"No tiene";"01/01/2026";"31/12/2026";"No informa";"Sin observaciones";
"2026";"Marzo";"Técnico";"GALINDO PAINEQUIR, ANGELO STEPHANO";"Atencion Clinica";"21";"TECNICO NIVEL SUPERIOR ODONTOLOGIA";"Región Metropolitana de Santiago";"(186)";"$ 854.422";"$ 660.944";"$ 0";"$ 123.073";"No";"No tiene";"No tiene";"No tiene";"01/01/2026";"31/12/2026";"No informa";"Sin observaciones";
"2026";"Marzo";"Profesional";"GALLARDO ALLENDE, RUBEN IGNACIO";"Atencion Clinica";"13";"TRABAJADOR (A) SOCIAL";"Región Metropolitana de Santiago";"(186)";"$ 2.212.322";"$ 1.690.856";"$ 0";"$ 236.555";"Sí";"No tiene";"$ 93.938 : 8,00 hrs";"No tiene";"01/01/2026";"31/12/2026";"No informa";"Sin observaciones";
"2026";"Marzo";"Técnico";"GALLARDO ARAYA, CONSTANZA MORIELL";"Apoyo Administrativo";"21";"TECNICO NIVEL SUPERIOR RECURSOS HUMANOS";"Región Metropolitana de Santiago";"(186)";"$ 832.210";"$ 625.628";"$ 0";"$ 144.051";"No";"No tiene";"No tiene";"No tiene";"01/01/2026";"31/12/2026";"No informa";"Sin observaciones";
"2026";"Marzo";"Médicos cirujanos, farmacéuticos, químico-farmacéuticos, bioquímicos, cirujano-dentistas";"GALLARDO BARRIA, ARTURO EFRAIN";"Atencion Clinica Medica";"44 Hrs.";"MEDICO CIRUJANO";"Región Metropolitana de Santiago";"(188)(186)";"$ 5.246.195";"$ 4.279.810";"$ 0";"$ 0";"No";"No tiene";"No tiene";"No tiene";"01/01/2026";"31/12/2026";"No informa";"Sin observaciones";
"2026";"Marzo";"Profesional";"GALLARDO CORTES, MARIA JOSE";"Atencion Clinica";"15";"PSICOLOGO (A)";"Región Metropolitana de Santiago";"(01)";"$ 1.491.702";"$ 1.209.717";"$ 0";"$ 0";"No";"No tiene";"No tiene";"No tiene";"01/01/2026";"31/03/2026";"No informa";"Sin observaciones";
"2026";"Marzo";"Técnico";"GALLARDO FUENTES, JONATHAN ALEXANDER";"ATENCION CLINICA";"22";"TECNICO NIVEL SUPERIOR ENFERMERIA";"Región Metropolitana de Santiago";"(202)(204)(186)";"$ 1.077.875";"$ 766.445";"$ 0";"$ 134.812";"No";"No tiene";"No tiene";"No tiene";"01/01/2026";"31/12/2026";"No informa";"CANCELA ASIG. TECNICA+CANCELA PAGO TRIMESTRAL LEY 19.490 Y LEY 19.937 PERIODO 03/2026+REMUNERACION MAR.2026";
"2026";"Marzo";"Médicos cirujanos, farmacéuticos, químico-farmacéuticos, bioquímicos, cirujano-dentistas";"GALLARDO LEON, DANIEL";"Atencion Clinica Medica";"44 Hrs.";"MEDICO CIRUJANO";"Región Metropolitana de Santiago";"(86)(186)";"$ 3.465.905";"$ 2.754.175";"$ 0";"$ 0";"No";"No tiene";"No tiene";"No tiene";"01/01/2026";"31/12/2026";"No informa";"Sin observaciones";
"2026";"Marzo";"Administrativo";"GALLARDO MORA, CARMEN GLORIA";"Apoyo Administrativo";"22";"ADMINISTRATIVO";"Región Metropolitana de Santiago";"(01)";"$ 691.247";"$ 563.713";"$ 0";"$ 0";"No";"No tiene";"No tiene";"No tiene";"05/01/2026";"04/04/2026";"No informa";"CONTRATO A PRUEBA";
"2026";"Marzo";"Administrativo";"GALLARDO MUÑOZ, VANESSA ALEJANDRA";"Apoyo Administrativo";"22";"ADMINISTRATIVO";"Región Metropolitana de Santiago";"(186)";"$ 840.295";"$ 661.214";"$ 0";"$ 127.035";"Sí";"$ 59.024 : 17,00 hrs";"$ 16.665 : 4,00 hrs";"No tiene";"01/01/2026";"31/12/2026";"No informa";"Sin observaciones";
"2026";"Marzo";"Administrativo";"GALLMETZER GONZALEZ, HANS JACOBO";"Apoyo Administrativo";"21";"ADMINISTRATIVO";"Región Metropolitana de Santiago";"(186)";"$ 1.528.561";"$ 1.310.729";"$ 0";"$ 156.638";"Sí";"$ 97.379 : 26,00 hrs";"$ 346.072 : 77,00 hrs";"No tiene";"01/01/2026";"31/12/2026";"No informa";"Sin observaciones";
"2026";"Marzo";"Profesional";"GALLYAS JEREZ, CAMILO ESTEBAN";"Atencion Clinica";"13";"PSICOLOGO (A)";"Región Metropolitana de Santiago";"(01)";"$ 1.770.239";"$ 1.438.410";"$ 0";"$ 0";"No";"No tiene";"No tiene";"No tiene";"01/02/2026";"31/12/2026";"No informa";"Sin observaciones";
"2026";"Marzo";"Médicos cirujanos, farmacéuticos, químico-farmacéuticos, bioquímicos, cirujano-dentistas";"GALVEZ FLORES, JOAQUIN EDGARDO";"Medico Becario Primario";"44 Hrs.";"MEDICO CIRUJANO";"Región Metropolitana de Santiago";"(01)";"$ 2.875.980";"$ 2.373.833";"$ 0";"$ 0";"No";"No tiene";"No tiene";"No tiene";"07/04/2025";"06/04/2026";"No informa";"Sin observaciones";
"2026";"Marzo";"Profesional";"GALVEZ GONZALEZ, MARCELO ADOLFO";"Atencion Clinica";"15";"KINESIOLOGO (A)";"Región Metropolitana de Santiago";"(186)";"$ 1.717.599";"$ 1.334.342";"$ 0";"$ 217.282";"No";"No tiene";"No tiene";"No tiene";"01/01/2026";"31/12/2026";"No informa";"Sin observaciones";
"2026";"Marzo";"Profesional";"GALVEZ OROPEL, NICOLAS ANDRES";"Director Zonal";"5";"ENFERMERA (O)";"Región Metropolitana de Santiago";"(186)";"$ 4.195.904";"$ 3.238.739";"$ 0";"$ 685.627";"No";"No tiene";"No tiene";"No tiene";"01/01/2026";"31/12/2026";"No informa";"Sin observaciones";
"2026";"Marzo";"Profesional";"GALVEZ PEREZ, CLAUDIO MARCELO";"ATENCION CLINICA";"13";"ENFERMERA (O)";"Región Metropolitana de Santiago";"(203)(204)(186)";"$ 2.774.591";"$ 2.144.439";"$ 0";"$ 299.389";"No";"No tiene";"No tiene";"No tiene";"01/01/2026";"31/12/2026";"No informa";"CANCELA PAGO TRIMESTRAL LEY 19.490 PERIODO 03/2026+CANCELA PAGO TRIMESTRAL LEY 19.937 PERIODO 03/2026+REMUNERACION MAR.2026";
"2026";"Marzo";"Técnico";"GAMBOA VALENZUELA, ZUNILDA MARCELA";"ATENCION CLINICA";"22";"TECNICO NIVEL SUPERIOR ENFERMERIA";"Región Metropolitana de Santiago";"(203)(204)(186)";"$ 946.479";"$ 592.540";"$ 0";"$ 203.709";"No";"No tiene";"No tiene";"No tiene";"01/01/2026";"31/12/2026";"No informa";"CANCELA ASIG. TECNICA+CANCELA BONO ESCOLAR 2026-202603+CANCELA PAGO TRIMESTRAL LEY 19.490 Y LEY 19.937 PERIODO 03/2026+PAGO POR MANTENEDOR DE CARGAS FAMILIARES RETROACTI+REMUNERACION MAR.2026";
"2026";"Marzo";"Profesional";"GARCES LUCERO, OLGA ISABEL";"Apoyo Administrativo";"10";"TRABAJADOR (A) SOCIAL";"Región Metropolitana de Santiago";"(01)";"$ 2.520.920";"$ 1.951.039";"$ 0";"$ 219.266";"No";"No tiene";"No tiene";"No tiene";"01/01/2026";"31/12/2026";"No informa";"REMUNERACION MARZO 2026 + BONOS TRIMESTRALES";
"2026";"Marzo";"Profesional";"GARCES MIRANDA, MARIA ESPERANZA";"Atencion Clinica";"16";"NUTRICIONISTA";"Región Metropolitana de Santiago";"(01)";"$ 1.589.656";"$ 1.282.633";"$ 0";"$ 85.349";"Sí";"$ 134.762 : 18,00 hrs";"No tiene";"No tiene";"01/01/2026";"31/03/2026";"No informa";"Sin observaciones";
"2026";"Marzo";"Profesional";"GARCIA DUARTE, RODOLFO CRISTIAN";"Jefe de Departamento";"8";"KINESIOLOGO (A)";"Región Metropolitana de Santiago";"(186)";"$ 3.278.647";"$ 2.463.825";"$ 0";"$ 397.270";"No";"No tiene";"No tiene";"No tiene";"01/01/2026";"31/12/2026";"No informa";"REMUNERACION MARZO 2026 + BONOS TRIMESTRALES";
"2026";"Marzo";"Profesional";"GARCIA NAVARRO, DANIELLA CONSTANZA";"Atencion Clinica";"15";"KINESIOLOGO (A)";"Región Metropolitana de Santiago";"(186)";"$ 1.658.622";"$ 1.286.476";"$ 0";"$ 158.305";"No";"No tiene";"No tiene";"No tiene";"01/01/2026";"31/12/2026";"No informa";"Sin observaciones";
"2026";"Marzo";"Técnico";"GARCIA OLEA, VERONICA JAVIERA";"Atencion Clinica";"22";"TECNICO NIVEL SUPERIOR ENFERMERIA";"Región Metropolitana de Santiago";"(01)";"$ 751.079";"$ 612.580";"$ 0";"$ 0";"No";"No tiene";"No tiene";"No tiene";"01/01/2026";"31/03/2026";"No informa";"Sin observaciones";
"2026";"Marzo";"Profesional";"GARCIA SOTO, XIMENA BEATRIZ";"Apoyo Administrativo";"7";"INGENIERO (A) EJECUCION INDUSTRIAL";"Región Metropolitana de Santiago";"(186)";"$ 4.185.263";"$ 3.063.524";"$ 0";"$ 1.000.138";"No";"No tiene";"No tiene";"No tiene";"01/01/2026";"31/12/2026";"No informa";"REMUNERACION MARZO 2026 + BONOS TRIMESTRALES";
"2026";"Marzo";"Profesional";"GARCIA ULLOA, CONSTANZA NICOLE";"Apoyo Administrativo";"8";"ABOGADO (A)";"Región Metropolitana de Santiago";"(186)";"$ 3.126.523";"$ 2.390.474";"$ 0";"$ 289.439";"No";"No tiene";"No tiene";"No tiene";"01/01/2026";"31/12/2026";"No informa";"REMUNERACION MARZO 2026 + BONOS TRIMESTRALES";
"2026";"Marzo";"Técnico";"GARCIA WOLFF, JAVIER ARTURO";"ATENCION CLINICA";"22";"TECNICO NIVEL SUPERIOR ENFERMERIA";"Región Metropolitana de Santiago";"(202)(204)(186)";"$ 1.374.212";"$ 891.939";"$ 0";"$ 172.599";"Sí";"$ 94.562 : 40,00 hrs";"$ 193.328 : 58,00 hrs";"No tiene";"01/01/2026";"31/12/2026";"No informa";"CANCELA ASIG. TECNICA+CANCELA BONO ESCOLAR 2026-202603+CANCELA PAGO TRIMESTRAL LEY 19.490 Y LEY 19.937 PERIODO 03/2026+REMUNERACION MAR.2026";
"2026";"Marzo";"Médicos cirujanos, farmacéuticos, químico-farmacéuticos, bioquímicos, cirujano-dentistas";"GARCIAS FRANCO, SARA MARIA";"Atencion Odontologica";"22 Hrs.";"CIRUJANO DENTISTA";"Región Metropolitana de Santiago";"(188)(186)";"$ 2.582.638";"$ 1.957.784";"$ 0";"$ 0";"No";"No tiene";"No tiene";"No tiene";"01/01/2026";"31/12/2026";"No informa";"Sin observaciones";
"2026";"Marzo";"Médicos cirujanos, farmacéuticos, químico-farmacéuticos, bioquímicos, cirujano-dentistas";"GARCIAS FRANCO, SARA MARIA";"Atencion Odontologica";"22 Hrs.";"CIRUJANO DENTISTA";"Región Metropolitana de Santiago";"(188)(186)";"$ 2.582.638";"$ 2.252.030";"$ 0";"$ 0";"No";"No tiene";"No tiene";"No tiene";"01/01/2026";"31/12/2026";"No informa";"Sin observaciones";
"2026";"Marzo";"Auxiliar";"GARRIDO ARAYA, DANIEL ALFREDO";"CONDUCTOR";"21";"AUXILIAR";"Región Metropolitana de Santiago";"(205)(203)(204)";"$ 1.674.123";"$ 1.348.877";"$ 0";"$ 191.577";"Sí";"$ 112.192 : 27,00 hrs";"$ 109.699 : 22,00 hrs";"No tiene";"01/01/2026";"31/12/2026";"No informa";"CANCELA PAGO TRIMESTRAL LEY 19.490 PERIODO 03/2026+CANCELA PAGO TRIMESTRAL LEY 19.937 PERIODO 03/2026+REMUNERACION MAR.2026";
"2026";"Marzo";"Profesional";"GARRIDO CASTRO, CRISTOPHER ABDON";"Apoyo Administrativo";"11";"INGENIERO (A) ADMINISTRACION DE EMPRESAS";"Región Metropolitana de Santiago";"(186)";"$ 2.475.233";"$ 1.924.475";"$ 0";"$ 244.943";"No";"No tiene";"No tiene";"No tiene";"01/01/2026";"31/12/2026";"No informa";"REMUNERACION MARZO 2026 + BONOS TRIMESTRALES";
"2026";"Marzo";"Profesional";"GARRIDO CORDOVA, DANIELA PAZ";"Atencion Clinica";"16";"MATRON (A)";"Región Metropolitana de Santiago";"(186)";"$ 1.622.081";"$ 1.260.605";"$ 0";"$ 145.094";"No";"No tiene";"No tiene";"No tiene";"01/01/2026";"31/12/2026";"No informa";"Sin observaciones";
"2026";"Marzo";"Profesional";"GARRIDO GOMEZ, MARISOL EUGENIA";"Director Zonal";"8";"NUTRICIONISTA";"Región Metropolitana de Santiago";"(01)";"$ 3.582.808";"$ 2.575.683";"$ 0";"$ 760.488";"No";"No tiene";"No tiene";"No tiene";"01/01/2026";"31/12/2026";"No informa";"Sin observaciones";
"2026";"Marzo";"Administrativo";"GARRIDO JIMENEZ, MARIA ELENA";"Secretaria";"18";"TRABAJADOR (A) SOCIAL";"Región Metropolitana de Santiago";"(01)";"$ 1.389.185";"$ 1.020.283";"$ 0";"$ 242.967";"No";"No tiene";"No tiene";"No tiene";"01/01/2026";"31/12/2026";"No informa";"REMUNERACION MARZO 2026 + BONOS TRIMESTRALES";
"2026";"Marzo";"Administrativo";"GARRIDO MENDEZ, KEVIN CAMILO";"APOYO ADMINISTRATIVO";"22";"ADMINISTRATIVO";"Región Metropolitana de Santiago";"(203)(204)(186)";"$ 941.717";"$ 769.079";"$ 0";"$ 162.228";"No";"No tiene";"No tiene";"No tiene";"01/01/2026";"31/12/2026";"No informa";"CANCELA BONO ESCOLAR 2026-202603+CANCELA PAGO TRIMESTRAL LEY 19.490 Y LEY 19.937 PERIODO 03/2026+REMUNERACION MAR.2026";
"2026";"Marzo";"Administrativo";"GARRIDO OLMEDO, XIMENA DEL ROSARIO";"Secretaria";"13";"ADMINISTRATIVO";"Región Metropolitana de Santiago";"(186)";"$ 1.370.343";"$ 1.037.025";"$ 0";"$ 239.418";"Sí";"$ 88.767 : 15,00 hrs";"No tiene";"No tiene";"01/01/2026";"31/12/2026";"No informa";"REMUNERACION MARZO 2026 + BONOS TRIMESTRALES";
"2026";"Marzo";"Técnico";"GARRIDO PALMA, CONSTANZA IRENE";"Atencion Clinica";"22";"TECNICO NIVEL SUPERIOR ENFERMERIA";"Región Metropolitana de Santiago";"(186)";"$ 905.826";"$ 706.562";"$ 0";"$ 134.812";"Sí";"$ 37.858 : 11,00 hrs";"$ 4.130 : 1,00 hrs";"No tiene";"01/01/2026";"31/12/2026";"No informa";"Sin observaciones";
"2026";"Marzo";"Técnico";"GATICA ARANGUIZ, PABLO CESAR";"ATENCION CLINICA";"21";"TECNICO NIVEL SUPERIOR ENFERMERIA";"Región Metropolitana de Santiago";"(203)(204)(186)";"$ 1.009.963";"$ 373.964";"$ 0";"$ 151.044";"No";"No tiene";"No tiene";"No tiene";"01/01/2026";"31/12/2026";"No informa";"CANCELA ASIG. TECNICA+CANCELA PAGO TRIMESTRAL LEY 19.490 Y LEY 19.937 PERIODO 03/2026+REMUNERACION MAR.2026";
"2026";"Marzo";"Profesional";"GATICA ARIAS, RICARDO MAURICIO";"Atencion Clinica";"15";"PSICOLOGO (A)";"Región Metropolitana de Santiago";"(186)";"$ 1.899.829";"$ 1.516.661";"$ 0";"$ 192.449";"Sí";"$ 198.450 : 24,00 hrs";"No tiene";"No tiene";"01/01/2026";"31/12/2026";"No informa";"Sin observaciones";
"2026";"Marzo";"Profesional";"GATICA HALVORSEN, FRANCISCA CONSTANZA";"Atencion Clinica";"16";"ENFERMERA (O)";"Región Metropolitana de Santiago";"(186)";"$ 1.832.570";"$ 1.448.111";"$ 0";"$ 145.094";"Sí";"$ 218.463 : 29,00 hrs";"No tiene";"No tiene";"01/01/2026";"31/12/2026";"No informa";"Sin observaciones";
"2026";"Marzo";"Profesional";"GATICA JIMENEZ, PATRICIO JAVIER";"ATENCION CLINICA";"13";"ENFERMERA (O)";"Región Metropolitana de Santiago";"(203)(204)(186)";"$ 3.491.248";"$ 2.578.904";"$ 0";"$ 317.870";"Sí";"$ 49.511 : 5,00 hrs";"$ 653.543 : 55,00 hrs";"No tiene";"01/01/2026";"31/12/2026";"No informa";"CANCELA PAGO TRIMESTRAL LEY 19.490 PERIODO 03/2026+CANCELA PAGO TRIMESTRAL LEY 19.937 PERIODO 03/2026+REMUNERACION MAR.2026";
"2026";"Marzo";"Profesional";"GEISER CORVALAN, JAVIERA ESPERANZA";"Atencion Clinica";"16";"PSICOLOGO (A)";"Región Metropolitana de Santiago";"(01)";"$ 1.612.117";"$ 1.304.189";"$ 0";"$ 85.349";"Sí";"$ 157.223 : 21,00 hrs";"No tiene";"No tiene";"01/03/2026";"31/03/2026";"No informa";"Sin observaciones";
"2026";"Marzo";"Profesional";"GEORGE TRONCOSO, PATRICIO GUILLERMO";"Apoyo Administrativo";"6";"INGENIERO (A) CIVIL ELECTRICISTA";"Región Metropolitana de Santiago";"(186)";"$ 3.520.701";"$ 2.646.395";"$ 0";"$ 234.301";"No";"No tiene";"No tiene";"No tiene";"01/01/2026";"31/12/2026";"No informa";"REMUNERACION MARZO 2026 + BONOS TRIMESTRALES";
"2026";"Marzo";"Administrativo";"GHREZ CONEJEROS, IVAN";"Apoyo Administrativo";"16";"ADMINISTRATIVO";"Región Metropolitana de Santiago";"(186)";"$ 1.503.552";"$ 1.193.879";"$ 0";"$ 216.550";"Sí";"No tiene";"No tiene";"No tiene";"01/01/2026";"31/12/2026";"No informa";"REMUNERACION MARZO 2026 + BONOS TRIMESTRALES";
"2026";"Marzo";"Técnico";"GIL FERNANDEZ, DARIANA SARAYD";"Atencion Clinica";"21";"TECNICO NIVEL MEDIO ENFERMERIA";"Región Metropolitana de Santiago";"(01)";"$ 731.315";"$ 602.750";"$ 0";"$ 0";"No";"No tiene";"No tiene";"No tiene";"01/01/2026";"31/12/2026";"No informa";"Sin observaciones";
"2026";"Marzo";"Profesional";"GILABERT NOVOA, ROSARIO DEL PILAR";"Apoyo Administrativo";"8";"ENFERMERA (O)";"Región Metropolitana de Santiago";"(186)";"$ 2.972.602";"$ 2.296.162";"$ 0";"$ 227.011";"No";"No tiene";"No tiene";"No tiene";"01/01/2026";"31/03/2026";"No informa";"Sin observaciones";
"2026";"Marzo";"Profesional";"GODOY CABELLO, LYA CAROL";"Atencion Clinica";"15";"ENFERMERO (A) MATRON (A)";"Región Metropolitana de Santiago";"(186)";"$ 1.750.115";"$ 1.342.689";"$ 0";"$ 158.305";"No";"No tiene";"No tiene";"No tiene";"01/01/2026";"31/12/2026";"No informa";"Sin observaciones";
"2026";"Marzo";"Profesional";"GODOY GALVEZ, MACARENA CATHERINA";"Apoyo Administrativo";"8";"NUTRICIONISTA";"Región Metropolitana de Santiago";"(01)";"$ 3.111.759";"$ 2.341.201";"$ 0";"$ 289.439";"No";"No tiene";"No tiene";"No tiene";"01/01/2026";"31/12/2026";"No informa";"Sin observaciones";
"2026";"Marzo";"Profesional";"GODOY GUIÑEZ, GONZALO ANDRES";"Atencion Clinica";"12";"PSICOLOGO (A)";"Región Metropolitana de Santiago";"(186)";"$ 1.965.913";"$ 1.584.110";"$ 0";"$ 0";"No";"No tiene";"No tiene";"No tiene";"01/01/2026";"31/12/2026";"No informa";"Sin observaciones";
"2026";"Marzo";"Profesional";"GODOY QUIRINO, PAMELA ALEJANDRA";"Atencion Clinica";"14";"NUTRICIONISTA";"Región Metropolitana de Santiago";"(186)";"$ 2.116.474";"$ 1.649.894";"$ 0";"$ 267.937";"Sí";"$ 82.651 : 9,00 hrs";"No tiene";"No tiene";"01/01/2026";"31/12/2026";"No informa";"Sin observaciones";
"2026";"Marzo";"Profesional";"GODOY SANCHEZ, ERNESTO";"Apoyo Administrativo";"15";"ABOGADO (A)";"Región Metropolitana de Santiago";"(186)";"$ 2.469.745";"$ 1.730.035";"$ 0";"$ 627.014";"Sí";"$ 173.396 : 20,00 hrs";"No tiene";"No tiene";"01/01/2026";"31/12/2026";"No informa";"Sin observaciones";
"2026";"Marzo";"Profesional";"GODOY TAPIA, MARIA JOSE";"Atencion Clinica";"15";"NUTRICIONISTA";"Región Metropolitana de Santiago";"(186)(186)";"$ 1.741.726";"$ 1.308.874";"$ 0";"$ 119.609";"Sí";"$ 98.624 : 12,00 hrs";"No tiene";"No tiene";"01/01/2026";"31/03/2026";"No informa";"Sin observaciones";
"2026";"Marzo";"Profesional";"GOMEZ ARAYA, MARCELO NICOLAS";"Apoyo Administrativo";"12";"INGENIERO (A) CIVIL INDUSTRIAL";"Región Metropolitana de Santiago";"(01)";"$ 2.111.101";"$ 1.730.728";"$ 0";"$ 0";"Sí";"$ 167.970 : 16,00 hrs";"$ 137.690 : 11,00 hrs";"No tiene";"01/01/2026";"31/03/2026";"No informa";"Sin observaciones";
"2026";"Marzo";"Profesional";"GOMEZ DIAZ, AGUSTIN IGNACIO";"Atencion Clinica";"15";"ENFERMERA (O)";"Región Metropolitana de Santiago";"(186)";"$ 2.083.791";"$ 1.663.018";"$ 0";"$ 158.305";"Sí";"$ 156.154 : 19,00 hrs";"$ 177.522 : 18,00 hrs";"No tiene";"01/01/2026";"31/12/2026";"No informa";"Sin observaciones";
"2026";"Marzo";"Médicos cirujanos, farmacéuticos, químico-farmacéuticos, bioquímicos, cirujano-dentistas";"GOMEZ OLIVEROS, CATALINA SUSANA";"Atencion Odontologica";"44 Hrs.";"CIRUJANO DENTISTA";"Región Metropolitana de Santiago";"(188)(86)(220)(186)";"$ 6.662.336";"$ 5.422.427";"$ 0";"$ 0";"No";"No tiene";"No tiene";"No tiene";"01/01/2026";"31/12/2026";"No informa";"Sin observaciones";
"2026";"Marzo";"Profesional";"GOMEZ PEREIRA, CLAUDIO ESTEBAN";"Apoyo Administrativo";"9";"PSICOLOGO (A)";"Región Metropolitana de Santiago";"(01)";"$ 2.691.374";"$ 2.053.627";"$ 0";"$ 182.225";"No";"No tiene";"No tiene";"No tiene";"01/01/2026";"31/12/2026";"No informa";"REMUNERACION MARZO 2026 + BONOS TRIMESTRALES";
"2026";"Marzo";"Médicos cirujanos, farmacéuticos, químico-farmacéuticos, bioquímicos, cirujano-dentistas";"GOMEZ PEREZ, SEBASTIAN EMANUEL";"Atencion Clinica Medica";"44 Hrs.";"MEDICO CIRUJANO";"Región Metropolitana de Santiago";"(86)";"$ 3.007.345";"$ 2.385.921";"$ 0";"$ 0";"No";"No tiene";"No tiene";"No tiene";"01/01/2026";"31/12/2026";"No informa";"Sin observaciones";
"2026";"Marzo";"Médicos cirujanos, farmacéuticos, químico-farmacéuticos, bioquímicos, cirujano-dentistas";"GONZALEZ ABARZUA, DANIELA FERNANDA";"Atencion Clinica Medica";"44 Hrs.";"MEDICO CIRUJANO";"Región Metropolitana de Santiago";"(86)";"$ 3.007.345";"$ 2.384.689";"$ 0";"$ 0";"No";"No tiene";"No tiene";"No tiene";"01/01/2026";"31/12/2026";"No informa";"Sin observaciones";
"2026";"Marzo";"Profesional";"GONZALEZ ARENAS, ESTEBAN";"Apoyo Administrativo";"16";"KINESIOLOGO (A)";"Región Metropolitana de Santiago";"(01)";"$ 734.563";"$ 587.920";"$ 0";"$ 49.788";"No";"No tiene";"No tiene";"No tiene";"01/01/2026";"31/12/2026";"No informa";"Sin observaciones";
"2026";"Marzo";"Profesional";"GONZALEZ BIZAMA, SOLANGE ALEJANDRA";"Atencion Clinica";"15";"TERAPEUTA OCUPACIONAL";"Región Metropolitana de Santiago";"(186)";"$ 1.750.115";"$ 1.342.689";"$ 0";"$ 158.305";"No";"No tiene";"No tiene";"No tiene";"01/01/2026";"31/12/2026";"No informa";"Sin observaciones";
"2026";"Marzo";"Administrativo";"GONZALEZ CABRERA, CAMILO IVAN";"Apoyo Administrativo";"22";"ADMINISTRATIVO";"Región Metropolitana de Santiago";"(186)";"$ 772.384";"$ 582.010";"$ 0";"$ 134.812";"No";"No tiene";"No tiene";"No tiene";"01/01/2026";"31/12/2026";"No informa";"Sin observaciones";
"2026";"Marzo";"Técnico";"GONZALEZ CASTRO, JAVIERA FRANCISCA";"Atencion Clinica";"22";"TECNICO NIVEL SUPERIOR ENFERMERIA";"Región Metropolitana de Santiago";"(01)";"$ 838.484";"$ 652.250";"$ 0";"$ 114.072";"No";"No tiene";"No tiene";"No tiene";"01/01/2026";"31/03/2026";"No informa";"Sin observaciones";
"2026";"Marzo";"Administrativo";"GONZALEZ CONTRERAS, DAYANA ANDREA";"Apoyo Administrativo";"21";"ADMINISTRATIVO";"Región Metropolitana de Santiago";"(01)";"$ 913.706";"$ 732.094";"$ 0";"$ 130.066";"No";"No tiene";"No tiene";"No tiene";"01/01/2026";"31/12/2026";"No informa";"Sin observaciones";
"2026";"Marzo";"Administrativo";"GONZALEZ FUENTES, DAVID ENRIQUE";"Apoyo Administrativo";"16";"ADMINISTRATIVO";"Región Metropolitana de Santiago";"(01)";"$ 853.704";"$ 699.783";"$ 0";"$ 0";"Sí";"$ 18.996 : 4,00 hrs";"No tiene";"No tiene";"01/01/2026";"31/12/2026";"No informa";"Sin observaciones";
"2026";"Marzo";"Profesional";"GONZALEZ GONZALEZ, PAOLA ARACELLI";"Apoyo Administrativo";"8";"INGENIERO (A) EJECUCION ADMINISTRACION DE EMPRESAS";"Región Metropolitana de Santiago";"(01)";"$ 3.719.014";"$ 2.543.765";"$ 0";"$ 896.694";"No";"No tiene";"No tiene";"No tiene";"01/01/2026";"31/12/2026";"No informa";"REMUNERACION MARZO 2026 + BONOS TRIMESTRALES";
"2026";"Marzo";"Profesional";"GONZALEZ GOYENECHEA, GONZALO ANDRES";"Apoyo Administrativo";"10";"ABOGADO (A)";"Región Metropolitana de Santiago";"(01)";"$ 2.301.654";"$ 1.858.882";"$ 0";"$ 0";"No";"No tiene";"No tiene";"No tiene";"01/01/2026";"31/12/2026";"No informa";"Sin observaciones";
"2026";"Marzo";"Profesional";"GONZALEZ GUIÑEZ, CLAUDIA ANDREA";"Apoyo Administrativo";"8";"PSICOLOGO (A)";"Región Metropolitana de Santiago";"(01)";"$ 0";"$ 0";"$ 0";"$ 0";"No";"No tiene";"No tiene";"No tiene";"01/01/2026";"31/12/2026";"No informa";"Sin observaciones";
"2026";"Marzo";"Técnico";"GONZALEZ GUTIERREZ, CAMILA MARGARITA";"Atencion Clinica";"21";"TECNICO NIVEL SUPERIOR ENFERMERIA";"Región Metropolitana de Santiago";"(186)";"$ 886.672";"$ 669.531";"$ 0";"$ 145.450";"No";"No tiene";"No tiene";"No tiene";"01/01/2026";"31/12/2026";"No informa";"Sin observaciones";
"2026";"Marzo";"Profesional";"GONZALEZ GUTIERREZ, CAMILA PILAR";"Atencion Clinica";"13";"PSICOLOGO (A)";"Región Metropolitana de Santiago";"(01)";"$ 1.770.239";"$ 1.428.553";"$ 0";"$ 0";"No";"No tiene";"No tiene";"No tiene";"01/01/2026";"31/12/2026";"No informa";"Sin observaciones";
"2026";"Marzo";"Técnico";"GONZALEZ LEIVA, RENEE FRANCISCA";"Atencion Clinica";"20";"TECNICO NIVEL SUPERIOR ENFERMERIA";"Región Metropolitana de Santiago";"(186)";"$ 1.045.224";"$ 831.020";"$ 0";"$ 153.443";"No";"No tiene";"No tiene";"No tiene";"01/01/2026";"31/12/2026";"No informa";"Sin observaciones";
"2026";"Marzo";"Profesional";"GONZALEZ LYON, KARINA ANDREA";"Atencion Clinica";"13";"ASISTENTE SOCIAL";"Región Metropolitana de Santiago";"(186)(186)";"$ 2.140.561";"$ 1.434.233";"$ 0";"$ 258.732";"No";"No tiene";"No tiene";"No tiene";"01/01/2026";"31/12/2026";"No informa";"Sin observaciones";
"2026";"Marzo";"Médicos cirujanos, farmacéuticos, químico-farmacéuticos, bioquímicos, cirujano-dentistas";"GONZALEZ MADARIAGA, BENJAMIN IVAN";"Medico Becario Primario";"44 Hrs.";"MEDICO CIRUJANO";"Región Metropolitana de Santiago";"(01)";"$ 3.550.333";"$ 2.904.118";"$ 0";"$ 0";"No";"No tiene";"No tiene";"No tiene";"06/05/2025";"05/05/2026";"No informa";"Sin observaciones";
"2026";"Marzo";"Médicos cirujanos, farmacéuticos, químico-farmacéuticos, bioquímicos, cirujano-dentistas";"GONZALEZ MAITA, OSCAR ALEJANDRO";"Medico Becario Primario";"44 Hrs.";"MEDICO CIRUJANO";"Región Metropolitana de Santiago";"(01)";"$ 2.875.980";"$ 2.345.649";"$ 0";"$ 0";"No";"No tiene";"No tiene";"No tiene";"08/05/2025";"07/05/2026";"No informa";"Sin observaciones";
"2026";"Marzo";"Administrativo";"GONZALEZ MARTINEZ, ALEJANDRO ANDRES";"Apoyo Administrativo";"16";"ADMINISTRATIVO";"Región Metropolitana de Santiago";"(186)";"$ 1.015.872";"$ 772.632";"$ 0";"$ 158.803";"Sí";"$ 14.386 : 3,00 hrs";"No tiene";"No tiene";"01/01/2026";"31/12/2026";"No informa";"Sin observaciones";
"2026";"Marzo";"Técnico";"GONZALEZ NUÑEZ, JULIO JOSE";"Atencion Clinica";"18";"TECNICO NIVEL SUPERIOR ENFERMERIA";"Región Metropolitana de Santiago";"(186)";"$ 1.251.181";"$ 1.043.181";"$ 0";"$ 170.775";"Sí";"$ 95.943 : 22,00 hrs";"$ 151.763 : 29,00 hrs";"No tiene";"01/01/2026";"31/12/2026";"No informa";"Sin observaciones";
"2026";"Marzo";"Profesional";"GONZALEZ OJEDA, XIMENA LORETO";"Atencion Clinica";"15";"PSICOLOGO (A)";"Región Metropolitana de Santiago";"(186)";"$ 1.799.081";"$ 1.363.740";"$ 0";"$ 198.658";"No";"No tiene";"No tiene";"No tiene";"01/01/2026";"31/12/2026";"No informa";"Sin observaciones";
"2026";"Marzo";"Técnico";"GONZALEZ ORTIZ, ARACELY BELEN";"Atencion Clinica";"22";"TECNICO NIVEL SUPERIOR ENFERMERIA";"Región Metropolitana de Santiago";"(01)";"$ 838.484";"$ 650.970";"$ 0";"$ 114.072";"No";"No tiene";"No tiene";"No tiene";"01/01/2026";"31/03/2026";"No informa";"Sin observaciones";
"2026";"Marzo";"Médicos cirujanos, farmacéuticos, químico-farmacéuticos, bioquímicos, cirujano-dentistas";"GONZALEZ PEÑA, DIEGO ALEJANDRO";"Atencion Odontologica";"11 Hrs.";"CIRUJANO DENTISTA";"Región Metropolitana de Santiago";"(188)(186)";"$ 1.392.470";"$ 1.171.946";"$ 0";"$ 0";"No";"No tiene";"No tiene";"No tiene";"01/01/2026";"31/12/2026";"No informa";"Sin observaciones";
"2026";"Marzo";"Médicos cirujanos, farmacéuticos, químico-farmacéuticos, bioquímicos, cirujano-dentistas";"GONZALEZ PEÑA, DIEGO ALEJANDRO";"Atencion Odontologica";"22 Hrs.";"CIRUJANO DENTISTA";"Región Metropolitana de Santiago";"(188)(186)";"$ 2.784.945";"$ 2.183.060";"$ 0";"$ 0";"No";"No tiene";"No tiene";"No tiene";"01/01/2026";"31/12/2026";"No informa";"Sin observaciones";
"2026";"Marzo";"Profesional";"GONZALEZ PEREDO, CAMILA MONSERRAT";"Atencion Clinica";"15";"NUTRICIONISTA";"Región Metropolitana de Santiago";"(186)";"$ 1.500.317";"$ 1.230.678";"$ 0";"$ 0";"No";"No tiene";"No tiene";"No tiene";"01/01/2026";"31/12/2026";"No informa";"Sin observaciones";
"2026";"Marzo";"Profesional";"GONZALEZ PINO, GUILLERMO JORGE";"Apoyo Administrativo";"5";"ABOGADO (A)";"Región Metropolitana de Santiago";"(186)";"$ 4.310.236";"$ 3.350.369";"$ 0";"$ 635.107";"No";"No tiene";"No tiene";"No tiene";"01/01/2026";"31/12/2026";"No informa";"REMUNERACION MARZO 2026 + BONOS TRIMESTRALES";
"2026";"Marzo";"Administrativo";"GONZALEZ QUINTEROS, MARITZA MARGARITA";"Apoyo Administrativo";"13";"INGENIERO (A) ADMINISTRACION DE EMPRESAS";"Región Metropolitana de Santiago";"(01)";"$ 2.153.041";"$ 1.643.522";"$ 0";"$ 381.245";"No";"No tiene";"No tiene";"No tiene";"01/01/2026";"31/05/2026";"No informa";"REMUNERACION MARZO 2026 + BONOS TRIMESTRALES";
"2026";"Marzo";"Médicos cirujanos, farmacéuticos, químico-farmacéuticos, bioquímicos, cirujano-dentistas";"GONZALEZ RODRIGUEZ, FELIPE ANDRES";"Atencion Clinica Medica";"44 Hrs.";"MEDICO CIRUJANO";"Región Metropolitana de Santiago";"(86)";"$ 3.007.345";"$ 2.405.288";"$ 0";"$ 0";"No";"No tiene";"No tiene";"No tiene";"01/01/2026";"31/12/2026";"No informa";"Sin observaciones";
"2026";"Marzo";"Profesional";"GONZALEZ RUBIO, MAXIMILIANO ANDRES";"APOYO ADMINISTRATIVO";"10";"PSICOLOGO (A)";"Región Metropolitana de Santiago";"(186)";"$ 2.314.311";"$ 1.670.377";"$ 0";"$ 200.621";"No";"No tiene";"No tiene";"No tiene";"01/01/2026";"31/12/2026";"No informa";"CANCELA PAGO TRIMESTRAL LEY 19.937 PERIODO 03/2026+DIF. ACREDITACION LEY 19.937 A/C 09/01/2026+REMUNERACION MAR.2026";
"2026";"Marzo";"Profesional";"GONZALEZ SALDAÑA, FELIPE ANDRES";"Apoyo Administrativo";"7";"ARQUITECTO(A)";"Región Metropolitana de Santiago";"(186)";"$ 3.690.806";"$ 2.764.235";"$ 0";"$ 537.575";"No";"No tiene";"No tiene";"No tiene";"01/01/2026";"31/12/2026";"No informa";"REMUNERACION MARZO 2026 + BONOS TRIMESTRALES";
"2026";"Marzo";"Técnico";"GONZALEZ SILVA, EVELYN DANIELA";"Atencion Clinica";"21";"TECNICO NIVEL SUPERIOR ENFERMERIA";"Región Metropolitana de Santiago";"(186)";"$ 921.256";"$ 727.778";"$ 0";"$ 123.073";"No";"No tiene";"No tiene";"No tiene";"01/01/2026";"31/12/2026";"No informa";"Sin observaciones";
"2026";"Marzo";"Médicos cirujanos, farmacéuticos, químico-farmacéuticos, bioquímicos, cirujano-dentistas";"GONZALEZ STUARDO, ABEL ENRIQUE";"Atencion Clinica Medica";"44 Hrs.";"MEDICO CIRUJANO";"Región Metropolitana de Santiago";"(86)(186)";"$ 3.650.490";"$ 2.880.978";"$ 0";"$ 0";"No";"No tiene";"No tiene";"No tiene";"01/01/2026";"07/05/2026";"No informa";"Sin observaciones";
"2026";"Marzo";"Profesional";"GONZALEZ UNDURRAGA, KEVIN ANDRES";"Atencion Clinica";"15";"KINESIOLOGO (A)";"Región Metropolitana de Santiago";"(186)";"$ 1.989.902";"$ 1.596.447";"$ 0";"$ 217.282";"Sí";"$ 82.186 : 10,00 hrs";"$ 98.624 : 10,00 hrs";"No tiene";"01/01/2026";"31/12/2026";"No informa";"Sin observaciones";
"2026";"Marzo";"Auxiliar";"GONZALEZ VALENZUELA, HUGO ROLANDO";"Apoyo Logistico";"23";"AUXILIAR";"Región Metropolitana de Santiago";"(01)";"$ 460.168";"$ 375.266";"$ 0";"$ 0";"No";"No tiene";"No tiene";"No tiene";"10/03/2026";"02/04/2026";"No informa";"CONTRATO POR REEMPLAZO";
"2026";"Marzo";"Profesional";"GONZALEZ VEGA, KAREN ALLINSON";"Atencion Clinica";"15";"TRABAJADOR (A) SOCIAL";"Región Metropolitana de Santiago";"(186)";"$ 2.110.684";"$ 1.695.385";"$ 0";"$ 217.282";"Sí";"$ 205.466 : 25,00 hrs";"$ 78.899 : 8,00 hrs";"No tiene";"01/01/2026";"31/12/2026";"No informa";"Sin observaciones";
"2026";"Marzo";"Médicos cirujanos, farmacéuticos, químico-farmacéuticos, bioquímicos, cirujano-dentistas";"GONZALEZ VENEGAS, NATALIA BELEN";"Atencion Clinica Medica";"44 Hrs.";"MEDICO CIRUJANO";"Región Metropolitana de Santiago";"(86)";"$ 3.007.345";"$ 2.407.756";"$ 0";"$ 0";"No";"No tiene";"No tiene";"No tiene";"01/01/2026";"31/12/2026";"No informa";"Sin observaciones";
"2026";"Marzo";"Auxiliar";"GONZALEZ ZAVALA, MARCO ANTONIO";"Apoyo Logistico";"22";"AUXILIAR";"Región Metropolitana de Santiago";"(01)";"$ 708.099";"$ 537.047";"$ 0";"$ 114.072";"No";"No tiene";"No tiene";"No tiene";"01/01/2026";"31/03/2026";"No informa";"Sin observaciones";
"2026";"Marzo";"Profesional";"GRADO ESCOBAR, NATHALIE DESIREE";"Apoyo Administrativo";"10";"EDUCADOR (A) DE PARVULOS";"Región Metropolitana de Santiago";"(01)";"$ 2.444.654";"$ 1.922.092";"$ 0";"$ 143.000";"No";"No tiene";"No tiene";"No tiene";"01/01/2026";"31/12/2026";"No informa";"REMUNERACION MARZO 2026 + BONOS TRIMESTRALES";
"2026";"Marzo";"Profesional";"GRANIFO ROUDERGUE, ANA MARIA";"Atencion Clinica";"12";"ENFERMERA (O)";"Región Metropolitana de Santiago";"(01)";"$ 2.236.395";"$ 1.829.163";"$ 0";"$ 0";"Sí";"$ 200.694 : 19,00 hrs";"No tiene";"No tiene";"01/01/2026";"31/12/2026";"No informa";"Sin observaciones";
"2026";"Marzo";"Administrativo";"GRILLE ORELLANA, MARICEL DEL CARMEN";"Apoyo Administrativo";"21";"ADMINISTRATIVO";"Región Metropolitana de Santiago";"(186)";"$ 992.056";"$ 799.220";"$ 0";"$ 130.066";"Sí";"$ 148.516 : 40,00 hrs";"$ 57.921 : 13,00 hrs";"No tiene";"01/01/2026";"31/03/2026";"No informa";"Sin observaciones";
"2026";"Marzo";"Médicos cirujanos, farmacéuticos, químico-farmacéuticos, bioquímicos, cirujano-dentistas";"GROVE MAUREIRA, MARGARITA XIMENA";"JEFE DE DEPARTAMENTO";"22 Hrs.";"MEDICO CIRUJANO CON ESPECIALIDAD EN MEDICINA DE URGENCIA";"Región Metropolitana de Santiago";"(86)(186)";"$ 2.562.408";"$ 2.341.883";"$ 0";"$ 0";"No";"No tiene";"No tiene";"No tiene";"01/01/2026";"31/12/2026";"No informa";"DIF. POR TRIENIOS (12) DESDE 02/2026+PAGO ASIGNACION METAS DE PRODUCCION Y CALIDAD PERIODO 03/2026+REMUNERACION MAR.2026";
"2026";"Marzo";"Administrativo";"GUAJARDO GUAJARDO, ANGELICA MARIA";"Apoyo Administrativo";"22";"ADMINISTRATIVO";"Región Metropolitana de Santiago";"(186)";"$ 884.980";"$ 701.572";"$ 0";"$ 120.553";"Sí";"$ 86.040 : 25,00 hrs";"$ 45.429 : 11,00 hrs";"No tiene";"01/01/2026";"31/12/2026";"No informa";"Sin observaciones";
"2026";"Marzo";"Administrativo";"GUAJARDO POBLETE, DAISY ISABEL";"Apoyo Administrativo";"21";"ADMINISTRATIVO";"Región Metropolitana de Santiago";"(01)";"$ 1.007.112";"$ 802.508";"$ 0";"$ 156.638";"No";"No tiene";"No tiene";"No tiene";"01/01/2026";"31/12/2026";"No informa";"Sin observaciones";
"2026";"Marzo";"Profesional";"GUAJARDO RETAMAL, FRANCISCA IGNACIA";"Atencion Clinica";"16";"ENFERMERA (O)";"Región Metropolitana de Santiago";"(01)";"$ 1.661.530";"$ 1.394.047";"$ 0";"$ 0";"Sí";"$ 202.143 : 27,00 hrs";"$ 89.842 : 10,00 hrs";"No tiene";"01/01/2026";"01/04/2026";"No informa";"CONTRATO POR REEMPLAZO";
"2026";"Marzo";"Administrativo";"GUALDRON CHACON, RONALD ALEJANDRO";"Apoyo Administrativo";"16";"ADMINISTRATIVO";"Región Metropolitana de Santiago";"(186)";"$ 1.072.848";"$ 828.386";"$ 0";"$ 167.826";"Sí";"$ 62.339 : 13,00 hrs";"No tiene";"No tiene";"01/01/2026";"31/12/2026";"No informa";"Sin observaciones";
"2026";"Marzo";"Profesional";"GUAMAN BECKETT, GASTON ANDRES";"ATENCION CLINICA";"12";"KINESIOLOGO (A)";"Región Metropolitana de Santiago";"(203)(204)(186)";"$ 3.406.821";"$ 2.509.792";"$ 0";"$ 345.194";"Sí";"$ 87.029 : 8,00 hrs";"$ 274.142 : 21,00 hrs";"No tiene";"01/01/2026";"31/12/2026";"No informa";"CANCELA PAGO TRIMESTRAL LEY 19.490 PERIODO 03/2026+CANCELA PAGO TRIMESTRAL LEY 19.937 PERIODO 03/2026+REMUNERACION MAR.2026";
"2026";"Marzo";"Profesional";"GUERRA HEVIA, CARLA ANDREA";"Apoyo Administrativo";"5";"PERIODISTA";"Región Metropolitana de Santiago";"(36)(186)";"$ 4.736.682";"$ 3.760.531";"$ 0";"$ 389.725";"No";"No tiene";"No tiene";"No tiene";"01/01/2026";"31/12/2026";"No informa";"REMUNERACION MARZO 2026 + BONOS TRIMESTRALES";
"2026";"Marzo";"Administrativo";"GUERRA LABRA, LUIS ALBERTO";"APOYO ADMINISTRATIVO";"13";"ADMINISTRATIVO";"Región Metropolitana de Santiago";"(186)";"$ 1.231.325";"$ 915.628";"$ 0";"$ 239.418";"Sí";"$ 23.437 : 4,00 hrs";"$ 175.779 : 25,00 hrs";"No tiene";"01/01/2026";"31/12/2026";"No informa";"CANCELA PAGO TRIMESTRAL LEY 19.490 PERIODO 03/2026+CANCELA PAGO TRIMESTRAL LEY 19.937 PERIODO 03/2026+REMUNERACION MAR.2026";
"2026";"Marzo";"Médicos cirujanos, farmacéuticos, químico-farmacéuticos, bioquímicos, cirujano-dentistas";"GUERRERO CRUZ, MARCELA PAZ";"Atencion Odontologica";"11 Hrs.";"CIRUJANO DENTISTA";"Región Metropolitana de Santiago";"(188)(186)";"$ 1.476.765";"$ 1.311.461";"$ 0";"$ 0";"No";"No tiene";"No tiene";"No tiene";"01/01/2026";"31/12/2026";"No informa";"Sin observaciones";
"2026";"Marzo";"Médicos cirujanos, farmacéuticos, químico-farmacéuticos, bioquímicos, cirujano-dentistas";"GUERRERO DONOSO, IGNACIO ANTONIO";"Atencion Clinica Medica";"44 Hrs.";"MEDICO CIRUJANO";"Región Metropolitana de Santiago";"(86)";"$ 3.007.345";"$ 2.405.288";"$ 0";"$ 0";"No";"No tiene";"No tiene";"No tiene";"01/01/2026";"31/12/2026";"No informa";"Sin observaciones";
"2026";"Marzo";"Médicos cirujanos, farmacéuticos, químico-farmacéuticos, bioquímicos, cirujano-dentistas";"GUERRERO VALENZUELA, LUCY CECILIA";"Atencion Clinica Medica";"22 Hrs.";"MEDICO CIRUJANO";"Región Metropolitana de Santiago";"(188)(86)(186)";"$ 3.648.116";"$ 3.374.172";"$ 0";"$ 0";"No";"No tiene";"No tiene";"No tiene";"01/01/2026";"31/12/2026";"No informa";"Sin observaciones";
"2026";"Marzo";"Profesional";"GULPPI MONCADA, FABIOLA";"Atencion Clinica";"8";"ENFERMERO (A) MATRON (A)";"Región Metropolitana de Santiago";"(01)";"$ 3.127.271";"$ 2.129.188";"$ 0";"$ 275.692";"No";"No tiene";"No tiene";"No tiene";"01/01/2026";"31/12/2026";"No informa";"REMUNERACION MARZO 2026 + BONOS TRIMESTRALES";
"2026";"Marzo";"Técnico";"GUMERA HURTADO, LISSETTE GERALDINE";"Atencion Clinica";"21";"TECNICO NIVEL SUPERIOR ENFERMERIA";"Región Metropolitana de Santiago";"(202)(186)";"$ 1.251.903";"$ 963.783";"$ 0";"$ 134.261";"No";"No tiene";"No tiene";"No tiene";"01/01/2026";"31/12/2026";"No informa";"Sin observaciones";
"2026";"Marzo";"Auxiliar";"GUTI GUTIERREZ, CLAUDIO ANDRES";"CONDUCTOR";"22";"AUXILIAR";"Región Metropolitana de Santiago";"(205)(202)(204)";"$ 1.221.408";"$ 847.713";"$ 0";"$ 155.553";"No";"No tiene";"No tiene";"No tiene";"01/01/2026";"31/12/2026";"No informa";"CANCELA PAGO TRIMESTRAL LEY 19.490 PERIODO 03/2026+CANCELA PAGO TRIMESTRAL LEY 19.937 PERIODO 03/2026+REMUNERACION MAR.2026";
"2026";"Marzo";"Técnico";"GUTIERREZ CABEZAS, NADIA LUISA";"Atencion Clinica";"22";"TECNICO NIVEL SUPERIOR ODONTOLOGIA";"Región Metropolitana de Santiago";"(01)";"$ 751.079";"$ 612.504";"$ 0";"$ 0";"No";"No tiene";"No tiene";"No tiene";"01/01/2026";"09/05/2026";"No informa";"CONTRATO POR REEMPLAZO";
"2026";"Marzo";"Administrativo";"GUTIERREZ DELGADO, JUAN LUIS";"Apoyo Administrativo";"16";"ADMINISTRATIVO";"Región Metropolitana de Santiago";"(01)";"$ 1.764.399";"$ 1.344.746";"$ 0";"$ 272.712";"Sí";"$ 121.330 : 17,00 hrs";"$ 25.694 : 3,00 hrs";"No tiene";"01/01/2026";"31/12/2026";"No informa";"Sin observaciones";
"2026";"Marzo";"Técnico";"GUTIERREZ FLORES, KATHERINE FERNANDA";"ATENCION CLINICA";"22";"TECNICO NIVEL SUPERIOR ENFERMERIA";"Región Metropolitana de Santiago";"(01)";"$ 1.072.440";"$ 929.744";"$ 0";"$ 37.638";"Sí";"$ 136.450 : 40,00 hrs";"$ 204.675 : 118,00 hrs";"No tiene";"01/01/2026";"31/03/2026";"No informa";"BONO VACACIONES 2026+PAGO BONO MENSUAL+REMUNERACION MAR.2026";
"2026";"Marzo";"Técnico";"GUTIERREZ GONZALEZ, MARCELA SILVANA";"Atencion Clinica";"22";"TECNICO NIVEL SUPERIOR ENFERMERIA";"Región Metropolitana de Santiago";"(186)";"$ 858.082";"$ 655.838";"$ 0";"$ 124.442";"No";"No tiene";"No tiene";"No tiene";"01/01/2026";"31/12/2026";"No informa";"Sin observaciones";
"2026";"Marzo";"Médicos cirujanos, farmacéuticos, químico-farmacéuticos, bioquímicos, cirujano-dentistas";"GUTIERREZ JIMENEZ, GRISET IRENE";"Atencion Odontologica";"22 Hrs.";"CIRUJANO DENTISTA";"Región Metropolitana de Santiago";"(188)(186)";"$ 2.277.576";"$ 1.738.753";"$ 0";"$ 0";"No";"No tiene";"No tiene";"No tiene";"01/01/2026";"31/12/2026";"No informa";"Sin observaciones";
"2026";"Marzo";"Médicos cirujanos, farmacéuticos, químico-farmacéuticos, bioquímicos, cirujano-dentistas";"GUTIERREZ JIMENEZ, GRISET IRENE";"Atencion Odontologica";"22 Hrs.";"CIRUJANO DENTISTA";"Región Metropolitana de Santiago";"(188)(186)";"$ 2.277.576";"$ 1.951.988";"$ 0";"$ 0";"No";"No tiene";"No tiene";"No tiene";"01/01/2026";"31/12/2026";"No informa";"Sin observaciones";
"2026";"Marzo";"Médicos cirujanos, farmacéuticos, químico-farmacéuticos, bioquímicos, cirujano-dentistas";"GUTIERREZ MARTINI, JEANNINA VIVIANA";"Atencion Odontologica";"11 Hrs.";"CIRUJANO DENTISTA";"Región Metropolitana de Santiago";"(188)(186)";"$ 1.375.612";"$ 1.211.832";"$ 0";"$ 0";"No";"No tiene";"No tiene";"No tiene";"01/01/2026";"31/12/2026";"No informa";"Sin observaciones";
"2026";"Marzo";"Profesional";"GUTIERREZ ORELLANA, NATALIA ANDREA";"JEFE DE DEPARTAMENTO";"9";"INGENIERO (A) EJECUCION ADMINISTRACION DE EMPRESAS";"Región Metropolitana de Santiago";"(186)";"$ 2.614.311";"$ 1.744.207";"$ 0";"$ 551.883";"No";"No tiene";"No tiene";"No tiene";"01/01/2026";"31/12/2026";"No informa";"CANCELA PAGO TRIMESTRAL LEY 19.490 PERIODO 03/2026+CANCELA PAGO TRIMESTRAL LEY 19.937 PERIODO 03/2026+REMUNERACION MAR.2026";
"2026";"Marzo";"Profesional";"GUTIERREZ ORTIZ, CLAUDIA GISELL";"Apoyo Administrativo";"15";"TECNOLOGO (A) EN INFORMATICA BIOMEDICA";"Región Metropolitana de Santiago";"(186)";"$ 1.851.152";"$ 1.388.337";"$ 0";"$ 242.115";"No";"No tiene";"No tiene";"No tiene";"01/01/2026";"31/12/2026";"No informa";"Sin observaciones";
"2026";"Marzo";"Técnico";"GUTIERREZ PANDO, SEBASTIAN IGNACIO";"Atencion Clinica";"21";"TECNICO NIVEL SUPERIOR ENFERMERIA";"Región Metropolitana de Santiago";"(01)";"$ 849.485";"$ 656.874";"$ 0";"$ 123.073";"No";"No tiene";"No tiene";"No tiene";"01/01/2026";"31/12/2026";"No informa";"Sin observaciones";
"2026";"Marzo";"Médicos cirujanos, farmacéuticos, químico-farmacéuticos, bioquímicos, cirujano-dentistas";"GUTIERREZ RIESCO, MARIA DEL PILAR";"Atencion Clinica Medica";"44 Hrs.";"MÉDICOS CIRUJANOS, FARMACÉUTICOS, QUÍMICO-FARMACÉUTICOS, BIOQUÍMICOS, CIRUJANO-DENTISTAS";"Región Metropolitana de Santiago";"(86)";"$ 3.007.345";"$ 2.404.764";"$ 0";"$ 0";"No";"No tiene";"No tiene";"No tiene";"01/01/2026";"31/12/2026";"No informa";"Sin observaciones";
"2026";"Marzo";"Profesional";"GUTIERREZ VERA, JOAQUIN ANTONIO";"Apoyo Administrativo";"13";"ADMINISTRADOR (A) PUBLICO";"Región Metropolitana de Santiago";"(01)";"$ 1.881.124";"$ 1.482.264";"$ 0";"$ 110.885";"No";"No tiene";"No tiene";"No tiene";"01/01/2026";"31/03/2026";"No informa";"Sin observaciones";
"2026";"Marzo";"Profesional";"GUTIERREZ VILLARROEL, RODRIGO HERNAN";"ATENCION CLINICA";"13";"ENFERMERA (O)";"Región Metropolitana de Santiago";"(203)(204)(186)";"$ 2.774.591";"$ 2.207.093";"$ 0";"$ 262.427";"No";"No tiene";"No tiene";"No tiene";"01/01/2026";"31/12/2026";"No informa";"CANCELA PAGO TRIMESTRAL LEY 19.490 PERIODO 03/2026+CANCELA PAGO TRIMESTRAL LEY 19.937 PERIODO 03/2026+REMUNERACION MAR.2026";
"2026";"Marzo";"Médicos cirujanos, farmacéuticos, químico-farmacéuticos, bioquímicos, cirujano-dentistas";"GUZMAN FRANCO, FREDDY ADOLFO";"Medicina Familiar";"22 Hrs.";"MEDICO CIRUJANO";"Región Metropolitana de Santiago";"(188)(86)(186)";"$ 3.459.297";"$ 2.467.959";"$ 0";"$ 0";"No";"No tiene";"No tiene";"No tiene";"01/01/2026";"31/12/2026";"No informa";"Sin observaciones";
"2026";"Marzo";"Médicos cirujanos, farmacéuticos, químico-farmacéuticos, bioquímicos, cirujano-dentistas";"GUZMAN FRANCO, FREDDY ADOLFO";"Medicina Familiar";"22 Hrs.";"MEDICO CIRUJANO";"Región Metropolitana de Santiago";"(188)(86)(186)";"$ 3.459.297";"$ 3.128.510";"$ 0";"$ 0";"No";"No tiene";"No tiene";"No tiene";"01/01/2026";"31/12/2026";"No informa";"Sin observaciones";
"2026";"Marzo";"Médicos cirujanos, farmacéuticos, químico-farmacéuticos, bioquímicos, cirujano-dentistas";"GUZMAN FUENTES, CAMILA IGNACIA";"CIRUGIA GENERAL";"28 Hrs.";"MEDICO CIRUJANO";"Región Metropolitana de Santiago";"(194)(193)(198)";"$ 2.488.500";"$ 1.965.566";"$ 0";"$ 121.497";"No";"No tiene";"No tiene";"No tiene";"01/01/2026";"31/12/2026";"No informa";"DIF. BONO VACACIONES 2026+PAGO ASIGNACION METAS DE PRODUCCION Y CALIDAD PERIODO 03/2026+REMUNERACION MAR.2026";
"2026";"Marzo";"Profesional";"GUZMAN LEAL, JEVHI ANDREA";"Apoyo Administrativo";"7";"KINESIOLOGO (A)";"Región Metropolitana de Santiago";"(186)";"$ 3.317.386";"$ 2.556.712";"$ 0";"$ 287.540";"No";"No tiene";"No tiene";"No tiene";"01/01/2026";"31/12/2026";"No informa";"Sin observaciones";
"2026";"Marzo";"Médicos cirujanos, farmacéuticos, químico-farmacéuticos, bioquímicos, cirujano-dentistas";"GUZMAN SALAS, CAMILA FERNANDA";"Medicina Legal";"44 Hrs.";"MÉDICOS CIRUJANOS, FARMACÉUTICOS, QUÍMICO-FARMACÉUTICOS, BIOQUÍMICOS, CIRUJANO-DENTISTAS";"Región Metropolitana de Santiago";"(86)(86)(186)";"$ 6.163.315";"$ 4.288.717";"$ 0";"$ 0";"No";"No tiene";"No tiene";"No tiene";"01/01/2026";"31/12/2026";"No informa";"Sin observaciones";
"2026";"Marzo";"Médicos cirujanos, farmacéuticos, químico-farmacéuticos, bioquímicos, cirujano-dentistas";"HAFEMANN CABRERA, MARIA IGNACIA ELIZABETH AI";"Atencion Clinica Medica";"22 Hrs.";"MEDICO CIRUJANO";"Región Metropolitana de Santiago";"(188)(186)";"$ 2.191.514";"$ 1.675.928";"$ 0";"$ 0";"No";"No tiene";"No tiene";"No tiene";"01/01/2026";"31/03/2026";"No informa";"Sin observaciones";
"2026";"Marzo";"Médicos cirujanos, farmacéuticos, químico-farmacéuticos, bioquímicos, cirujano-dentistas";"HAFEMANN CABRERA, MARIA IGNACIA ELIZABETH AI";"Atencion Clinica Medica";"22 Hrs.";"MEDICO CIRUJANO";"Región Metropolitana de Santiago";"(188)(186)";"$ 2.191.514";"$ 1.865.926";"$ 0";"$ 0";"No";"No tiene";"No tiene";"No tiene";"01/01/2026";"31/03/2026";"No informa";"Sin observaciones";
"2026";"Marzo";"Médicos cirujanos, farmacéuticos, químico-farmacéuticos, bioquímicos, cirujano-dentistas";"HANS DE OLIVEIRA BORSTELMANN, VICTOR";"Atencion Clinica Medica";"33 Hrs.";"MEDICO CIRUJANO";"Región Metropolitana de Santiago";"(01)";"$ 1.446.287";"$ 1.187.418";"$ 0";"$ 0";"No";"No tiene";"No tiene";"No tiene";"01/01/2026";"31/03/2026";"No informa";"Sin observaciones";
"2026";"Marzo";"Administrativo";"HENRIQUEZ CARRASCO, JUDITH MARIA MAGDALENA";"Apoyo Administrativo";"19";"ADMINISTRATIVO";"Región Metropolitana de Santiago";"(01)";"$ 1.017.244";"$ 794.416";"$ 0";"$ 163.100";"Sí";"$ 123.811 : 30,00 hrs";"No tiene";"No tiene";"01/01/2026";"31/12/2026";"No informa";"REMUNERACION MARZO 2026 + BONOS TRIMESTRALES";
"2026";"Marzo";"Médicos cirujanos, farmacéuticos, químico-farmacéuticos, bioquímicos, cirujano-dentistas";"HENRIQUEZ GUEVARA, ALEJANDRA PAOLA";"Atencion Clinica Medica";"44 Hrs.";"MEDICO CIRUJANO";"Región Metropolitana de Santiago";"(86)";"$ 3.007.345";"$ 2.388.797";"$ 0";"$ 0";"No";"No tiene";"No tiene";"No tiene";"01/01/2026";"31/12/2026";"No informa";"Sin observaciones";
"2026";"Marzo";"Técnico";"HENRIQUEZ ROJAS, ANNABELLA PATRICIA";"Atencion Clinica";"21";"TECNICO NIVEL SUPERIOR ODONTOLOGIA";"Región Metropolitana de Santiago";"(186)";"$ 1.004.215";"$ 797.359";"$ 0";"$ 134.261";"No";"No tiene";"No tiene";"No tiene";"01/01/2026";"31/12/2026";"No informa";"Sin observaciones";
"2026";"Marzo";"Médicos cirujanos, farmacéuticos, químico-farmacéuticos, bioquímicos, cirujano-dentistas";"HENRIQUEZ TOLEDO, CAMILA CONSTANZA";"Atencion Clinica Medica";"44 Hrs.";"MEDICO CIRUJANO";"Región Metropolitana de Santiago";"(86)(186)";"$ 3.465.905";"$ 2.749.874";"$ 0";"$ 0";"No";"No tiene";"No tiene";"No tiene";"01/01/2026";"31/12/2026";"No informa";"Sin observaciones";
"2026";"Marzo";"Profesional";"HENRIQUEZ VALDES, NICOLAS IGNACIO";"ATENCION CLINICA";"13";"KINESIOLOGO (A)";"Región Metropolitana de Santiago";"(203)(204)(186)";"$ 2.788.194";"$ 1.819.058";"$ 0";"$ 255.035";"No";"No tiene";"No tiene";"No tiene";"01/01/2026";"31/12/2026";"No informa";"CANCELA PAGO TRIMESTRAL LEY 19.490 PERIODO 03/2026+CANCELA PAGO TRIMESTRAL LEY 19.937 PERIODO 03/2026+REMUNERACION MAR.2026";
"2026";"Marzo";"Administrativo";"HENRIQUEZ VENEGAS, MARIA SALOME";"Secretaria";"22";"ADMINISTRATIVO";"Región Metropolitana de Santiago";"(186)";"$ 843.833";"$ 652.615";"$ 0";"$ 134.812";"No";"No tiene";"No tiene";"No tiene";"01/01/2026";"31/12/2026";"No informa";"Sin observaciones";
"2026";"Marzo";"Profesional";"HERNANDEZ DUQUE, DANIELA ANDREA";"Apoyo Administrativo";"13";"PSICOLOGO (A)";"Región Metropolitana de Santiago";"(01)";"$ 1.958.743";"$ 1.525.689";"$ 0";"$ 188.504";"No";"No tiene";"No tiene";"No tiene";"01/01/2026";"31/03/2026";"No informa";"Sin observaciones";
"2026";"Marzo";"Médicos cirujanos, farmacéuticos, químico-farmacéuticos, bioquímicos, cirujano-dentistas";"HERNANDEZ GAETE, PRISCILLA ALEJANDRA";"Atencion Odontologica";"22 Hrs.";"CIRUJANO DENTISTA";"Región Metropolitana de Santiago";"(01)";"$ 835.632";"$ 659.474";"$ 0";"$ 0";"No";"No tiene";"No tiene";"No tiene";"05/01/2026";"25/03/2026";"No informa";"CONTRATO POR REEMPLAZO";
"2026";"Marzo";"Administrativo";"HERNANDEZ HERRERA, JOSE ABEL";"Apoyo Administrativo";"14";"ADMINISTRATIVO";"Región Metropolitana de Santiago";"(01)";"$ 1.464.713";"$ 1.028.517";"$ 0";"$ 413.615";"Sí";"$ 112.422 : 21,00 hrs";"No tiene";"No tiene";"01/01/2026";"31/03/2026";"No informa";"REMUNERACION MARZO 2026 + BONOS TRIMESTRALES";
"2026";"Marzo";"Auxiliar";"HERNANDEZ JARA, CHRISTOPHER ENRIQUE";"Apoyo Logistico";"24";"AUXILIAR";"Región Metropolitana de Santiago";"(01)";"$ 1.165.370";"$ 1.004.870";"$ 0";"$ 96.105";"Sí";"No tiene";"$ 504.667 : 183,00 hrs";"No tiene";"01/01/2026";"31/03/2026";"No informa";"Sin observaciones";
"2026";"Marzo";"Técnico";"HERNANDEZ LIZAMA, MARGARITA ALICIA";"Atencion Clinica";"20";"TECNICO NIVEL SUPERIOR ENFERMERIA";"Región Metropolitana de Santiago";"(186)";"$ 1.241.747";"$ 1.000.964";"$ 0";"$ 165.246";"Sí";"$ 117.522 : 30,00 hrs";"$ 206.839 : 44,00 hrs";"No tiene";"01/01/2026";"31/12/2026";"No informa";"Sin observaciones";
"2026";"Marzo";"Médicos cirujanos, farmacéuticos, químico-farmacéuticos, bioquímicos, cirujano-dentistas";"HERNANDEZ LUZARDO, ANDRES ALEJANDRO";"Atencion Clinica Medica";"44 Hrs.";"MEDICO CIRUJANO";"Región Metropolitana de Santiago";"(188)(186)";"$ 2.575.695";"$ 2.077.507";"$ 0";"$ 0";"No";"No tiene";"No tiene";"No tiene";"01/01/2026";"31/12/2026";"No informa";"Sin observaciones";
"2026";"Marzo";"Administrativo";"HERNANDEZ QUINTANA, TAMARA ANDREA";"Apoyo Administrativo";"21";"ADMINISTRATIVO";"Región Metropolitana de Santiago";"(186)";"$ 991.703";"$ 806.877";"$ 0";"$ 130.066";"No";"No tiene";"No tiene";"No tiene";"01/01/2026";"31/12/2026";"No informa";"Sin observaciones";
"2026";"Marzo";"Profesional";"HERNANDEZ ROMAN, MIRELA CONSTANZA";"Atencion Clinica";"12";"TECNOLOGO (A) MEDICO";"Región Metropolitana de Santiago";"(186)";"$ 2.421.504";"$ 1.895.130";"$ 0";"$ 204.708";"Sí";"$ 31.878 : 3,00 hrs";"$ 127.512 : 10,00 hrs";"No tiene";"01/01/2026";"31/12/2026";"No informa";"Sin observaciones";
"2026";"Marzo";"Administrativo";"HERNANDEZ TORRES, SOLEDAD CATALINA";"Apoyo Administrativo";"22";"ADMINISTRATIVO";"Región Metropolitana de Santiago";"(186)";"$ 840.670";"$ 652.873";"$ 0";"$ 127.035";"No";"No tiene";"No tiene";"No tiene";"01/01/2026";"31/12/2026";"No informa";"Sin observaciones";
"2026";"Marzo";"Técnico";"HERNANDEZ VILLAR, CESAR ANTONIO";"ATENCION CLINICA";"18";"TECNICO NIVEL SUPERIOR ENFERMERIA";"Región Metropolitana de Santiago";"(201)(202)(204)(186)";"$ 2.020.760";"$ 1.099.810";"$ 0";"$ 226.605";"Sí";"$ 185.581 : 40,00 hrs";"$ 311.777 : 56,00 hrs";"No tiene";"01/01/2026";"31/12/2026";"No informa";"CANCELA ASIG. TECNICA+CANCELA PAGO TRIMESTRAL LEY 19.490 Y LEY 19.937 PERIODO 03/2026+REMUNERACION MAR.2026";
"2026";"Marzo";"Auxiliar";"HERRERA CHAVEZ, MARIO ALEJANDRO";"CONDUCTOR";"24";"AUXILIAR";"Región Metropolitana de Santiago";"(202)";"$ 1.216.492";"$ 1.036.419";"$ 0";"$ 65.054";"Sí";"$ 89.093 : 31,00 hrs";"$ 317.285 : 92,00 hrs";"No tiene";"01/01/2026";"31/03/2026";"No informa";"BONO VACACIONES 2026+CANCELA BONO ESCOLAR 2026-202603+REMUNERACION MAR.2026";
"2026";"Marzo";"Administrativo";"HERRERA DURAN, ANITA MARIA";"SECRETARIA";"13";"ADMINISTRATIVO";"Región Metropolitana de Santiago";"(186)";"$ 1.012.013";"$ 705.577";"$ 0";"$ 273.620";"No";"No tiene";"No tiene";"No tiene";"01/01/2026";"31/12/2026";"No informa";"CANCELA PAGO TRIMESTRAL LEY 19.490 PERIODO 03/2026+CANCELA PAGO TRIMESTRAL LEY 19.937 PERIODO 03/2026+REMUNERACION MAR.2026";
"2026";"Marzo";"Profesional";"HERRERA FUENTES, SEBASTIAN PATRICIO";"Apoyo Administrativo";"13";"INGENIERO (A) PREVENCION DE RIESGOS Y MEDIO AMBIENTE";"Región Metropolitana de Santiago";"(01)";"$ 1.940.262";"$ 1.496.014";"$ 0";"$ 159.510";"No";"No tiene";"No tiene";"No tiene";"01/01/2026";"31/12/2026";"No informa";"Sin observaciones";
"2026";"Marzo";"Médicos cirujanos, farmacéuticos, químico-farmacéuticos, bioquímicos, cirujano-dentistas";"HERRERA HERRERA, JOSEFA CONSTANZA";"Medico Becario Primario";"44 Hrs.";"MEDICO CIRUJANO";"Región Metropolitana de Santiago";"(01)";"$ 3.550.333";"$ 2.928.136";"$ 0";"$ 0";"No";"No tiene";"No tiene";"No tiene";"06/05/2025";"05/05/2026";"No informa";"Sin observaciones";
"2026";"Marzo";"Profesional";"HERRERA MENESES, WALESKA ALEJANDRA";"Atencion Clinica";"12";"ENFERMERA (O)";"Región Metropolitana de Santiago";"(01)";"$ 2.814.376";"$ 2.253.949";"$ 0";"$ 204.708";"Sí";"$ 411.951 : 39,00 hrs";"$ 253.509 : 20,00 hrs";"No tiene";"01/01/2026";"31/12/2026";"No informa";"Sin observaciones";
"2026";"Marzo";"Médicos cirujanos, farmacéuticos, químico-farmacéuticos, bioquímicos, cirujano-dentistas";"HERRERA MORI, ANTONELLA MIROSLAVA";"Atencion Clinica Medica";"44 Hrs.";"MEDICO CIRUJANO";"Región Metropolitana de Santiago";"(86)(186)";"$ 3.465.905";"$ 2.754.175";"$ 0";"$ 0";"No";"No tiene";"No tiene";"No tiene";"01/01/2026";"31/12/2026";"No informa";"Sin observaciones";
"2026";"Marzo";"Profesional";"HERRERA PALLEROS, MICHEL DANGELO";"Atencion Clinica";"15";"KINESIOLOGO (A)";"Región Metropolitana de Santiago";"(01)";"$ 1.584.823";"$ 1.241.082";"$ 0";"$ 93.121";"No";"No tiene";"No tiene";"No tiene";"01/01/2026";"31/12/2026";"No informa";"Sin observaciones";
"2026";"Marzo";"Administrativo";"HERRERA ROMAN, TERESA ANTONIETA";"Apoyo Administrativo";"21";"CONTADOR (A) AUDITOR (A)";"Región Metropolitana de Santiago";"(01)";"$ 896.605";"$ 740.058";"$ 0";"$ 0";"No";"No tiene";"No tiene";"No tiene";"02/03/2026";"01/06/2026";"No informa";"Sin observaciones";
"2026";"Marzo";"Técnico";"HERRERA ROMERO, CAMILA CONSTANZA";"Apoyo Administrativo";"16";"TECNICO NIVEL SUPERIOR ENFERMERIA";"Región Metropolitana de Santiago";"(186)";"$ 1.203.267";"$ 939.005";"$ 0";"$ 185.872";"Sí";"$ 4.981 : 1,00 hrs";"No tiene";"No tiene";"01/01/2026";"31/12/2026";"No informa";"Sin observaciones";
"2026";"Marzo";"Profesional";"HERRERA SALGADO, ROCIO BERENICE";"Apoyo Administrativo";"6";"INGENIERO (A) CIVIL INDUSTRIAL";"Región Metropolitana de Santiago";"(01)";"$ 3.702.003";"$ 2.797.917";"$ 0";"$ 341.410";"No";"No tiene";"No tiene";"No tiene";"01/01/2026";"31/12/2026";"No informa";"Sin observaciones";
"2026";"Marzo";"Profesional";"HERRERA SEPULVEDA, VERONICA PATRICIA";"Apoyo Administrativo";"13";"SOCIOLOGO (A)";"Región Metropolitana de Santiago";"(01)";"$ 1.770.239";"$ 1.438.410";"$ 0";"$ 0";"No";"No tiene";"No tiene";"No tiene";"01/01/2026";"03/04/2026";"No informa";"CONTRATO EN REEMPLAZO";
"2026";"Marzo";"Profesional";"HERRERA TORRES, ALVARO RODRIGO";"Apoyo Administrativo";"12";"RELACIONADOR (A) PUBLICO";"Región Metropolitana de Santiago";"(186)";"$ 2.262.114";"$ 1.724.416";"$ 0";"$ 204.708";"No";"No tiene";"No tiene";"No tiene";"01/01/2026";"31/12/2026";"No informa";"Sin observaciones";
"2026";"Marzo";"Administrativo";"HERRERA VALDES, SARA HERMINIA";"Apoyo Administrativo";"21";"ADMINISTRATIVO";"Región Metropolitana de Santiago";"(186)";"$ 834.542";"$ 620.750";"$ 0";"$ 167.827";"No";"No tiene";"No tiene";"No tiene";"01/01/2026";"31/12/2026";"No informa";"Sin observaciones";
"2026";"Marzo";"Técnico";"HERWITTE MORA, ESCARLET DENEY";"Atencion Clinica";"22";"TECNICO NIVEL MEDIO ENFERMERIA";"Región Metropolitana de Santiago";"(186)(186)";"$ 1.021.265";"$ 764.376";"$ 0";"$ 120.553";"Sí";"$ 93.743 : 27,00 hrs";"$ 62.495 : 15,00 hrs";"No tiene";"01/01/2026";"31/12/2026";"No informa";"Sin observaciones";
"2026";"Marzo";"Médicos cirujanos, farmacéuticos, químico-farmacéuticos, bioquímicos, cirujano-dentistas";"HEYERMANN GAJARDO, BEATRIZ EUGENIA";"Medicina de Urgencia";"44 Hrs.";"MEDICO CIRUJANO";"Región Metropolitana de Santiago";"(86)(186)";"$ 5.421.527";"$ 4.436.745";"$ 0";"$ 0";"No";"No tiene";"No tiene";"No tiene";"01/01/2026";"31/12/2026";"No informa";"Sin observaciones";
"2026";"Marzo";"Profesional";"HIDALGO FERNANDEZ, HUGO STARSKY";"Apoyo Administrativo";"7";"TECNOLOGO (A) MEDICO";"Región Metropolitana de Santiago";"(186)";"$ 3.659.551";"$ 2.747.422";"$ 0";"$ 506.320";"No";"No tiene";"No tiene";"No tiene";"01/01/2026";"31/12/2026";"No informa";"REMUNERACION MARZO 2026 + BONOS TRIMESTRALES";
"2026";"Marzo";"Administrativo";"HIDALGO GARRIDO, CAROLINA DEL CARMEN";"Apoyo Administrativo";"22";"ADMINISTRATIVO";"Región Metropolitana de Santiago";"(186)";"$ 753.511";"$ 578.655";"$ 0";"$ 120.553";"No";"No tiene";"No tiene";"No tiene";"01/01/2026";"31/03/2026";"No informa";"Sin observaciones";
"2026";"Marzo";"Profesional";"HIDALGO NOCETTI, NELSON ANDRES";"Atencion Clinica";"12";"KINESIOLOGO (A)";"Región Metropolitana de Santiago";"(01)";"$ 2.292.590";"$ 1.725.850";"$ 0";"$ 256.889";"No";"No tiene";"No tiene";"No tiene";"01/01/2026";"31/12/2026";"No informa";"Sin observaciones";
"2026";"Marzo";"Profesional";"HIDALGO OPAZO, JUDITH ALEXANDRA";"Apoyo Administrativo";"8";"TECNOLOGO (A) MEDICO";"Región Metropolitana de Santiago";"(01)";"$ 0";"$ 0";"$ 0";"$ 0";"No";"No tiene";"No tiene";"No tiene";"01/01/2026";"31/12/2026";"No informa";"Sin observaciones";
"2026";"Marzo";"Técnico";"HIGUERA SEPULVEDA, KESIA BELEN";"Atencion Clinica";"22";"TECNICO NIVEL SUPERIOR ENFERMERIA";"Región Metropolitana de Santiago";"(186)";"$ 978.137";"$ 777.251";"$ 0";"$ 134.812";"Sí";"$ 105.070 : 30,00 hrs";"No tiene";"No tiene";"01/01/2026";"31/12/2026";"No informa";"Sin observaciones";
"2026";"Marzo";"Profesional";"HIGUERA VARGAS, CARLOS ALBERTO";"Atencion Clinica";"12";"TERAPEUTA OCUPACIONAL";"Región Metropolitana de Santiago";"(186)";"$ 2.357.258";"$ 1.816.199";"$ 0";"$ 283.648";"No";"No tiene";"No tiene";"No tiene";"01/01/2026";"31/12/2026";"No informa";"Sin observaciones";
"2026";"Marzo";"Técnico";"HIGUERAS MIÑO, DIGNA LISETTE";"ATENCION CLINICA";"22";"TECNICO NIVEL SUPERIOR ENFERMERIA";"Región Metropolitana de Santiago";"(01)";"$ 712.974";"$ 562.638";"$ 0";"$ 96.615";"Sí";"No tiene";"No tiene";"No tiene";"25/02/2026";"26/03/2026";"No informa";"CANCELA PAGO TRIMESTRAL LEY 19.490 PERIODO 03/2026+REEMPLAZO FEB.2026 (25-28)+REEMPLAZO MAR.2026 (01-26)";
"2026";"Marzo";"Profesional";"HINOJOSA BAEZA, CAMILA JAVIERA";"Atencion Clinica";"16";"MATRON (A)";"Región Metropolitana de Santiago";"(186)";"$ 1.739.249";"$ 1.418.495";"$ 0";"$ 99.574";"Sí";"$ 225.996 : 30,00 hrs";"$ 36.159 : 4,00 hrs";"No tiene";"01/01/2026";"31/03/2026";"No informa";"Sin observaciones";
"2026";"Marzo";"Técnico";"HINOJOSA TRUJILLO, JOSELYN NOEMI";"ATENCION CLINICA";"22";"TECNICO NIVEL SUPERIOR ENFERMERIA";"Región Metropolitana de Santiago";"(202)(204)";"$ 1.299.771";"$ 1.067.688";"$ 0";"$ 37.638";"Sí";"$ 95.515 : 28,00 hrs";"$ 143.273 : 35,00 hrs";"No tiene";"01/01/2026";"31/12/2026";"No informa";"BONO VACACIONES 2026+CANCELA ASIG. TECNICA+REMUNERACION MAR.2026";
"2026";"Marzo";"Profesional";"HOLUIGUE MIRANDA, CAROLINA ANDREA";"Apoyo Administrativo";"7";"PSICOLOGO (A)";"Región Metropolitana de Santiago";"(186)";"$ 3.708.921";"$ 2.705.741";"$ 0";"$ 587.582";"No";"No tiene";"No tiene";"No tiene";"01/01/2026";"31/12/2026";"No informa";"Sin observaciones";
"2026";"Marzo";"Médicos cirujanos, farmacéuticos, químico-farmacéuticos, bioquímicos, cirujano-dentistas";"HONORATO LABARCA, FLORENCIA BLANQUITA";"Medico Becario Primario";"44 Hrs.";"MEDICO CIRUJANO";"Región Metropolitana de Santiago";"(01)";"$ 2.875.980";"$ 2.370.382";"$ 0";"$ 0";"No";"No tiene";"No tiene";"No tiene";"08/05/2025";"07/05/2026";"No informa";"Sin observaciones";
"2026";"Marzo";"Administrativo";"HORMAZABAL OPAZO, SYLVIA ANGELICA";"APOYO ADMINISTRATIVO";"22";"ADMINISTRATIVO";"Región Metropolitana de Santiago";"(203)(204)(186)";"$ 877.678";"$ 594.668";"$ 0";"$ 134.812";"No";"No tiene";"No tiene";"No tiene";"01/01/2026";"31/12/2026";"No informa";"CANCELA PAGO TRIMESTRAL LEY 19.490 PERIODO 03/2026+CANCELA PAGO TRIMESTRAL LEY 19.937 PERIODO 03/2026+REMUNERACION MAR.2026";
"2026";"Marzo";"Profesional";"HORMAZABAL PARRA, JAVIERA CONSTANZA";"Atencion Clinica";"16";"MATRON (A)";"Región Metropolitana de Santiago";"(01)";"$ 1.454.894";"$ 1.153.255";"$ 0";"$ 85.349";"No";"No tiene";"No tiene";"No tiene";"01/01/2026";"31/03/2026";"No informa";"Sin observaciones";
"2026";"Marzo";"Profesional";"HORMAZABAL ROMERO, PEDRO ALEJANDRO";"Atencion Clinica";"15";"KINESIOLOGO (A)";"Región Metropolitana de Santiago";"(186)";"$ 2.092.212";"$ 1.690.657";"$ 0";"$ 220.593";"Sí";"$ 150.643 : 18,00 hrs";"$ 100.428 : 10,00 hrs";"No tiene";"01/01/2026";"31/12/2026";"No informa";"Sin observaciones";
"2026";"Marzo";"Profesional";"HOVER ROMAN, LORENA PAZ";"Atencion Clinica";"13";"ENFERMERA (O)";"Región Metropolitana de Santiago";"(01)";"$ 1.999.401";"$ 1.535.719";"$ 0";"$ 189.737";"No";"No tiene";"No tiene";"No tiene";"01/01/2026";"31/12/2026";"No informa";"Sin observaciones";
"2026";"Marzo";"Administrativo";"HUAQUIN HUAQUIN, JOSUE DAVID";"Apoyo Administrativo";"21";"ADMINISTRATIVO";"Región Metropolitana de Santiago";"(186)";"$ 998.515";"$ 767.018";"$ 0";"$ 195.798";"Sí";"$ 90.668 : 24,00 hrs";"$ 45.334 : 10,00 hrs";"No tiene";"01/01/2026";"31/12/2026";"No informa";"Sin observaciones";
"2026";"Marzo";"Técnico";"HUEICHALEO HUAIQUIMAN, MARIA ELENA";"Atencion Clinica";"20";"TECNICO NIVEL SUPERIOR ODONTOLOGIA";"Región Metropolitana de Santiago";"(186)";"$ 896.730";"$ 677.926";"$ 0";"$ 144.590";"No";"No tiene";"No tiene";"No tiene";"01/01/2026";"31/12/2026";"No informa";"Sin observaciones";
"2026";"Marzo";"Técnico";"HUERAMAN HUAICHAPAN, MARIA TERESA";"Atencion Clinica";"21";"TECNICO NIVEL SUPERIOR ODONTOLOGIA";"Región Metropolitana de Santiago";"(186)";"$ 1.015.404";"$ 799.173";"$ 0";"$ 145.450";"No";"No tiene";"No tiene";"No tiene";"01/01/2026";"31/12/2026";"No informa";"Sin observaciones";
"2026";"Marzo";"Profesional";"HUERTA ALLENDES, NADIA BELEN";"Apoyo Administrativo";"16";"EDUCADOR (A) DE PARVULOS";"Región Metropolitana de Santiago";"(01)";"$ 821.727";"$ 561.288";"$ 0";"$ 0";"No";"No tiene";"No tiene";"No tiene";"16/02/2026";"18/03/2026";"No informa";"CONTRATO POR REEMPLAZO";
"2026";"Marzo";"Auxiliar";"HUERTA GARCIA, FREDERIK ALBERTO";"CONDUCTOR";"22";"AUXILIAR";"Región Metropolitana de Santiago";"(205)(202)(204)";"$ 1.079.206";"$ 573.307";"$ 0";"$ 134.812";"No";"No tiene";"No tiene";"No tiene";"01/01/2026";"31/12/2026";"No informa";"CANCELA PAGO TRIMESTRAL LEY 19.490 PERIODO 03/2026+CANCELA PAGO TRIMESTRAL LEY 19.937 PERIODO 03/2026+REMUNERACION MAR.2026";
"2026";"Marzo";"Técnico";"HUILCAL CISTERNA, MARCELA PAZ";"Atencion Clinica";"20";"TECNICO NIVEL SUPERIOR ODONTOLOGIA";"Región Metropolitana de Santiago";"(186)";"$ 156.739";"$ 152.683";"$ 0";"$ 0";"No";"No tiene";"No tiene";"No tiene";"01/01/2026";"01/03/2026";"No informa";"Sin observaciones";
"2026";"Marzo";"Administrativo";"HURTADO MONTAÑO, LAURA";"APOYO ADMINISTRATIVO";"22";"TECNICO NIVEL SUPERIOR ENFERMERIA";"Región Metropolitana de Santiago";"(203)(186)(203)(204)(186)";"$ 1.011.841";"$ 831.200";"$ 0";"$ 145.183";"No";"No tiene";"No tiene";"No tiene";"01/01/2026";"31/12/2026";"No informa";"CANCELA ASIG. TECNICA+CANCELA PAGO TRIMESTRAL LEY 19.490 Y LEY 19.937 PERIODO 03/2026+DIF. POR BIENIOS DESDE 02/2026+REMUNERACION MAR.2026";
"2026";"Marzo";"Administrativo";"IBACACHE CONTRERAS, NICOLE ANDREA";"APOYO ADMINISTRATIVO";"22";"ADMINISTRATIVO";"Región Metropolitana de Santiago";"(01)";"$ 1.041.242";"$ 911.127";"$ 0";"$ 37.638";"Sí";"$ 133.039 : 39,00 hrs";"$ 216.956 : 117,00 hrs";"No tiene";"01/03/2026";"31/03/2026";"No informa";"BONO VACACIONES 2026+PAGO BONO MENSUAL+REEMPLAZO MAR.2026 (01-31)";
"2026";"Marzo";"Administrativo";"IBACACHE HUIRCAN, JUAN CARLOS";"Apoyo Administrativo";"22";"ADMINISTRATIVO";"Región Metropolitana de Santiago";"(01)";"$ 742.416";"$ 566.164";"$ 0";"$ 114.072";"No";"No tiene";"No tiene";"No tiene";"01/01/2026";"31/12/2026";"No informa";"Sin observaciones";
"2026";"Marzo";"Auxiliar";"IBACACHE RIVAS, MARCELO DEL CARMEN";"CONDUCTOR";"22";"AUXILIAR";"Región Metropolitana de Santiago";"(205)(202)(204)(186)";"$ 1.539.191";"$ 1.185.263";"$ 0";"$ 120.553";"Sí";"$ 137.664 : 40,00 hrs";"$ 313.875 : 76,00 hrs";"No tiene";"01/01/2026";"31/12/2026";"No informa";"CANCELA PAGO TRIMESTRAL LEY 19.490 PERIODO 03/2026+CANCELA PAGO TRIMESTRAL LEY 19.937 PERIODO 03/2026+REMUNERACION MAR.2026";
"2026";"Marzo";"Profesional";"IBAÑEZ MUÑOZ, ALVARO SEBASTIAN";"Atencion Clinica";"15";"TERAPEUTA OCUPACIONAL";"Región Metropolitana de Santiago";"(186)";"$ 1.848.746";"$ 1.436.775";"$ 0";"$ 248.323";"No";"No tiene";"No tiene";"No tiene";"01/01/2026";"31/12/2026";"No informa";"Sin observaciones";
"2026";"Marzo";"Técnico";"IBARRA CONTRERAS, KATHERIN LESLIE";"Atencion Clinica";"21";"TECNICO NIVEL SUPERIOR ENFERMERIA";"Región Metropolitana de Santiago";"(186)";"$ 964.840";"$ 757.823";"$ 0";"$ 145.450";"Sí";"$ 11.334 : 3,00 hrs";"No tiene";"No tiene";"01/01/2026";"31/12/2026";"No informa";"Sin observaciones";
"2026";"Marzo";"Técnico";"IBARRA ECHEVERRIA, JUANA BERNARDA DEL CARMEN";"Atencion Clinica";"22";"TECNICO NIVEL SUPERIOR ODONTOLOGIA";"Región Metropolitana de Santiago";"(186)";"$ 898.422";"$ 584.391";"$ 0";"$ 155.553";"No";"No tiene";"No tiene";"No tiene";"01/01/2026";"31/12/2026";"No informa";"Sin observaciones";
"2026";"Marzo";"Auxiliar";"IBARRA MONDACA, JORGE LUIS";"CONDUCTOR";"24";"AUXILIAR";"Región Metropolitana de Santiago";"(202)";"$ 1.121.076";"$ 796.165";"$ 0";"$ 37.638";"Sí";"$ 83.344 : 29,00 hrs";"$ 227.618 : 66,00 hrs";"No tiene";"01/01/2026";"31/03/2026";"No informa";"BONO VACACIONES 2026+REMUNERACION MAR.2026";
"2026";"Marzo";"Auxiliar";"IBARRA TAMAYO, CRISTIAN ANDRES";"CONDUCTOR";"24";"AUXILIAR";"Región Metropolitana de Santiago";"(205)(202)(204)(186)";"$ 961.842";"$ 206.635";"$ 0";"$ 96.105";"No";"No tiene";"No tiene";"No tiene";"01/01/2026";"31/12/2026";"No informa";"CANCELA PAGO TRIMESTRAL LEY 19.937 PERIODO 03/2026+REMUNERACION MAR.2026";
"2026";"Marzo";"Profesional";"IGLESIAS VALDIVIA, SANDY FANNY";"Apoyo Administrativo";"5";"ASISTENTE SOCIAL";"Región Metropolitana de Santiago";"(186)";"$ 4.197.480";"$ 3.279.100";"$ 0";"$ 577.370";"No";"No tiene";"No tiene";"No tiene";"01/01/2026";"31/12/2026";"No informa";"Sin observaciones";
"2026";"Marzo";"Técnico";"INOSTROZA GARRIDO, JAIME ARIEL";"ATENCION CLINICA";"22";"TECNICO NIVEL SUPERIOR ENFERMERIA";"Región Metropolitana de Santiago";"(01)";"$ 1.189.105";"$ 1.037.745";"$ 0";"$ 0";"Sí";"$ 92.104 : 27,00 hrs";"$ 365.686 : 142,00 hrs";"No tiene";"01/03/2026";"31/03/2026";"No informa";"PAGO BONO MENSUAL+REMUNERACION MAR.2026";
"2026";"Marzo";"Técnico";"INOSTROZA HIDALGO, ISABEL CRISTINA";"ATENCION CLINICA";"21";"TECNICO NIVEL SUPERIOR ENFERMERIA";"Región Metropolitana de Santiago";"(203)(204)(186)";"$ 1.500.733";"$ 1.270.927";"$ 0";"$ 167.827";"Sí";"$ 152.413 : 40,00 hrs";"$ 338.357 : 74,00 hrs";"No tiene";"01/01/2026";"31/12/2026";"No informa";"CANCELA ASIG. TECNICA+CANCELA PAGO TRIMESTRAL LEY 19.490 Y LEY 19.937 PERIODO 03/2026+REMUNERACION MAR.2026";
"2026";"Marzo";"Médicos cirujanos, farmacéuticos, químico-farmacéuticos, bioquímicos, cirujano-dentistas";"INTURIAS ALVAREZ, CAMILA FERNANDA";"Atencion Odontologica";"11 Hrs.";"CIRUJANO DENTISTA";"Región Metropolitana de Santiago";"(188)(186)";"$ 1.127.977";"$ 923.136";"$ 0";"$ 0";"No";"No tiene";"No tiene";"No tiene";"01/01/2026";"31/12/2026";"No informa";"Sin observaciones";
"2026";"Marzo";"Médicos cirujanos, farmacéuticos, químico-farmacéuticos, bioquímicos, cirujano-dentistas";"IRRAZABAL ALBORNOZ, JORGE ANDRES";"Atencion Clinica Medica";"44 Hrs.";"MEDICO CIRUJANO";"Región Metropolitana de Santiago";"(86)(186)";"$ 3.650.490";"$ 2.880.978";"$ 0";"$ 0";"No";"No tiene";"No tiene";"No tiene";"01/01/2026";"31/12/2026";"No informa";"Sin observaciones";
"2026";"Marzo";"Profesional";"IRRIBARREN ORREGO, KARLA PIA FRANCESCA";"Atencion Clinica";"14";"NUTRICIONISTA";"Región Metropolitana de Santiago";"(186)";"$ 2.401.566";"$ 1.944.164";"$ 0";"$ 239.336";"Sí";"$ 360.840 : 40,00 hrs";"$ 43.301 : 4,00 hrs";"No tiene";"01/01/2026";"31/12/2026";"No informa";"Sin observaciones";
"2026";"Marzo";"Administrativo";"JAÑA FERRADA, MARIA JOSE";"APOYO ADMINISTRATIVO";"22";"TECNICO NIVEL MEDIO ADMINISTRACION";"Región Metropolitana de Santiago";"(01)";"$ 628.344";"$ 510.105";"$ 0";"$ 154.451";"No";"No tiene";"No tiene";"No tiene";"01/01/2026";"30/04/2026";"No informa";"CANCELA BONO ESCOLAR 2026-202603+CANCELA PAGO TRIMESTRAL LEY 19.490 Y LEY 19.937 PERIODO 03/202+REMUNERACION MAR.2026";
"2026";"Marzo";"Médicos cirujanos, farmacéuticos, químico-farmacéuticos, bioquímicos, cirujano-dentistas";"JAQUE VILLASECA, TYRON ALEXANDER";"Atencion Odontologica";"44 Hrs.";"CIRUJANO DENTISTA";"Región Metropolitana de Santiago";"(86)(86)(186)";"$ 6.244.238";"$ 2.150.925";"$ 0";"$ 0";"No";"No tiene";"No tiene";"No tiene";"01/01/2026";"31/12/2026";"No informa";"Sin observaciones";
"2026";"Marzo";"Profesional";"JARA ABELLO, MARIA CAMILA BELEN";"Atencion Clinica";"15";"NUTRICIONISTA";"Región Metropolitana de Santiago";"(186)";"$ 1.757.811";"$ 1.402.566";"$ 0";"$ 93.121";"Sí";"$ 164.373 : 20,00 hrs";"No tiene";"No tiene";"01/01/2026";"31/12/2026";"No informa";"Sin observaciones";
"2026";"Marzo";"Profesional";"JARA BOBADILLA, MARIA JOSE";"ATENCION CLINICA";"12";"GRADO DE MAGISTER EN EDUCACION Y CIENCIAS DE LA SALUD";"Región Metropolitana de Santiago";"(203)(204)(186)";"$ 4.277.111";"$ 2.876.397";"$ 0";"$ 485.681";"Sí";"$ 435.145 : 40,00 hrs";"$ 796.316 : 61,00 hrs";"No tiene";"01/01/2026";"31/12/2026";"No informa";"CANCELA PAGO TRIMESTRAL LEY 19.490 PERIODO 03/2026+CANCELA PAGO TRIMESTRAL LEY 19.937 PERIODO 03/2026+REMUNERACION MAR.2026";
"2026";"Marzo";"Profesional";"JARA GUERRA, EVELYN ANDREA";"Atencion Clinica";"15";"ENFERMERA (O)";"Región Metropolitana de Santiago";"(186)";"$ 2.018.769";"$ 1.445.174";"$ 0";"$ 409.732";"No";"No tiene";"No tiene";"No tiene";"01/01/2026";"31/12/2026";"No informa";"Sin observaciones";
"2026";"Marzo";"Médicos cirujanos, farmacéuticos, químico-farmacéuticos, bioquímicos, cirujano-dentistas";"JARA NAVARRETE, PAULINA JANETT";"Atencion Clinica Medica";"22 Hrs.";"MEDICO CIRUJANO";"Región Metropolitana de Santiago";"(188)(86)(186)";"$ 2.805.175";"$ 2.253.041";"$ 0";"$ 0";"No";"No tiene";"No tiene";"No tiene";"01/01/2026";"31/12/2026";"No informa";"Sin observaciones";
"2026";"Marzo";"Profesional";"JARA RIQUELME, JONATHAN RODRIGO";"Atencion Clinica";"15";"ENFERMERA (O)";"Región Metropolitana de Santiago";"(186)";"$ 1.750.115";"$ 1.356.383";"$ 0";"$ 158.305";"No";"No tiene";"No tiene";"No tiene";"01/01/2026";"31/12/2026";"No informa";"Sin observaciones";
"2026";"Marzo";"Profesional";"JARA SEPULVEDA, PATRICIA ANGELICA";"Jefe de Unidad";"6";"INGENIERO (A) COMERCIAL";"Región Metropolitana de Santiago";"(186)";"$ 4.274.930";"$ 3.260.097";"$ 0";"$ 897.037";"No";"No tiene";"No tiene";"No tiene";"01/01/2026";"31/12/2026";"No informa";"REMUNERACION MARZO 2026 + BONOS TRIMESTRALES";
"2026";"Marzo";"Profesional";"JARA ULLOA, CONSTANZA CYNTHIA MELINA";"Atencion Clinica";"8";"ENFERMERA (O)";"Región Metropolitana de Santiago";"(01)";"$ 3.111.759";"$ 2.317.790";"$ 0";"$ 289.439";"No";"No tiene";"No tiene";"No tiene";"01/01/2026";"31/12/2026";"No informa";"Sin observaciones";
"2026";"Marzo";"Médicos cirujanos, farmacéuticos, químico-farmacéuticos, bioquímicos, cirujano-dentistas";"JARA VERA, HELLEN VANESA";"Atencion Odontologica";"22 Hrs.";"CIRUJANO DENTISTA";"Región Metropolitana de Santiago";"(01)";"$ 964.192";"$ 795.845";"$ 0";"$ 0";"No";"No tiene";"No tiene";"No tiene";"01/01/2026";"31/12/2026";"No informa";"Sin observaciones";
"2026";"Marzo";"Profesional";"JARAMILLO ESPINOZA, CONSTANZA ISABEL";"Atencion Clinica";"12";"ENFERMERA (O)";"Región Metropolitana de Santiago";"(01)";"$ 2.148.916";"$ 1.652.549";"$ 0";"$ 204.708";"No";"No tiene";"No tiene";"No tiene";"01/01/2026";"31/12/2026";"No informa";"Sin observaciones";
"2026";"Marzo";"Técnico";"JARAMILLO LEYTON, INES ISABEL";"Atencion Clinica";"20";"TECNICO NIVEL SUPERIOR ENFERMERIA";"Región Metropolitana de Santiago";"(186)";"$ 1.108.352";"$ 872.801";"$ 0";"$ 177.049";"Sí";"$ 39.522 : 10,00 hrs";"No tiene";"No tiene";"01/01/2026";"31/12/2026";"No informa";"Sin observaciones";
"2026";"Marzo";"Profesional";"JAUREGUI QUEZADA, MAGALY DEL ROSARIO";"Atencion Clinica";"15";"PROFESIONAL";"Región Metropolitana de Santiago";"(186)";"$ 1.658.622";"$ 1.272.988";"$ 0";"$ 158.305";"No";"No tiene";"No tiene";"No tiene";"01/01/2026";"31/12/2026";"No informa";"Sin observaciones";
"2026";"Marzo";"Médicos cirujanos, farmacéuticos, químico-farmacéuticos, bioquímicos, cirujano-dentistas";"JELDES AGUERO, JAVIERA CATALINA";"Atencion Odontologica";"22 Hrs.";"CIRUJANO DENTISTA";"Región Metropolitana de Santiago";"(186)";"$ 1.193.442";"$ 983.635";"$ 0";"$ 0";"No";"No tiene";"No tiene";"No tiene";"01/01/2026";"31/12/2026";"No informa";"Sin observaciones";
"2026";"Marzo";"Médicos cirujanos, farmacéuticos, químico-farmacéuticos, bioquímicos, cirujano-dentistas";"JELDES AGUERO, JAVIERA CATALINA";"Atencion Odontologica";"22 Hrs.";"CIRUJANO DENTISTA";"Región Metropolitana de Santiago";"(188)(86)(186)";"$ 1.395.743";"$ 1.101.257";"$ 0";"$ 0";"No";"No tiene";"No tiene";"No tiene";"01/01/2026";"31/12/2026";"No informa";"Sin observaciones";
"2026";"Marzo";"Auxiliar";"JENSEN BRIEBA, MATIAS IGNACIO";"Apoyo Logistico";"23";"AUXILIAR";"Región Metropolitana de Santiago";"(01)";"$ 627.501";"$ 512.857";"$ 0";"$ 0";"No";"No tiene";"No tiene";"No tiene";"01/01/2026";"26/04/2026";"No informa";"Sin observaciones";
"2026";"Marzo";"Médicos cirujanos, farmacéuticos, químico-farmacéuticos, bioquímicos, cirujano-dentistas";"JEREZ PEREZ, CLAUDIO ALEXANDER";"CIRUGIA GENERAL";"28 Hrs.";"MEDICO CIRUJANO";"Región Metropolitana de Santiago";"(194)(193)(198)(186)";"$ 3.066.549";"$ 2.463.724";"$ 0";"$ 156.599";"No";"No tiene";"No tiene";"No tiene";"01/01/2026";"31/12/2026";"No informa";"DIF. BONO VACACIONES 2026+PAGO ASIGNACION METAS DE PRODUCCION Y CALIDAD PERIODO 03/2026+REMUNERACION MAR.2026";
"2026";"Marzo";"Médicos cirujanos, farmacéuticos, químico-farmacéuticos, bioquímicos, cirujano-dentistas";"JEREZ RIOS, MARIA PILAR";"Atencion Odontologica";"44 Hrs.";"CIRUJANO DENTISTA";"Región Metropolitana de Santiago";"(86)(186)";"$ 5.259.682";"$ 4.318.151";"$ 0";"$ 0";"No";"No tiene";"No tiene";"No tiene";"01/01/2026";"31/12/2026";"No informa";"Sin observaciones";
"2026";"Marzo";"Profesional";"JEREZ TORO, CLAUDIO ANDRES";"ATENCION CLINICA";"10";"KINESIOLOGO (A)";"Región Metropolitana de Santiago";"(203)(201)(204)(186)";"$ 3.732.803";"$ 2.937.917";"$ 0";"$ 824.632";"No";"No tiene";"No tiene";"No tiene";"01/01/2026";"31/12/2026";"No informa";"CANCELA PAGO TRIMESTRAL LEY 19.490 PERIODO 03/2026+CANCELA PAGO TRIMESTRAL LEY 19.937 PERIODO 03/2026+REMUNERACION MAR.2026";
"2026";"Marzo";"Administrativo";"JIL PIZARRO, VIRGINIA ANDREA";"Secretaria";"13";"ADMINISTRADOR (A) PUBLICO";"Región Metropolitana de Santiago";"(01)";"$ 2.200.511";"$ 1.559.534";"$ 0";"$ 462.724";"No";"No tiene";"No tiene";"No tiene";"01/01/2026";"31/12/2026";"No informa";"REMUNERACION MARZO 2026 + BONOS TRIMESTRALES";
"2026";"Marzo";"Médicos cirujanos, farmacéuticos, químico-farmacéuticos, bioquímicos, cirujano-dentistas";"JIMENEZ BELLO, MIGUEL ANGEL";"Atencion Odontologica";"44 Hrs.";"MÉDICOS CIRUJANOS, FARMACÉUTICOS, QUÍMICO-FARMACÉUTICOS, BIOQUÍMICOS, CIRUJANO-DENTISTAS";"Región Metropolitana de Santiago";"(188)(186)";"$ 4.949.481";"$ 4.036.653";"$ 0";"$ 0";"No";"No tiene";"No tiene";"No tiene";"01/01/2026";"31/12/2026";"No informa";"Sin observaciones";
"2026";"Marzo";"Técnico";"JIMENEZ MENDEZ, NATARY FERNANDA";"ATENCION CLINICA";"22";"TECNICO NIVEL SUPERIOR ENFERMERIA";"Región Metropolitana de Santiago";"(202)(204)";"$ 1.516.726";"$ 1.275.964";"$ 0";"$ 114.072";"Sí";"$ 136.450 : 40,00 hrs";"$ 319.293 : 78,00 hrs";"No tiene";"01/01/2026";"31/12/2026";"No informa";"CANCELA ASIG. TECNICA+CANCELA PAGO TRIMESTRAL LEY 19.937 PERIODO 03/2026+REMUNERACION MAR.2026";
"2026";"Marzo";"Médicos cirujanos, farmacéuticos, químico-farmacéuticos, bioquímicos, cirujano-dentistas";"JIMENEZ ZENTENO, CAROLINA";"Atencion Clinica Medica";"44 Hrs.";"MEDICO CIRUJANO";"Región Metropolitana de Santiago";"(86)";"$ 3.007.345";"$ 2.405.288";"$ 0";"$ 0";"No";"No tiene";"No tiene";"No tiene";"01/01/2026";"31/12/2026";"No informa";"Sin observaciones";
"2026";"Marzo";"Profesional";"JOFRE ALQUINTA, BARBARA CAMILA";"Atencion Clinica";"15";"EDUCADOR (A) DE PARVULOS";"Región Metropolitana de Santiago";"(186)";"$ 1.809.092";"$ 1.378.431";"$ 0";"$ 217.282";"No";"No tiene";"No tiene";"No tiene";"01/01/2026";"31/12/2026";"No informa";"Sin observaciones";
"2026";"Marzo";"Profesional";"JORDAN RUIZ, TAMARA FRANCISCA";"Coordinador";"8";"PSICOLOGO (A)";"Región Metropolitana de Santiago";"(186)";"$ 3.305.872";"$ 2.403.080";"$ 0";"$ 454.023";"No";"No tiene";"No tiene";"No tiene";"01/01/2026";"31/12/2026";"No informa";"Sin observaciones";
"2026";"Marzo";"Médicos cirujanos, farmacéuticos, químico-farmacéuticos, bioquímicos, cirujano-dentistas";"JORQUERA SOTOMAYOR, JOSE MIGUEL";"Medico Becario Primario";"44 Hrs.";"MEDICO CIRUJANO";"Región Metropolitana de Santiago";"(01)";"$ 3.550.333";"$ 2.928.136";"$ 0";"$ 0";"No";"No tiene";"No tiene";"No tiene";"06/05/2025";"05/05/2026";"No informa";"Sin observaciones";
"2026";"Marzo";"Médicos cirujanos, farmacéuticos, químico-farmacéuticos, bioquímicos, cirujano-dentistas";"KAUFMANN ISENSEE, SOFIA RAQUEL";"Medico Becario Primario";"44 Hrs.";"MEDICO CIRUJANO";"Región Metropolitana de Santiago";"(01)";"$ 2.875.980";"$ 2.373.833";"$ 0";"$ 0";"No";"No tiene";"No tiene";"No tiene";"07/04/2025";"06/04/2026";"No informa";"Sin observaciones";
"2026";"Marzo";"Médicos cirujanos, farmacéuticos, químico-farmacéuticos, bioquímicos, cirujano-dentistas";"KREMSER RUIZ, INGRID ROSMARY";"Atencion Clinica Medica";"44 Hrs.";"MEDICO CIRUJANO";"Región Metropolitana de Santiago";"(188)(86)(186)";"$ 6.891.616";"$ 5.575.973";"$ 0";"$ 0";"No";"No tiene";"No tiene";"No tiene";"01/01/2026";"31/12/2026";"No informa";"Sin observaciones";
"2026";"Marzo";"Profesional";"KSINSKI ARMAS, ANDREA";"Atencion Clinica";"15";"PSICOLOGO (A)";"Región Metropolitana de Santiago";"(186)";"$ 1.526.159";"$ 1.235.160";"$ 0";"$ 0";"No";"No tiene";"No tiene";"No tiene";"01/01/2026";"31/12/2026";"No informa";"Sin observaciones";
"2026";"Marzo";"Médicos cirujanos, farmacéuticos, químico-farmacéuticos, bioquímicos, cirujano-dentistas";"LABARCA AMPUERO, ALFREDO MARCIAL";"CIRUGIA GENERAL";"28 Hrs.";"MEDICO CIRUJANO";"Región Metropolitana de Santiago";"(194)(193)(198)(186)";"$ 5.003.337";"$ 3.738.079";"$ 0";"$ 18.819";"No";"No tiene";"No tiene";"No tiene";"01/03/2026";"31/03/2026";"No informa";"BONO VACACIONES 2026+REEMPLAZO MAR.2026 (01-31)+REGULARIZA PAGO ASIG. COMP. PROFESIONAL ENERO Y FE";
"2026";"Marzo";"Administrativo";"LABARCA MOYA, CARLOS ENRIQUE";"Apoyo Administrativo";"22";"ADMINISTRATIVO";"Región Metropolitana de Santiago";"(186)";"$ 1.003.254";"$ 805.736";"$ 0";"$ 145.183";"Sí";"$ 142.521 : 40,00 hrs";"$ 64.135 : 15,00 hrs";"No tiene";"01/01/2026";"31/12/2026";"No informa";"Sin observaciones";
"2026";"Marzo";"Profesional";"LABARCA MOYA, FRANCISCO JAVIER";"Atencion Clinica";"15";"ENFERMERA (O)";"Región Metropolitana de Santiago";"(186)";"$ 2.090.860";"$ 1.466.975";"$ 0";"$ 490.437";"No";"No tiene";"No tiene";"No tiene";"01/01/2026";"31/12/2026";"No informa";"Sin observaciones";
"2026";"Marzo";"Profesional";"LABARCA VIAL, ANDRES ESTEBAN";"Apoyo Administrativo";"8";"INGENIERO (A) EN INFORMACION Y CONTROL DE GESTION";"Región Metropolitana de Santiago";"(186)";"$ 3.186.691";"$ 2.355.493";"$ 0";"$ 334.842";"No";"No tiene";"No tiene";"No tiene";"01/01/2026";"31/12/2026";"No informa";"REMUNERACION MARZO 2026 + BONOS TRIMESTRALES";
"2026";"Marzo";"Profesional";"LABBE SOTO, ANDREA NAOMI";"Atencion Clinica";"13";"TRABAJADOR (A) SOCIAL";"Región Metropolitana de Santiago";"(01)";"$ 1.770.239";"$ 1.438.410";"$ 0";"$ 0";"No";"No tiene";"No tiene";"No tiene";"01/01/2026";"31/12/2026";"No informa";"Sin observaciones";
"2026";"Marzo";"Profesional";"LABRA CALLEJAS, CLAUDIA LORENA";"Apoyo Administrativo";"8";"INGENIERO (A) EJECUCION ADMINISTRACION";"Región Metropolitana de Santiago";"(186)";"$ 3.745.172";"$ 2.638.314";"$ 0";"$ 834.267";"No";"No tiene";"No tiene";"No tiene";"01/01/2026";"31/12/2026";"No informa";"REMUNERACION MARZO 2026 + BONOS TRIMESTRALES";
"2026";"Marzo";"Profesional";"LABRA RODRIGUEZ, MARIA ORFELINA";"ATENCION CLINICA";"13";"ENFERMERA (O)";"Región Metropolitana de Santiago";"(203)(204)(186)";"$ 3.019.316";"$ 2.436.111";"$ 0";"$ 206.985";"Sí";"No tiene";"$ 258.330 : 22,00 hrs";"No tiene";"01/01/2026";"31/12/2026";"No informa";"CANCELA PAGO TRIMESTRAL LEY 19.490 PERIODO 03/2026+CANCELA PAGO TRIMESTRAL LEY 19.937 PERIODO 03/2026+REMUNERACION MAR.2026";
"2026";"Marzo";"Médicos cirujanos, farmacéuticos, químico-farmacéuticos, bioquímicos, cirujano-dentistas";"LABRIN FERNANDEZ, CONSTANZA ANTONIA";"Atencion Clinica Medica";"44 Hrs.";"MEDICO CIRUJANO";"Región Metropolitana de Santiago";"(86)";"$ 3.007.345";"$ 2.402.485";"$ 0";"$ 0";"No";"No tiene";"No tiene";"No tiene";"01/01/2026";"31/12/2026";"No informa";"Sin observaciones";
"2026";"Marzo";"Profesional";"LAGOS VERDUGO, MARJORIE LISSETTE";"Atencion Clinica";"16";"PSICOLOGO (A)";"Región Metropolitana de Santiago";"(186)";"$ 1.622.081";"$ 1.260.605";"$ 0";"$ 145.094";"No";"No tiene";"No tiene";"No tiene";"01/01/2026";"31/12/2026";"No informa";"Sin observaciones";
"2026";"Marzo";"Auxiliar";"LARA AGUILAR, DANIEL SEGUNDO";"CONDUCTOR";"20";"AUXILIAR";"Región Metropolitana de Santiago";"(205)(201)(202)(204)(186)";"$ 1.389.619";"$ 851.937";"$ 0";"$ 302.459";"No";"No tiene";"No tiene";"No tiene";"01/01/2026";"31/12/2026";"No informa";"CANCELA PAGO TRIMESTRAL LEY 19.490 PERIODO 03/2026+CANCELA PAGO TRIMESTRAL LEY 19.937 PERIODO 03/2026+REMUNERACION MAR.2026";
"2026";"Marzo";"Administrativo";"LARA ARRIAGADA, MARJORIE KATHINA";"Apoyo Administrativo";"21";"ADMINISTRATIVO";"Región Metropolitana de Santiago";"(186)";"$ 924.869";"$ 732.791";"$ 0";"$ 130.066";"No";"No tiene";"No tiene";"No tiene";"01/01/2026";"31/12/2026";"No informa";"Sin observaciones";
"2026";"Marzo";"Profesional";"LARA HEWSTONE, JOCELYN AMANDA";"Atencion Clinica";"9";"PROFESIONAL";"Región Metropolitana de Santiago";"(186)";"$ 2.788.347";"$ 2.147.473";"$ 0";"$ 265.529";"No";"No tiene";"No tiene";"No tiene";"01/01/2026";"31/12/2026";"No informa";"Sin observaciones";
"2026";"Marzo";"Profesional";"LARA PIÑA, JENNIFER DINA";"Atencion Clinica";"15";"KINESIOLOGO (A)";"Región Metropolitana de Santiago";"(186)";"$ 1.865.975";"$ 1.448.346";"$ 0";"$ 248.323";"No";"No tiene";"No tiene";"No tiene";"01/01/2026";"31/12/2026";"No informa";"Sin observaciones";
"2026";"Marzo";"Técnico";"LARA SALVATIERRA, MARIELA CAROLINE";"Atencion Clinica";"22";"TECNICO NIVEL SUPERIOR ENFERMERIA";"Región Metropolitana de Santiago";"(202)(186)";"$ 1.287.591";"$ 1.033.222";"$ 0";"$ 124.442";"Sí";"$ 37.523 : 11,00 hrs";"$ 20.468 : 5,00 hrs";"No tiene";"01/01/2026";"31/12/2026";"No informa";"Sin observaciones";
"2026";"Marzo";"Auxiliar";"LARA STEPHENS, CRISTIAN RODRIGO";"CONDUCTOR";"21";"AUXILIAR";"Región Metropolitana de Santiago";"(205)(202)(204)";"$ 1.443.500";"$ 1.090.944";"$ 0";"$ 167.827";"Sí";"$ 147.216 : 40,00 hrs";"$ 132.495 : 30,00 hrs";"No tiene";"01/01/2026";"31/12/2026";"No informa";"CANCELA PAGO TRIMESTRAL LEY 19.490 PERIODO 03/2026+CANCELA PAGO TRIMESTRAL LEY 19.937 PERIODO 03/2026+REMUNERACION MAR.2026";
"2026";"Marzo";"Profesional";"LARENAS MIRANDA, PAULO";"ATENCION CLINICA";"13";"ENFERMERA (O)";"Región Metropolitana de Santiago";"(203)(204)(186)";"$ 3.912.522";"$ 3.264.480";"$ 0";"$ 236.555";"Sí";"$ 393.748 : 40,00 hrs";"$ 744.183 : 63,00 hrs";"No tiene";"01/01/2026";"31/12/2026";"No informa";"CANCELA PAGO TRIMESTRAL LEY 19.490 PERIODO 03/2026+CANCELA PAGO TRIMESTRAL LEY 19.937 PERIODO 03/2026+REMUNERACION MAR.2026";
"2026";"Marzo";"Técnico";"LAVENA TORRES, ANDREA ALEJANDRA";"Atencion Clinica";"22";"TECNICO NIVEL SUPERIOR ENFERMERIA";"Región Metropolitana de Santiago";"(186)";"$ 1.015.532";"$ 816.264";"$ 0";"$ 120.553";"Sí";"$ 82.598 : 24,00 hrs";"$ 16.520 : 4,00 hrs";"No tiene";"01/01/2026";"31/12/2026";"No informa";"Sin observaciones";
"2026";"Marzo";"Profesional";"LAVIGNE PLAZA, RICARDO ESTEBAN";"Apoyo Administrativo";"8";"ABOGADO (A)";"Región Metropolitana de Santiago";"(186)";"$ 3.063.407";"$ 2.325.664";"$ 0";"$ 317.816";"No";"No tiene";"No tiene";"No tiene";"01/01/2026";"31/12/2026";"No informa";"REMUNERACION MARZO 2026 + BONOS TRIMESTRALES";
"2026";"Marzo";"Profesional";"LAVIN SANDOVAL, NICOLE THALIA";"Atencion Clinica";"15";"ENFERMERA (O)";"Región Metropolitana de Santiago";"(186)";"$ 1.758.728";"$ 1.397.120";"$ 0";"$ 158.305";"No";"No tiene";"No tiene";"No tiene";"01/01/2026";"31/12/2026";"No informa";"Sin observaciones";
"2026";"Marzo";"Profesional";"LAZCANO HAFEMANN, PAULA ANDREA";"Apoyo Administrativo";"8";"NUTRICIONISTA";"Región Metropolitana de Santiago";"(186)(186)";"$ 3.565.136";"$ 2.154.481";"$ 0";"$ 760.488";"No";"No tiene";"No tiene";"No tiene";"01/01/2026";"31/12/2026";"No informa";"REMUNERACION MARZO 2026 + BONOS TRIMESTRALES";
"2026";"Marzo";"Profesional";"LAZO CHACON, VALENTINA PASCAL";"Apoyo Administrativo";"8";"ABOGADO (A)";"Región Metropolitana de Santiago";"(186)";"$ 3.035.030";"$ 2.037.507";"$ 0";"$ 575.095";"No";"No tiene";"No tiene";"No tiene";"01/01/2026";"31/12/2026";"No informa";"REMUNERACION MARZO 2026 + BONOS TRIMESTRALES";
"2026";"Marzo";"Profesional";"LAZO VALDENEGRO, ARACELIS ELENA";"Apoyo Administrativo";"10";"PSICOLOGO (A)";"Región Metropolitana de Santiago";"(186)";"$ 2.609.843";"$ 2.024.644";"$ 0";"$ 295.532";"No";"No tiene";"No tiene";"No tiene";"01/01/2026";"31/12/2026";"No informa";"Sin observaciones";
"2026";"Marzo";"Auxiliar";"LEAL AGUILAR, MARIO ENRIQUE";"CONDUCTOR";"22";"AUXILIAR";"Región Metropolitana de Santiago";"(205)(202)(204)";"$ 1.150.307";"$ 740.050";"$ 0";"$ 141.488";"No";"No tiene";"No tiene";"No tiene";"01/01/2026";"31/12/2026";"No informa";"CANCELA BONO ESCOLAR 2026-202603+CANCELA PAGO TRIMESTRAL LEY 19.937 PERIODO 03/2026+REMUNERACION MAR.2026";
"2026";"Marzo";"Médicos cirujanos, farmacéuticos, químico-farmacéuticos, bioquímicos, cirujano-dentistas";"LEAL GEOFFROY, ALICIA CATALINA";"Atencion Odontologica";"22 Hrs.";"CIRUJANO DENTISTA";"Región Metropolitana de Santiago";"(01)";"$ 964.192";"$ 795.845";"$ 0";"$ 0";"No";"No tiene";"No tiene";"No tiene";"01/01/2026";"31/03/2026";"No informa";"Sin observaciones";
"2026";"Marzo";"Médicos cirujanos, farmacéuticos, químico-farmacéuticos, bioquímicos, cirujano-dentistas";"LEAL SALINAS, CATALINA";"Atencion Clinica Medica";"44 Hrs.";"MEDICO CIRUJANO";"Región Metropolitana de Santiago";"(86)(186)";"$ 3.465.905";"$ 2.754.175";"$ 0";"$ 0";"No";"No tiene";"No tiene";"No tiene";"01/01/2026";"31/12/2026";"No informa";"Sin observaciones";
"2026";"Marzo";"Profesional";"LEAL VALENZUELA, GABRIELA ANDREA";"Atencion Clinica";"12";"NUTRICIONISTA";"Región Metropolitana de Santiago";"(186)";"$ 2.558.933";"$ 2.008.376";"$ 0";"$ 321.111";"Sí";"$ 191.268 : 18,00 hrs";"No tiene";"No tiene";"01/01/2026";"31/12/2026";"No informa";"Sin observaciones";
"2026";"Marzo";"Médicos cirujanos, farmacéuticos, químico-farmacéuticos, bioquímicos, cirujano-dentistas";"LEDEZMA ROJAS, PAULINA CONSTANZA";"Atencion Odontologica";"22 Hrs.";"CIRUJANO DENTISTA";"Región Metropolitana de Santiago";"(188)(186)";"$ 2.549.932";"$ 2.037.176";"$ 0";"$ 0";"No";"No tiene";"No tiene";"No tiene";"01/01/2026";"31/12/2026";"No informa";"Sin observaciones";
"2026";"Marzo";"Profesional";"LEFEVRE CABRERA, STEPHANIE MICHELLE";"Atencion Clinica";"16";"FONOAUDIOLOGO (A)";"Región Metropolitana de Santiago";"(186)";"$ 1.756.843";"$ 1.407.935";"$ 0";"$ 145.094";"Sí";"$ 134.762 : 18,00 hrs";"No tiene";"No tiene";"01/01/2026";"31/12/2026";"No informa";"Sin observaciones";
"2026";"Marzo";"Administrativo";"LEIVA ALVAREZ, ISABEL JANET";"Apoyo Administrativo";"22";"ADMINISTRATIVO";"Región Metropolitana de Santiago";"(186)";"$ 700.475";"$ 572.499";"$ 0";"$ 0";"No";"No tiene";"No tiene";"No tiene";"01/01/2026";"31/12/2026";"No informa";"Sin observaciones";
"2026";"Marzo";"Profesional";"LEIVA GONZALEZ, JUAN ANTONIO";"Apoyo Administrativo";"6";"CONTADOR (A) AUDITOR (A)";"Región Metropolitana de Santiago";"(186)";"$ 3.969.250";"$ 3.068.332";"$ 0";"$ 522.156";"No";"No tiene";"No tiene";"No tiene";"01/01/2026";"31/12/2026";"No informa";"REMUNERACION MARZO 2026 + BONOS TRIMESTRALES";
"2026";"Marzo";"Técnico";"LEIVA GONZALEZ, SELMA ELIZABETH";"Atencion Clinica";"21";"TECNICO NIVEL SUPERIOR ENFERMERIA";"Región Metropolitana de Santiago";"(186)";"$ 960.930";"$ 875.258";"$ 0";"$ 145.450";"Sí";"$ 74.258 : 20,00 hrs";"No tiene";"No tiene";"01/01/2026";"31/12/2026";"No informa";"Sin observaciones";
"2026";"Marzo";"Profesional";"LEIVA MENDEZ, SOFIA VALENTINA";"Apoyo Administrativo";"15";"TERAPEUTA OCUPACIONAL";"Región Metropolitana de Santiago";"(01)";"$ 1.491.702";"$ 1.218.023";"$ 0";"$ 0";"No";"No tiene";"No tiene";"No tiene";"01/01/2026";"31/12/2026";"No informa";"Sin observaciones";
"2026";"Marzo";"Profesional";"LEON CUBILLOS, ALVARO FRANCISCO";"ATENCION CLINICA";"11";"ENFERMERA (O)";"Región Metropolitana de Santiago";"(203)(201)(204)(186)";"$ 3.902.066";"$ 3.079.530";"$ 0";"$ 642.973";"Sí";"$ 189.624 : 16,00 hrs";"$ 284.436 : 20,00 hrs";"No tiene";"01/01/2026";"31/12/2026";"No informa";"CANCELA PAGO TRIMESTRAL LEY 19.490 PERIODO 03/2026+CANCELA PAGO TRIMESTRAL LEY 19.937 PERIODO 03/2026+REMUNERACION MAR.2026";
"2026";"Marzo";"Médicos cirujanos, farmacéuticos, químico-farmacéuticos, bioquímicos, cirujano-dentistas";"LEON NAVARRO, SAMUEL AARON";"Atencion Odontologica";"22 Hrs.";"CIRUJANO DENTISTA";"Región Metropolitana de Santiago";"(188)(186)";"$ 1.427.787";"$ 1.164.503";"$ 0";"$ 0";"No";"No tiene";"No tiene";"No tiene";"01/01/2026";"31/12/2026";"No informa";"Sin observaciones";
"2026";"Marzo";"Médicos cirujanos, farmacéuticos, químico-farmacéuticos, bioquímicos, cirujano-dentistas";"LEON NAVARRO, SAMUEL AARON";"Atencion Odontologica";"22 Hrs.";"CIRUJANO DENTISTA";"Región Metropolitana de Santiago";"(188)(186)";"$ 1.427.787";"$ 1.099.789";"$ 0";"$ 0";"No";"No tiene";"No tiene";"No tiene";"01/01/2026";"31/12/2026";"No informa";"Sin observaciones";
"2026";"Marzo";"Profesional";"LESCOT VIEYRA, KAREN ANDREA";"Atencion Clinica";"15";"PSICOLOGO (A)";"Región Metropolitana de Santiago";"(01)";"$ 1.583.195";"$ 1.285.533";"$ 0";"$ 0";"No";"No tiene";"No tiene";"No tiene";"01/01/2026";"31/12/2026";"No informa";"Sin observaciones";
"2026";"Marzo";"Médicos cirujanos, farmacéuticos, químico-farmacéuticos, bioquímicos, cirujano-dentistas";"LETELIER ESCOBAR, DARWIN ANTONIO";"JEFE DE DEPARTAMENTO";"33 Hrs.";"MEDICO CIRUJANO CON ESPECIALIDAD EN MEDICINA INTERNA Y SALUD PUBLICA";"Región Metropolitana de Santiago";"(86)(186)";"$ 4.298.799";"$ 3.447.692";"$ 0";"$ 18.819";"No";"No tiene";"No tiene";"No tiene";"01/01/2026";"31/12/2026";"No informa";"BONO VACACIONES 2026+REMUNERACION MAR.2026";
"2026";"Marzo";"Profesional";"LETELIER SANZANA, ALEJANDRO";"Apoyo Administrativo";"5";"QUIMICO FARMACEUTICO";"Región Metropolitana de Santiago";"(186)";"$ 4.605.751";"$ 3.543.664";"$ 0";"$ 967.095";"No";"No tiene";"No tiene";"No tiene";"01/01/2026";"31/12/2026";"No informa";"REMUNERACION MARZO 2026 + BONOS TRIMESTRALES";
"2026";"Marzo";"Profesional";"LEYTON RENCORET, DANIELA DE LOS ANGELES";"Atencion Clinica";"13";"FONOAUDIOLOGO (A)";"Región Metropolitana de Santiago";"(01)";"$ 1.770.239";"$ 1.426.998";"$ 0";"$ 0";"No";"No tiene";"No tiene";"No tiene";"04/02/2026";"04/05/2026";"No informa";"Sin observaciones";
"2026";"Marzo";"Médicos cirujanos, farmacéuticos, químico-farmacéuticos, bioquímicos, cirujano-dentistas";"LIBERONA ROJAS, ANDRES IGNACIO";"Medico Becario Primario";"44 Hrs.";"MEDICO CIRUJANO";"Región Metropolitana de Santiago";"(01)";"$ 2.875.980";"$ 2.373.833";"$ 0";"$ 0";"No";"No tiene";"No tiene";"No tiene";"07/04/2025";"06/04/2026";"No informa";"Sin observaciones";
"2026";"Marzo";"Auxiliar";"LIPPI SEPULVEDA, VICTOR MANUEL";"CONDUCTOR";"22";"TECNICO NIVEL SUPERIOR ENFERMERIA";"Región Metropolitana de Santiago";"(01)";"$ 656.930";"$ 487.732";"$ 0";"$ 0";"No";"No tiene";"No tiene";"No tiene";"01/01/2026";"04/04/2026";"No informa";"PAGO BONO MENSUAL+REMUNERACION MAR.2026";
"2026";"Marzo";"Administrativo";"LIRA DIAZ, VICTOR HUGO";"Apoyo Administrativo";"16";"ADMINISTRATIVO";"Región Metropolitana de Santiago";"(01)";"$ 1.603.460";"$ 1.198.389";"$ 0";"$ 258.798";"No";"No tiene";"No tiene";"No tiene";"01/01/2026";"31/12/2026";"No informa";"Sin observaciones";
"2026";"Marzo";"Administrativo";"LIRA PIZARRO, ALLISON DENISSE";"Apoyo Administrativo";"22";"ADMINISTRATIVO";"Región Metropolitana de Santiago";"(186)";"$ 801.005";"$ 627.343";"$ 0";"$ 120.553";"Sí";"$ 30.974 : 9,00 hrs";"$ 16.520 : 4,00 hrs";"No tiene";"01/01/2026";"31/12/2026";"No informa";"Sin observaciones";
"2026";"Marzo";"Técnico";"LIZAMA NUÑEZ, DANIELA GRACE";"Atencion Clinica";"22";"TECNICO NIVEL SUPERIOR ODONTOLOGIA";"Región Metropolitana de Santiago";"(01)";"$ 133.668";"$ 133.668";"$ 0";"$ 0";"No";"No tiene";"No tiene";"No tiene";"01/01/2026";"31/12/2026";"No informa";"Sin observaciones";
"2026";"Marzo";"Profesional";"LIZANA TORRES, SERGIO FRANCISCO";"Apoyo Administrativo";"6";"ADMINISTRADOR (A) PUBLICO";"Región Metropolitana de Santiago";"(186)";"$ 4.709.535";"$ 3.538.582";"$ 0";"$ 1.245.141";"No";"No tiene";"No tiene";"No tiene";"01/01/2026";"31/12/2026";"No informa";"REMUNERACION MARZO 2026 + BONOS TRIMESTRALES";
"2026";"Marzo";"Administrativo";"LLANCAMAN HUICHAQUEO, VIVIANA DEL PILAR";"Apoyo Administrativo";"22";"ADMINISTRATIVO";"Región Metropolitana de Santiago";"(186)";"$ 824.959";"$ 642.400";"$ 0";"$ 120.553";"No";"No tiene";"No tiene";"No tiene";"01/01/2026";"31/12/2026";"No informa";"Sin observaciones";
"2026";"Marzo";"Médicos cirujanos, farmacéuticos, químico-farmacéuticos, bioquímicos, cirujano-dentistas";"LLANILLOS LEON, JEAN PAUL";"Medico Becario Primario";"44 Hrs.";"MEDICO CIRUJANO";"Región Metropolitana de Santiago";"(01)";"$ 3.550.333";"$ 2.904.118";"$ 0";"$ 0";"No";"No tiene";"No tiene";"No tiene";"08/05/2025";"07/05/2026";"No informa";"Sin observaciones";
"2026";"Marzo";"Técnico";"LLANOS CATALAN, DANIELA ELIZABETH";"ATENCION CLINICA";"22";"TECNICO NIVEL SUPERIOR ENFERMERIA";"Región Metropolitana de Santiago";"(203)(204)(186)";"$ 919.553";"$ 665.907";"$ 0";"$ 133.516";"No";"No tiene";"No tiene";"No tiene";"01/01/2026";"31/12/2026";"No informa";"CANCELA ASIG. TECNICA+CANCELA PAGO TRIMESTRAL LEY 19.490 Y LEY 19.937 PERIODO 03/2026+REMUNERACION MAR.2026";
"2026";"Marzo";"Médicos cirujanos, farmacéuticos, químico-farmacéuticos, bioquímicos, cirujano-dentistas";"LLANOS CORTES, JAVIER ALEJANDRO";"Quimico Farmaceutico";"44 Hrs.";"QUIMICO FARMACEUTICO";"Región Metropolitana de Santiago";"(01)";"$ 3.546.827";"$ 2.788.522";"$ 0";"$ 0";"No";"No tiene";"No tiene";"No tiene";"01/01/2026";"31/12/2026";"No informa";"Sin observaciones";
"2026";"Marzo";"Médicos cirujanos, farmacéuticos, químico-farmacéuticos, bioquímicos, cirujano-dentistas";"LLANTEN AROCA, PAMELA";"Atencion Clinica Medica";"44 Hrs.";"MEDICO CIRUJANO";"Región Metropolitana de Santiago";"(86)(186)";"$ 5.974.497";"$ 4.877.522";"$ 0";"$ 0";"No";"No tiene";"No tiene";"No tiene";"01/01/2026";"31/12/2026";"No informa";"Sin observaciones";
"2026";"Marzo";"Profesional";"LOBOS AEDO, ROSARIO ANDREA";"Apoyo Administrativo";"10";"PSICOLOGO (A)";"Región Metropolitana de Santiago";"(186)";"$ 2.686.110";"$ 2.056.175";"$ 0";"$ 371.799";"No";"No tiene";"No tiene";"No tiene";"01/01/2026";"31/12/2026";"No informa";"REMUNERACION MARZO 2026 + BONOS TRIMESTRALES";
"2026";"Marzo";"Médicos cirujanos, farmacéuticos, químico-farmacéuticos, bioquímicos, cirujano-dentistas";"LOBOS GALVEZ, JUAN PABLO";"MEDICO CIRUJANO CON ESPECIALIDAD EN MEDICINA DE URGENCIA";"28 Hrs.";"MEDICO CIRUJANO CON ESPECIALIDAD EN MEDICINA DE URGENCIA";"Región Metropolitana de Santiago";"(194)(193)(198)";"$ 3.569.340";"$ 2.842.520";"$ 0";"$ 0";"No";"No tiene";"No tiene";"No tiene";"01/01/2026";"31/12/2026";"No informa";"REGULARIZA PAGO ASIG. COMP. PROFESIONAL ENERO Y FE+REMUNERACION MAR.2026";
"2026";"Marzo";"Administrativo";"LOPEZ ANGUITA, CECILIA";"Apoyo Administrativo";"15";"TRABAJADOR (A) SOCIAL";"Región Metropolitana de Santiago";"(186)(186)";"$ 2.208.458";"$ 1.004.198";"$ 0";"$ 701.163";"No";"No tiene";"No tiene";"No tiene";"01/01/2026";"31/12/2026";"No informa";"REMUNERACION MARZO 2026 + BONOS TRIMESTRALES";
"2026";"Marzo";"Médicos cirujanos, farmacéuticos, químico-farmacéuticos, bioquímicos, cirujano-dentistas";"LOPEZ ARAVENA, ESTEBAN IGNACIO";"Atencion Clinica Medica";"44 Hrs.";"MEDICO CIRUJANO";"Región Metropolitana de Santiago";"(86)";"$ 3.007.345";"$ 2.401.968";"$ 0";"$ 0";"No";"No tiene";"No tiene";"No tiene";"01/01/2026";"31/12/2026";"No informa";"Sin observaciones";
"2026";"Marzo";"Profesional";"LOPEZ GONZALEZ, ALVARO ANTONIO";"Apoyo Administrativo";"8";"INGENIERO (A) EN COMPUTACION E INFORMATICA";"Región Metropolitana de Santiago";"(186)";"$ 3.296.782";"$ 2.457.172";"$ 0";"$ 459.698";"No";"No tiene";"No tiene";"No tiene";"01/01/2026";"31/12/2026";"No informa";"Sin observaciones";
"2026";"Marzo";"Técnico";"LOPEZ LEYTON, ALEJANDRA JIMENA";"Atencion Clinica";"21";"TECNICO NIVEL SUPERIOR ENFERMERIA";"Región Metropolitana de Santiago";"(01)";"$ 731.315";"$ 596.461";"$ 0";"$ 0";"No";"No tiene";"No tiene";"No tiene";"01/01/2026";"31/12/2026";"No informa";"Sin observaciones";
"2026";"Marzo";"Auxiliar";"LOPEZ MARIN, JUAN CARLOS";"Apoyo Logistico";"24";"AUXILIAR";"Región Metropolitana de Santiago";"(202)(186)";"$ 1.089.073";"$ 851.690";"$ 0";"$ 139.789";"Sí";"$ 41.720 : 14,00 hrs";"$ 67.944 : 19,00 hrs";"No tiene";"01/01/2026";"31/12/2026";"No informa";"Sin observaciones";
"2026";"Marzo";"Administrativo";"LOPEZ MEDEL, LORENA MACKARENA";"Apoyo Administrativo";"16";"ADMINISTRATIVO";"Región Metropolitana de Santiago";"(01)";"$ 929.686";"$ 778.102";"$ 0";"$ 0";"Sí";"$ 94.978 : 20,00 hrs";"No tiene";"No tiene";"01/01/2026";"31/03/2026";"No informa";"Sin observaciones";
"2026";"Marzo";"Técnico";"LOPEZ NORIEGA, HENYEL YUSCETT";"Atencion Clinica";"21";"TECNICO NIVEL SUPERIOR ENFERMERIA";"Región Metropolitana de Santiago";"(01)";"$ 731.315";"$ 596.388";"$ 0";"$ 0";"No";"No tiene";"No tiene";"No tiene";"01/01/2026";"31/12/2026";"No informa";"Sin observaciones";
"2026";"Marzo";"Profesional";"LOPEZ PEREZ, JOSE ARTURO";"Director Zonal";"5";"INGENIERO (A) COMERCIAL";"Región Metropolitana de Santiago";"(186)";"$ 5.074.659";"$ 3.799.354";"$ 0";"$ 1.436.209";"No";"No tiene";"No tiene";"No tiene";"01/01/2026";"31/12/2026";"No informa";"Sin observaciones";
"2026";"Marzo";"Técnico";"LOPEZ REYES, CARLA DE LAS MERCEDES";"Atencion Clinica";"22";"TECNICO NIVEL SUPERIOR ENFERMERIA";"Región Metropolitana de Santiago";"(01)";"$ 838.484";"$ 644.785";"$ 0";"$ 114.072";"No";"No tiene";"No tiene";"No tiene";"01/01/2026";"31/12/2026";"No informa";"Sin observaciones";
"2026";"Marzo";"Médicos cirujanos, farmacéuticos, químico-farmacéuticos, bioquímicos, cirujano-dentistas";"LOPEZ RODRIGUEZ, LYA";"Atencion Odontologica";"11 Hrs.";"CIRUJANO DENTISTA";"Región Metropolitana de Santiago";"(188)(186)";"$ 1.170.131";"$ 963.585";"$ 0";"$ 0";"No";"No tiene";"No tiene";"No tiene";"01/01/2026";"31/12/2026";"No informa";"Sin observaciones";
"2026";"Marzo";"Médicos cirujanos, farmacéuticos, químico-farmacéuticos, bioquímicos, cirujano-dentistas";"LOPEZ SAN MARTIN, CAMILA ELIZABETH";"Atencion Clinica Medica";"44 Hrs.";"MEDICO CIRUJANO";"Región Metropolitana de Santiago";"(86)(186)";"$ 3.465.905";"$ 2.749.678";"$ 0";"$ 0";"No";"No tiene";"No tiene";"No tiene";"01/01/2026";"31/12/2026";"No informa";"Sin observaciones";
"2026";"Marzo";"Médicos cirujanos, farmacéuticos, químico-farmacéuticos, bioquímicos, cirujano-dentistas";"LOPEZ VERGARA, JAVIERA PAZ";"Atencion Odontologica";"22 Hrs.";"CIRUJANO DENTISTA";"Región Metropolitana de Santiago";"(188)(186)";"$ 2.542.266";"$ 2.028.272";"$ 0";"$ 0";"No";"No tiene";"No tiene";"No tiene";"01/01/2026";"31/12/2026";"No informa";"Sin observaciones";
"2026";"Marzo";"Administrativo";"LORCA DOÑAS, ANDREA DENISSE";"Apoyo Administrativo";"21";"ADMINISTRATIVO";"Región Metropolitana de Santiago";"(186)";"$ 1.079.532";"$ 884.377";"$ 0";"$ 134.261";"Sí";"$ 103.051 : 28,00 hrs";"$ 52.998 : 12,00 hrs";"No tiene";"01/01/2026";"31/12/2026";"No informa";"Sin observaciones";
"2026";"Marzo";"Profesional";"LORCA LORCA, CRISTIAN ESTEBAN";"Apoyo Administrativo";"13";"CONTADOR (A) AUDITOR (A)";"Región Metropolitana de Santiago";"(01)";"$ 1.900.577";"$ 1.484.584";"$ 0";"$ 110.885";"Sí";"$ 19.453 : 2,00 hrs";"No tiene";"No tiene";"01/01/2026";"31/03/2026";"No informa";"Sin observaciones";
"2026";"Marzo";"Auxiliar";"LORCA PONCE, JOHN MAURICIO";"Chofer";"19";"AUXILIAR";"Región Metropolitana de Santiago";"(205)(202)(186)";"$ 1.285.062";"$ 1.046.011";"$ 0";"$ 0";"No";"No tiene";"No tiene";"No tiene";"01/01/2026";"31/12/2026";"No informa";"Sin observaciones";
"2026";"Marzo";"Profesional";"LOYOLA ROJAS, DANIELA ANDREA";"ATENCION CLINICA";"13";"ENFERMERA (O)";"Región Metropolitana de Santiago";"(203)(204)(186)";"$ 2.788.194";"$ 2.213.198";"$ 0";"$ 262.427";"No";"No tiene";"No tiene";"No tiene";"01/01/2026";"31/12/2026";"No informa";"CANCELA PAGO TRIMESTRAL LEY 19.490 PERIODO 03/2026+CANCELA PAGO TRIMESTRAL LEY 19.937 PERIODO 03/2026+REMUNERACION MAR.2026";
"2026";"Marzo";"Técnico";"LOYOLA SEPULVEDA, ROSA GABRIELA";"Atencion Clinica";"22";"TECNICO NIVEL SUPERIOR ENFERMERIA";"Región Metropolitana de Santiago";"(186)";"$ 872.295";"$ 669.023";"$ 0";"$ 127.035";"Sí";"$ 7.005 : 2,00 hrs";"No tiene";"No tiene";"01/01/2026";"31/12/2026";"No informa";"Sin observaciones";
"2026";"Marzo";"Técnico";"LUCERO MENDEZ, CRISTIAN ANDRES";"ATENCION CLINICA";"22";"TECNICO NIVEL SUPERIOR ENFERMERIA";"Región Metropolitana de Santiago";"(202)(204)";"$ 1.191.920";"$ 873.643";"$ 0";"$ 37.638";"Sí";"$ 47.758 : 14,00 hrs";"$ 139.179 : 34,00 hrs";"No tiene";"01/01/2026";"31/03/2026";"No informa";"BONO VACACIONES 2026+REMUNERACION MAR.2026";
"2026";"Marzo";"Técnico";"LUNA ARENAS, SORAYA PAZ";"ATENCION CLINICA";"22";"TECNICO NIVEL SUPERIOR ENFERMERIA";"Región Metropolitana de Santiago";"(202)(204)(186)";"$ 927.067";"$ 358.822";"$ 0";"$ 108.575";"No";"No tiene";"No tiene";"No tiene";"01/01/2026";"31/12/2026";"No informa";"CANCELA ASIG. TECNICA+CANCELA PAGO TRIMESTRAL LEY 19.490 Y LEY 19.937 PERIODO 03/2026+REMUNERACION MAR.2026";
"2026";"Marzo";"Profesional";"MACHUCA ARAYA, KARLA ANDREA";"Apoyo Administrativo";"15";"EDUCADOR (A) DE PARVULOS";"Región Metropolitana de Santiago";"(186)";"$ 1.774.248";"$ 1.357.185";"$ 0";"$ 173.825";"No";"No tiene";"No tiene";"No tiene";"01/01/2026";"31/12/2026";"No informa";"Sin observaciones";
"2026";"Marzo";"Profesional";"MACHUCA FERRAN, JAVIERA PAS";"Apoyo Administrativo";"15";"TECNOLOGO (A) EN INFORMATICA BIOMEDICA";"Región Metropolitana de Santiago";"(186)";"$ 1.830.187";"$ 1.441.132";"$ 0";"$ 159.340";"Sí";"No tiene";"$ 20.086 : 2,00 hrs";"No tiene";"01/01/2026";"31/12/2026";"No informa";"Sin observaciones";
"2026";"Marzo";"Profesional";"MACHUCA FLORES, VALENTINA DE JESUS";"Atencion Clinica";"15";"MATRON (A)";"Región Metropolitana de Santiago";"(186)";"$ 1.782.990";"$ 1.374.249";"$ 0";"$ 158.305";"Sí";"$ 32.875 : 4,00 hrs";"No tiene";"No tiene";"01/01/2026";"31/12/2026";"No informa";"Sin observaciones";
"2026";"Marzo";"Profesional";"MACIAS CHAVEZ, MANUEL HUMBERTO";"ATENCION CLINICA";"13";"ENFERMERA (O)";"Región Metropolitana de Santiago";"(01)";"$ 2.412.204";"$ 1.821.478";"$ 0";"$ 0";"Sí";"$ 136.174 : 14,00 hrs";"$ 505.791 : 100,00 hrs";"No tiene";"01/03/2026";"31/03/2026";"No informa";"REEMPLAZO MAR.2026 (01-31)";
"2026";"Marzo";"Profesional";"MADRID AGUAYO, LINCOLN ROBERTO";"Apoyo Logistico";"6";"INGENIERO (A) CIVIL";"Región Metropolitana de Santiago";"(186)";"$ 3.810.240";"$ 2.891.162";"$ 0";"$ 415.047";"No";"No tiene";"No tiene";"No tiene";"01/01/2026";"31/12/2026";"No informa";"Sin observaciones";
"2026";"Marzo";"Técnico";"MADRID TILLERIAS, ANA KARINA";"Atencion Clinica";"22";"TECNICO NIVEL SUPERIOR ENFERMERIA";"Región Metropolitana de Santiago";"(186)";"$ 950.272";"$ 733.705";"$ 0";"$ 145.183";"No";"No tiene";"No tiene";"No tiene";"01/01/2026";"31/12/2026";"No informa";"Sin observaciones";
"2026";"Marzo";"Auxiliar";"MAGNANI VASQUEZ, ALDO JAVIER";"CONDUCTOR";"24";"AUXILIAR";"Región Metropolitana de Santiago";"(205)(202)(186)";"$ 1.130.133";"$ 873.489";"$ 0";"$ 96.105";"Sí";"$ 78.313 : 27,00 hrs";"$ 160.106 : 46,00 hrs";"No tiene";"01/01/2026";"31/03/2026";"No informa";"CANCELA PAGO TRIMESTRAL LEY 19.937 PERIODO 03/2026+REMUNERACION MAR.2026";
"2026";"Marzo";"Médicos cirujanos, farmacéuticos, químico-farmacéuticos, bioquímicos, cirujano-dentistas";"MALDONADO GONZALEZ, EDUARDO ANDRES";"Atencion Clinica Medica";"44 Hrs.";"MEDICO CIRUJANO";"Región Metropolitana de Santiago";"(86)(186)";"$ 5.106.462";"$ 4.164.214";"$ 0";"$ 0";"Sí";"$ 336.804 : 26,00 hrs";"$ 1.119.168 : 72,00 hrs";"No tiene";"01/01/2026";"07/05/2026";"No informa";"Sin observaciones";
"2026";"Marzo";"Profesional";"MALDONADO IRARRAZAVAL, CRISTIAN ADOLFO";"Apoyo Administrativo";"8";"CONSTRUCTOR (A) CIVIL";"Región Metropolitana de Santiago";"(186)";"$ 2.944.225";"$ 2.245.502";"$ 0";"$ 198.634";"No";"No tiene";"No tiene";"No tiene";"01/01/2026";"31/12/2026";"No informa";"REMUNERACION MARZO 2026 + BONOS TRIMESTRALES";
"2026";"Marzo";"Técnico";"MALHUE AROS, JESSICA DANIELA";"ATENCION CLINICA";"22";"TECNICO NIVEL SUPERIOR ENFERMERIA";"Región Metropolitana de Santiago";"(01)";"$ 987.159";"$ 852.305";"$ 0";"$ 0";"Sí";"$ 85.281 : 25,00 hrs";"$ 170.563 : 101,00 hrs";"No tiene";"01/03/2026";"31/03/2026";"No informa";"PAGO BONO MENSUAL+REEMPLAZO MAR.2026 (01-07) (09-31)";
"2026";"Marzo";"Profesional";"MALLEA GUTIERREZ, MICHELLE FERNANDA";"Atencion Clinica";"13";"PSICOLOGO (A)";"Región Metropolitana de Santiago";"(186)";"$ 1.001.032";"$ 780.350";"$ 0";"$ 110.886";"No";"No tiene";"No tiene";"No tiene";"01/01/2026";"31/12/2026";"No informa";"Sin observaciones";
"2026";"Marzo";"Profesional";"MALLEA GUTIERREZ, MICHELLE FERNANDA";"Atencion Clinica";"13";"PSICOLOGO (A)";"Región Metropolitana de Santiago";"(186)";"$ 890.146";"$ 725.914";"$ 0";"$ 110.886";"No";"No tiene";"No tiene";"No tiene";"01/01/2026";"31/12/2026";"No informa";"Sin observaciones";
"2026";"Marzo";"Profesional";"MALO PAINEN, DAISY PAMELA";"Atencion Clinica";"12";"ENFERMERA (O)";"Región Metropolitana de Santiago";"(01)";"$ 2.301.444";"$ 1.709.557";"$ 0";"$ 357.236";"No";"No tiene";"No tiene";"No tiene";"01/01/2026";"31/12/2026";"No informa";"Sin observaciones";
"2026";"Marzo";"Técnico";"MANCILLA FUENTEALBA, SEBASTIAN ANDRES";"Atencion Clinica";"18";"TECNICO NIVEL SUPERIOR ENFERMERIA";"Región Metropolitana de Santiago";"(01)";"$ 973.822";"$ 752.427";"$ 0";"$ 144.502";"Sí";"No tiene";"$ 3.457 : 36,00 hrs";"No tiene";"01/01/2026";"31/12/2026";"No informa";"Sin observaciones";
"2026";"Marzo";"Médicos cirujanos, farmacéuticos, químico-farmacéuticos, bioquímicos, cirujano-dentistas";"MANDIOLA MOSTO, CATALINA PAZ";"Medico Becario Primario";"44 Hrs.";"MEDICO CIRUJANO";"Región Metropolitana de Santiago";"(01)";"$ 2.875.980";"$ 2.370.382";"$ 0";"$ 0";"No";"No tiene";"No tiene";"No tiene";"07/04/2025";"06/04/2026";"No informa";"Sin observaciones";
"2026";"Marzo";"Médicos cirujanos, farmacéuticos, químico-farmacéuticos, bioquímicos, cirujano-dentistas";"MANDUJANO MUÑOZ, ISIDORA FERNANDA";"Medico Becario Primario";"44 Hrs.";"MEDICO CIRUJANO";"Región Metropolitana de Santiago";"(01)";"$ 2.875.980";"$ 2.373.833";"$ 0";"$ 0";"No";"No tiene";"No tiene";"No tiene";"07/04/2025";"06/04/2026";"No informa";"Sin observaciones";
"2026";"Marzo";"Administrativo";"MANQUE CORTES, GLORIA EDITH";"Apoyo Administrativo";"22";"TECNICO NIVEL SUPERIOR ENFERMERIA";"Región Metropolitana de Santiago";"(01)";"$ 758.081";"$ 636.561";"$ 0";"$ 0";"No";"No tiene";"No tiene";"No tiene";"01/01/2026";"31/12/2026";"No informa";"Sin observaciones";
"2026";"Marzo";"Profesional";"MANRIQUEZ DROGUETT, ANGELA ESTER";"Apoyo Administrativo";"7";"ABOGADO (A)";"Región Metropolitana de Santiago";"(186)";"$ 3.558.900";"$ 2.656.105";"$ 0";"$ 437.561";"No";"No tiene";"No tiene";"No tiene";"01/01/2026";"31/12/2026";"No informa";"Sin observaciones";
"2026";"Marzo";"Técnico";"MANRIQUEZ LLANCA, WALTER ALEX";"Atencion Clinica";"21";"TECNICO DE NIVEL SUPERIOR EN ENFERMERIA E INSTRUMENTACION QUIRURGICA";"Región Metropolitana de Santiago";"(01)";"$ 731.315";"$ 597.704";"$ 0";"$ 0";"No";"No tiene";"No tiene";"No tiene";"05/01/2026";"04/04/2026";"No informa";"CONTRATO A PRUEBA";
"2026";"Marzo";"Profesional";"MANRIQUEZ TORRES, EVELYN ANDREA";"Atencion Clinica";"15";"ENFERMERA (O)";"Región Metropolitana de Santiago";"(186)";"$ 2.168.961";"$ 1.556.748";"$ 0";"$ 450.085";"Sí";"$ 92.611 : 11,00 hrs";"No tiene";"No tiene";"01/01/2026";"31/12/2026";"No informa";"Sin observaciones";
"2026";"Marzo";"Técnico";"MANRIQUEZ ZUÑIGA, TAMARA ANGELICA";"Atencion Clinica";"21";"TECNICO NIVEL SUPERIOR ENFERMERIA";"Región Metropolitana de Santiago";"(186)";"$ 937.381";"$ 729.274";"$ 0";"$ 134.261";"No";"No tiene";"No tiene";"No tiene";"01/01/2026";"31/12/2026";"No informa";"Sin observaciones";
"2026";"Marzo";"Profesional";"MANSILLA VASQUEZ, NICOLE IVONNE";"Atencion Clinica";"13";"PSICOLOGO (A)";"Región Metropolitana de Santiago";"(01)";"$ 1.940.262";"$ 1.489.259";"$ 0";"$ 170.023";"No";"No tiene";"No tiene";"No tiene";"01/01/2026";"31/12/2026";"No informa";"REMUNERACION MARZO 2026 + BONOS TRIMESTRALES";
"2026";"Marzo";"Profesional";"MANZO PINILLA, JENNIFER GIANCARLA";"Atencion Clinica";"12";"ENFERMERA (O)";"Región Metropolitana de Santiago";"(01)";"$ 2.084.694";"$ 1.612.891";"$ 0";"$ 140.486";"No";"No tiene";"No tiene";"No tiene";"01/01/2026";"31/12/2026";"No informa";"Sin observaciones";
"2026";"Marzo";"Profesional";"MARAMBIO CARREÑO, CRISTIAN ANDRES";"ATENCION CLINICA";"12";"KINESIOLOGO (A)";"Región Metropolitana de Santiago";"(203)(204)(186)";"$ 4.551.253";"$ 3.793.082";"$ 0";"$ 353.222";"Sí";"$ 174.058 : 16,00 hrs";"$ 1.331.545 : 102,00 hrs";"No tiene";"01/01/2026";"31/12/2026";"No informa";"CANCELA PAGO TRIMESTRAL LEY 19.490 PERIODO 03/2026+CANCELA PAGO TRIMESTRAL LEY 19.937 PERIODO 03/2026+REMUNERACION MAR.2026";
"2026";"Marzo";"Médicos cirujanos, farmacéuticos, químico-farmacéuticos, bioquímicos, cirujano-dentistas";"MARAMBIO GOLDMAN, LISETTE VANESSA";"Quimico Farmaceutico";"44 Hrs.";"QUIMICO FARMACEUTICO";"Región Metropolitana de Santiago";"(01)";"$ 1.928.381";"$ 1.550.864";"$ 0";"$ 0";"No";"No tiene";"No tiene";"No tiene";"01/01/2026";"31/03/2026";"No informa";"Sin observaciones";
"2026";"Marzo";"Médicos cirujanos, farmacéuticos, químico-farmacéuticos, bioquímicos, cirujano-dentistas";"MARAMBIO JAÑA, PATRICIO RODRIGO";"Atencion Clinica Medica";"44 Hrs.";"MEDICO CIRUJANO";"Región Metropolitana de Santiago";"(86)(186)";"$ 3.465.905";"$ 2.753.504";"$ 0";"$ 0";"No";"No tiene";"No tiene";"No tiene";"01/01/2026";"31/12/2026";"No informa";"Sin observaciones";
"2026";"Marzo";"Profesional";"MARAMBIO YAÑEZ, ANTONIO ANDRES";"Atencion Clinica";"12";"TERAPEUTA EN ACTIVIDAD FISICA";"Región Metropolitana de Santiago";"(01)";"$ 2.536.381";"$ 1.921.513";"$ 0";"$ 280.972";"Sí";"$ 169.005 : 16,00 hrs";"$ 50.702 : 4,00 hrs";"No tiene";"01/01/2026";"31/12/2026";"No informa";"Sin observaciones";
"2026";"Marzo";"Profesional";"MARCHANT CABRERA, CAROLINA BELEN DE RITA";"APOYO ADMINISTRATIVO";"12";"PSICOLOGO (A)";"Región Metropolitana de Santiago";"(01)";"$ 1.944.208";"$ 1.417.528";"$ 0";"$ 120.417";"No";"No tiene";"No tiene";"No tiene";"01/01/2026";"31/12/2026";"No informa";"CANCELA PAGO TRIMESTRAL LEY 19.937 PERIODO 03/202+REMUNERACION MAR.2026";
"2026";"Marzo";"Técnico";"MARCHANT SAAVEDRA, DANIELA ANDREA";"Atencion Clinica";"21";"TECNICO NIVEL SUPERIOR ENFERMERIA";"Región Metropolitana de Santiago";"(186)";"$ 822.714";"$ 689.830";"$ 0";"$ 0";"No";"No tiene";"No tiene";"No tiene";"01/01/2026";"31/03/2026";"No informa";"Sin observaciones";
"2026";"Marzo";"Auxiliar";"MARDONES CASTRO, CRISTOPHER GREGORY";"Apoyo Logistico";"23";"AUXILIAR";"Región Metropolitana de Santiago";"(01)";"$ 1.070.273";"$ 906.400";"$ 0";"$ 104.227";"Sí";"$ 124.673 : 40,00 hrs";"$ 276.775 : 74,00 hrs";"No tiene";"01/01/2026";"31/03/2026";"No informa";"Sin observaciones";
"2026";"Marzo";"Auxiliar";"MARDONES VERA, ADRIAN ALFREDO";"CONDUCTOR";"22";"INGENIERO (A) EN ADMINISTRACION";"Región Metropolitana de Santiago";"(205)(202)(204)";"$ 1.416.382";"$ 1.116.638";"$ 0";"$ 167.050";"No";"No tiene";"No tiene";"No tiene";"01/01/2026";"31/12/2026";"No informa";"CANCELA PAGO TRIMESTRAL LEY 19.937 PERIODO 03/2026+DIF. BONO VACACIONES 2026+REMUNERACION MAR.2026";
"2026";"Marzo";"Médicos cirujanos, farmacéuticos, químico-farmacéuticos, bioquímicos, cirujano-dentistas";"MARDONES VIDAL, CAMILA FRANCISCA";"CIRUGIA GENERAL";"28 Hrs.";"MEDICO CIRUJANO";"Región Metropolitana de Santiago";"(01)";"$ 0";"$ 0";"$ 0";"$ 0";"No";"No tiene";"No tiene";"No tiene";"01/01/2026";"31/12/2026";"No informa";"REMUNERACION MAR.2026";
"2026";"Marzo";"Profesional";"MARILAO SALINAS, CAROLINA IVONNE";"Atencion Clinica";"15";"PROFESOR (A)";"Región Metropolitana de Santiago";"(186)";"$ 1.874.294";"$ 1.454.215";"$ 0";"$ 248.323";"Sí";"$ 8.319 : 1,00 hrs";"No tiene";"No tiene";"01/01/2026";"31/12/2026";"No informa";"Sin observaciones";
"2026";"Marzo";"Profesional";"MARILLAN CUBILLOS, SEBASTIAN ENRIQUE";"Atencion Clinica";"15";"PROFESOR (A)";"Región Metropolitana de Santiago";"(186)";"$ 1.675.059";"$ 1.283.297";"$ 0";"$ 158.305";"Sí";"$ 16.437 : 2,00 hrs";"No tiene";"No tiene";"01/01/2026";"31/12/2026";"No informa";"Sin observaciones";
"2026";"Marzo";"Profesional";"MARIN CALDERON, LUCIA FRANCISCA DEL CARMEN";"Atencion Clinica";"15";"TRABAJADOR (A) SOCIAL";"Región Metropolitana de Santiago";"(186)";"$ 1.792.872";"$ 1.361.544";"$ 0";"$ 192.449";"No";"No tiene";"No tiene";"No tiene";"01/01/2026";"31/12/2026";"No informa";"Sin observaciones";
"2026";"Marzo";"Técnico";"MARIN CONTRERAS, PAMELA LUZ";"ATENCION CLINICA";"22";"TECNICO NIVEL MEDIO ENFERMERIA";"Región Metropolitana de Santiago";"(203)(204)(186)";"$ 856.492";"$ 498.383";"$ 0";"$ 120.553";"No";"No tiene";"No tiene";"No tiene";"01/01/2026";"31/12/2026";"No informa";"CANCELA PAGO TRIMESTRAL LEY 19.490 PERIODO 03/2026+CANCELA PAGO TRIMESTRAL LEY 19.937 PERIODO 03/2026+REMUNERACION MAR.2026";
"2026";"Marzo";"Profesional";"MARIN GONZALEZ, EMILI ANDREA";"ATENCION CLINICA";"13";"ENFERMERA (O)";"Región Metropolitana de Santiago";"(203)(204)(186)";"$ 4.166.406";"$ 3.252.710";"$ 0";"$ 276.467";"Sí";"$ 288.859 : 29,00 hrs";"$ 1.075.750 : 90,00 hrs";"No tiene";"01/01/2026";"31/12/2026";"No informa";"CANCELA BONO ESCOLAR 2026-202603+CANCELA PAGO TRIMESTRAL LEY 19.490 Y LEY 19.937 PERIODO 03/2026+DIF. ACREDITACION LEY 19.937 A/C 26/02/2026+REMUNERACION MAR.2026";
"2026";"Marzo";"Técnico";"MARIN PALMA, NICOLAS ALEJANDRO";"ATENCION CLINICA";"21";"TECNICO NIVEL SUPERIOR ENFERMERIA";"Región Metropolitana de Santiago";"(203)(204)(186)";"$ 1.299.548";"$ 1.077.790";"$ 0";"$ 145.450";"Sí";"$ 152.413 : 40,00 hrs";"$ 137.172 : 30,00 hrs";"No tiene";"01/01/2026";"31/12/2026";"No informa";"CANCELA ASIG. TECNICA+CANCELA PAGO TRIMESTRAL LEY 19.490 Y LEY 19.937 PERIODO 03/2026+REMUNERACION MAR.2026";
"2026";"Marzo";"Profesional";"MARINKOVIC CHAMORRO, CRISTIAN ANDRES";"ATENCION CLINICA";"13";"ENFERMERA (O)";"Región Metropolitana de Santiago";"(203)(204)";"$ 4.095.510";"$ 3.329.120";"$ 0";"$ 39.336";"Sí";"$ 204.262 : 21,00 hrs";"$ 1.143.865 : 98,00 hrs";"No tiene";"01/01/2026";"31/03/2026";"No informa";"BONO VACACIONES 2026+PAGO AGUINALDO SEPTIEMBRE 2025+REMUNERACION MAR.2026";
"2026";"Marzo";"Profesional";"MARQUEZ HERNANDEZ, ALEX WALDO DEL PILAR";"Apoyo Administrativo";"5";"CONTADOR (A) PUBLICO";"Región Metropolitana de Santiago";"(186)";"$ 4.085.912";"$ 3.200.406";"$ 0";"$ 447.462";"No";"No tiene";"No tiene";"No tiene";"01/01/2026";"31/12/2026";"No informa";"REMUNERACION MARZO 2026 + BONOS TRIMESTRALES";
"2026";"Marzo";"Administrativo";"MARQUEZ ORTIZ, DORIS SOLANGE";"Apoyo Administrativo";"21";"ADMINISTRATIVO";"Región Metropolitana de Santiago";"(186)";"$ 778.627";"$ 599.703";"$ 0";"$ 123.073";"No";"No tiene";"No tiene";"No tiene";"01/01/2026";"31/12/2026";"No informa";"Sin observaciones";
"2026";"Marzo";"Administrativo";"MARTINEZ ACUÑA, OSCAR MAURICIO";"Apoyo Administrativo";"16";"ADMINISTRATIVO";"Región Metropolitana de Santiago";"(186)";"$ 1.393.210";"$ 1.000.289";"$ 0";"$ 416.859";"No";"No tiene";"No tiene";"No tiene";"01/01/2026";"31/12/2026";"No informa";"Sin observaciones";
"2026";"Marzo";"Técnico";"MARTINEZ CARCAMO, OSVALDO FELIX";"Atencion Clinica";"21";"TECNICO NIVEL SUPERIOR ENFERMERIA";"Región Metropolitana de Santiago";"(01)";"$ 860.673";"$ 654.370";"$ 0";"$ 134.261";"No";"No tiene";"No tiene";"No tiene";"01/01/2026";"31/03/2026";"No informa";"Sin observaciones";
"2026";"Marzo";"Profesional";"MARTINEZ CARREÑO, PAMELA JESUS";"Apoyo Administrativo";"8";"ENFERMERA (O)";"Región Metropolitana de Santiago";"(186)";"$ 3.278.312";"$ 2.459.257";"$ 0";"$ 529.441";"No";"No tiene";"No tiene";"No tiene";"01/01/2026";"31/12/2026";"No informa";"Sin observaciones";
"2026";"Marzo";"Técnico";"MARTINEZ ESCOBAR, JOSE LUIS";"Apoyo Administrativo";"12";"CONTADOR (A) GENERAL";"Región Metropolitana de Santiago";"(186)";"$ 3.032.188";"$ 1.948.328";"$ 0";"$ 962.966";"No";"No tiene";"No tiene";"No tiene";"01/01/2026";"31/12/2026";"No informa";"REMUNERACION MARZO 2026 + BONOS TRIMESTRALES";
"2026";"Marzo";"Profesional";"MARTINEZ JADUE, FRANCISCA SOFIA";"Atencion Clinica";"14";"NUTRICIONISTA";"Región Metropolitana de Santiago";"(186)";"$ 1.999.141";"$ 1.549.336";"$ 0";"$ 264.173";"No";"No tiene";"No tiene";"No tiene";"01/01/2026";"31/12/2026";"No informa";"Sin observaciones";
"2026";"Marzo";"Técnico";"MARTINEZ MALLEA, BARBARA NICOLE";"Atencion Clinica";"21";"TECNICO NIVEL SUPERIOR ODONTOLOGIA";"Región Metropolitana de Santiago";"(186)";"$ 921.256";"$ 660.908";"$ 0";"$ 123.073";"No";"No tiene";"No tiene";"No tiene";"01/01/2026";"31/12/2026";"No informa";"Sin observaciones";
"2026";"Marzo";"Profesional";"MARTINEZ MUÑOZ, SUDY VALERIA";"Atencion Clinica";"12";"NUTRICIONISTA";"Región Metropolitana de Santiago";"(186)";"$ 2.401.908";"$ 1.890.951";"$ 0";"$ 280.972";"Sí";"$ 74.382 : 7,00 hrs";"No tiene";"No tiene";"01/01/2026";"31/12/2026";"No informa";"Sin observaciones";
"2026";"Marzo";"Técnico";"MARTINEZ NUÑEZ, SANDRA PAOLA";"Atencion Clinica";"20";"TECNICO PARAMEDICO";"Región Metropolitana de Santiago";"(186)";"$ 996.023";"$ 761.563";"$ 0";"$ 177.049";"No";"No tiene";"No tiene";"No tiene";"01/01/2026";"31/12/2026";"No informa";"Sin observaciones";
"2026";"Marzo";"Técnico";"MARTINEZ RIVERO, SERGIO IGNACIO";"Atencion Clinica";"21";"TECNICO NIVEL SUPERIOR ENFERMERIA";"Región Metropolitana de Santiago";"(186)";"$ 866.352";"$ 668.315";"$ 0";"$ 130.066";"No";"No tiene";"No tiene";"No tiene";"01/01/2026";"31/12/2026";"No informa";"Sin observaciones";
"2026";"Marzo";"Técnico";"MARTINEZ ROMERO, DEISY IRENE";"Atencion Clinica";"22";"TECNICO NIVEL SUPERIOR ENFERMERIA";"Región Metropolitana de Santiago";"(186)";"$ 865.290";"$ 668.508";"$ 0";"$ 127.035";"No";"No tiene";"No tiene";"No tiene";"01/01/2026";"31/12/2026";"No informa";"Sin observaciones";
"2026";"Marzo";"Administrativo";"MARTINEZ RUBILAR, MARIA CRISTINA";"Apoyo Administrativo";"13";"ADMINISTRADOR (A) PUBLICO";"Región Metropolitana de Santiago";"(186)(186)";"$ 2.680.145";"$ 1.161.270";"$ 0";"$ 882.068";"No";"No tiene";"No tiene";"No tiene";"01/01/2026";"31/12/2026";"No informa";"REMUNERACION MARZO 2026 + BONOS TRIMESTRALES";
"2026";"Marzo";"Profesional";"MARTINEZ SAAVEDRA, CATALINA ANDREA";"Apoyo Administrativo";"12";"PSICOLOGO (A)";"Región Metropolitana de Santiago";"(186)";"$ 2.139.700";"$ 1.696.292";"$ 0";"$ 163.232";"No";"No tiene";"No tiene";"No tiene";"01/01/2026";"31/12/2026";"No informa";"REMUNERACION MARZO 2026 + BONOS TRIMESTRALES";
"2026";"Marzo";"Técnico";"MARTINEZ SALAS, CINDY VICTORIA";"Atencion Clinica";"22";"TECNICO NIVEL SUPERIOR ENFERMERIA";"Región Metropolitana de Santiago";"(01)";"$ 838.484";"$ 644.785";"$ 0";"$ 114.072";"No";"No tiene";"No tiene";"No tiene";"01/01/2026";"31/03/2026";"No informa";"Sin observaciones";
"2026";"Marzo";"Médicos cirujanos, farmacéuticos, químico-farmacéuticos, bioquímicos, cirujano-dentistas";"MARTINEZ VERDEJO, CONSTANZA";"Atencion Odontologica";"44 Hrs.";"CIRUJANO DENTISTA";"Región Metropolitana de Santiago";"(188)(86)(186)";"$ 3.330.950";"$ 2.626.201";"$ 0";"$ 0";"No";"No tiene";"No tiene";"No tiene";"01/01/2026";"31/12/2026";"No informa";"Sin observaciones";
"2026";"Marzo";"Profesional";"MARURI CASTILLO, PAULA ANDREA";"Apoyo Administrativo";"12";"RELACIONADOR (A) PUBLICO";"Región Metropolitana de Santiago";"(186)(186)";"$ 2.197.892";"$ 1.663.306";"$ 0";"$ 140.486";"No";"No tiene";"No tiene";"No tiene";"01/01/2026";"31/12/2026";"No informa";"REMUNERACION MARZO 2026 + BONOS TRIMESTRALES";
"2026";"Marzo";"Administrativo";"MATURANA ESCOBAR, YAZMIN DANIELA";"Secretaria";"22";"ADMINISTRATIVO";"Región Metropolitana de Santiago";"(186)";"$ 910.667";"$ 717.668";"$ 0";"$ 134.812";"No";"No tiene";"No tiene";"No tiene";"01/01/2026";"31/12/2026";"No informa";"Sin observaciones";
"2026";"Marzo";"Profesional";"MATURANA GARCIA, MARCELA PAZ";"Apoyo Administrativo";"7";"ENFERMERO (A) MATRON (A)";"Región Metropolitana de Santiago";"(186)";"$ 3.769.261";"$ 2.828.645";"$ 0";"$ 600.083";"No";"No tiene";"No tiene";"No tiene";"01/01/2026";"31/12/2026";"No informa";"REMUNERACION MARZO 2026 + BONOS TRIMESTRALES";
"2026";"Marzo";"Auxiliar";"MATURANA PACHECO, VICTOR HUGO";"CONDUCTOR";"22";"AUXILIAR";"Región Metropolitana de Santiago";"(205)(203)(204)";"$ 1.238.908";"$ 792.798";"$ 0";"$ 127.035";"Sí";"$ 136.450 : 40,00 hrs";"$ 122.805 : 30,00 hrs";"No tiene";"01/01/2026";"31/03/2026";"No informa";"CANCELA ASIG. TECNICA+CANCELA PAGO TRIMESTRAL LEY 19.490 Y LEY 19.937 PERIODO 03/2026+REMUNERACION MAR.2026";
"2026";"Marzo";"Profesional";"MATURANA SILVA, MICHELLE MARGARITA";"Atencion Clinica";"16";"TERAPEUTA OCUPACIONAL";"Región Metropolitana de Santiago";"(01)";"$ 1.720.675";"$ 1.389.014";"$ 0";"$ 99.574";"Sí";"$ 179.683 : 24,00 hrs";"$ 71.873 : 8,00 hrs";"No tiene";"01/01/2026";"31/12/2026";"No informa";"Sin observaciones";
"2026";"Marzo";"Profesional";"MAULEN SIERRA, MARCELA JUDITH";"JEFE DE DEPARTAMENTO";"5";"PERIODISTA";"Región Metropolitana de Santiago";"(186)";"$ 3.583.431";"$ 2.752.061";"$ 0";"$ 596.189";"No";"No tiene";"No tiene";"No tiene";"01/01/2026";"31/12/2026";"No informa";"BONO VACACIONES 2026+CANCELA PAGO TRIMESTRAL LEY 19.490 Y LEY 19.937 PERIODO 03/2026+REMUNERACION MAR.2026";
"2026";"Marzo";"Médicos cirujanos, farmacéuticos, químico-farmacéuticos, bioquímicos, cirujano-dentistas";"MAYANZ SALAS, SEBASTIAN DAVID";"Medicina Legal";"11 Hrs.";"MEDICO CIRUJANO";"Región Metropolitana de Santiago";"(86)(186)";"$ 1.426.188";"$ 1.162.785";"$ 0";"$ 0";"No";"No tiene";"No tiene";"No tiene";"01/01/2026";"31/12/2026";"No informa";"Sin observaciones";
"2026";"Marzo";"Profesional";"MAZRY ANDRADE, VALENTINA NICOLE";"Subdirector";"6";"NUTRICIONISTA";"Región Metropolitana de Santiago";"(01)";"$ 4.083.578";"$ 3.135.401";"$ 0";"$ 722.985";"No";"No tiene";"No tiene";"No tiene";"01/01/2026";"31/12/2026";"No informa";"Sin observaciones";
"2026";"Marzo";"Auxiliar";"MECATO URIBE, CLAUDIO ALEXIS";"CONDUCTOR";"22";"AUXILIAR";"Región Metropolitana de Santiago";"(205)(202)(204)";"$ 1.448.303";"$ 936.723";"$ 0";"$ 127.035";"Sí";"$ 98.926 : 29,00 hrs";"$ 270.171 : 66,00 hrs";"No tiene";"01/01/2026";"31/12/2026";"No informa";"CANCELA PAGO TRIMESTRAL LEY 19.490 PERIODO 03/2026+CANCELA PAGO TRIMESTRAL LEY 19.937 PERIODO 03/2026+REMUNERACION MAR.2026";
"2026";"Marzo";"Médicos cirujanos, farmacéuticos, químico-farmacéuticos, bioquímicos, cirujano-dentistas";"MEDEL TORRES, JAVIER ALEJANDRO";"Quimico Farmaceutico";"44 Hrs.";"QUIMICO FARMACEUTICO";"Región Metropolitana de Santiago";"(86)(186)";"$ 5.359.648";"$ 4.377.947";"$ 0";"$ 0";"No";"No tiene";"No tiene";"No tiene";"01/01/2026";"31/12/2026";"No informa";"Sin observaciones";
"2026";"Marzo";"Médicos cirujanos, farmacéuticos, químico-farmacéuticos, bioquímicos, cirujano-dentistas";"MEDINA DIAZ, JEANETTE IVONNE";"Medicina Familiar";"44 Hrs.";"MEDICO CIRUJANO";"Región Metropolitana de Santiago";"(188)(86)(186)";"$ 7.242.279";"$ 5.824.445";"$ 0";"$ 0";"No";"No tiene";"No tiene";"No tiene";"01/01/2026";"31/12/2026";"No informa";"Sin observaciones";
"2026";"Marzo";"Técnico";"MEDINA FERNANDEZ, KATHERINE ROMINA";"ATENCION CLINICA";"22";"ENFERMERA (O)";"Región Metropolitana de Santiago";"(202)(204)(186)";"$ 1.384.390";"$ 1.071.116";"$ 0";"$ 235.822";"No";"No tiene";"No tiene";"No tiene";"01/01/2026";"31/12/2026";"No informa";"CANCELA PAGO TRIMESTRAL LEY 19.490 PERIODO 03/2026+CANCELA PAGO TRIMESTRAL LEY 19.937 PERIODO 03/2026+REMUNERACION MAR.2026";
"2026";"Marzo";"Profesional";"MEDINA GALAZ, MARCELA ROXANA";"Apoyo Administrativo";"8";"INGENIERO (A) EN GESTION AMBIENTAL";"Región Metropolitana de Santiago";"(186)";"$ 3.035.030";"$ 2.315.044";"$ 0";"$ 289.439";"No";"No tiene";"No tiene";"No tiene";"01/01/2026";"31/12/2026";"No informa";"Sin observaciones";
"2026";"Marzo";"Médicos cirujanos, farmacéuticos, químico-farmacéuticos, bioquímicos, cirujano-dentistas";"MEDINA IBARRA, YASMIN BELEN";"Atencion Clinica Medica";"22 Hrs.";"MEDICO CIRUJANO";"Región Metropolitana de Santiago";"(188)";"$ 1.058.601";"$ 841.608";"$ 0";"$ 0";"No";"No tiene";"No tiene";"No tiene";"01/01/2026";"31/03/2026";"No informa";"Sin observaciones";
"2026";"Marzo";"Médicos cirujanos, farmacéuticos, químico-farmacéuticos, bioquímicos, cirujano-dentistas";"MEDINA IBARRA, YASMIN BELEN";"Atencion Clinica Medica";"22 Hrs.";"MEDICO CIRUJANO";"Región Metropolitana de Santiago";"(188)";"$ 1.058.601";"$ 873.769";"$ 0";"$ 0";"No";"No tiene";"No tiene";"No tiene";"01/01/2026";"31/03/2026";"No informa";"Sin observaciones";
"2026";"Marzo";"Médicos cirujanos, farmacéuticos, químico-farmacéuticos, bioquímicos, cirujano-dentistas";"MEDINA SALCEDO, MARISELA SORANGELY";"Atencion Clinica Medica";"44 Hrs.";"MEDICO CIRUJANO";"Región Metropolitana de Santiago";"(01)";"$ 1.928.381";"$ 1.565.758";"$ 0";"$ 0";"No";"No tiene";"No tiene";"No tiene";"01/01/2026";"31/03/2026";"No informa";"Sin observaciones";
"2026";"Marzo";"Profesional";"MEDRANO ZUÑIGA, SEBASTIAN IGNACIO";"Atencion Clinica";"15";"PSICOLOGO (A)";"Región Metropolitana de Santiago";"(01)";"$ 1.584.823";"$ 1.252.830";"$ 0";"$ 93.121";"No";"No tiene";"No tiene";"No tiene";"01/01/2026";"31/03/2026";"No informa";"Sin observaciones";
"2026";"Marzo";"Médicos cirujanos, farmacéuticos, químico-farmacéuticos, bioquímicos, cirujano-dentistas";"MEISTER GUZMAN, GUIDO ALEXANDER";"Atencion Odontologica";"22 Hrs.";"CIRUJANO DENTISTA";"Región Metropolitana de Santiago";"(188)(186)";"$ 2.285.923";"$ 1.833.707";"$ 0";"$ 0";"No";"No tiene";"No tiene";"No tiene";"01/01/2026";"31/12/2026";"No informa";"Sin observaciones";
"2026";"Marzo";"Técnico";"MEJIAS FIGUEROA, MONICA DEL CARMEN";"Atencion Clinica";"21";"TECNICO PARAMEDICO";"Región Metropolitana de Santiago";"(186)(186)";"$ 935.805";"$ 656.123";"$ 0";"$ 137.059";"Sí";"$ 48.690 : 13,00 hrs";"No tiene";"No tiene";"01/01/2026";"31/12/2026";"No informa";"Sin observaciones";
"2026";"Marzo";"Profesional";"MEJIAS MIRANDA, SINDY ALICIA";"Jefe de Departamento";"5";"INGENIERO (A) EJECUCION EN INFORMATICA";"Región Metropolitana de Santiago";"(186)(186)";"$ 4.381.220";"$ 3.170.243";"$ 0";"$ 779.450";"No";"No tiene";"No tiene";"No tiene";"01/01/2026";"31/12/2026";"No informa";"REMUNERACION MARZO 2026 + BONOS TRIMESTRALES";
"2026";"Marzo";"Administrativo";"MELGAREJO CHARRIE, DANIELA VICTORIA";"Apoyo Administrativo";"21";"TECNICO NIVEL SUPERIOR ENFERMERIA";"Región Metropolitana de Santiago";"(186)";"$ 812.192";"$ 614.332";"$ 0";"$ 156.638";"No";"No tiene";"No tiene";"No tiene";"01/01/2026";"31/12/2026";"No informa";"Sin observaciones";
"2026";"Marzo";"Profesional";"MENA CONCHA, JUAN ANTONIO";"APOYO ADMINISTRATIVO";"10";"ENFERMERA (O)";"Región Metropolitana de Santiago";"(186)";"$ 2.339.626";"$ 1.223.829";"$ 0";"$ 629.198";"No";"No tiene";"No tiene";"No tiene";"01/01/2026";"31/12/2026";"No informa";"CANCELA PAGO TRIMESTRAL LEY 19.490 PERIODO 03/2026+CANCELA PAGO TRIMESTRAL LEY 19.937 PERIODO 03/2026+REMUNERACION MAR.2026";
"2026";"Marzo";"Médicos cirujanos, farmacéuticos, químico-farmacéuticos, bioquímicos, cirujano-dentistas";"MENA LORCA, CARLOS FRANCISCO";"Atencion Odontologica";"11 Hrs.";"CIRUJANO DENTISTA";"Región Metropolitana de Santiago";"(01)";"$ 0";"$ 0";"$ 0";"$ 0";"No";"No tiene";"No tiene";"No tiene";"01/01/2026";"31/03/2026";"No informa";"PSGS DESDE 01/03/2026 AL 31/03/2026";
"2026";"Marzo";"Profesional";"MENAS PEÑA, JEANNETTE IVONNE";"Apoyo Administrativo";"9";"INGENIERO (A) EJECUCION ADMINISTRACION";"Región Metropolitana de Santiago";"(186)";"$ 3.325.645";"$ 2.409.782";"$ 0";"$ 697.664";"No";"No tiene";"No tiene";"No tiene";"01/01/2026";"31/12/2026";"No informa";"REMUNERACION MARZO 2026 + BONOS TRIMESTRALES";
"2026";"Marzo";"Administrativo";"MENDEZ CORTES, MARCOS PATRICIO";"APOYO ADMINISTRATIVO";"22";"ADMINISTRATIVO";"Región Metropolitana de Santiago";"(01)";"$ 1.040.560";"$ 919.870";"$ 0";"$ 0";"Sí";"$ 47.758 : 14,00 hrs";"$ 301.555 : 163,00 hrs";"No tiene";"01/01/2026";"31/03/2026";"No informa";"PAGO BONO MENSUAL+REMUNERACION MAR.2026";
"2026";"Marzo";"Profesional";"MENDEZ DEL RIO, DENISSE CHARLOT";"Atencion Clinica";"15";"NUTRICIONISTA";"Región Metropolitana de Santiago";"(186)";"$ 1.834.934";"$ 1.447.730";"$ 0";"$ 217.282";"No";"No tiene";"No tiene";"No tiene";"01/01/2026";"31/12/2026";"No informa";"Sin observaciones";
"2026";"Marzo";"Administrativo";"MENDEZ ELGUETA, ISIDORA PATRICIA";"APOYO ADMINISTRATIVO";"22";"ADMINISTRATIVO";"Región Metropolitana de Santiago";"(203)(204)";"$ 1.408.788";"$ 1.128.347";"$ 0";"$ 0";"Sí";"$ 22.397 : 6,00 hrs";"$ 246.365 : 55,00 hrs";"No tiene";"01/01/2026";"31/12/2026";"No informa";"REMUNERACION MAR.2026";
"2026";"Marzo";"Administrativo";"MENDEZ MEDINA, ALEXANDRA PAZ";"Apoyo Administrativo";"21";"ADMINISTRATIVO";"Región Metropolitana de Santiago";"(186)";"$ 809.928";"$ 625.102";"$ 0";"$ 130.066";"Sí";"$ 18.727 : 5,00 hrs";"No tiene";"No tiene";"01/01/2026";"31/12/2026";"No informa";"Sin observaciones";
"2026";"Marzo";"Médicos cirujanos, farmacéuticos, químico-farmacéuticos, bioquímicos, cirujano-dentistas";"MENDEZ SEPULVEDA, CONSTANZA BELEN";"Atencion Clinica Medica";"44 Hrs.";"MÉDICOS CIRUJANOS, FARMACÉUTICOS, QUÍMICO-FARMACÉUTICOS, BIOQUÍMICOS, CIRUJANO-DENTISTAS";"Región Metropolitana de Santiago";"(86)";"$ 3.007.345";"$ 2.382.878";"$ 0";"$ 0";"No";"No tiene";"No tiene";"No tiene";"01/01/2026";"31/12/2026";"No informa";"Sin observaciones";
"2026";"Marzo";"Médicos cirujanos, farmacéuticos, químico-farmacéuticos, bioquímicos, cirujano-dentistas";"MENDOZA FUENTES, PAULA ANTONIETA";"CIRUGIA GENERAL";"28 Hrs.";"MEDICO CIRUJANO";"Región Metropolitana de Santiago";"(194)(193)(198)";"$ 2.488.500";"$ 1.339.121";"$ 0";"$ 139.697";"No";"No tiene";"No tiene";"No tiene";"01/01/2026";"31/12/2026";"No informa";"BONO VACACIONES 2026+PAGO ASIGNACION METAS DE PRODUCCION Y CALIDAD PERIODO 03/2026+REMUNERACION MAR.2026";
"2026";"Marzo";"Médicos cirujanos, farmacéuticos, químico-farmacéuticos, bioquímicos, cirujano-dentistas";"MENDOZA MEDINA, MARIA MARINES";"Atencion Odontologica";"44 Hrs.";"CIRUJANO DENTISTA";"Región Metropolitana de Santiago";"(188)(186)";"$ 4.409.999";"$ 3.556.191";"$ 0";"$ 0";"No";"No tiene";"No tiene";"No tiene";"01/01/2026";"31/12/2026";"No informa";"Sin observaciones";
"2026";"Marzo";"Auxiliar";"MENESES AZUA, ALEX RAMON";"CONDUCTOR";"22";"AUXILIAR";"Región Metropolitana de Santiago";"(205)(202)(204)(186)";"$ 1.446.470";"$ 1.091.154";"$ 0";"$ 145.183";"Sí";"$ 48.182 : 14,00 hrs";"$ 239.535 : 58,00 hrs";"No tiene";"01/01/2026";"31/12/2026";"No informa";"CANCELA PAGO TRIMESTRAL LEY 19.490 PERIODO 03/2026+CANCELA PAGO TRIMESTRAL LEY 19.937 PERIODO 03/2026+REMUNERACION MAR.2026";
"2026";"Marzo";"Técnico";"MERCADO MUÑOZ, RUTH NOEMI";"Atencion Clinica";"20";"TECNICO NIVEL SUPERIOR ODONTOLOGIA";"Región Metropolitana de Santiago";"(01)";"$ 876.004";"$ 669.762";"$ 0";"$ 129.836";"No";"No tiene";"No tiene";"No tiene";"01/01/2026";"31/12/2026";"No informa";"Sin observaciones";
"2026";"Marzo";"Auxiliar";"MERINO CELIS, MAURICIO ANDRES";"CONDUCTOR";"22";"AUXILIAR";"Región Metropolitana de Santiago";"(205)(202)(204)(186)";"$ 1.128.951";"$ 704.441";"$ 0";"$ 127.035";"Sí";"$ 41.299 : 12,00 hrs";"No tiene";"No tiene";"01/01/2026";"31/12/2026";"No informa";"CANCELA PAGO TRIMESTRAL LEY 19.490 PERIODO 03/2026+CANCELA PAGO TRIMESTRAL LEY 19.937 PERIODO 03/2026+REMUNERACION MAR.2026";
"2026";"Marzo";"Profesional";"MERIÑO MARTINEZ, JAVIERA CONSTANZA";"Atencion Clinica";"15";"FONOAUDIOLOGO (A)";"Región Metropolitana de Santiago";"(01)";"$ 1.491.702";"$ 1.218.023";"$ 0";"$ 0";"No";"No tiene";"No tiene";"No tiene";"01/01/2026";"31/12/2026";"No informa";"Sin observaciones";
"2026";"Marzo";"Técnico";"MERY GATICA, KAROL LAURA";"Atencion Clinica";"21";"TECNICO NIVEL SUPERIOR RECURSOS HUMANOS";"Región Metropolitana de Santiago";"(186)";"$ 770.775";"$ 640.727";"$ 0";"$ 37.299";"No";"No tiene";"No tiene";"No tiene";"01/01/2026";"31/12/2026";"No informa";"Sin observaciones";
"2026";"Marzo";"Médicos cirujanos, farmacéuticos, químico-farmacéuticos, bioquímicos, cirujano-dentistas";"MESA DOMINGUEZ, LISBELYS";"Atencion Clinica Medica";"44 Hrs.";"MEDICO CIRUJANO";"Región Metropolitana de Santiago";"(86)(186)";"$ 3.465.905";"$ 2.750.349";"$ 0";"$ 0";"No";"No tiene";"No tiene";"No tiene";"01/01/2026";"07/05/2026";"No informa";"Sin observaciones";
"2026";"Marzo";"Profesional";"MESINA GONZALEZ, PAULA NOEMI";"Atencion Clinica";"15";"ENFERMERA (O)";"Región Metropolitana de Santiago";"(186)";"$ 1.817.705";"$ 1.419.328";"$ 0";"$ 217.282";"No";"No tiene";"No tiene";"No tiene";"01/01/2026";"31/12/2026";"No informa";"Sin observaciones";
"2026";"Marzo";"Técnico";"MEZA BARRERA, NATALIA NICOLE";"ATENCION CLINICA";"21";"TECNICO NIVEL SUPERIOR ENFERMERIA";"Región Metropolitana de Santiago";"(203)(204)(186)";"$ 1.180.133";"$ 695.449";"$ 0";"$ 206.431";"Sí";"$ 53.345 : 14,00 hrs";"$ 45.724 : 10,00 hrs";"No tiene";"01/01/2026";"31/12/2026";"No informa";"CANCELA ASIG. TECNICA+CANCELA BONO ESCOLAR 2026-202603+CANCELA PAGO TRIMESTRAL LEY 19.490 Y LEY 19.937 PERIODO 03/2026+REMUNERACION MAR.2026";
"2026";"Marzo";"Profesional";"MEZA CANCINO, ANTONIA CONSTANZA";"Apoyo Administrativo";"15";"ENFERMERA (O)";"Región Metropolitana de Santiago";"(01)";"$ 1.491.702";"$ 1.218.023";"$ 0";"$ 0";"No";"No tiene";"No tiene";"No tiene";"01/01/2026";"31/03/2026";"No informa";"CONTRATO EN REEMPLAZO";
"2026";"Marzo";"Auxiliar";"MEZA GONZALEZ, MAXIMO ARTURO";"Chofer";"19";"AUXILIAR";"Región Metropolitana de Santiago";"(205)(186)";"$ 1.895.604";"$ 1.552.997";"$ 0";"$ 260.334";"Sí";"$ 172.519 : 40,00 hrs";"$ 626.245 : 121,00 hrs";"No tiene";"01/01/2026";"31/12/2026";"No informa";"Sin observaciones";
"2026";"Marzo";"Profesional";"MEZA GUERRERO, MARIA ANDREA";"ATENCION CLINICA";"13";"ENFERMERA (O)";"Región Metropolitana de Santiago";"(203)(204)(186)";"$ 2.774.591";"$ 1.647.491";"$ 0";"$ 215.153";"No";"No tiene";"No tiene";"No tiene";"01/01/2026";"31/12/2026";"No informa";"CANCELA PAGO TRIMESTRAL LEY 19.490 Y LEY 19.937 PERIODO 03/2026+DIF. ACREDITACION LEY 19.937 A/C 08/03/2026+REMUNERACION MAR.2026";
"2026";"Marzo";"Profesional";"MEZA MATURANA, CATALINA PAZ";"Atencion Clinica";"16";"MATRON (A)";"Región Metropolitana de Santiago";"(01)";"$ 1.469.119";"$ 1.158.569";"$ 0";"$ 99.574";"No";"No tiene";"No tiene";"No tiene";"01/01/2026";"31/03/2026";"No informa";"Sin observaciones";
"2026";"Marzo";"Profesional";"MEZA SANDOVAL, PATRICIO ALEJANDRO";"Apoyo Administrativo";"7";"PERIODISTA";"Región Metropolitana de Santiago";"(186)";"$ 3.490.778";"$ 2.639.822";"$ 0";"$ 337.547";"No";"No tiene";"No tiene";"No tiene";"01/01/2026";"31/12/2026";"No informa";"REMUNERACION MARZO 2026 + BONOS TRIMESTRALES";
"2026";"Marzo";"Técnico";"MEZA TORRES, CONSTANZA LISSET";"ATENCION CLINICA";"21";"TECNICO NIVEL SUPERIOR ENFERMERIA";"Región Metropolitana de Santiago";"(203)(204)(186)";"$ 1.081.064";"$ 757.761";"$ 0";"$ 184.054";"No";"No tiene";"No tiene";"No tiene";"01/01/2026";"31/12/2026";"No informa";"CANCELA ASIG. TECNICA+CANCELA BONO ESCOLAR 2026-202603+CANCELA PAGO TRIMESTRAL LEY 19.490 Y LEY 19.937 PERIODO 03/2026+REMUNERACION MAR.2026";
"2026";"Marzo";"Médicos cirujanos, farmacéuticos, químico-farmacéuticos, bioquímicos, cirujano-dentistas";"MEZA VASQUEZ, FRANCISCO JAVIER";"Atencion Odontologica";"33 Hrs.";"CIRUJANO DENTISTA";"Región Metropolitana de Santiago";"(186)";"$ 3.105.195";"$ 2.456.653";"$ 0";"$ 0";"No";"No tiene";"No tiene";"No tiene";"01/01/2026";"31/03/2026";"No informa";"Sin observaciones";
"2026";"Marzo";"Médicos cirujanos, farmacéuticos, químico-farmacéuticos, bioquímicos, cirujano-dentistas";"MEZA VASQUEZ, FRANCISCO JAVIER";"Atencion Odontologica";"11 Hrs.";"CIRUJANO DENTISTA";"Región Metropolitana de Santiago";"(186)";"$ 1.035.063";"$ 871.283";"$ 0";"$ 0";"No";"No tiene";"No tiene";"No tiene";"01/01/2026";"31/03/2026";"No informa";"Sin observaciones";
"2026";"Marzo";"Profesional";"MILLA OSORIO, CAMILA DEL CARMEN";"Atencion Clinica";"16";"ENFERMERA (O)";"Región Metropolitana de Santiago";"(01)";"$ 1.232.590";"$ 982.542";"$ 0";"$ 0";"No";"No tiene";"No tiene";"No tiene";"25/02/2026";"27/03/2026";"No informa";"CONTRATO POR REEMPLAZO";
"2026";"Marzo";"Médicos cirujanos, farmacéuticos, químico-farmacéuticos, bioquímicos, cirujano-dentistas";"MILLAN GUTIERREZ, MARIA LORETO";"Atencion Odontologica";"11 Hrs.";"CIRUJANO DENTISTA";"Región Metropolitana de Santiago";"(188)(186)";"$ 1.254.227";"$ 1.092.620";"$ 0";"$ 0";"No";"No tiene";"No tiene";"No tiene";"01/01/2026";"31/12/2026";"No informa";"Sin observaciones";
"2026";"Marzo";"Médicos cirujanos, farmacéuticos, químico-farmacéuticos, bioquímicos, cirujano-dentistas";"MILLAN GUTIERREZ, MARIA LORETO";"Atencion Odontologica";"33 Hrs.";"CIRUJANO DENTISTA";"Región Metropolitana de Santiago";"(188)(86)(186)";"$ 3.830.124";"$ 3.052.468";"$ 0";"$ 0";"No";"No tiene";"No tiene";"No tiene";"01/01/2026";"31/12/2026";"No informa";"Sin observaciones";
"2026";"Marzo";"Profesional";"MILLAS OSORIO, CRISTIAN ALEJANDRO";"ATENCION CLINICA";"13";"ENFERMERA (O)";"Región Metropolitana de Santiago";"(203)(204)(186)";"$ 2.760.986";"$ 2.139.340";"$ 0";"$ 188.504";"No";"No tiene";"No tiene";"No tiene";"01/01/2026";"31/12/2026";"No informa";"CANCELA PAGO TRIMESTRAL LEY 19.490 PERIODO 03/2026+CANCELA PAGO TRIMESTRAL LEY 19.937 PERIODO 03/2026+REMUNERACION MAR.2026";
"2026";"Marzo";"Profesional";"MINGO FUENTES, FERNANDA IGNACIA MACARENA";"Atencion Clinica";"12";"MATRON (A)";"Región Metropolitana de Santiago";"(01)";"$ 2.240.409";"$ 1.707.387";"$ 0";"$ 204.708";"No";"No tiene";"No tiene";"No tiene";"01/01/2026";"31/12/2026";"No informa";"Sin observaciones";
"2026";"Marzo";"Médicos cirujanos, farmacéuticos, químico-farmacéuticos, bioquímicos, cirujano-dentistas";"MIQUEL CABIB, MARIA PAZ";"Atencion Odontologica";"22 Hrs.";"CIRUJANO DENTISTA";"Región Metropolitana de Santiago";"(01)";"$ 964.192";"$ 788.035";"$ 0";"$ 0";"No";"No tiene";"No tiene";"No tiene";"01/01/2026";"31/03/2026";"No informa";"Sin observaciones";
"2026";"Marzo";"Administrativo";"MIRANDA FIGUEROA, MARISOL JEANNETTE";"Apoyo Administrativo";"22";"ADMINISTRATIVO";"Región Metropolitana de Santiago";"(186)";"$ 836.538";"$ 643.435";"$ 0";"$ 134.812";"Sí";"$ 59.539 : 17,00 hrs";"No tiene";"No tiene";"01/01/2026";"31/12/2026";"No informa";"Sin observaciones";
"2026";"Marzo";"Médicos cirujanos, farmacéuticos, químico-farmacéuticos, bioquímicos, cirujano-dentistas";"MIRANDA REYES, RODRIGO RODOLFO";"Atencion Clinica Medica";"44 Hrs.";"MEDICO CIRUJANO";"Región Metropolitana de Santiago";"(186)";"$ 2.521.811";"$ 2.036.056";"$ 0";"$ 0";"No";"No tiene";"No tiene";"No tiene";"01/01/2026";"31/03/2026";"No informa";"Sin observaciones";
"2026";"Marzo";"Auxiliar";"MIRANDA SEREY, MIGUEL ANGEL";"CONDUCTOR";"24";"TECNICO NIVEL SUPERIOR ENFERMERIA";"Región Metropolitana de Santiago";"(205)(202)(204)(186)";"$ 1.319.034";"$ 973.672";"$ 0";"$ 107.026";"Sí";"$ 85.651 : 30,00 hrs";"$ 233.917 : 88,00 hrs";"No tiene";"01/01/2026";"31/12/2026";"No informa";"CANCELA ASIG. TECNICA+CANCELA PAGO TRIMESTRAL LEY 19.490 Y LEY 19.937 PERIODO 03/2026+REMUNERACION MAR.2026";
"2026";"Marzo";"Médicos cirujanos, farmacéuticos, químico-farmacéuticos, bioquímicos, cirujano-dentistas";"MOLINA AGUILA, GUSTAVO ADOLFO";"Medico Becario Primario";"44 Hrs.";"MEDICO CIRUJANO";"Región Metropolitana de Santiago";"(01)";"$ 3.550.333";"$ 2.893.214";"$ 0";"$ 0";"No";"No tiene";"No tiene";"No tiene";"01/07/2025";"30/06/2026";"No informa";"Sin observaciones";
"2026";"Marzo";"Profesional";"MOLINA ARCOS, JUAN PABLO";"Apoyo Administrativo";"7";"PERIODISTA";"Región Metropolitana de Santiago";"(186)";"$ 3.358.974";"$ 2.558.753";"$ 0";"$ 281.289";"No";"No tiene";"No tiene";"No tiene";"01/01/2026";"31/12/2026";"No informa";"REMUNERACION MARZO 2026 + BONOS TRIMESTRALES";
"2026";"Marzo";"Profesional";"MOLINA CABRERA, SONIA MAREN";"Director Zonal";"5";"ENFERMERA (O)";"Región Metropolitana de Santiago";"(186)";"$ 4.905.353";"$ 3.706.140";"$ 0";"$ 1.248.563";"No";"No tiene";"No tiene";"No tiene";"01/01/2026";"31/12/2026";"No informa";"Sin observaciones";
"2026";"Marzo";"Profesional";"MOLINA DOTTE, NICOLAS CRISTOBAL";"Apoyo Administrativo";"5";"INGENIERO (A) COMERCIAL";"Región Metropolitana de Santiago";"(186)";"$ 4.291.897";"$ 3.344.104";"$ 0";"$ 635.107";"No";"No tiene";"No tiene";"No tiene";"01/01/2026";"31/12/2026";"No informa";"REMUNERACION MARZO 2026 + BONOS TRIMESTRALES";
"2026";"Marzo";"Profesional";"MOLINA GUZMAN, KARINA JOHANNA";"Apoyo Administrativo";"8";"ENFERMERA (O)";"Región Metropolitana de Santiago";"(186)";"$ 3.440.968";"$ 2.540.635";"$ 0";"$ 544.827";"No";"No tiene";"No tiene";"No tiene";"01/01/2026";"31/12/2026";"No informa";"REMUNERACION MARZO 2026 + BONOS TRIMESTRALES";
"2026";"Marzo";"Profesional";"MOLINA MORALES, FERNANDA ANDREA";"Jefe de Unidad";"10";"TECNOLOGO (A) EN INFORMATICA BIOMEDICA";"Región Metropolitana de Santiago";"(186)";"$ 2.710.870";"$ 2.101.262";"$ 0";"$ 305.066";"No";"No tiene";"No tiene";"No tiene";"01/01/2026";"31/12/2026";"No informa";"REMUNERACION MARZO 2026 + BONOS TRIMESTRALES";
"2026";"Marzo";"Profesional";"MOLINA MUÑOZ, JOANA LESLIE";"Apoyo Administrativo";"7";"KINESIOLOGO (A)";"Región Metropolitana de Santiago";"(186)";"$ 4.169.316";"$ 3.053.777";"$ 0";"$ 1.000.138";"No";"No tiene";"No tiene";"No tiene";"01/01/2026";"31/12/2026";"No informa";"REMUNERACION MARZO 2026 + BONOS TRIMESTRALES";
"2026";"Marzo";"Técnico";"MOLINA NEIRA, RODRIGO GUILLERMO";"ATENCION CLINICA";"21";"TECNICO NIVEL SUPERIOR ENFERMERIA";"Región Metropolitana de Santiago";"(203)(204)(186)";"$ 1.009.963";"$ 527.956";"$ 0";"$ 145.450";"No";"No tiene";"No tiene";"No tiene";"01/01/2026";"31/12/2026";"No informa";"CANCELA ASIG. TECNICA+CANCELA PAGO TRIMESTRAL LEY 19.490 Y LEY 19.937 PERIODO 03/2026+REMUNERACION MAR.2026";
"2026";"Marzo";"Profesional";"MOLINA RAMIREZ, BARBARA ANDREA";"Apoyo Administrativo";"7";"PSICOLOGO (A)";"Región Metropolitana de Santiago";"(01)";"$ 2.997.952";"$ 2.394.846";"$ 0";"$ 0";"No";"No tiene";"No tiene";"No tiene";"01/01/2026";"31/12/2026";"No informa";"Sin observaciones";
"2026";"Marzo";"Médicos cirujanos, farmacéuticos, químico-farmacéuticos, bioquímicos, cirujano-dentistas";"MOLINA RILLON, CLEMENTE";"CIRUGIA GENERAL";"28 Hrs.";"MEDICO CIRUJANO";"Región Metropolitana de Santiago";"(194)(193)(198)(186)";"$ 3.078.252";"$ 2.475.525";"$ 0";"$ 18.819";"No";"No tiene";"No tiene";"No tiene";"01/03/2026";"31/03/2026";"No informa";"BONO VACACIONES 2026+REEMPLAZO MAR.2026 (01-31)";
"2026";"Marzo";"Médicos cirujanos, farmacéuticos, químico-farmacéuticos, bioquímicos, cirujano-dentistas";"MOLINA ROMERO, DANIELA ANTONIA";"Atencion Clinica Medica";"44 Hrs.";"MEDICO CIRUJANO";"Región Metropolitana de Santiago";"(86)";"$ 3.007.345";"$ 2.405.486";"$ 0";"$ 0";"No";"No tiene";"No tiene";"No tiene";"01/01/2026";"31/12/2026";"No informa";"Sin observaciones";
"2026";"Marzo";"Médicos cirujanos, farmacéuticos, químico-farmacéuticos, bioquímicos, cirujano-dentistas";"MOLINA SILVESTRE, ELENA ALEXANDRA";"Atencion Clinica Medica";"22 Hrs.";"MEDICO CIRUJANO";"Región Metropolitana de Santiago";"(188)(186)";"$ 2.504.900";"$ 2.050.762";"$ 0";"$ 0";"No";"No tiene";"No tiene";"No tiene";"01/01/2026";"31/12/2026";"No informa";"Sin observaciones";
"2026";"Marzo";"Médicos cirujanos, farmacéuticos, químico-farmacéuticos, bioquímicos, cirujano-dentistas";"MOLINA SILVESTRE, ELENA ALEXANDRA";"Atencion Clinica Medica";"22 Hrs.";"MEDICO CIRUJANO";"Región Metropolitana de Santiago";"(188)(186)";"$ 2.504.900";"$ 2.379.398";"$ 0";"$ 0";"No";"No tiene";"No tiene";"No tiene";"01/01/2026";"31/12/2026";"No informa";"Sin observaciones";
"2026";"Marzo";"Profesional";"MOLINA SOTO, MARIA DE LOS ANGELES";"Jefe de Departamento";"6";"INGENIERO (A) EN ADMINISTRACION DE RECURSOS HUMANOS";"Región Metropolitana de Santiago";"(186)";"$ 3.714.835";"$ 2.822.135";"$ 0";"$ 428.435";"No";"No tiene";"No tiene";"No tiene";"01/01/2026";"31/12/2026";"No informa";"Sin observaciones";
"2026";"Marzo";"Administrativo";"MONDACA GUTIERREZ, CLAUDIA YASMIN";"APOYO ADMINISTRATIVO";"22";"ADMINISTRATIVO";"Región Metropolitana de Santiago";"(01)";"$ 182.236";"$ 148.632";"$ 0";"$ 0";"Sí";"No tiene";"No tiene";"No tiene";"22/02/2026";"17/03/2026";"No informa";"PAGO BONO MENSUAL+REEMPLAZO MAR.2026 (11-17)+SUPLENCIA FEB.2026 (22)";
"2026";"Marzo";"Administrativo";"MONSALVE ALVAREZ, FERNANDA PAZ";"Apoyo Administrativo";"18";"ADMINISTRATIVO";"Región Metropolitana de Santiago";"(01)";"$ 1.021.733";"$ 799.315";"$ 0";"$ 168.109";"Sí";"$ 25.927 : 6,00 hrs";"No tiene";"No tiene";"01/01/2026";"31/03/2026";"No informa";"REMUNERACION MARZO 2026 + BONOS TRIMESTRALES";
"2026";"Marzo";"Profesional";"MONTANARES FUENTES, PAMELA ALEJANDRA";"Atencion Clinica";"16";"ENFERMERA (O)";"Región Metropolitana de Santiago";"(01)";"$ 1.529.762";"$ 1.227.011";"$ 0";"$ 85.349";"Sí";"$ 29.947 : 4,00 hrs";"$ 44.921 : 5,00 hrs";"No tiene";"01/01/2026";"31/03/2026";"No informa";"Sin observaciones";
"2026";"Marzo";"Médicos cirujanos, farmacéuticos, químico-farmacéuticos, bioquímicos, cirujano-dentistas";"MONTERO LLORCA, CAMILA";"Atencion Odontologica";"22 Hrs.";"CIRUJANO DENTISTA";"Región Metropolitana de Santiago";"(186)(188)(86)(186)";"$ 2.569.152";"$ 1.934.091";"$ 0";"$ 0";"No";"No tiene";"No tiene";"No tiene";"01/01/2026";"31/12/2026";"No informa";"Sin observaciones";
"2026";"Marzo";"Médicos cirujanos, farmacéuticos, químico-farmacéuticos, bioquímicos, cirujano-dentistas";"MONTES MORALES, EDISON ALEJANDRO";"MEDICO CIRUJANO CON ESPECIALIDAD EN MEDICINA DE URGENCIA";"22 Hrs.";"MEDICO CIRUJANO CON ESPECIALIDAD EN MEDICINA DE URGENCIA";"Región Metropolitana de Santiago";"(186)";"$ 2.744.483";"$ 2.481.369";"$ 0";"$ 0";"No";"No tiene";"No tiene";"No tiene";"01/01/2026";"31/12/2026";"No informa";"PAGO ASIGNACION METAS DE PRODUCCION Y CALIDAD PERIODO 03/2026+REMUNERACION MAR.2026";
"2026";"Marzo";"Administrativo";"MONTIEL FONTEÑO, SOLEDAD ANDREA";"APOYO ADMINISTRATIVO";"13";"ADMINISTRADOR (A) PUBLICO";"Región Metropolitana de Santiago";"(186)";"$ 2.179.549";"$ 1.793.062";"$ 0";"$ 788.077";"Sí";"$ 286.835 : 30,00 hrs";"$ 114.734 : 10,00 hrs";"No tiene";"01/01/2026";"31/12/2026";"No informa";"CANCELA PAGO TRIMESTRAL LEY 19.490 PERIODO 03/2026+CANCELA PAGO TRIMESTRAL LEY 19.937 PERIODO 03/2026+REMUNERACION MAR.2026";
"2026";"Marzo";"Auxiliar";"MONTOYA FLORES, CLAUDIO PATRICIO";"Apoyo Logistico";"21";"AUXILIAR";"Región Metropolitana de Santiago";"(01)";"$ 1.055.700";"$ 859.740";"$ 0";"$ 123.073";"Sí";"$ 44.165 : 12,00 hrs";"$ 238.490 : 54,00 hrs";"No tiene";"01/01/2026";"31/12/2026";"No informa";"Sin observaciones";
"2026";"Marzo";"Médicos cirujanos, farmacéuticos, químico-farmacéuticos, bioquímicos, cirujano-dentistas";"MONTOYA RONCANCIO, VANESSA LIZETH";"Atencion Clinica Medica";"22 Hrs.";"MEDICO CIRUJANO";"Región Metropolitana de Santiago";"(01)";"$ 964.192";"$ 789.094";"$ 0";"$ 0";"No";"No tiene";"No tiene";"No tiene";"01/01/2026";"31/12/2026";"No informa";"Sin observaciones";
"2026";"Marzo";"Médicos cirujanos, farmacéuticos, químico-farmacéuticos, bioquímicos, cirujano-dentistas";"MONTOYA RONCANCIO, VANESSA LIZETH";"Atencion Clinica Medica";"22 Hrs.";"MEDICO CIRUJANO";"Región Metropolitana de Santiago";"(01)";"$ 964.192";"$ 763.707";"$ 0";"$ 0";"No";"No tiene";"No tiene";"No tiene";"01/01/2026";"31/12/2026";"No informa";"Sin observaciones";
"2026";"Marzo";"Médicos cirujanos, farmacéuticos, químico-farmacéuticos, bioquímicos, cirujano-dentistas";"MONTOYA VARGAS, LUCIA DE LOS ANGELES";"Medicina Familiar";"22 Hrs.";"MEDICO CIRUJANO";"Región Metropolitana de Santiago";"(188)(86)(186)";"$ 3.486.272";"$ 3.155.664";"$ 0";"$ 0";"No";"No tiene";"No tiene";"No tiene";"01/01/2026";"31/12/2026";"No informa";"Sin observaciones";
"2026";"Marzo";"Médicos cirujanos, farmacéuticos, químico-farmacéuticos, bioquímicos, cirujano-dentistas";"MONZON TAPIA, CRISTOBAL FELIPE";"Quimico Farmaceutico";"44 Hrs.";"QUIMICO FARMACEUTICO";"Región Metropolitana de Santiago";"(186)";"$ 2.386.941";"$ 1.926.838";"$ 0";"$ 0";"No";"No tiene";"No tiene";"No tiene";"01/01/2026";"31/03/2026";"No informa";"Sin observaciones";
"2026";"Marzo";"Profesional";"MORA FRAILE, MARGARITA SOFIA";"Apoyo Administrativo";"6";"ASISTENTE SOCIAL";"Región Metropolitana de Santiago";"(186)";"$ 4.274.930";"$ 3.281.294";"$ 0";"$ 897.037";"No";"No tiene";"No tiene";"No tiene";"01/01/2026";"31/12/2026";"No informa";"Sin observaciones";
"2026";"Marzo";"Médicos cirujanos, farmacéuticos, químico-farmacéuticos, bioquímicos, cirujano-dentistas";"MORA RIVAS, DANIELA ANDREA";"Atencion Clinica Medica";"44 Hrs.";"MEDICO CIRUJANO";"Región Metropolitana de Santiago";"(86)";"$ 3.007.345";"$ 2.404.544";"$ 0";"$ 0";"No";"No tiene";"No tiene";"No tiene";"01/01/2026";"31/12/2026";"No informa";"Sin observaciones";
"2026";"Marzo";"Médicos cirujanos, farmacéuticos, químico-farmacéuticos, bioquímicos, cirujano-dentistas";"MORA UBE, VICTOR TELMO";"Atencion Clinica Medica";"44 Hrs.";"MEDICO CIRUJANO";"Región Metropolitana de Santiago";"(188)(186)";"$ 4.517.895";"$ 3.649.831";"$ 0";"$ 0";"No";"No tiene";"No tiene";"No tiene";"01/01/2026";"31/12/2026";"No informa";"Sin observaciones";
"2026";"Marzo";"Técnico";"MORAGA HERMOSILLA, TATIANA PAOLA";"Atencion Clinica";"21";"ENFERMERA (O)";"Región Metropolitana de Santiago";"(186)";"$ 1.178.915";"$ 889.318";"$ 0";"$ 191.577";"No";"No tiene";"No tiene";"No tiene";"01/01/2026";"31/12/2026";"No informa";"Sin observaciones";
"2026";"Marzo";"Profesional";"MORAGA MIRANDA, FABIAN ALEJANDRO";"APOYO ADMINISTRATIVO";"11";"CONSTRUCTOR (A) CIVIL";"Región Metropolitana de Santiago";"(01)";"$ 2.115.357";"$ 1.216.682";"$ 0";"$ 14.861";"No";"No tiene";"No tiene";"No tiene";"01/01/2026";"31/12/2026";"No informa";"CANCELA BONO ESCOLAR 2026-202603+REMUNERACION MAR.2026";
"2026";"Marzo";"Auxiliar";"MORAGA MORAGA, CRISTIAN LEONARDO";"CONDUCTOR";"22";"AUXILIAR";"Región Metropolitana de Santiago";"(205)(203)(204)";"$ 1.172.139";"$ 663.200";"$ 0";"$ 172.599";"Sí";"$ 95.515 : 28,00 hrs";"$ 81.870 : 20,00 hrs";"No tiene";"01/01/2026";"31/12/2026";"No informa";"CANCELA BONO ESCOLAR 2026-202603+CANCELA PAGO TRIMESTRAL LEY 19.490 Y LEY 19.937 PERIODO 03/2026+REMUNERACION MAR.2026";
"2026";"Marzo";"Técnico";"MORAGA OYARCE, GLORIA ALEJANDRA";"Atencion Clinica";"21";"TECNICO NIVEL SUPERIOR ENFERMERIA";"Región Metropolitana de Santiago";"(186)";"$ 939.388";"$ 743.568";"$ 0";"$ 130.066";"Sí";"$ 11.139 : 3,00 hrs";"No tiene";"No tiene";"01/01/2026";"31/12/2026";"No informa";"Sin observaciones";
"2026";"Marzo";"Auxiliar";"MORALES BERRIOS, WALDO IGNACIO";"Apoyo Logistico";"23";"AUXILIAR";"Región Metropolitana de Santiago";"(01)";"$ 674.747";"$ 518.472";"$ 0";"$ 110.149";"No";"No tiene";"No tiene";"No tiene";"01/01/2026";"31/12/2026";"No informa";"Sin observaciones";
"2026";"Marzo";"Médicos cirujanos, farmacéuticos, químico-farmacéuticos, bioquímicos, cirujano-dentistas";"MORALES CASTRO, VALENTINA ALEJANDRA";"Atencion Odontologica";"22 Hrs.";"CIRUJANO DENTISTA";"Región Metropolitana de Santiago";"(188)(86)(186)";"$ 1.375.513";"$ 1.078.359";"$ 0";"$ 0";"No";"No tiene";"No tiene";"No tiene";"01/01/2026";"31/12/2026";"No informa";"Sin observaciones";
"2026";"Marzo";"Médicos cirujanos, farmacéuticos, químico-farmacéuticos, bioquímicos, cirujano-dentistas";"MORALES CASTRO, VALENTINA ALEJANDRA";"Atencion Odontologica";"22 Hrs.";"CIRUJANO DENTISTA";"Región Metropolitana de Santiago";"(188)(186)";"$ 1.308.079";"$ 1.078.119";"$ 0";"$ 0";"No";"No tiene";"No tiene";"No tiene";"01/01/2026";"31/12/2026";"No informa";"Sin observaciones";
"2026";"Marzo";"Técnico";"MORALES FERRADA, PAMELA ANDREA";"ATENCION CLINICA";"22";"TECNICO NIVEL SUPERIOR ENFERMERIA";"Región Metropolitana de Santiago";"(203)(204)(186)";"$ 933.678";"$ 733.199";"$ 0";"$ 145.183";"No";"No tiene";"No tiene";"No tiene";"01/01/2026";"31/12/2026";"No informa";"CANCELA ASIG. TECNICA+CANCELA PAGO TRIMESTRAL LEY 19.490 Y LEY 19.937 PERIODO 03/2026+REMUNERACION MAR.2026";
"2026";"Marzo";"Profesional";"MORALES GOMEZ, FRANCISCO GABRIEL";"Apoyo Administrativo";"7";"INGENIERO (A) CONSTRUCTOR";"Región Metropolitana de Santiago";"(186)";"$ 3.332.693";"$ 2.546.117";"$ 0";"$ 318.794";"No";"No tiene";"No tiene";"No tiene";"01/01/2026";"31/12/2026";"No informa";"REMUNERACION MARZO 2026 + BONOS TRIMESTRALES";
"2026";"Marzo";"Administrativo";"MORALES MUÑOZ, JAVIERA DEL PILAR";"Apoyo Administrativo";"16";"ADMINISTRATIVO";"Región Metropolitana de Santiago";"(01)";"$ 1.634.070";"$ 1.191.343";"$ 0";"$ 289.408";"No";"No tiene";"No tiene";"No tiene";"01/01/2026";"31/12/2026";"No informa";"Sin observaciones";
"2026";"Marzo";"Técnico";"MORALES PACHECO, MAGDALENA DEL TRANSITO";"ATENCION CLINICA";"22";"TECNICO NIVEL SUPERIOR ENFERMERIA";"Región Metropolitana de Santiago";"(203)(204)(186)";"$ 940.739";"$ 722.428";"$ 0";"$ 114.072";"No";"No tiene";"No tiene";"No tiene";"01/01/2026";"31/12/2026";"No informa";"CANCELA ASIG. TECNICA+CANCELA PAGO TRIMESTRAL LEY 19.937 PERIODO 03/2026+REMUNERACION MAR.2026";
"2026";"Marzo";"Médicos cirujanos, farmacéuticos, químico-farmacéuticos, bioquímicos, cirujano-dentistas";"MORAN MARTINEZ, JIMENA PAZ";"Atencion Odontologica";"44 Hrs.";"CIRUJANO DENTISTA";"Región Metropolitana de Santiago";"(186)";"$ 4.760.662";"$ 3.859.824";"$ 0";"$ 0";"No";"No tiene";"No tiene";"No tiene";"01/01/2026";"31/12/2026";"No informa";"Sin observaciones";
"2026";"Marzo";"Auxiliar";"MORENO BECERRA, CLAUDIO ADRIAN";"CONDUCTOR";"24";"AUXILIAR";"Región Metropolitana de Santiago";"(205)(202)(204)(186)";"$ 939.713";"$ 18.463";"$ 0";"$ 101.566";"No";"No tiene";"No tiene";"No tiene";"01/01/2026";"31/12/2026";"No informa";"CANCELA PAGO TRIMESTRAL LEY 19.490 PERIODO 03/2026+CANCELA PAGO TRIMESTRAL LEY 19.937 PERIODO 03/2026+REMUNERACION MAR.2026";
"2026";"Marzo";"Técnico";"MORENO CORONADO, FRELLA ALICIA";"Atencion Clinica";"22";"TECNICO NIVEL SUPERIOR ENFERMERIA";"Región Metropolitana de Santiago";"(186)";"$ 956.852";"$ 823.885";"$ 0";"$ 0";"No";"No tiene";"No tiene";"No tiene";"01/01/2026";"31/12/2026";"No informa";"Sin observaciones";
"2026";"Marzo";"Profesional";"MORENO MUNOZ, MARIA EDITH";"Atencion Clinica";"12";"ENFERMERA (O)";"Región Metropolitana de Santiago";"(186)";"$ 2.435.985";"$ 1.760.549";"$ 0";"$ 437.514";"No";"No tiene";"No tiene";"No tiene";"01/01/2026";"31/12/2026";"No informa";"Sin observaciones";
"2026";"Marzo";"Profesional";"MORENO SAJURIA, MARIA JOSE";"Jefe de Departamento";"5";"SOCIOLOGO (A)";"Región Metropolitana de Santiago";"(186)";"$ 4.475.042";"$ 3.460.006";"$ 0";"$ 873.272";"No";"No tiene";"No tiene";"No tiene";"01/01/2026";"31/12/2026";"No informa";"REMUNERACION MARZO 2026 + BONOS TRIMESTRALES";
"2026";"Marzo";"Administrativo";"MORENO YAÑEZ, CLAUDIA ANDREA";"Apoyo Administrativo";"22";"ADMINISTRATIVO";"Región Metropolitana de Santiago";"(186)";"$ 776.999";"$ 585.781";"$ 0";"$ 134.812";"No";"No tiene";"No tiene";"No tiene";"01/01/2026";"31/12/2026";"No informa";"Sin observaciones";
"2026";"Marzo";"Profesional";"MORESCO MIÑO, MARIO ANDRES";"Apoyo Administrativo";"10";"INGENIERO (A) EJECUCION ADMINISTRACION DE NEGOCIOS";"Región Metropolitana de Santiago";"(186)";"$ 2.739.470";"$ 2.046.146";"$ 0";"$ 333.666";"No";"No tiene";"No tiene";"No tiene";"01/01/2026";"31/12/2026";"No informa";"REMUNERACION MARZO 2026 + BONOS TRIMESTRALES";
"2026";"Marzo";"Médicos cirujanos, farmacéuticos, químico-farmacéuticos, bioquímicos, cirujano-dentistas";"MORLANS HUAQUIN, XIMENA PATRICIA";"Medicina Interna";"11 Hrs.";"MEDICO CIRUJANO";"Región Metropolitana de Santiago";"(86)(186)";"$ 1.574.331";"$ 1.030.769";"$ 0";"$ 0";"No";"No tiene";"No tiene";"No tiene";"01/01/2026";"31/12/2026";"No informa";"Sin observaciones";
"2026";"Marzo";"Profesional";"MOYA LAVIN, PAULINA SOLEDAD";"Atencion Clinica";"15";"ENFERMERA (O)";"Región Metropolitana de Santiago";"(186)";"$ 1.697.178";"$ 1.350.142";"$ 0";"$ 108.641";"Sí";"$ 49.011 : 6,00 hrs";"$ 39.209 : 4,00 hrs";"No tiene";"01/01/2026";"31/12/2026";"No informa";"Sin observaciones";
"2026";"Marzo";"Profesional";"MOYA URIBE, JOSE BRUNO";"Apoyo Administrativo";"6";"CONTADOR (A) AUDITOR (A)";"Región Metropolitana de Santiago";"(186)";"$ 4.187.379";"$ 3.207.004";"$ 0";"$ 722.985";"No";"No tiene";"No tiene";"No tiene";"01/01/2026";"31/12/2026";"No informa";"REMUNERACION MARZO 2026 + BONOS TRIMESTRALES";
"2026";"Marzo";"Profesional";"MULLER SALAZAR, FRANCISCA XIMENA";"Atencion Clinica";"15";"NUTRICIONISTA";"Región Metropolitana de Santiago";"(186)";"$ 1.807.695";"$ 1.430.677";"$ 0";"$ 198.658";"No";"No tiene";"No tiene";"No tiene";"01/01/2026";"31/12/2026";"No informa";"Sin observaciones";
"2026";"Marzo";"Médicos cirujanos, farmacéuticos, químico-farmacéuticos, bioquímicos, cirujano-dentistas";"MUNIZAGA FERNANDEZ, DIANA YENIFER";"Atencion Clinica Medica";"44 Hrs.";"MEDICO CIRUJANO";"Región Metropolitana de Santiago";"(86)";"$ 3.007.345";"$ 2.385.921";"$ 0";"$ 0";"No";"No tiene";"No tiene";"No tiene";"01/01/2026";"31/12/2026";"No informa";"Sin observaciones";
"2026";"Marzo";"Administrativo";"MUNOZ TOLEDO, ORIANA INES";"Apoyo Administrativo";"13";"ADMINISTRATIVO";"Región Metropolitana de Santiago";"(186)";"$ 2.586.154";"$ 1.724.985";"$ 0";"$ 788.077";"No";"No tiene";"No tiene";"No tiene";"01/01/2026";"31/12/2026";"No informa";"REMUNERACION MARZO 2026 + BONOS TRIMESTRALES";
"2026";"Marzo";"Técnico";"MUÑOZ ASTORGA, DANITZA DE LAS NIEVES";"Atencion Clinica";"22";"TECNICO NIVEL SUPERIOR ENFERMERIA";"Región Metropolitana de Santiago";"(01)";"$ 911.799";"$ 714.569";"$ 0";"$ 120.553";"No";"No tiene";"No tiene";"No tiene";"01/01/2026";"31/12/2026";"No informa";"Sin observaciones";
"2026";"Marzo";"Técnico";"MUÑOZ BARRIENTOS, CATHERINE ANDREA";"Atencion Clinica";"21";"TECNICO NIVEL SUPERIOR ENFERMERIA";"Región Metropolitana de Santiago";"(01)";"$ 916.319";"$ 723.708";"$ 0";"$ 123.073";"No";"No tiene";"No tiene";"No tiene";"01/01/2026";"31/12/2026";"No informa";"Sin observaciones";
"2026";"Marzo";"Auxiliar";"MUÑOZ CAMPILLAY, PABLO ARTURO";"CONDUCTOR";"24";"TECNICO NIVEL SUPERIOR ENFERMERIA";"Región Metropolitana de Santiago";"(205)(202)(204)(186)";"$ 1.286.009";"$ 929.687";"$ 0";"$ 112.487";"Sí";"$ 120.261 : 40,00 hrs";"$ 151.529 : 42,00 hrs";"No tiene";"01/01/2026";"31/12/2026";"No informa";"CANCELA ASIG. TECNICA+CANCELA PAGO TRIMESTRAL LEY 19.490 Y LEY 19.937 PERIODO 03/2026+REMUNERACION MAR.2026";
"2026";"Marzo";"Técnico";"MUÑOZ CAMPOS, MARISEL ALEJANDRA";"ATENCION CLINICA";"22";"AUXILIAR PARAMEDICO DE ENFERMERIA";"Región Metropolitana de Santiago";"(203)(204)(186)";"$ 1.004.515";"$ 703.933";"$ 0";"$ 134.812";"Sí";"$ 45.136 : 13,00 hrs";"$ 95.826 : 23,00 hrs";"No tiene";"01/01/2026";"31/12/2026";"No informa";"CANCELA PAGO TRIMESTRAL LEY 19.490 PERIODO 03/2026+CANCELA PAGO TRIMESTRAL LEY 19.937 PERIODO 03/2026+REMUNERACION MAR.2026";
"2026";"Marzo";"Médicos cirujanos, farmacéuticos, químico-farmacéuticos, bioquímicos, cirujano-dentistas";"MUÑOZ CUEVAS, JOSE DANIEL";"Atencion Clinica Medica";"11 Hrs.";"MEDICO CIRUJANO";"Región Metropolitana de Santiago";"(188)(186)";"$ 643.940";"$ 530.735";"$ 0";"$ 0";"No";"No tiene";"No tiene";"No tiene";"01/01/2026";"31/03/2026";"No informa";"Sin observaciones";
"2026";"Marzo";"Médicos cirujanos, farmacéuticos, químico-farmacéuticos, bioquímicos, cirujano-dentistas";"MUÑOZ CUEVAS, JOSE DANIEL";"Atencion Clinica Medica";"33 Hrs.";"MEDICO CIRUJANO";"Región Metropolitana de Santiago";"(188)(186)";"$ 1.931.821";"$ 1.543.979";"$ 0";"$ 0";"No";"No tiene";"No tiene";"No tiene";"01/01/2026";"31/03/2026";"No informa";"Sin observaciones";
"2026";"Marzo";"Profesional";"MUÑOZ DELGADO, MARJORIE SCARLET";"Atencion Clinica";"16";"ENFERMERA (O)";"Región Metropolitana de Santiago";"(01)";"$ 1.454.894";"$ 1.142.500";"$ 0";"$ 85.349";"No";"No tiene";"No tiene";"No tiene";"01/01/2026";"07/12/2026";"No informa";"Sin observaciones";
"2026";"Marzo";"Profesional";"MUÑOZ DIAZ, DENNIS PRISCILLA";"Atencion Clinica";"15";"NUTRICIONISTA";"Región Metropolitana de Santiago";"(186)";"$ 1.874.588";"$ 1.397.713";"$ 0";"$ 248.323";"No";"No tiene";"No tiene";"No tiene";"01/01/2026";"31/12/2026";"No informa";"Sin observaciones";
"2026";"Marzo";"Profesional";"MUÑOZ ESCALONA, MARIA VICTORIA";"Atencion Clinica";"14";"NUTRICIONISTA";"Región Metropolitana de Santiago";"(01)";"$ 1.962.355";"$ 1.527.019";"$ 0";"$ 237.078";"Sí";"$ 8.913 : 1,00 hrs";"No tiene";"No tiene";"01/01/2026";"31/12/2026";"No informa";"Sin observaciones";
"2026";"Marzo";"Profesional";"MUÑOZ GALLARDO, MICHAEL ANTONIO";"Subdirector";"5";"INGENIERO (A) COMERCIAL";"Región Metropolitana de Santiago";"(186)";"$ 3.491.938";"$ 2.742.314";"$ 0";"$ 0";"No";"No tiene";"No tiene";"No tiene";"01/01/2026";"31/12/2026";"No informa";"Sin observaciones";
"2026";"Marzo";"Profesional";"MUÑOZ GOMEZ, ALEJANDRA CECILIA";"Atencion Clinica";"13";"ENFERMERA (O)";"Región Metropolitana de Santiago";"(01)";"$ 1.973.528";"$ 1.498.609";"$ 0";"$ 203.289";"No";"No tiene";"No tiene";"No tiene";"01/01/2026";"31/12/2026";"No informa";"Sin observaciones";
"2026";"Marzo";"Técnico";"MUÑOZ JAQUE, FELIPE SEBASTIAN";"Atencion Clinica";"22";"TECNICO NIVEL SUPERIOR ODONTOLOGIA";"Región Metropolitana de Santiago";"(186)";"$ 865.290";"$ 660.783";"$ 0";"$ 127.035";"No";"No tiene";"No tiene";"No tiene";"01/01/2026";"31/12/2026";"No informa";"Sin observaciones";
"2026";"Marzo";"Profesional";"MUÑOZ JIMENEZ, FRANCISCA BELEN";"Atencion Clinica";"15";"TERAPEUTA OCUPACIONAL";"Región Metropolitana de Santiago";"(186)";"$ 1.617.652";"$ 1.321.517";"$ 0";"$ 0";"No";"No tiene";"No tiene";"No tiene";"01/01/2026";"31/12/2026";"No informa";"Sin observaciones";
"2026";"Marzo";"Administrativo";"MUÑOZ LAVOZ, JAIME ANDRES";"Apoyo Administrativo";"22";"ADMINISTRATIVO";"Región Metropolitana de Santiago";"(186)";"$ 772.384";"$ 589.199";"$ 0";"$ 134.812";"No";"No tiene";"No tiene";"No tiene";"01/01/2026";"31/12/2026";"No informa";"Sin observaciones";
"2026";"Marzo";"Profesional";"MUÑOZ LAZO, DAMARI ANDREA";"Atencion Clinica";"15";"ASISTENTE SOCIAL";"Región Metropolitana de Santiago";"(186)";"$ 1.758.728";"$ 1.363.198";"$ 0";"$ 158.305";"No";"No tiene";"No tiene";"No tiene";"01/01/2026";"31/12/2026";"No informa";"Sin observaciones";
"2026";"Marzo";"Profesional";"MUÑOZ LLANQUITUR, DANAE BELEN";"Atencion Clinica";"13";"TERAPEUTA OCUPACIONAL";"Región Metropolitana de Santiago";"(01)";"$ 1.770.239";"$ 1.429.937";"$ 0";"$ 0";"No";"No tiene";"No tiene";"No tiene";"01/01/2026";"31/12/2026";"No informa";"Sin observaciones";
"2026";"Marzo";"Administrativo";"MUÑOZ MONTERO, IRENE ELIZABETH";"SECRETARIA";"22";"ADMINISTRATIVO";"Región Metropolitana de Santiago";"(01)";"$ 359.271";"$ 291.214";"$ 0";"$ 0";"Sí";"$ 13.645 : 4,00 hrs";"No tiene";"No tiene";"19/01/2026";"15/03/2026";"No informa";"PAGO BONO MENSUAL+REMUNERACION MAR.2026";
"2026";"Marzo";"Administrativo";"MUÑOZ MUÑOZ, PAMELA ALEJANDRA";"Apoyo Administrativo";"22";"ADMINISTRATIVO";"Región Metropolitana de Santiago";"(186)";"$ 808.384";"$ 618.918";"$ 0";"$ 145.183";"Sí";"$ 21.014 : 6,00 hrs";"No tiene";"No tiene";"01/01/2026";"31/12/2026";"No informa";"Sin observaciones";
"2026";"Marzo";"Auxiliar";"MUÑOZ MUÑOZ, RODRIGO DE LA CRUZ";"CONDUCTOR";"24";"TECNICO NIVEL SUPERIOR ENFERMERIA";"Región Metropolitana de Santiago";"(205)(202)(204)(186)";"$ 1.223.132";"$ 1.012.232";"$ 0";"$ 101.566";"Sí";"$ 43.507 : 15,00 hrs";"$ 194.912 : 56,00 hrs";"No tiene";"01/01/2026";"31/12/2026";"No informa";"CANCELA ASIG. TECNICA+CANCELA PAGO TRIMESTRAL LEY 19.490 Y LEY 19.937 PERIODO 03/2026+REMUNERACION MAR.2026";
"2026";"Marzo";"Administrativo";"MUÑOZ MUÑOZ, SIMONA YENNY";"APOYO ADMINISTRATIVO";"22";"TECNICO NIVEL SUPERIOR ENFERMERIA";"Región Metropolitana de Santiago";"(203)(204)";"$ 985.769";"$ 802.429";"$ 0";"$ 114.072";"No";"No tiene";"No tiene";"No tiene";"01/01/2026";"31/12/2026";"No informa";"CANCELA ASIG. TECNICA+CANCELA PAGO TRIMESTRAL LEY 19.937 PERIODO 03/2026+REMUNERACION MAR.2026";
"2026";"Marzo";"Administrativo";"MUÑOZ NUÑEZ, VANESSA SOLEDAD";"Apoyo Administrativo";"21";"ADMINISTRATIVO";"Región Metropolitana de Santiago";"(01)";"$ 712.875";"$ 587.552";"$ 0";"$ 0";"No";"No tiene";"No tiene";"No tiene";"01/01/2026";"31/12/2026";"No informa";"Sin observaciones";
"2026";"Marzo";"Administrativo";"MUÑOZ OLGUIN, MARIA SOLEDAD";"Apoyo Administrativo";"21";"ADMINISTRATIVO";"Región Metropolitana de Santiago";"(186)";"$ 852.342";"$ 638.620";"$ 0";"$ 167.827";"Sí";"$ 11.139 : 3,00 hrs";"$ 17.822 : 4,00 hrs";"No tiene";"01/01/2026";"31/12/2026";"No informa";"Sin observaciones";
"2026";"Marzo";"Técnico";"MUÑOZ ORELLANA, ISABEL MARGARITA";"Atencion Clinica";"21";"TECNICO NIVEL SUPERIOR ENFERMERIA";"Región Metropolitana de Santiago";"(186)";"$ 866.352";"$ 661.782";"$ 0";"$ 130.066";"No";"No tiene";"No tiene";"No tiene";"01/01/2026";"31/12/2026";"No informa";"Sin observaciones";
"2026";"Marzo";"Auxiliar";"MUÑOZ OTTH, CRISTIAN MANUEL";"Chofer";"17";"AUXILIAR";"Región Metropolitana de Santiago";"(186)";"$ 1.122.351";"$ 862.530";"$ 0";"$ 206.886";"Sí";"$ 9.590 : 2,00 hrs";"No tiene";"No tiene";"01/01/2026";"31/12/2026";"No informa";"REMUNERACION MARZO 2026 + BONOS TRIMESTRALES";
"2026";"Marzo";"Administrativo";"MUÑOZ OTTH, GLORIA MYRIAM";"Secretaria";"13";"ADMINISTRADOR (A) PUBLICO";"Región Metropolitana de Santiago";"(186)";"$ 2.231.881";"$ 1.642.997";"$ 0";"$ 433.804";"No";"No tiene";"No tiene";"No tiene";"01/01/2026";"31/12/2026";"No informa";"REMUNERACION MARZO 2026 + BONOS TRIMESTRALES";
"2026";"Marzo";"Médicos cirujanos, farmacéuticos, químico-farmacéuticos, bioquímicos, cirujano-dentistas";"MUÑOZ PARRA, JAIME ANDRES";"Atencion Odontologica";"44 Hrs.";"CIRUJANO DENTISTA";"Región Metropolitana de Santiago";"(188)(86)(186)";"$ 5.084.351";"$ 4.145.088";"$ 0";"$ 0";"No";"No tiene";"No tiene";"No tiene";"01/01/2026";"31/12/2026";"No informa";"Sin observaciones";
"2026";"Marzo";"Profesional";"MUÑOZ QUIROZ, CAMILA ALEJANDRA";"Atencion Clinica";"16";"NUTRICIONISTA";"Región Metropolitana de Santiago";"(01)";"$ 730.423";"$ 597.778";"$ 0";"$ 0";"No";"No tiene";"No tiene";"No tiene";"01/01/2026";"16/03/2026";"No informa";"CONTRATO POR REEMPLAZO";
"2026";"Marzo";"Profesional";"MUÑOZ RIVEROS, LUIS ANDRES";"Apoyo Administrativo";"9";"INGENIERO (A) CONSTRUCTOR";"Región Metropolitana de Santiago";"(186)";"$ 2.679.011";"$ 2.103.506";"$ 0";"$ 156.193";"No";"No tiene";"No tiene";"No tiene";"01/01/2026";"31/12/2026";"No informa";"REMUNERACION MARZO 2026 + BONOS TRIMESTRALES";
"2026";"Marzo";"Técnico";"MUÑOZ ROSSEL, MARIBEL ANDREA";"Atencion Clinica";"20";"TECNICO NIVEL SUPERIOR ODONTOLOGIA";"Región Metropolitana de Santiago";"(01)";"$ 942.838";"$ 743.183";"$ 0";"$ 129.836";"No";"No tiene";"No tiene";"No tiene";"01/02/2026";"31/12/2026";"No informa";"Sin observaciones";
"2026";"Marzo";"Médicos cirujanos, farmacéuticos, químico-farmacéuticos, bioquímicos, cirujano-dentistas";"MUÑOZ RUBIO, PAULETTE ALEJANDRA";"Atencion Odontologica";"11 Hrs.";"CIRUJANO DENTISTA";"Región Metropolitana de Santiago";"(01)";"$ 482.095";"$ 397.343";"$ 0";"$ 0";"No";"No tiene";"No tiene";"No tiene";"01/01/2026";"31/03/2026";"No informa";"Sin observaciones";
"2026";"Marzo";"Médicos cirujanos, farmacéuticos, químico-farmacéuticos, bioquímicos, cirujano-dentistas";"MUÑOZ RUBIO, PAULETTE ALEJANDRA";"Atencion Odontologica";"33 Hrs.";"CIRUJANO DENTISTA";"Región Metropolitana de Santiago";"(01)";"$ 1.446.287";"$ 1.166.194";"$ 0";"$ 0";"No";"No tiene";"No tiene";"No tiene";"01/01/2026";"31/03/2026";"No informa";"Sin observaciones";
"2026";"Marzo";"Técnico";"MUÑOZ SALDIVIA, MICHAEL ANDRES";"ATENCION CLINICA";"22";"AUXILIAR PARAMEDICO DE ENFERMERIA";"Región Metropolitana de Santiago";"(202)(204)(186)";"$ 1.473.015";"$ 1.029.347";"$ 0";"$ 134.812";"Sí";"$ 140.093 : 40,00 hrs";"$ 302.600 : 72,00 hrs";"No tiene";"01/01/2026";"31/12/2026";"No informa";"CANCELA PAGO TRIMESTRAL LEY 19.490 PERIODO 03/2026+CANCELA PAGO TRIMESTRAL LEY 19.937 PERIODO 03/2026+REMUNERACION MAR.2026";
"2026";"Marzo";"Técnico";"MUÑOZ VALENZUELA, XIMENA DE LOURDES";"ATENCION CLINICA";"22";"TECNICO NIVEL SUPERIOR ENFERMERIA";"Región Metropolitana de Santiago";"(203)(204)(186)";"$ 919.553";"$ 542.716";"$ 0";"$ 120.553";"No";"No tiene";"No tiene";"No tiene";"01/01/2026";"31/12/2026";"No informa";"CANCELA ASIG. TECNICA+CANCELA PAGO TRIMESTRAL LEY 19.490 Y LEY 19.937 PERIODO 03/2026+REMUNERACION MAR.2026";
"2026";"Marzo";"Profesional";"MUÑOZ VEGA, LETICIA CAROLINA";"APOYO ADMINISTRATIVO";"15";"ASISTENTE SOCIAL";"Región Metropolitana de Santiago";"(186)";"$ 1.617.356";"$ 1.257.066";"$ 0";"$ 201.744";"Sí";"$ 8.319 : 1,00 hrs";"No tiene";"No tiene";"01/01/2026";"31/12/2026";"No informa";"CANCELA PAGO TRIMESTRAL LEY 19.490 Y LEY 19.937 PERIODO 03/202+REMUNERACION MAR.2026";
"2026";"Marzo";"Técnico";"MUÑOZ VERDUGO, YASNA PAMELA";"ATENCION CLINICA";"22";"TECNICO NIVEL SUPERIOR ENFERMERIA";"Región Metropolitana de Santiago";"(202)(204)(186)";"$ 1.157.423";"$ 607.969";"$ 0";"$ 114.072";"No";"No tiene";"No tiene";"No tiene";"01/01/2026";"31/12/2026";"No informa";"CANCELA ASIG. TECNICA+CANCELA PAGO TRIMESTRAL LEY 19.937 PERIODO 03/2026+REMUNERACION MAR.2026";
"2026";"Marzo";"Auxiliar";"MUÑOZ VIDAL, JUAN CARLOS";"CONDUCTOR";"21";"TECNICO NIVEL SUPERIOR ENFERMERIA";"Región Metropolitana de Santiago";"(205)(202)(204)";"$ 1.663.438";"$ 1.022.111";"$ 0";"$ 151.044";"Sí";"$ 198.742 : 68,00 hrs";"$ 242.907 : 65,00 hrs";"No tiene";"01/01/2026";"31/12/2026";"No informa";"CANCELA ASIG. TECNICA+CANCELA PAGO TRIMESTRAL LEY 19.490 Y LEY 19.937 PERIODO 03/2026+REMUNERACION MAR.2026+REGULARIZA PAGO HHEE MES(ES) ANTERIOR(ES)";
"2026";"Marzo";"Médicos cirujanos, farmacéuticos, químico-farmacéuticos, bioquímicos, cirujano-dentistas";"MURIEL GONZALEZ, INGEBORTH JOVHANKA";"Atencion Clinica Medica";"11 Hrs.";"MEDICO CIRUJANO";"Región Metropolitana de Santiago";"(188)(186)";"$ 1.247.875";"$ 1.166.774";"$ 0";"$ 0";"No";"No tiene";"No tiene";"No tiene";"01/01/2026";"31/12/2026";"No informa";"Sin observaciones";
"2026";"Marzo";"Técnico";"MURILLO CORNEJO, MACARENA PAZ";"Atencion Clinica";"22";"TECNICO NIVEL SUPERIOR ENFERMERIA";"Región Metropolitana de Santiago";"(01)";"$ 751.079";"$ 619.038";"$ 0";"$ 0";"No";"No tiene";"No tiene";"No tiene";"01/01/2026";"31/03/2026";"No informa";"Sin observaciones";
"2026";"Marzo";"Profesional";"MURILLO HERRERA, RICHARD ESTEBAN";"Apoyo Administrativo";"15";"INGENIERO (A) FINANCIERO";"Región Metropolitana de Santiago";"(186)";"$ 1.870.662";"$ 1.527.897";"$ 0";"$ 141.750";"Sí";"$ 123.280 : 15,00 hrs";"$ 88.761 : 9,00 hrs";"No tiene";"01/01/2026";"31/03/2026";"No informa";"Sin observaciones";
"2026";"Marzo";"Profesional";"MUSARE GUERRATY, INES VERONICA";"Atencion Clinica";"16";"ASISTENTE SOCIAL";"Región Metropolitana de Santiago";"(01)";"$ 1.522.275";"$ 1.207.186";"$ 0";"$ 85.349";"Sí";"$ 67.381 : 9,00 hrs";"No tiene";"No tiene";"01/01/2026";"31/03/2026";"No informa";"Sin observaciones";
"2026";"Marzo";"Profesional";"NAHUEL INGLES, LILIANA LORETO";"Apoyo Administrativo";"7";"TERAPEUTA OCUPACIONAL";"Región Metropolitana de Santiago";"(186)";"$ 3.640.799";"$ 2.726.230";"$ 0";"$ 487.568";"No";"No tiene";"No tiene";"No tiene";"01/01/2026";"31/12/2026";"No informa";"Sin observaciones";
"2026";"Marzo";"Profesional";"NAHUELPAN BURGOS, NICOLE DANIELA";"Atencion Clinica";"15";"PSICOLOGO (A)";"Región Metropolitana de Santiago";"(01)";"$ 1.491.702";"$ 1.218.023";"$ 0";"$ 0";"No";"No tiene";"No tiene";"No tiene";"01/01/2026";"31/03/2026";"No informa";"Sin observaciones";
"2026";"Marzo";"Profesional";"NAIN CARES, PAMELA DEL CARMEN";"Atencion Clinica";"14";"ASISTENTE SOCIAL";"Región Metropolitana de Santiago";"(186)";"$ 1.972.046";"$ 1.484.609";"$ 0";"$ 234.444";"No";"No tiene";"No tiene";"No tiene";"01/01/2026";"31/12/2026";"No informa";"Sin observaciones";
"2026";"Marzo";"Médicos cirujanos, farmacéuticos, químico-farmacéuticos, bioquímicos, cirujano-dentistas";"NALEGACH ARZOLA, CATALINA PAZ";"Atencion Clinica Medica";"44 Hrs.";"MEDICO CIRUJANO";"Región Metropolitana de Santiago";"(86)(186)";"$ 3.465.905";"$ 2.754.175";"$ 0";"$ 0";"No";"No tiene";"No tiene";"No tiene";"01/01/2026";"31/12/2026";"No informa";"Sin observaciones";
"2026";"Marzo";"Auxiliar";"NARANJO CARRASCO, LUIS ESTEBAN";"Chofer";"20";"AUXILIAR";"Región Metropolitana de Santiago";"(01)";"$ 988.645";"$ 854.232";"$ 0";"$ 0";"Sí";"$ 155.306 : 40,00 hrs";"$ 93.184 : 20,00 hrs";"No tiene";"01/01/2026";"31/12/2026";"No informa";"Sin observaciones";
"2026";"Marzo";"Técnico";"NARANJO QUEZADA, POLLET MARITZA";"Atencion Clinica";"22";"TECNICO NIVEL SUPERIOR ODONTOLOGIA";"Región Metropolitana de Santiago";"(186)";"$ 1.029.247";"$ 834.642";"$ 0";"$ 124.442";"Sí";"No tiene";"$ 37.497 : 9,00 hrs";"No tiene";"01/01/2026";"31/12/2026";"No informa";"Sin observaciones";
"2026";"Marzo";"Administrativo";"NAUTO VALENZUELA, IGNACIO ENRIQUE";"Apoyo Administrativo";"22";"ADMINISTRATIVO";"Región Metropolitana de Santiago";"(01)";"$ 645.163";"$ 524.379";"$ 0";"$ 0";"No";"No tiene";"No tiene";"No tiene";"26/01/2026";"28/03/2026";"No informa";"CONTRATO POR REEMPLAZO";
"2026";"Marzo";"Profesional";"NAVARRETE ARAVENA, VERONICA EDITH";"Jefe de Departamento";"3";"INGENIERO (A) COMERCIAL";"Región Metropolitana de Santiago";"(186)";"$ 5.002.138";"$ 3.380.220";"$ 0";"$ 1.131.481";"No";"No tiene";"No tiene";"No tiene";"01/01/2026";"31/12/2026";"No informa";"REMUNERACION MARZO 2026 + BONOS TRIMESTRALES";
"2026";"Marzo";"Auxiliar";"NAVARRETE HERNANDEZ, MARIO ANDRES";"Chofer";"19";"AUXILIAR";"Región Metropolitana de Santiago";"(205)(186)";"$ 1.386.431";"$ 1.107.909";"$ 0";"$ 188.193";"Sí";"$ 38.482 : 9,00 hrs";"$ 323.250 : 63,00 hrs";"No tiene";"01/01/2026";"31/12/2026";"No informa";"Sin observaciones";
"2026";"Marzo";"Profesional";"NAVARRETE LASTRA, SAMANTHA SERENA";"Atencion Clinica";"15";"ENFERMERA (O)";"Región Metropolitana de Santiago";"(186)";"$ 1.642.750";"$ 1.306.985";"$ 0";"$ 93.121";"Sí";"$ 49.312 : 6,00 hrs";"No tiene";"No tiene";"01/01/2026";"31/12/2026";"No informa";"Sin observaciones";
"2026";"Marzo";"Médicos cirujanos, farmacéuticos, químico-farmacéuticos, bioquímicos, cirujano-dentistas";"NAVARRO CORDERO, CLAUDIA FRANCISCA";"Psiquiatria Adultos";"22 Hrs.";"MEDICO CIRUJANO";"Región Metropolitana de Santiago";"(86)(186)";"$ 3.553.706";"$ 2.788.138";"$ 0";"$ 0";"No";"No tiene";"No tiene";"No tiene";"01/01/2026";"31/12/2026";"No informa";"Sin observaciones";
"2026";"Marzo";"Auxiliar";"NAVARRO MALDONADO, JUAN EDUARDO";"Chofer";"19";"AUXILIAR";"Región Metropolitana de Santiago";"(01)";"$ 1.477.823";"$ 1.229.486";"$ 0";"$ 163.100";"Sí";"$ 99.049 : 24,00 hrs";"$ 485.341 : 98,00 hrs";"No tiene";"01/01/2026";"31/12/2026";"No informa";"Sin observaciones";
"2026";"Marzo";"Médicos cirujanos, farmacéuticos, químico-farmacéuticos, bioquímicos, cirujano-dentistas";"NAVARRO SEPULVEDA, MARCIA DANIELA";"CIRUGIA GENERAL";"28 Hrs.";"MEDICO CIRUJANO";"Región Metropolitana de Santiago";"(194)(193)(198)";"$ 2.488.500";"$ 1.902.463";"$ 0";"$ 121.497";"No";"No tiene";"No tiene";"No tiene";"01/01/2026";"31/12/2026";"No informa";"DIF. BONO VACACIONES 2026+PAGO ASIGNACION METAS DE PRODUCCION Y CALIDAD PERIODO 03/2026+REMUNERACION MAR.2026";
"2026";"Marzo";"Técnico";"NEIRA ECHEVERRIA, CRISTIAN JAVIER";"ATENCION CLINICA";"22";"TECNICO NIVEL SUPERIOR ENFERMERIA";"Región Metropolitana de Santiago";"(202)(204)";"$ 1.460.726";"$ 1.240.536";"$ 0";"$ 37.638";"Sí";"$ 136.450 : 40,00 hrs";"$ 319.293 : 78,00 hrs";"No tiene";"01/01/2026";"31/03/2026";"No informa";"BONO VACACIONES 2026+REMUNERACION MAR.2026";
"2026";"Marzo";"Administrativo";"NEIRA HERRERA, JORGE ORLANDO";"Apoyo Administrativo";"19";"TECNICO NIVEL MEDIO CONTABILIDAD";"Región Metropolitana de Santiago";"(186)";"$ 882.572";"$ 666.035";"$ 0";"$ 145.849";"No";"No tiene";"No tiene";"No tiene";"01/01/2026";"31/12/2026";"No informa";"REMUNERACION MARZO 2026 + BONOS TRIMESTRALES";
"2026";"Marzo";"Profesional";"NEIRA MOLINA, NATALIA ISADORA";"Apoyo Administrativo";"10";"PSICOLOGO (A)";"Región Metropolitana de Santiago";"(186)(186)";"$ 2.632.035";"$ 1.900.818";"$ 0";"$ 305.066";"No";"No tiene";"No tiene";"No tiene";"01/01/2026";"31/12/2026";"No informa";"REMUNERACION MARZO 2026 + BONOS TRIMESTRALES";
"2026";"Marzo";"Administrativo";"NEIRA YAÑEZ, INES DEL CAMEN";"Apoyo Administrativo";"22";"ADMINISTRATIVO";"Región Metropolitana de Santiago";"(186)";"$ 787.370";"$ 711.928";"$ 0";"$ 145.183";"No";"No tiene";"No tiene";"No tiene";"01/01/2026";"31/12/2026";"No informa";"Sin observaciones";
"2026";"Marzo";"Profesional";"NOCHES MIRANDA, ROMINA VARINYA";"Atencion Clinica";"15";"PSICOLOGO (A)";"Región Metropolitana de Santiago";"(186)";"$ 1.826.319";"$ 1.428.826";"$ 0";"$ 217.282";"No";"No tiene";"No tiene";"No tiene";"01/01/2026";"31/12/2026";"No informa";"Sin observaciones";
"2026";"Marzo";"Profesional";"NORAMBUENA CANALES, CRISTOFER IGNACIO";"Atencion Clinica";"15";"FONOAUDIOLOGO (A)";"Región Metropolitana de Santiago";"(01)";"$ 1.491.702";"$ 1.205.712";"$ 0";"$ 0";"No";"No tiene";"No tiene";"No tiene";"01/01/2026";"31/12/2026";"No informa";"Sin observaciones";
"2026";"Marzo";"Administrativo";"NORAMBUENA LEIVA, BERNARDITA ALEJANDRA";"Apoyo Administrativo";"16";"INGENIERO (A) EN RECURSOS HUMANOS";"Región Metropolitana de Santiago";"(186)";"$ 1.831.340";"$ 1.368.257";"$ 0";"$ 311.671";"Sí";"$ 159.058 : 22,00 hrs";"No tiene";"No tiene";"01/01/2026";"31/12/2026";"No informa";"Sin observaciones";
"2026";"Marzo";"Técnico";"NORAMBUENA VARGAS, FERNANDA ANDREA";"Atencion Clinica";"22";"TECNICO NIVEL SUPERIOR ENFERMERIA";"Región Metropolitana de Santiago";"(186)";"$ 987.861";"$ 787.750";"$ 0";"$ 120.553";"No";"No tiene";"No tiene";"No tiene";"01/01/2026";"31/12/2026";"No informa";"Sin observaciones";
"2026";"Marzo";"Médicos cirujanos, farmacéuticos, químico-farmacéuticos, bioquímicos, cirujano-dentistas";"NOVOA ALFARO, ENRIQUE JESUS";"Quimico Farmaceutico";"44 Hrs.";"QUIMICO FARMACEUTICO";"Región Metropolitana de Santiago";"(86)(186)";"$ 7.120.896";"$ 5.744.206";"$ 0";"$ 0";"No";"No tiene";"No tiene";"No tiene";"01/01/2026";"31/12/2026";"No informa";"Sin observaciones";
"2026";"Marzo";"Técnico";"NUÑEZ ESPINOZA, MELANY CATALINA";"Atencion Clinica";"22";"TECNICO NIVEL SUPERIOR ENFERMERIA";"Región Metropolitana de Santiago";"(01)";"$ 838.484";"$ 652.250";"$ 0";"$ 114.072";"No";"No tiene";"No tiene";"No tiene";"01/01/2026";"31/03/2026";"No informa";"Sin observaciones";
"2026";"Marzo";"Administrativo";"NUÑEZ FLORES, KARINA SOLEDAD";"Apoyo Administrativo";"22";"ADMINISTRATIVO";"Región Metropolitana de Santiago";"(186)";"$ 758.125";"$ 573.767";"$ 0";"$ 120.553";"No";"No tiene";"No tiene";"No tiene";"01/01/2026";"31/12/2026";"No informa";"Sin observaciones";
"2026";"Marzo";"Administrativo";"NUÑEZ PIZARRO, JULIO ALEJANDRO";"Apoyo Administrativo";"21";"ADMINISTRATIVO";"Región Metropolitana de Santiago";"(186)";"$ 1.080.096";"$ 878.497";"$ 0";"$ 144.051";"Sí";"$ 108.616 : 29,00 hrs";"$ 166.294 : 37,00 hrs";"No tiene";"01/01/2026";"31/12/2026";"No informa";"Sin observaciones";
"2026";"Marzo";"Profesional";"NUÑEZ ROJAS, CONSTANZA FRANCISCA";"Apoyo Administrativo";"10";"ADMINISTRADOR (A) PUBLICO";"Región Metropolitana de Santiago";"(186)";"$ 2.632.035";"$ 1.959.680";"$ 0";"$ 305.066";"No";"No tiene";"No tiene";"No tiene";"01/01/2026";"31/12/2026";"No informa";"REMUNERACION MARZO 2026 + BONOS TRIMESTRALES";
"2026";"Marzo";"Técnico";"OBREGON HERNANDEZ, FRANCISCO JAVIER";"Apoyo Administrativo";"12";"TECNICO NIVEL MEDIO INFORMATICA";"Región Metropolitana de Santiago";"(186)";"$ 2.413.567";"$ 1.735.655";"$ 0";"$ 442.017";"No";"No tiene";"No tiene";"No tiene";"01/01/2026";"31/12/2026";"No informa";"REMUNERACION MARZO 2026 + BONOS TRIMESTRALES";
"2026";"Marzo";"Médicos cirujanos, farmacéuticos, químico-farmacéuticos, bioquímicos, cirujano-dentistas";"OCAÑA LOPEZ, ROCIO DEL PILAR";"Atencion Clinica Medica";"33 Hrs.";"MEDICO CIRUJANO";"Región Metropolitana de Santiago";"(188)(186)";"$ 3.793.034";"$ 3.002.881";"$ 0";"$ 0";"No";"No tiene";"No tiene";"No tiene";"01/01/2026";"31/12/2026";"No informa";"Sin observaciones";
"2026";"Marzo";"Profesional";"OCARANZA CACERES, JENNYFER CAROLINA";"Atencion Clinica";"15";"TRABAJADOR (A) SOCIAL";"Región Metropolitana de Santiago";"(186)";"$ 1.826.319";"$ 1.423.276";"$ 0";"$ 217.282";"No";"No tiene";"No tiene";"No tiene";"01/01/2026";"31/12/2026";"No informa";"Sin observaciones";
"2026";"Marzo";"Profesional";"OCARANZA VASQUEZ, PAULA ANDREA";"Apoyo Administrativo";"8";"ENFERMERA (O)";"Región Metropolitana de Santiago";"(186)";"$ 3.395.566";"$ 2.428.322";"$ 0";"$ 499.425";"No";"No tiene";"No tiene";"No tiene";"01/01/2026";"31/12/2026";"No informa";"REMUNERACION MARZO 2026 + BONOS TRIMESTRALES";
"2026";"Marzo";"Médicos cirujanos, farmacéuticos, químico-farmacéuticos, bioquímicos, cirujano-dentistas";"OJEDA CONTRERAS, VALENTINA FERNANDA";"Atencion Clinica Medica";"44 Hrs.";"MEDICO CIRUJANO";"Región Metropolitana de Santiago";"(86)(186)";"$ 3.898.701";"$ 3.148.521";"$ 0";"$ 0";"Sí";"$ 190.240 : 16,00 hrs";"$ 242.556 : 17,00 hrs";"No tiene";"01/01/2026";"07/05/2026";"No informa";"Sin observaciones";
"2026";"Marzo";"Administrativo";"OJEDA GONZALEZ, SOLEDAD CONSUELO";"Apoyo Administrativo";"21";"PROFESOR (A)";"Región Metropolitana de Santiago";"(186)";"$ 1.143.711";"$ 856.231";"$ 0";"$ 206.314";"No";"No tiene";"No tiene";"No tiene";"01/01/2026";"31/12/2026";"No informa";"Sin observaciones";
"2026";"Marzo";"Técnico";"OJEDA MENDOZA, CRISTOPHER ALEJANDRO";"ATENCION CLINICA";"22";"TECNICO NIVEL SUPERIOR ENFERMERIA";"Región Metropolitana de Santiago";"(202)(204)(186)";"$ 1.330.044";"$ 1.091.953";"$ 0";"$ 145.183";"Sí";"$ 95.382 : 27,00 hrs";"$ 139.894 : 33,00 hrs";"No tiene";"01/01/2026";"31/12/2026";"No informa";"CANCELA ASIG. TECNICA+CANCELA PAGO TRIMESTRAL LEY 19.490 Y LEY 19.937 PERIODO 03/2026+REMUNERACION MAR.2026";
"2026";"Marzo";"Médicos cirujanos, farmacéuticos, químico-farmacéuticos, bioquímicos, cirujano-dentistas";"OJEDA REINO, MARIA JOSE";"Atencion Clinica Medica";"44 Hrs.";"MEDICO CIRUJANO";"Región Metropolitana de Santiago";"(86)(186)";"$ 3.465.905";"$ 2.731.600";"$ 0";"$ 0";"No";"No tiene";"No tiene";"No tiene";"01/01/2026";"31/12/2026";"No informa";"Sin observaciones";
"2026";"Marzo";"Profesional";"OJEDA ZAMORANO, VICENTE HERIBERTO";"Apoyo Administrativo";"8";"TECNOLOGO (A) EN INFORMATICA BIOMEDICA";"Región Metropolitana de Santiago";"(186)";"$ 3.450.015";"$ 2.534.227";"$ 0";"$ 612.931";"No";"No tiene";"No tiene";"No tiene";"01/01/2026";"31/12/2026";"No informa";"Sin observaciones";
"2026";"Marzo";"Profesional";"OLATE SAAVEDRA, NICOLE ANDREA";"Atencion Clinica";"13";"ENFERMERA (O)";"Región Metropolitana de Santiago";"(01)";"$ 2.420.047";"$ 1.924.313";"$ 0";"$ 258.732";"Sí";"$ 252.896 : 26,00 hrs";"$ 46.688 : 4,00 hrs";"No tiene";"01/01/2026";"31/12/2026";"No informa";"Sin observaciones";
"2026";"Marzo";"Técnico";"OLAVARRIA MAYORGA, PAMELA DEL CARMEN";"Atencion Clinica";"20";"TECNICO NIVEL SUPERIOR ENFERMERIA";"Región Metropolitana de Santiago";"(186)";"$ 994.656";"$ 772.854";"$ 0";"$ 151.967";"Sí";"$ 51.378 : 13,00 hrs";"$ 33.198 : 7,00 hrs";"No tiene";"01/01/2026";"31/12/2026";"No informa";"Sin observaciones";
"2026";"Marzo";"Técnico";"OLEA BURGOS, DAISY JEANNETTE";"ATENCION CLINICA";"22";"TECNICO NIVEL SUPERIOR ENFERMERIA";"Región Metropolitana de Santiago";"(202)(204)";"$ 1.004.983";"$ 809.964";"$ 0";"$ 114.072";"No";"No tiene";"No tiene";"No tiene";"01/01/2026";"31/12/2026";"No informa";"CANCELA PAGO TRIMESTRAL LEY 19.937 PERIODO 03/2026+REMUNERACION MAR.2026";
"2026";"Marzo";"Administrativo";"OLEA GAETE, ROSA HORTENSIA";"Apoyo Administrativo";"20";"ADMINISTRATIVO";"Región Metropolitana de Santiago";"(01)";"$ 918.248";"$ 702.309";"$ 0";"$ 165.246";"No";"No tiene";"No tiene";"No tiene";"01/01/2026";"31/12/2026";"No informa";"REMUNERACION MARZO 2026 + BONOS TRIMESTRALES";
"2026";"Marzo";"Médicos cirujanos, farmacéuticos, químico-farmacéuticos, bioquímicos, cirujano-dentistas";"OLGUIN FUENTEALBA, FABIOLA BEATRIZ";"Atencion Clinica Medica";"44 Hrs.";"MEDICO CIRUJANO";"Región Metropolitana de Santiago";"(86)(186)";"$ 3.465.905";"$ 2.753.984";"$ 0";"$ 0";"No";"No tiene";"No tiene";"No tiene";"01/01/2026";"31/12/2026";"No informa";"Sin observaciones";
"2026";"Marzo";"Médicos cirujanos, farmacéuticos, químico-farmacéuticos, bioquímicos, cirujano-dentistas";"OLIVA FUENTEALBA, MIRTHA PAMELA";"Atencion Clinica Medica";"44 Hrs.";"MEDICO CIRUJANO";"Región Metropolitana de Santiago";"(188)(86)(186)";"$ 6.230.751";"$ 5.071.801";"$ 0";"$ 0";"No";"No tiene";"No tiene";"No tiene";"01/01/2026";"31/12/2026";"No informa";"Sin observaciones";
"2026";"Marzo";"Profesional";"OLIVA GONZALEZ, ROBERTO ENRIQUE";"Atencion Clinica";"16";"MATRON (A)";"Región Metropolitana de Santiago";"(186)";"$ 2.112.811";"$ 1.712.009";"$ 0";"$ 176.389";"Sí";"$ 305.040 : 40,00 hrs";"$ 146.420 : 16,00 hrs";"No tiene";"01/01/2026";"31/12/2026";"No informa";"Sin observaciones";
"2026";"Marzo";"Profesional";"OLIVA TILLERIA, JAVIERA DEL CARMEN";"Atencion Clinica";"16";"ENFERMERA (O)";"Región Metropolitana de Santiago";"(01)";"$ 958.682";"$ 784.585";"$ 0";"$ 0";"No";"No tiene";"No tiene";"No tiene";"02/03/2026";"22/03/2026";"No informa";"CONTRATO POR REEMPLAZO";
"2026";"Marzo";"Médicos cirujanos, farmacéuticos, químico-farmacéuticos, bioquímicos, cirujano-dentistas";"OLIVARES PEMJEAN, ARTURO LINDOR";"Medicina Interna";"11 Hrs.";"MEDICO CIRUJANO";"Región Metropolitana de Santiago";"(186)(86)(186)";"$ 1.370.460";"$ 1.306.126";"$ 0";"$ 0";"No";"No tiene";"No tiene";"No tiene";"01/01/2026";"31/12/2026";"No informa";"Sin observaciones";
"2026";"Marzo";"Médicos cirujanos, farmacéuticos, químico-farmacéuticos, bioquímicos, cirujano-dentistas";"OLIVARES PEMJEAN, ARTURO LINDOR";"Medicina Interna";"22 Hrs.";"MEDICO CIRUJANO";"Región Metropolitana de Santiago";"(186)(86)(186)";"$ 2.740.924";"$ 2.213.177";"$ 0";"$ 0";"No";"No tiene";"No tiene";"No tiene";"01/01/2026";"31/12/2026";"No informa";"Sin observaciones";
"2026";"Marzo";"Médicos cirujanos, farmacéuticos, químico-farmacéuticos, bioquímicos, cirujano-dentistas";"OLIVARES PEMJEAN, ARTURO LINDOR";"Medicina Interna";"11 Hrs.";"MEDICO CIRUJANO";"Región Metropolitana de Santiago";"(186)";"$ 1.235.590";"$ 1.177.588";"$ 0";"$ 0";"No";"No tiene";"No tiene";"No tiene";"01/01/2026";"31/12/2026";"No informa";"Sin observaciones";
"2026";"Marzo";"Profesional";"OLIVARES PINO, SERGIO JOSE";"Atencion Clinica";"15";"PSICOLOGO (A)";"Región Metropolitana de Santiago";"(01)";"$ 1.775.644";"$ 1.385.438";"$ 0";"$ 192.449";"No";"No tiene";"No tiene";"No tiene";"01/01/2026";"31/12/2026";"No informa";"Sin observaciones";
"2026";"Marzo";"Administrativo";"OLIVAREZ RAMIREZ, GISSELLE ANGELICA";"Apoyo Administrativo";"22";"ADMINISTRATIVO";"Región Metropolitana de Santiago";"(186)";"$ 1.343.738";"$ 973.349";"$ 0";"$ 173.802";"No";"No tiene";"No tiene";"No tiene";"01/01/2026";"31/12/2026";"No informa";"Sin observaciones";
"2026";"Marzo";"Profesional";"OLMEDO CESPED, DEBORAH LESLIE";"Atencion Clinica";"13";"TRABAJADOR (A) SOCIAL";"Región Metropolitana de Santiago";"(01)";"$ 1.770.239";"$ 1.426.683";"$ 0";"$ 0";"No";"No tiene";"No tiene";"No tiene";"01/01/2026";"31/12/2026";"No informa";"Sin observaciones";
"2026";"Marzo";"Profesional";"OÑATE CHAVEZ, ANDREA PATRICIA";"Atencion Clinica";"16";"ENFERMERA (O)";"Región Metropolitana de Santiago";"(186)";"$ 1.676.136";"$ 1.267.051";"$ 0";"$ 199.149";"No";"No tiene";"No tiene";"No tiene";"01/01/2026";"31/12/2026";"No informa";"Sin observaciones";
"2026";"Marzo";"Técnico";"OÑATE RIVEROS, CAMILA LISENIA";"Atencion Clinica";"22";"TECNICO NIVEL SUPERIOR ENFERMERIA";"Región Metropolitana de Santiago";"(01)";"$ 751.079";"$ 619.038";"$ 0";"$ 0";"No";"No tiene";"No tiene";"No tiene";"01/01/2026";"31/03/2026";"No informa";"Sin observaciones";
"2026";"Marzo";"Profesional";"OPAZO TORREJON, MARIA FERNANDA";"ATENCION CLINICA";"13";"ENFERMERA (O)";"Región Metropolitana de Santiago";"(203)(204)(186)";"$ 3.865.273";"$ 3.057.066";"$ 0";"$ 280.908";"Sí";"$ 393.748 : 40,00 hrs";"$ 696.934 : 59,00 hrs";"No tiene";"01/01/2026";"31/12/2026";"No informa";"CANCELA PAGO TRIMESTRAL LEY 19.490 PERIODO 03/2026+CANCELA PAGO TRIMESTRAL LEY 19.937 PERIODO 03/2026+REMUNERACION MAR.2026";
"2026";"Marzo";"Técnico";"OPAZO TRUJILLO, LISSETTE VALERIA";"Atencion Clinica";"22";"INGENIERO (A) EJECUCION ADMINISTRACION DE RECURSOS HUMANOS";"Región Metropolitana de Santiago";"(186)";"$ 1.290.667";"$ 1.038.187";"$ 0";"$ 165.075";"Sí";"$ 22.761 : 6,00 hrs";"$ 22.761 : 5,00 hrs";"No tiene";"01/01/2026";"31/12/2026";"No informa";"Sin observaciones";
"2026";"Marzo";"Profesional";"OPORTO GONZALEZ, MARCELO SEBASTIAN";"Apoyo Logistico";"15";"BIOQUIMICO (A)";"Región Metropolitana de Santiago";"(01)";"$ 1.764.530";"$ 1.445.118";"$ 0";"$ 93.121";"Sí";"$ 130.696 : 16,00 hrs";"$ 49.011 : 5,00 hrs";"No tiene";"01/01/2026";"31/03/2026";"No informa";"Sin observaciones";
"2026";"Marzo";"Médicos cirujanos, farmacéuticos, químico-farmacéuticos, bioquímicos, cirujano-dentistas";"ORCHARD MEYER RACHNER, MICHAEL ALEXANDER";"Atencion Odontologica";"22 Hrs.";"CIRUJANO DENTISTA";"Región Metropolitana de Santiago";"(01)";"$ 923.652";"$ 689.432";"$ 0";"$ 0";"No";"No tiene";"No tiene";"No tiene";"01/01/2026";"29/03/2026";"No informa";"CONTRATO POR REEMPLAZO";
"2026";"Marzo";"Administrativo";"ORELLANA BARRA, ANA MARIA";"Apoyo Administrativo";"22";"ADMINISTRATIVO";"Región Metropolitana de Santiago";"(186)";"$ 753.511";"$ 570.004";"$ 0";"$ 120.553";"No";"No tiene";"No tiene";"No tiene";"01/01/2026";"31/12/2026";"No informa";"Sin observaciones";
"2026";"Marzo";"Administrativo";"ORELLANA BRAVO, CONSTANZA JAVIERA";"Apoyo Administrativo";"22";"ADMINISTRATIVO";"Región Metropolitana de Santiago";"(01)";"$ 599.083";"$ 467.990";"$ 0";"$ 0";"No";"No tiene";"No tiene";"No tiene";"29/01/2026";"26/03/2026";"No informa";"CONTRATO POR REEMPLAZO";
"2026";"Marzo";"Técnico";"ORELLANA CAMPOS, MARIA JOSE";"Atencion Clinica";"21";"TECNICO NIVEL SUPERIOR ENFERMERIA";"Región Metropolitana de Santiago";"(01)";"$ 849.485";"$ 658.189";"$ 0";"$ 123.073";"No";"No tiene";"No tiene";"No tiene";"01/01/2026";"31/03/2026";"No informa";"Sin observaciones";
"2026";"Marzo";"Médicos cirujanos, farmacéuticos, químico-farmacéuticos, bioquímicos, cirujano-dentistas";"ORELLANA CONTRERAS, ANDREA VERONICA";"Atencion Odontologica";"11 Hrs.";"CIRUJANO DENTISTA";"Región Metropolitana de Santiago";"(186)";"$ 1.035.063";"$ 872.266";"$ 0";"$ 0";"No";"No tiene";"No tiene";"No tiene";"01/01/2026";"31/03/2026";"No informa";"Sin observaciones";
"2026";"Marzo";"Médicos cirujanos, farmacéuticos, químico-farmacéuticos, bioquímicos, cirujano-dentistas";"ORELLANA CONTRERAS, ANDREA VERONICA";"Atencion Odontologica";"33 Hrs.";"CIRUJANO DENTISTA";"Región Metropolitana de Santiago";"(186)";"$ 3.105.114";"$ 2.459.224";"$ 0";"$ 0";"No";"No tiene";"No tiene";"No tiene";"01/01/2026";"31/03/2026";"No informa";"Sin observaciones";
"2026";"Marzo";"Técnico";"ORELLANA FARIÑA, DANIELA CATALINA BELEN";"Atencion Clinica";"22";"TRABAJADOR (A) SOCIAL";"Región Metropolitana de Santiago";"(186)";"$ 1.103.495";"$ 844.371";"$ 0";"$ 161.707";"No";"No tiene";"No tiene";"No tiene";"01/01/2026";"31/03/2026";"No informa";"Sin observaciones";
"2026";"Marzo";"Profesional";"ORELLANA SOBARZO, CLAUDIA ALEJANDRA";"Apoyo Administrativo";"8";"ENFERMERA (O)";"Región Metropolitana de Santiago";"(186)";"$ 3.440.968";"$ 2.527.926";"$ 0";"$ 544.827";"No";"No tiene";"No tiene";"No tiene";"01/01/2026";"31/12/2026";"No informa";"REMUNERACION MARZO 2026 + BONOS TRIMESTRALES";
"2026";"Marzo";"Técnico";"ORELLANA TRONCOSO, MARIA LUISA";"Atencion Clinica";"22";"TECNICO NIVEL SUPERIOR ENFERMERIA";"Región Metropolitana de Santiago";"(186)";"$ 888.052";"$ 680.886";"$ 0";"$ 145.183";"No";"No tiene";"No tiene";"No tiene";"01/01/2026";"31/12/2026";"No informa";"Sin observaciones";
"2026";"Marzo";"Profesional";"ORELLANA VAN HASSELT, MAGDALENA ESTER";"Atencion Clinica";"15";"TERAPEUTA OCUPACIONAL";"Región Metropolitana de Santiago";"(186)(186)";"$ 1.826.319";"$ 1.252.296";"$ 0";"$ 217.282";"No";"No tiene";"No tiene";"No tiene";"01/01/2026";"31/12/2026";"No informa";"Sin observaciones";
"2026";"Marzo";"Administrativo";"ORMAZABAL VIDAL, JORGE MARCELO";"Apoyo Administrativo";"21";"INGENIERO (A) EN RECURSOS HUMANOS";"Región Metropolitana de Santiago";"(186)";"$ 1.184.511";"$ 898.656";"$ 0";"$ 208.156";"Sí";"$ 34.022 : 8,00 hrs";"No tiene";"No tiene";"01/01/2026";"31/12/2026";"No informa";"Sin observaciones";
"2026";"Marzo";"Administrativo";"OROS GAETE, DAISY JANINE";"Apoyo Administrativo";"22";"ADMINISTRATIVO";"Región Metropolitana de Santiago";"(01)";"$ 483.875";"$ 372.512";"$ 0";"$ 0";"No";"No tiene";"No tiene";"No tiene";"23/02/2026";"21/03/2026";"No informa";"CONTRATO POR REEMPLAZO";
"2026";"Marzo";"Profesional";"ORREGO CASTAÑEDA, NATALIA DEL PILAR";"APOYO ADMINISTRATIVO";"12";"ENFERMERA (O)";"Región Metropolitana de Santiago";"(01)";"$ 1.944.208";"$ 1.134.252";"$ 0";"$ 18.819";"No";"No tiene";"No tiene";"No tiene";"01/01/2026";"31/03/2026";"No informa";"BONO VACACIONES 2026+REMUNERACION MAR.2026";
"2026";"Marzo";"Profesional";"ORTEGA AVILA, ANTONIA SARIAH";"Apoyo Administrativo";"10";"ENFERMERA (O)";"Región Metropolitana de Santiago";"(01)";"$ 2.444.654";"$ 1.944.743";"$ 0";"$ 143.000";"No";"No tiene";"No tiene";"No tiene";"01/01/2026";"31/12/2026";"No informa";"REMUNERACION MARZO 2026 + BONOS TRIMESTRALES";
"2026";"Marzo";"Técnico";"ORTEGA BELTRAN, ANNIE ELIZABETH";"Atencion Clinica";"22";"TECNICO NIVEL SUPERIOR ENFERMERIA";"Región Metropolitana de Santiago";"(186)";"$ 849.579";"$ 650.311";"$ 0";"$ 120.553";"No";"No tiene";"No tiene";"No tiene";"01/01/2026";"31/12/2026";"No informa";"Sin observaciones";
"2026";"Marzo";"Profesional";"ORTEGA CONTRERAS, KATHERINE PAULETTE";"Atencion Clinica";"15";"PSICOLOGO (A)";"Región Metropolitana de Santiago";"(01)";"$ 1.584.823";"$ 1.254.863";"$ 0";"$ 93.121";"No";"No tiene";"No tiene";"No tiene";"01/01/2026";"31/03/2026";"No informa";"Sin observaciones";
"2026";"Marzo";"Profesional";"ORTEGA MONTOYA, PILAR ANDREA";"Apoyo Administrativo";"13";"TERAPEUTA OCUPACIONAL";"Región Metropolitana de Santiago";"(01)";"$ 1.770.239";"$ 1.428.553";"$ 0";"$ 0";"No";"No tiene";"No tiene";"No tiene";"02/01/2026";"31/03/2026";"No informa";"Sin observaciones";
"2026";"Marzo";"Técnico";"ORTEGA ROJAS, ZAIDA YESENIA";"Atencion Clinica";"22";"TECNICO DE NIVEL SUPERIOR EN ENFERMERIA E INSTRUMENTACION QUIRURGICA";"Región Metropolitana de Santiago";"(01)";"$ 866.401";"$ 727.805";"$ 0";"$ 0";"Sí";"$ 102.338 : 30,00 hrs";"$ 32.748 : 8,00 hrs";"No tiene";"05/01/2026";"04/04/2026";"No informa";"CONTRATO A PRUEBA";
"2026";"Marzo";"Auxiliar";"ORTIZ MARIÑAN, JONATHAN JAIME";"Chofer";"19";"AUXILIAR";"Región Metropolitana de Santiago";"(205)(202)(186)";"$ 1.735.069";"$ 1.374.078";"$ 0";"$ 175.647";"Sí";"$ 57.778 : 14,00 hrs";"$ 247.623 : 50,00 hrs";"No tiene";"01/01/2026";"31/12/2026";"No informa";"Sin observaciones";
"2026";"Marzo";"Técnico";"ORTIZ PASTENE, PAULA ANDREA";"ATENCION CLINICA";"21";"ENFERMERA (O)";"Región Metropolitana de Santiago";"(203)(204)(186)";"$ 1.266.030";"$ 778.206";"$ 0";"$ 235.788";"No";"No tiene";"No tiene";"No tiene";"01/01/2026";"31/12/2026";"No informa";"CANCELA PAGO TRIMESTRAL LEY 19.490 PERIODO 03/2026+CANCELA PAGO TRIMESTRAL LEY 19.937 PERIODO 03/2026+REMUNERACION MAR.2026";
"2026";"Marzo";"Técnico";"ORTIZ RAMIREZ, SEBASTIAN IGNACIO";"ATENCION CLINICA";"22";"TECNICO NIVEL SUPERIOR ENFERMERIA";"Región Metropolitana de Santiago";"(202)(186)(202)(204)(186)";"$ 1.111.660";"$ 716.455";"$ 0";"$ 139.998";"No";"No tiene";"No tiene";"No tiene";"01/01/2026";"31/12/2026";"No informa";"CANCELA ASIG. TECNICA+CANCELA PAGO TRIMESTRAL LEY 19.490 Y LEY 19.937 PERIODO 03/2026+DIF POR BIENIOS DESDE 02/2026+REMUNERACION MAR.2026";
"2026";"Marzo";"Auxiliar";"ORTIZ ROJAS, DAVID ANTONIO";"CONDUCTOR";"21";"AUXILIAR";"Región Metropolitana de Santiago";"(205)(202)(204)";"$ 1.355.170";"$ 1.060.869";"$ 0";"$ 195.798";"Sí";"$ 103.051 : 28,00 hrs";"$ 88.330 : 20,00 hrs";"No tiene";"01/01/2026";"30/06/2026";"No informa";"CANCELA PAGO TRIMESTRAL LEY 19.490 PERIODO 03/2026+CANCELA PAGO TRIMESTRAL LEY 19.937 PERIODO 03/2026+REMUNERACION MAR.2026";
"2026";"Marzo";"Profesional";"ORTIZ TORRES, EDITH ELIZABETH";"APOYO ADMINISTRATIVO";"7";"CONTADOR (A) PUBLICO (A) AUDITOR";"Región Metropolitana de Santiago";"(186)";"$ 2.897.945";"$ 2.211.272";"$ 0";"$ 550.076";"No";"No tiene";"No tiene";"No tiene";"01/01/2026";"31/12/2026";"No informa";"CANCELA PAGO TRIMESTRAL LEY 19.490 PERIODO 03/2026+CANCELA PAGO TRIMESTRAL LEY 19.937 PERIODO 03/2026+REMUNERACION MAR.2026";
"2026";"Marzo";"Profesional";"ORZEGOW TRZEWIK, ANDREA MIRIAM";"Apoyo Administrativo";"9";"PERIODISTA";"Región Metropolitana de Santiago";"(186)";"$ 3.113.486";"$ 2.329.095";"$ 0";"$ 458.167";"No";"No tiene";"No tiene";"No tiene";"01/01/2026";"31/12/2026";"No informa";"REMUNERACION MARZO 2026 + BONOS TRIMESTRALES";
"2026";"Marzo";"Técnico";"OSORES BARACATT, SILVIA ANGELICA";"ATENCION CLINICA";"22";"TECNICO NIVEL SUPERIOR ENFERMERIA";"Región Metropolitana de Santiago";"(202)(204)(186)";"$ 1.077.875";"$ 865.806";"$ 0";"$ 127.035";"No";"No tiene";"No tiene";"No tiene";"01/01/2026";"31/12/2026";"No informa";"CANCELA ASIG. TECNICA+CANCELA PAGO TRIMESTRAL LEY 19.490 Y LEY 19.937 PERIODO 03/2026+REMUNERACION MAR.2026";
"2026";"Marzo";"Auxiliar";"OSORIO MOYA, EDUARDO CLAUDIO";"CONDUCTOR";"22";"AUXILIAR";"Región Metropolitana de Santiago";"(205)(202)(204)";"$ 1.215.656";"$ 303.544";"$ 0";"$ 181.867";"Sí";"$ 54.580 : 16,00 hrs";"$ 81.870 : 20,00 hrs";"No tiene";"01/01/2026";"31/12/2026";"No informa";"CANCELA BONO ESCOLAR 2026-202603+CANCELA PAGO TRIMESTRAL LEY 19.490 Y LEY 19.937 PERIODO 03/2026+REMUNERACION MAR.2026";
"2026";"Marzo";"Técnico";"OSORIO SOTO, IBANIA LISETTE";"ATENCION CLINICA";"21";"TECNICO NIVEL SUPERIOR ENFERMERIA";"Región Metropolitana de Santiago";"(186)";"$ 496.014";"$ 336.699";"$ 0";"$ 79.998";"No";"No tiene";"No tiene";"No tiene";"01/01/2026";"31/12/2026";"No informa";"CANCELA PAGO TRIMESTRAL LEY 19.937 PERIODO 03/2026+CONTRATO SEGUN PERMISOS FEB.2026 (23-28)+CONTRATO SEGUN PERMISOS MAR.2026 (01-08) (11-17)+PAGO BONO MENSUAL";
"2026";"Marzo";"Técnico";"OSSES CONTRERAS, PAOLA TERESA";"ATENCION CLINICA";"22";"TECNICO NIVEL SUPERIOR ENFERMERIA";"Región Metropolitana de Santiago";"(202)(204)(186)";"$ 1.220.077";"$ 759.725";"$ 0";"$ 188.348";"No";"No tiene";"No tiene";"No tiene";"01/01/2026";"31/12/2026";"No informa";"CANCELA ASIG. TECNICA+CANCELA BONO ESCOLAR 2026-202603+CANCELA PAGO TRIMESTRAL LEY 19.490 Y LEY 19.937 PERIODO 03/2026+REMUNERACION MAR.2026";
"2026";"Marzo";"Técnico";"OSSES PARADA, OSVALDO ALFONSO";"Atencion Clinica";"22";"TECNICO NIVEL SUPERIOR ENFERMERIA";"Región Metropolitana de Santiago";"(186)";"$ 873.067";"$ 662.353";"$ 0";"$ 134.812";"No";"No tiene";"No tiene";"No tiene";"01/01/2026";"31/12/2026";"No informa";"Sin observaciones";
"2026";"Marzo";"Profesional";"OSSES RODRIGUEZ, FRANCISCO ALEJANDRO";"ATENCION CLINICA";"12";"ENFERMERA (O)";"Región Metropolitana de Santiago";"(203)(204)(186)";"$ 3.030.957";"$ 2.157.933";"$ 0";"$ 353.222";"No";"No tiene";"No tiene";"No tiene";"01/01/2026";"31/12/2026";"No informa";"CANCELA PAGO TRIMESTRAL LEY 19.490 PERIODO 03/2026+CANCELA PAGO TRIMESTRAL LEY 19.937 PERIODO 03/2026+REMUNERACION MAR.2026";
"2026";"Marzo";"Técnico";"OTAROLA ACEVEDO, BRISA ESTEFANI";"Atencion Clinica";"21";"TECNICO NIVEL SUPERIOR ENFERMERIA";"Región Metropolitana de Santiago";"(186)";"$ 921.256";"$ 729.099";"$ 0";"$ 123.073";"No";"No tiene";"No tiene";"No tiene";"01/01/2026";"31/12/2026";"No informa";"Sin observaciones";
"2026";"Marzo";"Técnico";"OTAROLA ARAYA, CAMILA FERNANDA";"Atencion Clinica";"22";"TECNICO NIVEL SUPERIOR ODONTOLOGIA";"Región Metropolitana de Santiago";"(01)";"$ 844.965";"$ 654.031";"$ 0";"$ 120.553";"No";"No tiene";"No tiene";"No tiene";"01/01/2026";"31/12/2026";"No informa";"Sin observaciones";
"2026";"Marzo";"Administrativo";"OTAROLA GUERRERO, NELLY";"Secretaria";"13";"ADMINISTRADOR (A) PUBLICO";"Región Metropolitana de Santiago";"(186)";"$ 2.586.154";"$ 1.718.349";"$ 0";"$ 788.077";"No";"No tiene";"No tiene";"No tiene";"01/01/2026";"31/12/2026";"No informa";"REMUNERACION MARZO 2026 + BONOS TRIMESTRALES";
"2026";"Marzo";"Técnico";"OTAROLA PUENTES, KARIME SOLANGE";"Atencion Clinica";"22";"TECNICO NIVEL SUPERIOR ENFERMERIA";"Región Metropolitana de Santiago";"(186)";"$ 920.302";"$ 717.028";"$ 0";"$ 124.442";"No";"No tiene";"No tiene";"No tiene";"01/01/2026";"31/12/2026";"No informa";"Sin observaciones";
"2026";"Marzo";"Administrativo";"OTAROLA ULLOA, CAMILA ARACELY";"Apoyo Administrativo";"14";"ADMINISTRADOR (A) PUBLICO";"Región Metropolitana de Santiago";"(186)(186)";"$ 1.912.100";"$ 1.223.333";"$ 0";"$ 307.987";"No";"No tiene";"No tiene";"No tiene";"01/01/2026";"31/12/2026";"No informa";"REMUNERACION MARZO 2026 + BONOS TRIMESTRALES";
"2026";"Marzo";"Médicos cirujanos, farmacéuticos, químico-farmacéuticos, bioquímicos, cirujano-dentistas";"OVANDO MELGAR, MARIA JOSE";"Atencion Clinica Medica";"11 Hrs.";"MEDICO CIRUJANO";"Región Metropolitana de Santiago";"(188)(186)";"$ 677.642";"$ 554.582";"$ 0";"$ 0";"No";"No tiene";"No tiene";"No tiene";"01/01/2026";"31/12/2026";"No informa";"Sin observaciones";
"2026";"Marzo";"Médicos cirujanos, farmacéuticos, químico-farmacéuticos, bioquímicos, cirujano-dentistas";"OVANDO MELGAR, MARIA JOSE";"Atencion Clinica Medica";"22 Hrs.";"MEDICO CIRUJANO";"Región Metropolitana de Santiago";"(188)(186)";"$ 1.355.283";"$ 1.080.353";"$ 0";"$ 0";"No";"No tiene";"No tiene";"No tiene";"01/01/2026";"31/12/2026";"No informa";"Sin observaciones";
"2026";"Marzo";"Profesional";"OYARCE BRIONES, ESTEFANIA NATALY";"Atencion Clinica";"14";"NUTRICIONISTA";"Región Metropolitana de Santiago";"(186)";"$ 2.369.442";"$ 1.910.946";"$ 0";"$ 239.336";"Sí";"$ 313.841 : 35,00 hrs";"$ 86.082 : 8,00 hrs";"No tiene";"01/01/2026";"31/12/2026";"No informa";"Sin observaciones";
"2026";"Marzo";"Técnico";"OYARCE VALENZUELA, LIDIA ALEJANDRA";"Atencion Clinica";"20";"AUXILIAR PARAMEDICO DE ODONTOLOGIA";"Región Metropolitana de Santiago";"(186)";"$ 900.613";"$ 696.525";"$ 0";"$ 141.639";"No";"No tiene";"No tiene";"No tiene";"01/01/2026";"31/12/2026";"No informa";"Sin observaciones";
"2026";"Marzo";"Profesional";"OYARZO RIOS, IGNACIO MELVIN";"Apoyo Administrativo";"9";"INGENIERO (A) ADMINISTRACION DE EMPRESAS";"Región Metropolitana de Santiago";"(186)";"$ 2.933.484";"$ 2.143.916";"$ 0";"$ 369.658";"No";"No tiene";"No tiene";"No tiene";"01/01/2026";"31/12/2026";"No informa";"Sin observaciones";
"2026";"Marzo";"Técnico";"PACHA TOLEDO, CAMILA PAZ";"Atencion Clinica";"21";"TECNICO NIVEL SUPERIOR ENFERMERIA";"Región Metropolitana de Santiago";"(186)";"$ 953.506";"$ 738.365";"$ 0";"$ 145.450";"No";"No tiene";"No tiene";"No tiene";"01/01/2026";"31/12/2026";"No informa";"Sin observaciones";
"2026";"Marzo";"Profesional";"PACHECO ESPINOZA, ROMINA ESTEFANIA";"Atencion Clinica";"15";"MATRON (A)";"Región Metropolitana de Santiago";"(186)(186)";"$ 1.931.787";"$ 1.366.847";"$ 0";"$ 192.449";"Sí";"$ 99.225 : 12,00 hrs";"$ 39.690 : 4,00 hrs";"No tiene";"01/01/2026";"31/12/2026";"No informa";"Sin observaciones";
"2026";"Marzo";"Administrativo";"PACHECO HERNANDEZ, MARCO ANDRES";"APOYO ADMINISTRATIVO";"22";"ADMINISTRATIVO";"Región Metropolitana de Santiago";"(203)(204)(186)";"$ 1.042.012";"$ 643.216";"$ 0";"$ 120.553";"Sí";"$ 86.799 : 25,00 hrs";"$ 91.660 : 22,00 hrs";"No tiene";"01/01/2026";"31/12/2026";"No informa";"CANCELA PAGO TRIMESTRAL LEY 19.490 PERIODO 03/2026+CANCELA PAGO TRIMESTRAL LEY 19.937 PERIODO 03/2026+REMUNERACION MAR.2026";
"2026";"Marzo";"Médicos cirujanos, farmacéuticos, químico-farmacéuticos, bioquímicos, cirujano-dentistas";"PADILLA CARO, FELIPE ANTONIO";"Medico PAO";"44 Hrs.";"MÉDICOS CIRUJANOS, FARMACÉUTICOS, QUÍMICO-FARMACÉUTICOS, BIOQUÍMICOS, CIRUJANO-DENTISTAS";"Región Metropolitana de Santiago";"(188)(86)(186)";"$ 6.176.802";"$ 5.049.311";"$ 0";"$ 0";"No";"No tiene";"No tiene";"No tiene";"01/01/2026";"31/12/2026";"No informa";"Sin observaciones";
"2026";"Marzo";"Médicos cirujanos, farmacéuticos, químico-farmacéuticos, bioquímicos, cirujano-dentistas";"PADILLA TORO, GABRIELA MILLARAY";"Medico PAO";"44 Hrs.";"MEDICO CIRUJANO";"Región Metropolitana de Santiago";"(86)(186)";"$ 3.600.776";"$ 2.858.334";"$ 0";"$ 0";"No";"No tiene";"No tiene";"No tiene";"01/01/2026";"31/12/2026";"No informa";"Sin observaciones";
"2026";"Marzo";"Técnico";"PAILLACAN MARIMAN, DANIA TERESA";"Atencion Clinica";"22";"TECNICO NIVEL SUPERIOR ODONTOLOGIA";"Región Metropolitana de Santiago";"(186)";"$ 1.017.106";"$ 802.651";"$ 0";"$ 145.183";"No";"No tiene";"No tiene";"No tiene";"01/01/2026";"31/12/2026";"No informa";"Sin observaciones";
"2026";"Marzo";"Profesional";"PAINEO AVILA, PAULINA ALEJANDRA";"Atencion Clinica";"15";"ENFERMERA (O)";"Región Metropolitana de Santiago";"(186)";"$ 1.734.826";"$ 1.305.306";"$ 0";"$ 217.282";"No";"No tiene";"No tiene";"No tiene";"01/01/2026";"31/12/2026";"No informa";"Sin observaciones";
"2026";"Marzo";"Médicos cirujanos, farmacéuticos, químico-farmacéuticos, bioquímicos, cirujano-dentistas";"PAIVA BRAHM, CAMILA ANDREA";"Medico PAO";"44 Hrs.";"MEDICO CIRUJANO";"Región Metropolitana de Santiago";"(188)(86)(186)";"$ 4.409.999";"$ 3.583.176";"$ 0";"$ 0";"No";"No tiene";"No tiene";"No tiene";"01/01/2026";"31/12/2026";"No informa";"Sin observaciones";
"2026";"Marzo";"Profesional";"PALACIOS ORTIZ, WALESKA ANDREA";"Atencion Clinica";"13";"MATRON (A)";"Región Metropolitana de Santiago";"(186)";"$ 2.167.473";"$ 1.693.663";"$ 0";"$ 295.693";"No";"No tiene";"No tiene";"No tiene";"01/01/2026";"31/12/2026";"No informa";"Sin observaciones";
"2026";"Marzo";"Técnico";"PALACIOS PEREZ, CRISTIAN ANTONIO";"ATENCION CLINICA";"21";"TECNICO NIVEL SUPERIOR ENFERMERIA";"Región Metropolitana de Santiago";"(203)(204)(186)";"$ 1.009.963";"$ 794.537";"$ 0";"$ 156.638";"No";"No tiene";"No tiene";"No tiene";"01/01/2026";"31/12/2026";"No informa";"CANCELA ASIG. TECNICA+CANCELA PAGO TRIMESTRAL LEY 19.490 Y LEY 19.937 PERIODO 03/2026+REMUNERACION MAR.2026";
"2026";"Marzo";"Administrativo";"PALACIOS QUIROZ, VALESKA DEL CARMEN";"SECRETARIA";"15";"ADMINISTRATIVO";"Región Metropolitana de Santiago";"(186)";"$ 925.748";"$ 514.012";"$ 0";"$ 207.758";"No";"No tiene";"No tiene";"No tiene";"01/01/2026";"31/12/2026";"No informa";"CANCELA PAGO TRIMESTRAL LEY 19.490 PERIODO 03/2026+CANCELA PAGO TRIMESTRAL LEY 19.937 PERIODO 03/2026+REMUNERACION MAR.2026";
"2026";"Marzo";"Profesional";"PALACIOS VASQUEZ, MARIA PAZ";"JEFE DE DEPARTAMENTO";"6";"ABOGADO (A)";"Región Metropolitana de Santiago";"(186)";"$ 3.338.301";"$ 2.413.436";"$ 0";"$ 535.544";"No";"No tiene";"No tiene";"No tiene";"01/01/2026";"31/12/2026";"No informa";"CANCELA PAGO TRIMESTRAL LEY 19.490 PERIODO 03/2026+CANCELA PAGO TRIMESTRAL LEY 19.937 PERIODO 03/2026+REMUNERACION MAR.2026";
"2026";"Marzo";"Profesional";"PALAPE VILCHES, DANIELA  ANDREA";"ATENCION CLINICA";"13";"ENFERMERA (O)";"Región Metropolitana de Santiago";"(203)(204)(186)";"$ 3.404.588";"$ 2.766.309";"$ 0";"$ 325.262";"Sí";"$ 393.748 : 40,00 hrs";"$ 236.249 : 20,00 hrs";"No tiene";"01/01/2026";"31/12/2026";"No informa";"CANCELA PAGO TRIMESTRAL LEY 19.490 PERIODO 03/2026+CANCELA PAGO TRIMESTRAL LEY 19.937 PERIODO 03/2026+REMUNERACION MAR.2026";
"2026";"Marzo";"Profesional";"PALMA CACHICH, TATIANA";"PSICOLOGO";"5";"PSICOLOGO (A)";"Región Metropolitana de Santiago";"(186)";"$ 3.939.400";"$ 3.054.953";"$ 0";"$ 447.462";"No";"No tiene";"No tiene";"No tiene";"01/01/2026";"31/12/2026";"No informa";"REMUNERACION MARZO 2026 + BONOS TRIMESTRALES";
"2026";"Marzo";"Profesional";"PALMA CERDA, POULLETE XIMENA";"Atencion Clinica";"16";"ENFERMERA (O)";"Región Metropolitana de Santiago";"(01)";"$ 1.369.545";"$ 1.113.742";"$ 0";"$ 0";"No";"No tiene";"No tiene";"No tiene";"02/03/2026";"28/04/2026";"No informa";"CONTRATO POR REEMPLAZO";
"2026";"Marzo";"Auxiliar";"PALMA HERNANDEZ, JONATHAN HERNAN";"CONDUCTOR";"24";"AUXILIAR";"Región Metropolitana de Santiago";"(01)";"$ 1.357.487";"$ 1.217.330";"$ 0";"$ 0";"Sí";"$ 114.958 : 40,00 hrs";"$ 615.028 : 229,00 hrs";"No tiene";"01/03/2026";"31/03/2026";"No informa";"PAGO BONO MENSUAL+REEMPLAZO MAR.2026 (01-31)";
"2026";"Marzo";"Médicos cirujanos, farmacéuticos, químico-farmacéuticos, bioquímicos, cirujano-dentistas";"PALMA MARTINEZ, KARLA SIHOMARA";"Atencion Odontologica";"44 Hrs.";"CIRUJANO DENTISTA";"Región Metropolitana de Santiago";"(01)";"$ 1.928.381";"$ 1.551.716";"$ 0";"$ 0";"No";"No tiene";"No tiene";"No tiene";"01/01/2026";"31/03/2026";"No informa";"Sin observaciones";
"2026";"Marzo";"Profesional";"PALMA OSORIO, SOLANGE AYLIN";"Atencion Clinica";"13";"ASISTENTE SOCIAL";"Región Metropolitana de Santiago";"(186)";"$ 2.075.980";"$ 1.542.365";"$ 0";"$ 290.765";"No";"No tiene";"No tiene";"No tiene";"01/01/2026";"31/12/2026";"No informa";"Sin observaciones";
"2026";"Marzo";"Auxiliar";"PALMA PACHECO, JOAN DANIEL";"CONDUCTOR";"22";"AUXILIAR";"Región Metropolitana de Santiago";"(205)(202)(204)(186)";"$ 1.689.652";"$ 1.440.604";"$ 0";"$ 175.385";"Sí";"$ 137.664 : 40,00 hrs";"$ 322.134 : 78,00 hrs";"No tiene";"01/01/2026";"31/12/2026";"No informa";"CANCELA BONO ESCOLAR 2026-202603+CANCELA PAGO TRIMESTRAL LEY 19.490 Y LEY 19.937 PERIODO 03/2026+REMUNERACION MAR.2026";
"2026";"Marzo";"Profesional";"PALMA PEREZ, PAULO JAVIER ANDRES";"Atencion Clinica";"15";"KINESIOLOGO (A)";"Región Metropolitana de Santiago";"(220)(186)";"$ 1.791.131";"$ 1.359.820";"$ 0";"$ 198.658";"No";"No tiene";"No tiene";"No tiene";"01/01/2026";"31/12/2026";"No informa";"Sin observaciones";
"2026";"Marzo";"Profesional";"PALMA RIVERA, ROMINA PAZ";"Atencion Clinica";"13";"ENFERMERA (O)";"Región Metropolitana de Santiago";"(01)";"$ 1.881.124";"$ 1.482.264";"$ 0";"$ 110.885";"No";"No tiene";"No tiene";"No tiene";"01/01/2026";"31/12/2026";"No informa";"Sin observaciones";
"2026";"Marzo";"Profesional";"PALOMINO PIZARRO, TANIA ANDREA";"Atencion Clinica";"15";"ENFERMERA (O)";"Región Metropolitana de Santiago";"(186)";"$ 1.865.975";"$ 1.394.820";"$ 0";"$ 248.323";"No";"No tiene";"No tiene";"No tiene";"01/01/2026";"31/12/2026";"No informa";"Sin observaciones";
"2026";"Marzo";"Técnico";"PAÑICU GODOY, LETICIA EDITH";"Atencion Clinica";"20";"TECNICO NIVEL SUPERIOR RECURSOS HUMANOS";"Región Metropolitana de Santiago";"(186)";"$ 1.117.888";"$ 887.651";"$ 0";"$ 165.246";"No";"No tiene";"No tiene";"No tiene";"01/01/2026";"31/12/2026";"No informa";"Sin observaciones";
"2026";"Marzo";"Técnico";"PAÑINAO AGUIRRE, MARCELO JAVIER";"Atencion Clinica";"22";"TECNICO NIVEL SUPERIOR ENFERMERIA";"Región Metropolitana de Santiago";"(186)";"$ 858.808";"$ 600.941";"$ 0";"$ 120.553";"No";"No tiene";"No tiene";"No tiene";"01/01/2026";"31/12/2026";"No informa";"Sin observaciones";
"2026";"Marzo";"Profesional";"PARADA BUSTAMANTE, CARLOS FELIPE";"ATENCION CLINICA";"13";"ENFERMERA (O)";"Región Metropolitana de Santiago";"(203)(204)(186)";"$ 3.152.267";"$ 2.478.523";"$ 0";"$ 340.123";"Sí";"$ 139.449 : 14,00 hrs";"$ 119.528 : 10,00 hrs";"No tiene";"01/01/2026";"31/12/2026";"No informa";"CANCELA BONO ESCOLAR 2026-202603+CANCELA PAGO TRIMESTRAL LEY 19.490 Y LEY 19.937 PERIODO 03/2026+REMUNERACION MAR.2026";
"2026";"Marzo";"Técnico";"PARADA CABRERA, MIREYA DEL CARMEN";"Atencion Clinica";"22";"TECNICO NIVEL SUPERIOR ENFERMERIA";"Región Metropolitana de Santiago";"(186)";"$ 932.124";"$ 725.715";"$ 0";"$ 127.035";"No";"No tiene";"No tiene";"No tiene";"01/01/2026";"31/12/2026";"No informa";"Sin observaciones";
"2026";"Marzo";"Médicos cirujanos, farmacéuticos, químico-farmacéuticos, bioquímicos, cirujano-dentistas";"PARADA HERRERA, VALENTINA PAZ";"Atencion Clinica Medica";"44 Hrs.";"MEDICO CIRUJANO";"Región Metropolitana de Santiago";"(86)(186)";"$ 4.966.558";"$ 4.046.609";"$ 0";"$ 0";"Sí";"$ 181.356 : 14,00 hrs";"$ 1.134.712 : 73,00 hrs";"No tiene";"01/01/2026";"31/12/2026";"No informa";"Sin observaciones";
"2026";"Marzo";"Profesional";"PARADA MANZUR, NICOLAS ANDRES";"Coordinador";"7";"KINESIOLOGO (A)";"Región Metropolitana de Santiago";"(186)";"$ 3.796.432";"$ 2.841.967";"$ 0";"$ 675.093";"No";"No tiene";"No tiene";"No tiene";"01/01/2026";"31/12/2026";"No informa";"Sin observaciones";
"2026";"Marzo";"Técnico";"PARADA MORALES, VIVIANA ELENA";"ATENCION CLINICA";"21";"TECNICO NIVEL SUPERIOR ENFERMERIA";"Región Metropolitana de Santiago";"(203)(204)(186)";"$ 1.009.963";"$ 778.989";"$ 0";"$ 156.638";"No";"No tiene";"No tiene";"No tiene";"01/01/2026";"31/12/2026";"No informa";"CANCELA ASIG. TECNICA+CANCELA PAGO TRIMESTRAL LEY 19.490 Y LEY 19.937 PERIODO 03/2026+REMUNERACION MAR.2026";
"2026";"Marzo";"Administrativo";"PARADA ROJAS, CRISTINA MARILYN";"Apoyo Administrativo";"22";"ADMINISTRATIVO";"Región Metropolitana de Santiago";"(01)";"$ 691.247";"$ 556.058";"$ 0";"$ 0";"No";"No tiene";"No tiene";"No tiene";"01/01/2026";"21/05/2026";"No informa";"CONTRATO POR REEMPLAZO";
"2026";"Marzo";"Administrativo";"PARDO ARIAS, ELIZABETH CATALINA";"APOYO ADMINISTRATIVO";"22";"ADMINISTRATIVO";"Región Metropolitana de Santiago";"(01)";"$ 714.266";"$ 588.699";"$ 0";"$ 0";"No";"No tiene";"No tiene";"No tiene";"20/02/2026";"21/03/2026";"No informa";"PAGO BONO MENSUAL+REEMPLAZO FEB.2026 (20-28)+REEMPLAZO MAR.2026 (01-21)";
"2026";"Marzo";"Profesional";"PAREDES CRUZAT, DIANA GISELLE";"Apoyo Administrativo";"8";"INGENIERO (A) EJECUCION EN INFORMATICA";"Región Metropolitana de Santiago";"(186)";"$ 3.263.883";"$ 2.459.437";"$ 0";"$ 397.270";"No";"No tiene";"No tiene";"No tiene";"01/01/2026";"31/12/2026";"No informa";"REMUNERACION MARZO 2026 + BONOS TRIMESTRALES";
"2026";"Marzo";"Profesional";"PAREDES MARTINEZ, ERICK ALEXIS";"Apoyo Administrativo";"8";"CONTADOR (A) AUDITOR (A)";"Región Metropolitana de Santiago";"(01)";"$ 2.730.827";"$ 2.195.737";"$ 0";"$ 0";"No";"No tiene";"No tiene";"No tiene";"01/01/2026";"31/12/2026";"No informa";"Sin observaciones";
"2026";"Marzo";"Profesional";"PAREDES PINTO, DANIELA ALEJANDRA";"Apoyo Logistico";"7";"TECNOLOGO (A) EN INFORMATICA BIOMEDICA";"Región Metropolitana de Santiago";"(186)";"$ 3.721.422";"$ 2.781.646";"$ 0";"$ 600.083";"No";"No tiene";"No tiene";"No tiene";"01/01/2026";"31/12/2026";"No informa";"Sin observaciones";
"2026";"Marzo";"Médicos cirujanos, farmacéuticos, químico-farmacéuticos, bioquímicos, cirujano-dentistas";"PARRA AGURTO, GONZALO JOSE";"Medico Becario Primario";"44 Hrs.";"MEDICO CIRUJANO";"Región Metropolitana de Santiago";"(01)";"$ 2.875.980";"$ 2.373.833";"$ 0";"$ 0";"No";"No tiene";"No tiene";"No tiene";"07/04/2025";"06/04/2026";"No informa";"Sin observaciones";
"2026";"Marzo";"Profesional";"PARRA GONZALEZ, CLAUDIA DEL CARMEN";"Atencion Clinica";"15";"ENFERMERA (O)";"Región Metropolitana de Santiago";"(186)";"$ 1.795.200";"$ 1.315.338";"$ 0";"$ 294.883";"No";"No tiene";"No tiene";"No tiene";"01/01/2026";"31/12/2026";"No informa";"Sin observaciones";
"2026";"Marzo";"Auxiliar";"PARRA MARDONES, ANGEL ALEXIS";"Apoyo Logistico";"23";"AUXILIAR";"Región Metropolitana de Santiago";"(01)";"$ 62.750";"$ 51.794";"$ 0";"$ 0";"No";"No tiene";"No tiene";"No tiene";"09/02/2026";"03/03/2026";"No informa";"CONTRATO POR REEMPLAZO";
"2026";"Marzo";"Profesional";"PARRA MENDEZ, DANIELA ANDREA";"Atencion Clinica";"12";"NUTRICIONISTA";"Región Metropolitana de Santiago";"(186)";"$ 2.388.917";"$ 1.844.728";"$ 0";"$ 321.111";"Sí";"$ 21.252 : 2,00 hrs";"No tiene";"No tiene";"01/01/2026";"31/12/2026";"No informa";"Sin observaciones";
"2026";"Marzo";"Profesional";"PARRA ROJAS, ZITA VALERIA";"Apoyo Administrativo";"8";"TECNOLOGO (A) MEDICO";"Región Metropolitana de Santiago";"(01)";"$ 2.821.855";"$ 2.311.951";"$ 0";"$ 0";"No";"No tiene";"No tiene";"No tiene";"05/01/2026";"01/04/2026";"No informa";"CONTRATO POR REEMPLAZO";
"2026";"Marzo";"Técnico";"PARRA SEPULVEDA, CATALINA ANDREA";"Atencion Clinica";"22";"TECNICO NIVEL SUPERIOR ENFERMERIA";"Región Metropolitana de Santiago";"(186)";"$ 854.193";"$ 661.637";"$ 0";"$ 120.553";"No";"No tiene";"No tiene";"No tiene";"01/01/2026";"31/12/2026";"No informa";"Sin observaciones";
"2026";"Marzo";"Técnico";"PARRA SUAZO, EDITA DEL CARMEN";"ATENCION CLINICA";"21";"TECNICO NIVEL SUPERIOR ENFERMERIA";"Región Metropolitana de Santiago";"(203)(204)(186)";"$ 1.284.536";"$ 949.111";"$ 0";"$ 185.453";"Sí";"$ 102.879 : 27,00 hrs";"$ 100.593 : 22,00 hrs";"No tiene";"01/01/2026";"31/12/2026";"No informa";"CANCELA ASIG. TECNICA+CANCELA BONO ESCOLAR 2026-202603+CANCELA PAGO TRIMESTRAL LEY 19.490 Y LEY 19.937 PERIODO 03/2026+REMUNERACION MAR.2026";
"2026";"Marzo";"Auxiliar";"PASTENE ROA, FRANCISCO JAVIER";"Apoyo Logistico";"22";"AUXILIAR";"Región Metropolitana de Santiago";"(01)";"$ 1.026.368";"$ 858.230";"$ 0";"$ 120.553";"Sí";"$ 98.926 : 29,00 hrs";"$ 212.862 : 52,00 hrs";"No tiene";"01/01/2026";"31/12/2026";"No informa";"Sin observaciones";
"2026";"Marzo";"Profesional";"PASTRAN MALDONADO, VANESSA MARIA";"Apoyo Administrativo";"8";"KINESIOLOGO (A)";"Región Metropolitana de Santiago";"(186)";"$ 3.165.562";"$ 2.383.363";"$ 0";"$ 419.971";"No";"No tiene";"No tiene";"No tiene";"01/01/2026";"31/12/2026";"No informa";"REMUNERACION MARZO 2026 + BONOS TRIMESTRALES";
"2026";"Marzo";"Profesional";"PASTRIAN RONDA, ARTURO ALEJANDRO";"Coordinador";"7";"ADMINISTRADOR (A) PUBLICO";"Región Metropolitana de Santiago";"(186)";"$ 4.202.738";"$ 3.049.944";"$ 0";"$ 1.081.399";"No";"No tiene";"No tiene";"No tiene";"01/01/2026";"31/12/2026";"No informa";"Sin observaciones";
"2026";"Marzo";"Médicos cirujanos, farmacéuticos, químico-farmacéuticos, bioquímicos, cirujano-dentistas";"PATIÑO DURAN, FRANCISCO JAVIER";"Quimico Farmaceutico";"44 Hrs.";"QUIMICO FARMACEUTICO";"Región Metropolitana de Santiago";"(188)(186)";"$ 4.436.973";"$ 3.579.833";"$ 0";"$ 0";"No";"No tiene";"No tiene";"No tiene";"01/01/2026";"31/12/2026";"No informa";"Sin observaciones";
"2026";"Marzo";"Profesional";"PAVEZ ACEVEDO, ELISEO EMMANUEL";"Apoyo Administrativo";"11";"ABOGADO (A)";"Región Metropolitana de Santiago";"(186)";"$ 2.350.151";"$ 1.818.325";"$ 0";"$ 223.073";"No";"No tiene";"No tiene";"No tiene";"01/01/2026";"31/12/2026";"No informa";"Sin observaciones";
"2026";"Marzo";"Técnico";"PAVEZ CAMPOS, VALERIA ISABEL";"Atencion Clinica";"21";"TECNICO NIVEL SUPERIOR ENFERMERIA";"Región Metropolitana de Santiago";"(01)";"$ 916.319";"$ 716.148";"$ 0";"$ 123.073";"No";"No tiene";"No tiene";"No tiene";"01/01/2026";"31/12/2026";"No informa";"Sin observaciones";
"2026";"Marzo";"Profesional";"PAVEZ STUARDO, FABIOLA ESTER";"Apoyo Administrativo";"7";"INGENIERO (A) EJECUCION EN COMPUTACION";"Región Metropolitana de Santiago";"(186)";"$ 3.653.300";"$ 2.735.314";"$ 0";"$ 500.069";"No";"No tiene";"No tiene";"No tiene";"01/01/2026";"31/12/2026";"No informa";"REMUNERACION MARZO 2026 + BONOS TRIMESTRALES";
"2026";"Marzo";"Médicos cirujanos, farmacéuticos, químico-farmacéuticos, bioquímicos, cirujano-dentistas";"PAZ ROLDAN, MESIAS MARCELO";"Atencion Clinica Medica";"44 Hrs.";"MEDICO CIRUJANO";"Región Metropolitana de Santiago";"(188)(186)";"$ 5.205.734";"$ 4.250.190";"$ 0";"$ 0";"No";"No tiene";"No tiene";"No tiene";"01/01/2026";"31/12/2026";"No informa";"Sin observaciones";
"2026";"Marzo";"Profesional";"PEÑA BRICEÑO, IGNACIO JAVIER";"Apoyo Administrativo";"6";"PERIODISTA";"Región Metropolitana de Santiago";"(01)";"$ 3.827.541";"$ 2.946.068";"$ 0";"$ 415.047";"No";"No tiene";"No tiene";"No tiene";"01/01/2026";"31/12/2026";"No informa";"REMUNERACION MARZO 2026 + BONOS TRIMESTRALES";
"2026";"Marzo";"Profesional";"PEÑA CONTRERAS, LUZ SARA";"Atencion Clinica";"15";"ASISTENTE SOCIAL";"Región Metropolitana de Santiago";"(186)";"$ 2.050.508";"$ 1.472.243";"$ 0";"$ 450.085";"No";"No tiene";"No tiene";"No tiene";"01/01/2026";"31/12/2026";"No informa";"Sin observaciones";
"2026";"Marzo";"Profesional";"PEÑA FERNANDEZ, KAREN ANDREA";"Apoyo Administrativo";"7";"MATRON (A)";"Región Metropolitana de Santiago";"(186)";"$ 3.499.299";"$ 2.623.157";"$ 0";"$ 437.561";"No";"No tiene";"No tiene";"No tiene";"01/01/2026";"31/12/2026";"No informa";"Sin observaciones";
"2026";"Marzo";"Médicos cirujanos, farmacéuticos, químico-farmacéuticos, bioquímicos, cirujano-dentistas";"PEÑA GUERRERO, PAOLA ROSSANA";"Atencion Clinica Medica";"11 Hrs.";"MEDICO CIRUJANO";"Región Metropolitana de Santiago";"(186)";"$ 1.095.755";"$ 956.766";"$ 0";"$ 0";"No";"No tiene";"No tiene";"No tiene";"01/01/2026";"31/03/2026";"No informa";"Sin observaciones";
"2026";"Marzo";"Médicos cirujanos, farmacéuticos, químico-farmacéuticos, bioquímicos, cirujano-dentistas";"PEÑA GUERRERO, PAOLA ROSSANA";"Atencion Clinica Medica";"11 Hrs.";"MEDICO CIRUJANO";"Región Metropolitana de Santiago";"(188)(186)";"$ 1.291.317";"$ 1.127.522";"$ 0";"$ 0";"No";"No tiene";"No tiene";"No tiene";"01/01/2026";"31/03/2026";"No informa";"Sin observaciones";
"2026";"Marzo";"Médicos cirujanos, farmacéuticos, químico-farmacéuticos, bioquímicos, cirujano-dentistas";"PEÑA GUERRERO, PAOLA ROSSANA";"Atencion Clinica Medica";"22 Hrs.";"MEDICO CIRUJANO";"Región Metropolitana de Santiago";"(188)(186)";"$ 2.582.638";"$ 1.983.038";"$ 0";"$ 0";"No";"No tiene";"No tiene";"No tiene";"01/01/2026";"31/03/2026";"No informa";"Sin observaciones";
"2026";"Marzo";"Profesional";"PEÑA LABRA, KATHERINE ANDREA";"Atencion Clinica";"15";"TERAPEUTA OCUPACIONAL";"Región Metropolitana de Santiago";"(01)";"$ 1.491.702";"$ 1.205.707";"$ 0";"$ 0";"No";"No tiene";"No tiene";"No tiene";"01/01/2026";"31/03/2026";"No informa";"Sin observaciones";
"2026";"Marzo";"Técnico";"PEÑA PEREZ, PAULA IRENE";"Atencion Clinica";"22";"TECNICO NIVEL SUPERIOR ENFERMERIA";"Región Metropolitana de Santiago";"(186)";"$ 871.771";"$ 671.569";"$ 0";"$ 133.516";"No";"No tiene";"No tiene";"No tiene";"01/01/2026";"31/12/2026";"No informa";"Sin observaciones";
"2026";"Marzo";"Profesional";"PEÑAILILLO CEBALLOS, DANIEL";"ATENCION CLINICA";"13";"ENFERMERA (O)";"Región Metropolitana de Santiago";"(203)(204)(186)";"$ 3.734.113";"$ 2.960.869";"$ 0";"$ 354.832";"Sí";"$ 298.819 : 30,00 hrs";"$ 633.497 : 53,00 hrs";"No tiene";"01/01/2026";"31/12/2026";"No informa";"CANCELA PAGO TRIMESTRAL LEY 19.490 PERIODO 03/2026+CANCELA PAGO TRIMESTRAL LEY 19.937 PERIODO 03/2026+REMUNERACION MAR.2026";
"2026";"Marzo";"Profesional";"PEÑAILILLO RODRIGUEZ, DENISSE PAULINA";"Atencion Clinica";"12";"NUTRICIONISTA";"Región Metropolitana de Santiago";"(01)";"$ 2.316.673";"$ 1.734.385";"$ 0";"$ 280.972";"No";"No tiene";"No tiene";"No tiene";"01/01/2026";"31/12/2026";"No informa";"Sin observaciones";
"2026";"Marzo";"Técnico";"PEÑAILILLO TREJO, MIXY KATHERINNE";"Atencion Clinica";"20";"TECNICO NIVEL SUPERIOR ENFERMERIA";"Región Metropolitana de Santiago";"(01)";"$ 1.455.800";"$ 1.146.067";"$ 0";"$ 209.088";"Sí";"$ 120.892 : 26,00 hrs";"$ 55.796 : 10,00 hrs";"No tiene";"01/01/2026";"31/12/2026";"No informa";"Sin observaciones";
"2026";"Marzo";"Administrativo";"PEÑALBA TUDELA, JOCELYN MARIANELA";"APOYO ADMINISTRATIVO";"17";"ADMINISTRADOR (A) DE EMPRESAS";"Región Metropolitana de Santiago";"(186)";"$ 1.457.448";"$ 882.377";"$ 0";"$ 333.734";"Sí";"$ 199.812 : 30,00 hrs";"No tiene";"No tiene";"01/01/2026";"31/12/2026";"No informa";"CANCELA BONO ESCOLAR 2026-202603+CANCELA PAGO TRIMESTRAL LEY 19.490 Y LEY 19.937 PERIODO 03/2026+REMUNERACION MAR.2026";
"2026";"Marzo";"Profesional";"PEÑALOZA FARIAS, KAREN JEANNETTE";"Apoyo Administrativo";"8";"KINESIOLOGO (A)";"Región Metropolitana de Santiago";"(186)";"$ 2.851.849";"$ 2.270.068";"$ 0";"$ 0";"No";"No tiene";"No tiene";"No tiene";"01/01/2026";"31/12/2026";"No informa";"Sin observaciones";
"2026";"Marzo";"Profesional";"PEÑALOZA MUÑOZ, MARIA ELISA";"Apoyo Administrativo";"9";"TRABAJADOR (A) SOCIAL";"Región Metropolitana de Santiago";"(186)";"$ 2.849.907";"$ 2.201.703";"$ 0";"$ 208.257";"No";"No tiene";"No tiene";"No tiene";"01/01/2026";"31/12/2026";"No informa";"REMUNERACION MARZO 2026 + BONOS TRIMESTRALES";
"2026";"Marzo";"Médicos cirujanos, farmacéuticos, químico-farmacéuticos, bioquímicos, cirujano-dentistas";"PENEIPIL VALENZUELA, MARIA PAZ";"Atencion Clinica Medica";"44 Hrs.";"MEDICO CIRUJANO";"Región Metropolitana de Santiago";"(188)(186)";"$ 5.205.734";"$ 4.244.811";"$ 0";"$ 0";"No";"No tiene";"No tiene";"No tiene";"01/01/2026";"31/12/2026";"No informa";"Sin observaciones";
"2026";"Marzo";"Médicos cirujanos, farmacéuticos, químico-farmacéuticos, bioquímicos, cirujano-dentistas";"PEPE TAPIA, JOSE NICOLAS";"CIRUGIA GENERAL";"28 Hrs.";"MEDICO CIRUJANO";"Región Metropolitana de Santiago";"(194)(193)(198)(186)";"$ 817.378";"$ 528.242";"$ 0";"$ 619";"No";"No tiene";"No tiene";"No tiene";"01/01/2026";"07/03/2026";"No informa";"DIF. BONO VACACIONES 2026+REMUNERACION MAR.2026";
"2026";"Marzo";"Profesional";"PERALTA CASTILLO, ASTRID IRENE";"Apoyo Administrativo";"6";"TERAPEUTA OCUPACIONAL";"Región Metropolitana de Santiago";"(186)";"$ 4.900.888";"$ 3.653.216";"$ 0";"$ 1.419.193";"No";"No tiene";"No tiene";"No tiene";"01/01/2026";"31/12/2026";"No informa";"REMUNERACION MARZO 2026 + BONOS TRIMESTRALES";
"2026";"Marzo";"Médicos cirujanos, farmacéuticos, químico-farmacéuticos, bioquímicos, cirujano-dentistas";"PERALTA GUINET, CASSANDRA ROBERTA";"Atencion Clinica Medica";"44 Hrs.";"MEDICO CIRUJANO";"Región Metropolitana de Santiago";"(86)(186)";"$ 3.650.490";"$ 2.900.112";"$ 0";"$ 0";"No";"No tiene";"No tiene";"No tiene";"01/01/2026";"31/12/2026";"No informa";"Sin observaciones";
"2026";"Marzo";"Profesional";"PERALTA MORA, MARIANELA ISABEL";"Apoyo Administrativo";"8";"INGENIERO (A) CIVIL BIOMEDICO";"Región Metropolitana de Santiago";"(186)";"$ 3.154.900";"$ 2.429.967";"$ 0";"$ 317.816";"No";"No tiene";"No tiene";"No tiene";"01/01/2026";"31/12/2026";"No informa";"REMUNERACION MARZO 2026 + BONOS TRIMESTRALES";
"2026";"Marzo";"Médicos cirujanos, farmacéuticos, químico-farmacéuticos, bioquímicos, cirujano-dentistas";"PEREO NIETO, FRANCISCO JAVIER";"Atencion Odontologica";"44 Hrs.";"CIRUJANO DENTISTA";"Región Metropolitana de Santiago";"(188)(186)";"$ 4.484.559";"$ 3.651.392";"$ 0";"$ 0";"No";"No tiene";"No tiene";"No tiene";"01/01/2026";"31/12/2026";"No informa";"Sin observaciones";
"2026";"Marzo";"Profesional";"PEREZ AVILES, FELIPE OCTAVIO";"Apoyo Administrativo";"5";"NUTRICIONISTA";"Región Metropolitana de Santiago";"(01)";"$ 4.142.461";"$ 3.236.441";"$ 0";"$ 567.747";"No";"No tiene";"No tiene";"No tiene";"01/01/2026";"31/12/2026";"No informa";"Sin observaciones";
"2026";"Marzo";"Administrativo";"PEREZ BUSTOS, SUSAN NICOLE";"Apoyo Administrativo";"21";"ADMINISTRATIVO";"Región Metropolitana de Santiago";"(01)";"$ 773.045";"$ 586.840";"$ 0";"$ 123.073";"No";"No tiene";"No tiene";"No tiene";"01/01/2026";"31/12/2026";"No informa";"Sin observaciones";
"2026";"Marzo";"Administrativo";"PEREZ DONOSO, CLAUDIA ANDREA";"Apoyo Administrativo";"13";"TECNICO ANALISTA QUIMICO";"Región Metropolitana de Santiago";"(186)";"$ 1.393.841";"$ 1.053.199";"$ 0";"$ 239.418";"Sí";"$ 114.848 : 20,00 hrs";"$ 27.563 : 4,00 hrs";"No tiene";"01/01/2026";"31/12/2026";"No informa";"Sin observaciones";
"2026";"Marzo";"Técnico";"PEREZ HORMAZABAL, URSULA PRISCILLA";"Atencion Clinica";"22";"TECNICO NIVEL SUPERIOR ENFERMERIA";"Región Metropolitana de Santiago";"(186)";"$ 951.017";"$ 777.266";"$ 0";"$ 0";"No";"No tiene";"No tiene";"No tiene";"01/01/2026";"31/12/2026";"No informa";"Sin observaciones";
"2026";"Marzo";"Médicos cirujanos, farmacéuticos, químico-farmacéuticos, bioquímicos, cirujano-dentistas";"PEREZ INFANTE, VAITIARE ANABELLE";"Atencion Clinica Medica";"44 Hrs.";"MEDICO CIRUJANO";"Región Metropolitana de Santiago";"(86)";"$ 3.007.345";"$ 2.405.288";"$ 0";"$ 0";"No";"No tiene";"No tiene";"No tiene";"01/01/2026";"31/12/2026";"No informa";"Sin observaciones";
"2026";"Marzo";"Técnico";"PEREZ MORALES, SEBASTIAN IGNACIO";"ATENCION CLINICA";"21";"TECNICO NIVEL SUPERIOR ENFERMERIA";"Región Metropolitana de Santiago";"(202)(204)(186)";"$ 1.254.814";"$ 728.103";"$ 0";"$ 137.059";"No";"No tiene";"No tiene";"No tiene";"01/01/2026";"31/12/2026";"No informa";"CANCELA ASIG. TECNICA+CANCELA PAGO TRIMESTRAL LEY 19.490 Y LEY 19.937 PERIODO 03/2026+REMUNERACION MAR.2026";
"2026";"Marzo";"Técnico";"PEREZ NARVAEZ, JUAN JACINTO";"Atencion Clinica";"22";"AUXILIAR DE ENFERMERIA";"Región Metropolitana de Santiago";"(186)";"$ 822.823";"$ 617.440";"$ 0";"$ 145.183";"No";"No tiene";"No tiene";"No tiene";"01/01/2026";"31/12/2026";"No informa";"Sin observaciones";
"2026";"Marzo";"Médicos cirujanos, farmacéuticos, químico-farmacéuticos, bioquímicos, cirujano-dentistas";"PEREZ NOROÑO, FERNANDO AUGUSTO";"Medico Becario Primario";"44 Hrs.";"MÉDICOS CIRUJANOS, FARMACÉUTICOS, QUÍMICO-FARMACÉUTICOS, BIOQUÍMICOS, CIRUJANO-DENTISTAS";"Región Metropolitana de Santiago";"(01)";"$ 2.875.980";"$ 2.350.538";"$ 0";"$ 0";"No";"No tiene";"No tiene";"No tiene";"08/05/2025";"07/05/2026";"No informa";"Sin observaciones";
"2026";"Marzo";"Médicos cirujanos, farmacéuticos, químico-farmacéuticos, bioquímicos, cirujano-dentistas";"PEREZ OÑATE, TANIA DEL PILAR";"Atencion Odontologica";"22 Hrs.";"CIRUJANO DENTISTA";"Región Metropolitana de Santiago";"(188)(186)";"$ 2.184.770";"$ 1.854.162";"$ 0";"$ 0";"No";"No tiene";"No tiene";"No tiene";"01/01/2026";"31/12/2026";"No informa";"Sin observaciones";
"2026";"Marzo";"Médicos cirujanos, farmacéuticos, químico-farmacéuticos, bioquímicos, cirujano-dentistas";"PEREZ OÑATE, TANIA DEL PILAR";"Atencion Odontologica";"22 Hrs.";"CIRUJANO DENTISTA";"Región Metropolitana de Santiago";"(188)(186)";"$ 2.184.770";"$ 1.667.340";"$ 0";"$ 0";"No";"No tiene";"No tiene";"No tiene";"01/01/2026";"31/12/2026";"No informa";"Sin observaciones";
"2026";"Marzo";"Administrativo";"PEREZ RIVAS, ELIZABETH MACARENA";"Apoyo Administrativo";"21";"ADMINISTRATIVO";"Región Metropolitana de Santiago";"(186)";"$ 1.017.147";"$ 819.287";"$ 0";"$ 156.638";"Sí";"No tiene";"$ 71.287 : 16,00 hrs";"No tiene";"01/01/2026";"31/12/2026";"No informa";"Sin observaciones";
"2026";"Marzo";"Técnico";"PEREZ RUBILAR, ALONDRA VALENTINA";"ATENCION CLINICA";"22";"TECNICO NIVEL SUPERIOR ENFERMERIA";"Región Metropolitana de Santiago";"(203)(204)(186)";"$ 1.438.418";"$ 1.103.572";"$ 0";"$ 210.385";"Sí";"$ 138.879 : 40,00 hrs";"$ 224.983 : 54,00 hrs";"No tiene";"01/01/2026";"31/12/2026";"No informa";"CANCELA ASIG. TECNICA+CANCELA BONO ESCOLAR 2026-202603+CANCELA PAGO TRIMESTRAL LEY 19.490 Y LEY 19.937 PERIODO 03/2026+PAGO POR MANTENEDOR DE CARGAS FAMILIARES RETROACTI+REMUNERACION MAR.2026";
"2026";"Marzo";"Administrativo";"PEREZ TORO, RUTH SOLANGE";"Apoyo Administrativo";"22";"ADMINISTRATIVO";"Región Metropolitana de Santiago";"(01)";"$ 212.860";"$ 174.594";"$ 0";"$ 0";"Sí";"$ 3.411 : 1,00 hrs";"No tiene";"No tiene";"01/03/2026";"10/03/2026";"No informa";"CONTRATO POR REEMPLAZO";
"2026";"Marzo";"Profesional";"PEREZ VICENCIO, ALAN MIGUEL";"Atencion Clinica";"14";"TECNOLOGO (A) MEDICO";"Región Metropolitana de Santiago";"(186)";"$ 1.735.779";"$ 1.370.955";"$ 0";"$ 101.605";"No";"No tiene";"No tiene";"No tiene";"01/01/2026";"31/12/2026";"No informa";"Sin observaciones";
"2026";"Marzo";"Profesional";"PEREZ ZUÑIGA, LORETO EUGENIA DEL ROSARIO";"Apoyo Administrativo";"15";"ASISTENTE SOCIAL";"Región Metropolitana de Santiago";"(186)";"$ 2.014.952";"$ 1.622.107";"$ 0";"$ 217.282";"Sí";"$ 147.935 : 18,00 hrs";"$ 49.312 : 5,00 hrs";"No tiene";"01/01/2026";"31/12/2026";"No informa";"Sin observaciones";
"2026";"Marzo";"Técnico";"PETIT CHACON, CAMILA CELESTE";"Atencion Clinica";"20";"TECNICO NIVEL SUPERIOR ENFERMERIA";"Región Metropolitana de Santiago";"(186)";"$ 972.417";"$ 750.896";"$ 0";"$ 153.443";"No";"No tiene";"No tiene";"No tiene";"01/01/2026";"31/12/2026";"No informa";"Sin observaciones";
"2026";"Marzo";"Administrativo";"PHILLIPS MIRANDA, VICTOR ALFONSO";"Apoyo Administrativo";"13";"ADMINISTRATIVO";"Región Metropolitana de Santiago";"(186)";"$ 1.705.254";"$ 1.226.359";"$ 0";"$ 438.220";"Sí";"$ 189.369 : 32,00 hrs";"$ 35.507 : 5,00 hrs";"No tiene";"01/01/2026";"31/12/2026";"No informa";"Sin observaciones";
"2026";"Marzo";"Técnico";"PILQUIÑIR FUENTES, GLADYS ANDREA";"Atencion Clinica";"22";"TECNICO NIVEL SUPERIOR ENFERMERIA";"Región Metropolitana de Santiago";"(186)";"$ 756.350";"$ 623.383";"$ 0";"$ 0";"No";"No tiene";"No tiene";"No tiene";"01/01/2026";"31/12/2026";"No informa";"Sin observaciones";
"2026";"Marzo";"Profesional";"PIÑA VELASQUEZ, MARIA GRACIELA";"Apoyo Administrativo";"12";"CONTADOR (A) GENERAL";"Región Metropolitana de Santiago";"(186)";"$ 2.556.764";"$ 1.831.951";"$ 0";"$ 477.653";"No";"No tiene";"No tiene";"No tiene";"01/01/2026";"31/12/2026";"No informa";"Sin observaciones";
"2026";"Marzo";"Profesional";"PINCHEIRA CACERES, XIMENA ALEJANDRA";"Apoyo Administrativo";"12";"PSICOLOGO (A)";"Región Metropolitana de Santiago";"(186)";"$ 2.262.114";"$ 1.727.243";"$ 0";"$ 204.708";"No";"No tiene";"No tiene";"No tiene";"01/01/2026";"31/12/2026";"No informa";"REMUNERACION MARZO 2026 + BONOS TRIMESTRALES";
"2026";"Marzo";"Profesional";"PINEDA MUÑOZ, KARINA ORNELLA";"Apoyo Administrativo";"11";"ENFERMERA (O)";"Región Metropolitana de Santiago";"(186)";"$ 2.595.049";"$ 1.941.811";"$ 0";"$ 306.178";"Sí";"$ 46.860 : 4,00 hrs";"No tiene";"No tiene";"01/01/2026";"31/12/2026";"No informa";"Sin observaciones";
"2026";"Marzo";"Técnico";"PINO BUSTAMANTE, DANIELA ISABEL";"Atencion Clinica";"22";"TECNICO NIVEL SUPERIOR ENFERMERIA";"Región Metropolitana de Santiago";"(186)";"$ 858.082";"$ 663.477";"$ 0";"$ 124.442";"No";"No tiene";"No tiene";"No tiene";"01/01/2026";"31/12/2026";"No informa";"Sin observaciones";
"2026";"Marzo";"Administrativo";"PINO CARRASCO, MINDY CASSANDRA";"Secretaria";"14";"ADMINISTRATIVO";"Región Metropolitana de Santiago";"(01)";"$ 1.348.746";"$ 976.471";"$ 0";"$ 343.236";"No";"No tiene";"No tiene";"No tiene";"01/01/2026";"31/03/2026";"No informa";"REMUNERACION MARZO 2026 + BONOS TRIMESTRALES";
"2026";"Marzo";"Médicos cirujanos, farmacéuticos, químico-farmacéuticos, bioquímicos, cirujano-dentistas";"PINO ORELLANA, SERGIO MANUEL";"Medico Becario Primario";"44 Hrs.";"MEDICO CIRUJANO";"Región Metropolitana de Santiago";"(01)";"$ 2.875.980";"$ 2.373.833";"$ 0";"$ 0";"No";"No tiene";"No tiene";"No tiene";"08/05/2025";"07/05/2026";"No informa";"Sin observaciones";
"2026";"Marzo";"Profesional";"PINO TORO, HERNAN LUIS";"Atencion Clinica";"15";"ASISTENTE SOCIAL";"Región Metropolitana de Santiago";"(186)";"$ 1.593.438";"$ 1.249.735";"$ 0";"$ 93.121";"No";"No tiene";"No tiene";"No tiene";"01/01/2026";"31/12/2026";"No informa";"Sin observaciones";
"2026";"Marzo";"Técnico";"PINO VASQUEZ, VALESKA CECILIA";"Atencion Clinica";"21";"TECNICO NIVEL SUPERIOR ENFERMERIA";"Región Metropolitana de Santiago";"(186)";"$ 854.422";"$ 651.367";"$ 0";"$ 123.073";"No";"No tiene";"No tiene";"No tiene";"01/01/2026";"31/12/2026";"No informa";"Sin observaciones";
"2026";"Marzo";"Profesional";"PINOCHET ACOSTA, ROMINA ALEJANDRA";"Subdirector";"7";"INGENIERO (A) CIVIL INDUSTRIAL";"Región Metropolitana de Santiago";"(01)";"$ 2.997.952";"$ 2.375.815";"$ 0";"$ 0";"No";"No tiene";"No tiene";"No tiene";"01/03/2026";"31/05/2026";"No informa";"Sin observaciones";
"2026";"Marzo";"Técnico";"PINOCHET MOLINA, MONICA JACQUELINE";"Atencion Clinica";"18";"TECNICO PREVENCION Y REHABILITACION DEPENDENCIA DE DROGAS";"Región Metropolitana de Santiago";"(01)";"$ 761.490";"$ 620.995";"$ 0";"$ 0";"No";"No tiene";"No tiene";"No tiene";"01/01/2026";"31/12/2026";"No informa";"Sin observaciones";
"2026";"Marzo";"Administrativo";"PINTO ALVAREZ, STEPHANIE CAROLINA";"Apoyo Administrativo";"22";"ADMINISTRATIVO";"Región Metropolitana de Santiago";"(01)";"$ 725.360";"$ 603.840";"$ 0";"$ 0";"Sí";"$ 34.113 : 10,00 hrs";"No tiene";"No tiene";"01/02/2026";"31/03/2026";"No informa";"Sin observaciones";
"2026";"Marzo";"Profesional";"PINTO ARAVENA, ROBERTO ALBERTO";"Atencion Clinica";"15";"ENFERMERA (O)";"Región Metropolitana de Santiago";"(186)";"$ 2.197.735";"$ 1.796.026";"$ 0";"$ 214.178";"Sí";"$ 305.944 : 37,00 hrs";"$ 168.683 : 17,00 hrs";"No tiene";"01/01/2026";"31/12/2026";"No informa";"Sin observaciones";
"2026";"Marzo";"Médicos cirujanos, farmacéuticos, químico-farmacéuticos, bioquímicos, cirujano-dentistas";"PINTO GONZALEZ, ADRIANA GABRIELA";"Atencion Clinica Medica";"22 Hrs.";"MEDICO CIRUJANO";"Región Metropolitana de Santiago";"(188)(186)";"$ 1.368.770";"$ 1.115.853";"$ 0";"$ 0";"No";"No tiene";"No tiene";"No tiene";"01/01/2026";"31/12/2026";"No informa";"Sin observaciones";
"2026";"Marzo";"Profesional";"PINTO HERMOSILLA, SUSAN ROSEMARY";"Atencion Clinica";"15";"ENFERMERA (O)";"Región Metropolitana de Santiago";"(01)";"$ 1.600.343";"$ 1.246.566";"$ 0";"$ 108.641";"No";"No tiene";"No tiene";"No tiene";"01/01/2026";"31/12/2026";"No informa";"Sin observaciones";
"2026";"Marzo";"Médicos cirujanos, farmacéuticos, químico-farmacéuticos, bioquímicos, cirujano-dentistas";"PINTO SOTO, MARIA IGNACIA";"Medico Becario Primario";"44 Hrs.";"MEDICO CIRUJANO";"Región Metropolitana de Santiago";"(01)";"$ 3.550.333";"$ 2.929.062";"$ 0";"$ 0";"No";"No tiene";"No tiene";"No tiene";"06/05/2025";"05/05/2026";"No informa";"Sin observaciones";
"2026";"Marzo";"Administrativo";"PINTO VALDIVIA, DIGNA SOLEDAD";"APOYO ADMINISTRATIVO";"19";"ADMINISTRATIVO";"Región Metropolitana de Santiago";"(186)";"$ 837.883";"$ 556.275";"$ 0";"$ 165.424";"Sí";"$ 20.821 : 5,00 hrs";"No tiene";"No tiene";"01/01/2026";"31/12/2026";"No informa";"CANCELA BONO ESCOLAR 2026-202603+CANCELA PAGO TRIMESTRAL LEY 19.937 PERIODO 03/2026+REMUNERACION MAR.2026";
"2026";"Marzo";"Médicos cirujanos, farmacéuticos, químico-farmacéuticos, bioquímicos, cirujano-dentistas";"PIRUL YEVENES, ALEJANDRO MAURICIO";"Atencion Clinica Medica";"44 Hrs.";"MEDICO CIRUJANO";"Región Metropolitana de Santiago";"(86)(186)";"$ 3.650.490";"$ 2.880.978";"$ 0";"$ 0";"No";"No tiene";"No tiene";"No tiene";"01/01/2026";"31/12/2026";"No informa";"Sin observaciones";
"2026";"Marzo";"Profesional";"PISON LILLO, MONICA DEL CARMEN";"Apoyo Administrativo";"8";"ASISTENTE SOCIAL";"Región Metropolitana de Santiago";"(186)";"$ 3.305.872";"$ 2.386.343";"$ 0";"$ 454.023";"No";"No tiene";"No tiene";"No tiene";"01/01/2026";"31/12/2026";"No informa";"Sin observaciones";
"2026";"Marzo";"Profesional";"PIUTRIN SALDIAS, DANIELA ELIZABETH";"Atencion Clinica";"15";"ENFERMERA (O)";"Región Metropolitana de Santiago";"(186)";"$ 2.367.696";"$ 1.830.578";"$ 0";"$ 329.028";"Sí";"$ 289.406 : 35,00 hrs";"$ 148.838 : 15,00 hrs";"No tiene";"01/01/2026";"31/12/2026";"No informa";"Sin observaciones";
"2026";"Marzo";"Médicos cirujanos, farmacéuticos, químico-farmacéuticos, bioquímicos, cirujano-dentistas";"PIZARRO ALARCON, SEBASTIAN IGNACIO";"CIRUGIA GENERAL";"28 Hrs.";"MEDICO CIRUJANO";"Región Metropolitana de Santiago";"(194)(193)(198)(186)";"$ 3.358.235";"$ 2.665.056";"$ 0";"$ 148.087";"No";"No tiene";"No tiene";"No tiene";"01/01/2026";"31/12/2026";"No informa";"DIF. BONO VACACIONES 2026+PAGO ASIGNACION METAS DE PRODUCCION Y CALIDAD PERIODO 03/2026+REMUNERACION MAR.2026";
"2026";"Marzo";"Técnico";"PIZARRO HERRERA, PATRICIA DEL ROSARIO";"Atencion Clinica";"20";"TECNICO NIVEL SUPERIOR ENFERMERIA";"Región Metropolitana de Santiago";"(01)";"$ 1.031.155";"$ 795.614";"$ 0";"$ 177.049";"Sí";"$ 89.301 : 23,00 hrs";"$ 18.637 : 4,00 hrs";"No tiene";"01/01/2026";"31/12/2026";"No informa";"Sin observaciones";
"2026";"Marzo";"Profesional";"PIZARRO MORALES, DENISSE ALEJANDRA";"Atencion Clinica";"15";"MATRON (A)";"Región Metropolitana de Santiago";"(186)";"$ 2.003.805";"$ 1.602.278";"$ 0";"$ 158.305";"Sí";"$ 246.558 : 30,00 hrs";"$ 98.624 : 10,00 hrs";"No tiene";"01/01/2026";"31/12/2026";"No informa";"Sin observaciones";
"2026";"Marzo";"Profesional";"PIZARRO PIZARRO, JOSE IGNACIO";"Atencion Clinica";"15";"ENFERMERA (O)";"Región Metropolitana de Santiago";"(186)";"$ 1.900.816";"$ 1.403.437";"$ 0";"$ 291.779";"No";"No tiene";"No tiene";"No tiene";"01/01/2026";"31/12/2026";"No informa";"Sin observaciones";
"2026";"Marzo";"Auxiliar";"PIZARRO VILLAGRAN, HECTOR HUMBERTO";"CONDUCTOR";"21";"AUXILIAR";"Región Metropolitana de Santiago";"(205)(202)(204)";"$ 1.299.228";"$ 787.258";"$ 0";"$ 167.827";"Sí";"$ 51.526 : 14,00 hrs";"$ 83.913 : 19,00 hrs";"No tiene";"01/01/2026";"31/12/2026";"No informa";"CANCELA PAGO TRIMESTRAL LEY 19.490 PERIODO 03/2026+CANCELA PAGO TRIMESTRAL LEY 19.937 PERIODO 03/2026+REMUNERACION MAR.2026";
"2026";"Marzo";"Técnico";"PLAZA ACUÑA, NELSON HERNAN";"Apoyo Administrativo";"13";"TECNICO NIVEL SUPERIOR EN ADMINISTRACION DE EMPRESAS";"Región Metropolitana de Santiago";"(186)";"$ 1.200.766";"$ 914.037";"$ 0";"$ 198.802";"No";"No tiene";"No tiene";"No tiene";"01/01/2026";"31/12/2026";"No informa";"Sin observaciones";
"2026";"Marzo";"Profesional";"PLAZA TAPIA, JUAN IGNACIO";"Apoyo Administrativo";"8";"ARQUITECTO(A)";"Región Metropolitana de Santiago";"(186)";"$ 3.006.654";"$ 2.280.947";"$ 0";"$ 230.795";"No";"No tiene";"No tiene";"No tiene";"01/01/2026";"31/12/2026";"No informa";"REMUNERACION MARZO 2026 + BONOS TRIMESTRALES";
"2026";"Marzo";"Administrativo";"POBLETE DIAZ, JOSE ANTONIO";"Apoyo Administrativo";"21";"ADMINISTRATIVO";"Región Metropolitana de Santiago";"(186)";"$ 1.083.926";"$ 875.233";"$ 0";"$ 145.450";"Sí";"$ 144.803 : 39,00 hrs";"$ 138.119 : 31,00 hrs";"No tiene";"01/01/2026";"31/12/2026";"No informa";"Sin observaciones";
"2026";"Marzo";"Técnico";"POBLETE IBARRA, HUGO JESUS";"ATENCION CLINICA";"22";"TECNICO NIVEL SUPERIOR ENFERMERIA";"Región Metropolitana de Santiago";"(202)(204)(186)";"$ 1.086.322";"$ 867.313";"$ 0";"$ 133.516";"No";"No tiene";"No tiene";"No tiene";"01/01/2026";"31/12/2026";"No informa";"CANCELA ASIG. TECNICA+CANCELA PAGO TRIMESTRAL LEY 19.490 Y LEY 19.937 PERIODO 03/2026+REMUNERACION MAR.2026";
"2026";"Marzo";"Profesional";"POLANCO ESPINOZA, NATALIA SOLEDAD";"Apoyo Administrativo";"9";"PSICOLOGO (A)";"Región Metropolitana de Santiago";"(186)";"$ 3.044.497";"$ 2.281.150";"$ 0";"$ 416.516";"No";"No tiene";"No tiene";"No tiene";"01/01/2026";"31/12/2026";"No informa";"Sin observaciones";
"2026";"Marzo";"Administrativo";"PONCE VILLENA, VICTOR HUGO";"Apoyo Logistico";"22";"ADMINISTRATIVO";"Región Metropolitana de Santiago";"(01)";"$ 1.535.118";"$ 1.265.244";"$ 0";"$ 161.707";"Sí";"$ 149.312 : 40,00 hrs";"$ 326.993 : 73,00 hrs";"No tiene";"01/01/2026";"31/12/2026";"No informa";"Sin observaciones";
"2026";"Marzo";"Auxiliar";"PONTIGO FAJARDO, RODOLFO JAVIER";"CONDUCTOR";"24";"AUXILIAR";"Región Metropolitana de Santiago";"(202)";"$ 1.073.535";"$ 897.482";"$ 0";"$ 96.105";"Sí";"$ 114.958 : 40,00 hrs";"$ 103.463 : 30,00 hrs";"No tiene";"01/01/2026";"31/03/2026";"No informa";"CANCELA ASIG. TECNICA+CANCELA PAGO TRIMESTRAL LEY 19.937 PERIODO 03/2026+REMUNERACION MAR.2026";
"2026";"Marzo";"Médicos cirujanos, farmacéuticos, químico-farmacéuticos, bioquímicos, cirujano-dentistas";"PONTIGO REYES, ANA PAZ";"Atencion Clinica Medica";"44 Hrs.";"MEDICO CIRUJANO";"Región Metropolitana de Santiago";"(188)(186)";"$ 4.625.791";"$ 3.743.161";"$ 0";"$ 0";"No";"No tiene";"No tiene";"No tiene";"01/01/2026";"31/12/2026";"No informa";"Sin observaciones";
"2026";"Marzo";"Profesional";"PORTALES ORELLANA, CATALINA INES";"Apoyo Administrativo";"5";"CIENTISTA POLITICO (A)";"Región Metropolitana de Santiago";"(186)";"$ 3.957.739";"$ 3.060.737";"$ 0";"$ 447.462";"No";"No tiene";"No tiene";"No tiene";"01/01/2026";"31/12/2026";"No informa";"Sin observaciones";
"2026";"Marzo";"Profesional";"PORTILLO JORQUERA, ANDREA VERONICA";"Atencion Clinica";"15";"MATRON (A)";"Región Metropolitana de Santiago";"(220)(186)";"$ 1.692.581";"$ 1.368.291";"$ 0";"$ 0";"No";"No tiene";"No tiene";"No tiene";"01/01/2026";"31/12/2026";"No informa";"Sin observaciones";
"2026";"Marzo";"Profesional";"POSADA CORVALAN, CAROLINA ANDREA";"Apoyo Administrativo";"6";"ADMINISTRADOR (A) PUBLICO";"Región Metropolitana de Santiago";"(186)";"$ 3.823.628";"$ 2.940.480";"$ 0";"$ 428.435";"No";"No tiene";"No tiene";"No tiene";"01/01/2026";"31/12/2026";"No informa";"Sin observaciones";
"2026";"Marzo";"Administrativo";"POZAS CERDA, SANDRA PATRICIA";"Apoyo Administrativo";"21";"ADMINISTRATIVO";"Región Metropolitana de Santiago";"(186)";"$ 823.381";"$ 611.628";"$ 0";"$ 167.827";"No";"No tiene";"No tiene";"No tiene";"01/01/2026";"31/12/2026";"No informa";"Sin observaciones";
"2026";"Marzo";"Auxiliar";"POZO GONZALEZ, GLORIA DEL CARMEN";"Apoyo Logistico";"24";"AUXILIAR";"Región Metropolitana de Santiago";"(202)(186)";"$ 957.279";"$ 738.564";"$ 0";"$ 117.947";"Sí";"No tiene";"$ 7.088 : 2,00 hrs";"No tiene";"01/01/2026";"31/12/2026";"No informa";"Sin observaciones";
"2026";"Marzo";"Profesional";"POZO QUINTANA, RICARDO ANDRES";"ATENCION CLINICA";"13";"ENFERMERA (O)";"Región Metropolitana de Santiago";"(203)(204)";"$ 3.253.174";"$ 2.413.835";"$ 0";"$ 0";"Sí";"$ 272.349 : 28,00 hrs";"$ 233.442 : 20,00 hrs";"No tiene";"01/01/2026";"31/03/2026";"No informa";"REMUNERACION MAR.2026";
"2026";"Marzo";"Médicos cirujanos, farmacéuticos, químico-farmacéuticos, bioquímicos, cirujano-dentistas";"POZO SANCHEZ, SEBASTIAN IGNACIO";"Atencion Clinica Medica";"44 Hrs.";"MEDICO CIRUJANO";"Región Metropolitana de Santiago";"(86)(186)";"$ 3.465.905";"$ 2.749.678";"$ 0";"$ 0";"No";"No tiene";"No tiene";"No tiene";"01/01/2026";"31/12/2026";"No informa";"Sin observaciones";
"2026";"Marzo";"Profesional";"PRATI POBLETE, MIGUEL FABRIZIO";"Jefe de Departamento";"5";"INGENIERO (A) EJECUCION ADMINISTRACION";"Región Metropolitana de Santiago";"(186)";"$ 4.186.357";"$ 3.264.962";"$ 0";"$ 584.587";"No";"No tiene";"No tiene";"No tiene";"01/01/2026";"31/12/2026";"No informa";"REMUNERACION MARZO 2026 + BONOS TRIMESTRALES";
"2026";"Marzo";"Técnico";"PROVOSTE FUENTES, ROMINA ANDREA";"Atencion Clinica";"20";"TECNICO NIVEL SUPERIOR RECURSOS HUMANOS";"Región Metropolitana de Santiago";"(186)";"$ 1.062.857";"$ 837.253";"$ 0";"$ 177.049";"No";"No tiene";"No tiene";"No tiene";"01/01/2026";"31/12/2026";"No informa";"Sin observaciones";
"2026";"Marzo";"Profesional";"PUEBLA ALCHAO, ESTEBAN ANDRES";"Apoyo Administrativo";"16";"INGENIERO (A) EN INFORMATICA";"Región Metropolitana de Santiago";"(186)";"$ 1.522.614";"$ 1.181.904";"$ 0";"$ 145.094";"No";"No tiene";"No tiene";"No tiene";"01/01/2026";"31/12/2026";"No informa";"REMUNERACION MARZO 2026 + BONOS TRIMESTRALES";
"2026";"Marzo";"Profesional";"PUEBLA NUÑEZ, TATIANA ALEJANDRA";"Apoyo Administrativo";"5";"SOCIOLOGO (A)";"Región Metropolitana de Santiago";"(186)";"$ 4.161.989";"$ 3.282.518";"$ 0";"$ 505.199";"No";"No tiene";"No tiene";"No tiene";"01/01/2026";"31/12/2026";"No informa";"REMUNERACION MARZO 2026 + BONOS TRIMESTRALES";
"2026";"Marzo";"Auxiliar";"PUGA VARGAS, PEDRO ALEKSEI";"CONDUCTOR";"22";"TECNICO NIVEL SUPERIOR ENFERMERIA";"Región Metropolitana de Santiago";"(205)(203)(204)";"$ 1.077.897";"$ 798.872";"$ 0";"$ 114.072";"Sí";"No tiene";"$ 98.244 : 48,00 hrs";"No tiene";"01/01/2026";"31/12/2026";"No informa";"CANCELA ASIG. TECNICA+CANCELA PAGO TRIMESTRAL LEY 19.937 PERIODO 03/2026+REMUNERACION MAR.2026";
"2026";"Marzo";"Médicos cirujanos, farmacéuticos, químico-farmacéuticos, bioquímicos, cirujano-dentistas";"PUGH VALDOVINOS, DUNCAN EDWARD";"Medico Becario Primario";"44 Hrs.";"MEDICO CIRUJANO";"Región Metropolitana de Santiago";"(01)";"$ 2.875.980";"$ 2.373.833";"$ 0";"$ 0";"No";"No tiene";"No tiene";"No tiene";"07/04/2025";"06/04/2026";"No informa";"Sin observaciones";
"2026";"Marzo";"Médicos cirujanos, farmacéuticos, químico-farmacéuticos, bioquímicos, cirujano-dentistas";"PUMARINO TORRES, TOMAS EUGENIO";"Medico Becario Primario";"44 Hrs.";"MEDICO CIRUJANO";"Región Metropolitana de Santiago";"(01)";"$ 2.875.980";"$ 2.370.382";"$ 0";"$ 0";"No";"No tiene";"No tiene";"No tiene";"08/05/2025";"07/05/2026";"No informa";"Sin observaciones";
"2026";"Marzo";"Profesional";"QUEVEDO PEREIRA, MAILEF ANDREA";"Apoyo Administrativo";"7";"KINESIOLOGO (A)";"Región Metropolitana de Santiago";"(186)";"$ 3.505.448";"$ 2.643.242";"$ 0";"$ 400.056";"No";"No tiene";"No tiene";"No tiene";"01/01/2026";"31/12/2026";"No informa";"Sin observaciones";
"2026";"Marzo";"Profesional";"QUEZADA PADILLA, MIGNA BEGONIA";"Atencion Clinica";"15";"MATRON (A)";"Región Metropolitana de Santiago";"(186)";"$ 1.774.482";"$ 1.338.082";"$ 0";"$ 248.323";"No";"No tiene";"No tiene";"No tiene";"01/01/2026";"31/12/2026";"No informa";"Sin observaciones";
"2026";"Marzo";"Administrativo";"QUEZADA PALMA, JOSE LUIS";"Apoyo Administrativo";"21";"ADMINISTRATIVO";"Región Metropolitana de Santiago";"(01)";"$ 780.038";"$ 597.175";"$ 0";"$ 130.066";"No";"No tiene";"No tiene";"No tiene";"01/01/2026";"31/03/2026";"No informa";"Sin observaciones";
"2026";"Marzo";"Médicos cirujanos, farmacéuticos, químico-farmacéuticos, bioquímicos, cirujano-dentistas";"QUEZADA TOFALOS, EYLEEN KHADRA";"Medicina Familiar";"22 Hrs.";"MEDICO CIRUJANO";"Región Metropolitana de Santiago";"(188)(186)";"$ 2.184.770";"$ 1.766.400";"$ 0";"$ 0";"No";"No tiene";"No tiene";"No tiene";"01/01/2026";"31/12/2026";"No informa";"Sin observaciones";
"2026";"Marzo";"Administrativo";"QUILA CASTAÑEDA, CAROLINA DEL CARMEN";"Apoyo Administrativo";"21";"ADMINISTRATIVO";"Región Metropolitana de Santiago";"(01)";"$ 712.875";"$ 588.408";"$ 0";"$ 0";"No";"No tiene";"No tiene";"No tiene";"05/01/2026";"04/04/2026";"No informa";"Sin observaciones";
"2026";"Marzo";"Administrativo";"QUILAQUEO ESCOBAR, ANA MIRIAM";"Atencion Clinica";"22";"ADMINISTRATIVO";"Región Metropolitana de Santiago";"(01)";"$ 797.474";"$ 462.525";"$ 0";"$ 114.072";"Sí";"$ 34.113 : 10,00 hrs";"No tiene";"No tiene";"06/02/2026";"02/04/2026";"No informa";"CONTRATO POR REEMPLAZO";
"2026";"Marzo";"Profesional";"QUILEMPAN VIVANCO, VANESSA ALEJANDRA";"Atencion Clinica";"15";"FONOAUDIOLOGO (A)";"Región Metropolitana de Santiago";"(186)";"$ 1.617.652";"$ 1.319.976";"$ 0";"$ 0";"No";"No tiene";"No tiene";"No tiene";"01/01/2026";"31/12/2026";"No informa";"Sin observaciones";
"2026";"Marzo";"Administrativo";"QUILENCHEO AYANCAN, MARIANELA IVONNE";"Secretaria";"12";"ADMINISTRADOR (A) PUBLICO";"Región Metropolitana de Santiago";"(186)";"$ 2.769.746";"$ 1.841.945";"$ 0";"$ 809.049";"No";"No tiene";"No tiene";"No tiene";"01/01/2026";"31/12/2026";"No informa";"REMUNERACION MARZO 2026 + BONOS TRIMESTRALES";
"2026";"Marzo";"Profesional";"QUINTANA RIVAS, JUAN ANDRES";"Atencion Clinica";"15";"KINESIOLOGO (A)";"Región Metropolitana de Santiago";"(186)";"$ 2.007.686";"$ 1.569.532";"$ 0";"$ 217.282";"Sí";"$ 232.929 : 28,00 hrs";"$ 39.931 : 4,00 hrs";"No tiene";"01/01/2026";"31/12/2026";"No informa";"Sin observaciones";
"2026";"Marzo";"Profesional";"QUINTANILLA TORRES, FRANCO GIBERTTI";"Atencion Clinica";"15";"ENFERMERA (O)";"Región Metropolitana de Santiago";"(186)";"$ 1.792.872";"$ 1.402.506";"$ 0";"$ 189.690";"No";"No tiene";"No tiene";"No tiene";"01/01/2026";"31/12/2026";"No informa";"Sin observaciones";
"2026";"Marzo";"Auxiliar";"QUINTEROS FLORES, ALAN RICARDO";"Chofer";"20";"AUXILIAR";"Región Metropolitana de Santiago";"(186)";"$ 1.435.381";"$ 1.199.388";"$ 0";"$ 153.443";"Sí";"$ 132.715 : 33,00 hrs";"$ 439.167 : 91,00 hrs";"No tiene";"01/01/2026";"31/12/2026";"No informa";"Sin observaciones";
"2026";"Marzo";"Profesional";"QUINTEROS SEPULVEDA, ALBERTO JESUS";"Atencion Clinica";"15";"PSICOLOGO (A)";"Región Metropolitana de Santiago";"(01)";"$ 1.584.823";"$ 1.252.830";"$ 0";"$ 93.121";"No";"No tiene";"No tiene";"No tiene";"01/01/2026";"31/03/2026";"No informa";"Sin observaciones";
"2026";"Marzo";"Profesional";"QUIROGA CHIMENELLI, MARIA JOSE";"Apoyo Administrativo";"14";"ASISTENTE SOCIAL";"Región Metropolitana de Santiago";"(186)";"$ 1.908.557";"$ 1.471.475";"$ 0";"$ 182.890";"No";"No tiene";"No tiene";"No tiene";"01/01/2026";"31/12/2026";"No informa";"Sin observaciones";
"2026";"Marzo";"Profesional";"QUIROGA GALVEZ, CRISTHIAN SEBASTIAN";"Apoyo Administrativo";"8";"ENFERMERA (O)";"Región Metropolitana de Santiago";"(186)";"$ 3.176.913";"$ 2.410.047";"$ 0";"$ 431.322";"No";"No tiene";"No tiene";"No tiene";"01/01/2026";"31/12/2026";"No informa";"REMUNERACION MARZO 2026 + BONOS TRIMESTRALES";
"2026";"Marzo";"Médicos cirujanos, farmacéuticos, químico-farmacéuticos, bioquímicos, cirujano-dentistas";"QUIROZ CACERES, ROBERTO IGNACIO";"Atencion Clinica Medica";"44 Hrs.";"MÉDICOS CIRUJANOS, FARMACÉUTICOS, QUÍMICO-FARMACÉUTICOS, BIOQUÍMICOS, CIRUJANO-DENTISTAS";"Región Metropolitana de Santiago";"(86)";"$ 3.007.345";"$ 2.404.059";"$ 0";"$ 0";"No";"No tiene";"No tiene";"No tiene";"01/01/2026";"31/12/2026";"No informa";"Sin observaciones";
"2026";"Marzo";"Profesional";"QUIROZ OMONTE, ANDRES ANTONIO";"ATENCION CLINICA";"13";"ENFERMERA (O)";"Región Metropolitana de Santiago";"(203)(204)(186)";"$ 2.801.797";"$ 2.140.643";"$ 0";"$ 295.693";"No";"No tiene";"No tiene";"No tiene";"01/01/2026";"31/12/2026";"No informa";"CANCELA PAGO TRIMESTRAL LEY 19.490 PERIODO 03/2026+CANCELA PAGO TRIMESTRAL LEY 19.937 PERIODO 03/2026+REMUNERACION MAR.2026";
"2026";"Marzo";"Profesional";"QUIROZ RODRIGUEZ, LUCIANO SEGUNDO";"Atencion Clinica";"12";"KINESIOLOGO (A)";"Región Metropolitana de Santiago";"(01)";"$ 1.425.753";"$ 1.241.660";"$ 0";"$ 168.536";"No";"No tiene";"No tiene";"No tiene";"09/03/2026";"31/03/2026";"No informa";"Sin observaciones";
"2026";"Marzo";"Profesional";"QUIROZ RODRIGUEZ, LUCIANO SEGUNDO";"Atencion Clinica";"15";"KINESIOLOGO (A)";"Región Metropolitana de Santiago";"(01)";"$ 400.084";"$ 202.119";"$ 0";"$ 168.536";"No";"No tiene";"No tiene";"No tiene";"01/03/2026";"08/03/2026";"No informa";"Sin observaciones";
"2026";"Marzo";"Profesional";"QUIROZ ULLOA, FABIAN ALEXANDER";"Apoyo Administrativo";"11";"ADMINISTRADOR (A) PUBLICO";"Región Metropolitana de Santiago";"(186)";"$ 2.987.895";"$ 2.341.186";"$ 0";"$ 306.178";"Sí";"$ 463.146 : 40,00 hrs";"No tiene";"No tiene";"01/01/2026";"31/12/2026";"No informa";"Sin observaciones";
"2026";"Marzo";"Profesional";"QUIROZ ULLOA, MAIRON ISRAEL";"JEFE DE DEPARTAMENTO";"11";"ADMINISTRADOR (A) PUBLICO";"Región Metropolitana de Santiago";"(01)";"$ 2.824.401";"$ 2.178.854";"$ 0";"$ 306.178";"Sí";"$ 460.418 : 40,00 hrs";"$ 248.626 : 18,00 hrs";"No tiene";"01/01/2026";"31/12/2026";"No informa";"CANCELA PAGO TRIMESTRAL LEY 19.490 PERIODO 03/2026+CANCELA PAGO TRIMESTRAL LEY 19.937 PERIODO 03/2026+REMUNERACION MAR.2026";
"2026";"Marzo";"Técnico";"RAMIREZ DIAZ, CYNTHIA CAROLINA";"Atencion Clinica";"21";"TECNICO NIVEL SUPERIOR ENFERMERIA";"Región Metropolitana de Santiago";"(01)";"$ 916.319";"$ 716.148";"$ 0";"$ 123.073";"No";"No tiene";"No tiene";"No tiene";"01/01/2026";"31/12/2026";"No informa";"Sin observaciones";
"2026";"Marzo";"Médicos cirujanos, farmacéuticos, químico-farmacéuticos, bioquímicos, cirujano-dentistas";"RAMIREZ FLORES, JORGE ANDRES";"MEDICO CIRUJANO CON ESPECIALIDAD EN SALUD PUBLICA";"28 Hrs.";"MEDICO CIRUJANO CON ESPECIALIDAD EN SALUD PUBLICA";"Región Metropolitana de Santiago";"(194)(193)(198)(186)";"$ 4.756.750";"$ 3.856.440";"$ 0";"$ 217.566";"No";"No tiene";"No tiene";"No tiene";"01/01/2026";"31/12/2026";"No informa";"PAGO ASIGNACION METAS DE PRODUCCION Y CALIDAD PERIODO 03/2026+REMUNERACION MAR.2026";
"2026";"Marzo";"Profesional";"RAMIREZ GAETE, JORGE IGNACIO";"Apoyo Administrativo";"6";"PERIODISTA";"Región Metropolitana de Santiago";"(186)";"$ 3.881.095";"$ 2.986.770";"$ 0";"$ 468.601";"No";"No tiene";"No tiene";"No tiene";"01/01/2026";"31/12/2026";"No informa";"Sin observaciones";
"2026";"Marzo";"Profesional";"RAMIREZ IBACETA, LUIS ALBERTO";"Apoyo Administrativo";"10";"INGENIERO (A) EJECUCION EN INFORMATICA";"Región Metropolitana de Santiago";"(186)";"$ 2.843.410";"$ 2.007.258";"$ 0";"$ 529.099";"No";"No tiene";"No tiene";"No tiene";"01/01/2026";"31/12/2026";"No informa";"REMUNERACION MARZO 2026 + BONOS TRIMESTRALES";
"2026";"Marzo";"Profesional";"RAMIREZ JARA, JUAN CARLOS";"Apoyo Administrativo";"15";"PSICOLOGO (A)";"Región Metropolitana de Santiago";"(01)";"$ 1.392.255";"$ 1.133.850";"$ 0";"$ 0";"No";"No tiene";"No tiene";"No tiene";"01/01/2026";"28/03/2026";"No informa";"CONTRATO EN REEMPLAZO";
"2026";"Marzo";"Técnico";"RAMIREZ MIÑO, SUGEY ANTONELLA";"Apoyo Administrativo";"22";"TECNICO DE PARVULOS";"Región Metropolitana de Santiago";"(186)";"$ 825.214";"$ 634.672";"$ 0";"$ 134.812";"Sí";"$ 3.533 : 1,00 hrs";"No tiene";"No tiene";"01/01/2026";"31/12/2026";"No informa";"Sin observaciones";
"2026";"Marzo";"Profesional";"RAMIREZ POBLETE, SERGIO FERNANDO";"Atencion Clinica";"15";"KINESIOLOGO (A)";"Región Metropolitana de Santiago";"(186)";"$ 1.921.062";"$ 1.554.113";"$ 0";"$ 158.305";"Sí";"$ 131.498 : 16,00 hrs";"$ 39.449 : 4,00 hrs";"No tiene";"01/01/2026";"31/12/2026";"No informa";"Sin observaciones";
"2026";"Marzo";"Profesional";"RAMOS ARGANDOÑA, CAROLINA ANDREA";"Atencion Clinica";"12";"MATRON (A)";"Región Metropolitana de Santiago";"(01)";"$ 2.368.624";"$ 1.905.839";"$ 0";"$ 204.708";"Sí";"$ 169.005 : 16,00 hrs";"$ 50.702 : 4,00 hrs";"No tiene";"01/01/2026";"31/12/2026";"No informa";"Sin observaciones";
"2026";"Marzo";"Profesional";"RAMOS CORNEJO, CONSUELO ALEJANDRA";"Director (a) de Cosam";"5";"TRABAJADOR (A) SOCIAL";"Región Metropolitana de Santiago";"(01)";"$ 3.473.598";"$ 2.733.725";"$ 0";"$ 0";"No";"No tiene";"No tiene";"No tiene";"01/01/2026";"31/12/2026";"No informa";"Sin observaciones";
"2026";"Marzo";"Auxiliar";"RAMOS DIAZ, VICTOR ALBERTO";"CONDUCTOR";"24";"TECNICO NIVEL SUPERIOR ENFERMERIA";"Región Metropolitana de Santiago";"(205)(203)(204)(186)";"$ 874.529";"$ 551.154";"$ 0";"$ 122.316";"Sí";"No tiene";"$ 3.576 : 1,00 hrs";"No tiene";"01/01/2026";"31/12/2026";"No informa";"CANCELA ASIG. TECNICA+CANCELA PAGO TRIMESTRAL LEY 19.490 Y LEY 19.937 PERIODO 03/2026+REMUNERACION MAR.2026";
"2026";"Marzo";"Auxiliar";"RAMOS GONZALEZ, XIMENA JOANNA";"Apoyo Logistico";"23";"AUXILIAR";"Región Metropolitana de Santiago";"(01)";"$ 1.038.116";"$ 871.013";"$ 0";"$ 113.702";"Sí";"$ 87.272 : 28,00 hrs";"$ 205.711 : 55,00 hrs";"No tiene";"01/01/2026";"31/12/2026";"No informa";"Sin observaciones";
"2026";"Marzo";"Profesional";"REBOLLEDO SEPULVEDA, BARBARA GABRIELA";"Apoyo Administrativo";"8";"ENFERMERA (O)";"Región Metropolitana de Santiago";"(186)";"$ 3.035.030";"$ 2.298.373";"$ 0";"$ 289.439";"No";"No tiene";"No tiene";"No tiene";"01/01/2026";"31/12/2026";"No informa";"REMUNERACION MARZO 2026 + BONOS TRIMESTRALES";
"2026";"Marzo";"Médicos cirujanos, farmacéuticos, químico-farmacéuticos, bioquímicos, cirujano-dentistas";"RECABARREN BAEZ, ALEXANDER";"Medicina Familiar";"44 Hrs.";"MEDICO CIRUJANO";"Región Metropolitana de Santiago";"(188)(86)(186)";"$ 6.082.393";"$ 4.979.930";"$ 0";"$ 0";"No";"No tiene";"No tiene";"No tiene";"01/01/2026";"31/12/2026";"No informa";"Sin observaciones";
"2026";"Marzo";"Técnico";"RENCA DIAZ, FRANCISCO JOVANO";"Atencion Clinica";"15";"TECNICO NIVEL SUPERIOR ENFERMERIA";"Región Metropolitana de Santiago";"(186)";"$ 1.340.306";"$ 1.048.015";"$ 0";"$ 215.452";"Sí";"$ 102.249 : 20,00 hrs";"$ 122.699 : 20,00 hrs";"No tiene";"01/01/2026";"31/12/2026";"No informa";"Sin observaciones";
"2026";"Marzo";"Profesional";"RETAMAL LEAL, JOHANNA ELIZETT";"Apoyo Administrativo";"8";"ENFERMERA (O)";"Región Metropolitana de Santiago";"(01)";"$ 3.435.251";"$ 2.515.897";"$ 0";"$ 612.931";"No";"No tiene";"No tiene";"No tiene";"01/01/2026";"31/12/2026";"No informa";"Sin observaciones";
"2026";"Marzo";"Profesional";"REYES ARACENA, CATHERINE ANDREA";"Atencion Clinica";"15";"ASISTENTE SOCIAL";"Región Metropolitana de Santiago";"(01)";"$ 745.853";"$ 609.586";"$ 0";"$ 0";"No";"No tiene";"No tiene";"No tiene";"01/01/2026";"31/03/2026";"No informa";"Sin observaciones";
"2026";"Marzo";"Administrativo";"REYES CONCHA, DANIELA LUISA";"Apoyo Administrativo";"21";"ADMINISTRATIVO";"Región Metropolitana de Santiago";"(01)";"$ 952.718";"$ 760.807";"$ 0";"$ 130.066";"Sí";"$ 25.763 : 7,00 hrs";"$ 13.249 : 3,00 hrs";"No tiene";"01/01/2026";"31/12/2026";"No informa";"Sin observaciones";
"2026";"Marzo";"Administrativo";"REYES CRUZ, MARIA JULIA";"ENCARGADO (A)";"19";"INGENIERO (A) ADMINISTRACION DE EMPRESAS";"Región Metropolitana de Santiago";"(186)";"$ 1.458.432";"$ 1.065.077";"$ 0";"$ 279.515";"Sí";"$ 177.533 : 33,00 hrs";"$ 206.584 : 32,00 hrs";"No tiene";"01/01/2026";"31/12/2026";"No informa";"CANCELA BONO ESCOLAR 2026-202603+CANCELA PAGO TRIMESTRAL LEY 19.490 Y LEY 19.937 PERIODO 03/2026+REMUNERACION MAR.2026";
"2026";"Marzo";"Profesional";"REYES DAVEY, RODRIGO ANDRES";"Apoyo Administrativo";"8";"INGENIERO (A) COMERCIAL";"Región Metropolitana de Santiago";"(186)";"$ 3.148.536";"$ 2.396.777";"$ 0";"$ 402.945";"No";"No tiene";"No tiene";"No tiene";"01/01/2026";"31/12/2026";"No informa";"REMUNERACION MARZO 2026 + BONOS TRIMESTRALES";
"2026";"Marzo";"Médicos cirujanos, farmacéuticos, químico-farmacéuticos, bioquímicos, cirujano-dentistas";"REYES ESPARZA, LUCIANO SEBASTIAN";"Atencion Odontologica";"22 Hrs.";"CIRUJANO DENTISTA";"Región Metropolitana de Santiago";"(01)";"$ 964.192";"$ 794.687";"$ 0";"$ 0";"No";"No tiene";"No tiene";"No tiene";"01/01/2026";"30/03/2026";"No informa";"CONTRATO POR REEMPLAZO";
"2026";"Marzo";"Técnico";"REYES PAREDES, LISSETTE VANESSA";"Atencion Clinica";"20";"TECNICO NIVEL SUPERIOR ENFERMERIA";"Región Metropolitana de Santiago";"(01)";"$ 966.445";"$ 747.342";"$ 0";"$ 153.443";"No";"No tiene";"No tiene";"No tiene";"01/01/2026";"31/12/2026";"No informa";"Sin observaciones";
"2026";"Marzo";"Médicos cirujanos, farmacéuticos, químico-farmacéuticos, bioquímicos, cirujano-dentistas";"REYES PUEBLA, MARCELA PAZ";"Atencion Clinica Medica";"44 Hrs.";"MEDICO CIRUJANO";"Región Metropolitana de Santiago";"(86)(186)";"$ 3.465.905";"$ 2.731.855";"$ 0";"$ 0";"No";"No tiene";"No tiene";"No tiene";"01/01/2026";"31/12/2026";"No informa";"Sin observaciones";
"2026";"Marzo";"Médicos cirujanos, farmacéuticos, químico-farmacéuticos, bioquímicos, cirujano-dentistas";"REYES TORRES, VIVIANA DE LOS ANGELES";"Atencion Clinica Medica";"44 Hrs.";"MEDICO CIRUJANO";"Región Metropolitana de Santiago";"(86)(186)";"$ 5.893.574";"$ 4.812.175";"$ 0";"$ 0";"No";"No tiene";"No tiene";"No tiene";"01/01/2026";"31/12/2026";"No informa";"Sin observaciones";
"2026";"Marzo";"Médicos cirujanos, farmacéuticos, químico-farmacéuticos, bioquímicos, cirujano-dentistas";"REYES ULLOA, JORGE IGNACIO ENRIQUE";"Atencion Clinica Medica";"44 Hrs.";"MEDICO CIRUJANO";"Región Metropolitana de Santiago";"(86)";"$ 3.007.345";"$ 2.406.219";"$ 0";"$ 0";"No";"No tiene";"No tiene";"No tiene";"01/01/2026";"31/12/2026";"No informa";"Sin observaciones";
"2026";"Marzo";"Profesional";"REYES VALENZUELA, PAULINA ANDREA";"Atencion Clinica";"16";"NUTRICIONISTA";"Región Metropolitana de Santiago";"(01)";"$ 1.983.467";"$ 1.625.942";"$ 0";"$ 145.094";"Sí";"$ 269.525 : 36,00 hrs";"$ 107.810 : 12,00 hrs";"No tiene";"01/01/2026";"31/03/2026";"No informa";"Sin observaciones";
"2026";"Marzo";"Técnico";"RICHE CALAMULLO, TIFFANI BRIGGIT";"Atencion Clinica";"20";"TECNICO NIVEL SUPERIOR ENFERMERIA";"Región Metropolitana de Santiago";"(186)";"$ 910.080";"$ 696.656";"$ 0";"$ 151.967";"No";"No tiene";"No tiene";"No tiene";"01/01/2026";"31/12/2026";"No informa";"Sin observaciones";
"2026";"Marzo";"Médicos cirujanos, farmacéuticos, químico-farmacéuticos, bioquímicos, cirujano-dentistas";"RIFFO FERNANDEZ, DANILO RODRIGO";"Odontopediatria";"44 Hrs.";"CIRUJANO DENTISTA";"Región Metropolitana de Santiago";"(188)(86)(186)";"$ 6.176.802";"$ 5.025.291";"$ 0";"$ 0";"No";"No tiene";"No tiene";"No tiene";"01/01/2026";"31/12/2026";"No informa";"Sin observaciones";
"2026";"Marzo";"Técnico";"RIFFO GONZALEZ, MARINA INES";"Atencion Clinica";"22";"TECNICO NIVEL SUPERIOR ENFERMERIA";"Región Metropolitana de Santiago";"(186)";"$ 922.099";"$ 713.329";"$ 0";"$ 134.812";"Sí";"$ 49.032 : 14,00 hrs";"No tiene";"No tiene";"01/01/2026";"31/12/2026";"No informa";"Sin observaciones";
"2026";"Marzo";"Técnico";"RIFFO VALENCIA, RUTH MYRIAM";"Atencion Clinica";"22";"TECNICO NIVEL SUPERIOR ENFERMERIA";"Región Metropolitana de Santiago";"(186)";"$ 878.823";"$ 663.224";"$ 0";"$ 145.183";"No";"No tiene";"No tiene";"No tiene";"01/01/2026";"31/12/2026";"No informa";"Sin observaciones";
"2026";"Marzo";"Profesional";"RIFO PEÑA, RAFAEL ALBERTO ORIEL";"Apoyo Administrativo";"11";"ENFERMERO (A) MATRON (A)";"Región Metropolitana de Santiago";"(01)";"$ 2.115.357";"$ 1.699.700";"$ 0";"$ 0";"No";"No tiene";"No tiene";"No tiene";"01/01/2026";"31/12/2026";"No informa";"Sin observaciones";
"2026";"Marzo";"Profesional";"RIOS CAMPOS, JUAN PABLO";"Apoyo Administrativo";"6";"INGENIERO (A) CIVIL INDUSTRIAL";"Región Metropolitana de Santiago";"(186)(186)";"$ 3.680.266";"$ 2.711.571";"$ 0";"$ 267.772";"No";"No tiene";"No tiene";"No tiene";"01/01/2026";"31/12/2026";"No informa";"REMUNERACION MARZO 2026 + BONOS TRIMESTRALES";
"2026";"Marzo";"Administrativo";"RIOS ESCOBAR, CECILIA CARMEN";"Secretaria";"13";"ADMINISTRATIVO";"Región Metropolitana de Santiago";"(186)";"$ 2.394.095";"$ 1.677.417";"$ 0";"$ 552.682";"No";"No tiene";"No tiene";"No tiene";"01/01/2026";"31/12/2026";"No informa";"REMUNERACION MARZO 2026 + BONOS TRIMESTRALES";
"2026";"Marzo";"Profesional";"RIOS GONZALEZ, LORENA ANDREA";"Atencion Clinica";"13";"NUTRICIONISTA";"Región Metropolitana de Santiago";"(186)";"$ 2.223.207";"$ 1.772.900";"$ 0";"$ 188.504";"Sí";"$ 254.416 : 26,00 hrs";"No tiene";"No tiene";"01/01/2026";"31/12/2026";"No informa";"Sin observaciones";
"2026";"Marzo";"Administrativo";"RIOS SANDOVAL, IRMA ROSA";"Apoyo Administrativo";"22";"ADMINISTRATIVO";"Región Metropolitana de Santiago";"(186)";"$ 758.125";"$ 575.566";"$ 0";"$ 120.553";"No";"No tiene";"No tiene";"No tiene";"01/01/2026";"31/12/2026";"No informa";"Sin observaciones";
"2026";"Marzo";"Técnico";"RIOS SEPULVEDA, IGNACIO ELIAS";"Atencion Clinica";"20";"TECNICO NIVEL SUPERIOR ENFERMERIA";"Región Metropolitana de Santiago";"(186)";"$ 911.556";"$ 697.352";"$ 0";"$ 153.443";"No";"No tiene";"No tiene";"No tiene";"01/01/2026";"31/12/2026";"No informa";"Sin observaciones";
"2026";"Marzo";"Administrativo";"RIQUELME ACEVEDO, ANA MARJORIE";"Apoyo Administrativo";"21";"ADMINISTRATIVO";"Región Metropolitana de Santiago";"(202)(186)";"$ 1.261.490";"$ 986.442";"$ 0";"$ 144.051";"No";"No tiene";"No tiene";"No tiene";"01/01/2026";"31/12/2026";"No informa";"Sin observaciones";
"2026";"Marzo";"Profesional";"RIQUELME CAMPOS, JESIEE KARINA";"Atencion Clinica";"13";"NUTRICIONISTA";"Región Metropolitana de Santiago";"(01)";"$ 1.770.239";"$ 1.423.795";"$ 0";"$ 0";"No";"No tiene";"No tiene";"No tiene";"01/02/2026";"31/12/2026";"No informa";"Sin observaciones";
"2026";"Marzo";"Técnico";"RIQUELME FUENTES, CRISTIAN LUIS";"ATENCION CLINICA";"22";"TECNICO NIVEL SUPERIOR ENFERMERIA";"Región Metropolitana de Santiago";"(202)(204)(186)";"$ 1.341.745";"$ 821.146";"$ 0";"$ 120.553";"Sí";"$ 138.879 : 40,00 hrs";"$ 124.991 : 30,00 hrs";"No tiene";"01/01/2026";"31/12/2026";"No informa";"CANCELA ASIG. TECNICA+CANCELA PAGO TRIMESTRAL LEY 19.490 Y LEY 19.937 PERIODO 03/2026+REMUNERACION MAR.2026";
"2026";"Marzo";"Profesional";"RIQUELME HUENULAO, MARCO ANDRES";"ATENCION CLINICA";"13";"ENFERMERA (O)";"Región Metropolitana de Santiago";"(203)(204)(186)";"$ 3.353.617";"$ 2.695.086";"$ 0";"$ 320.334";"Sí";"$ 288.859 : 29,00 hrs";"$ 262.961 : 22,00 hrs";"No tiene";"01/01/2026";"31/12/2026";"No informa";"CANCELA PAGO TRIMESTRAL LEY 19.490 PERIODO 03/2026+CANCELA PAGO TRIMESTRAL LEY 19.937 PERIODO 03/2026+REMUNERACION MAR.2026";
"2026";"Marzo";"Profesional";"RIQUELME MARIN, JORGE ALEJANDRO";"Apoyo Administrativo";"6";"PSICOLOGO (A)";"Región Metropolitana de Santiago";"(186)";"$ 3.844.841";"$ 2.940.806";"$ 0";"$ 415.047";"No";"No tiene";"No tiene";"No tiene";"01/01/2026";"31/12/2026";"No informa";"REMUNERACION MARZO 2026 + BONOS TRIMESTRALES";
"2026";"Marzo";"Técnico";"RIQUELME MOLINA, PAOLA PAZ";"Apoyo Administrativo";"22";"TECNICO NIVEL SUPERIOR DE PARVULO";"Región Metropolitana de Santiago";"(186)";"$ 793.579";"$ 602.679";"$ 0";"$ 120.553";"No";"No tiene";"No tiene";"No tiene";"01/01/2026";"31/12/2026";"No informa";"Sin observaciones";
"2026";"Marzo";"Técnico";"RIQUELME PEÑALOZA, CONSTANZA ADELINA";"Atencion Clinica";"20";"TECNICO NIVEL SUPERIOR ENFERMERIA";"Región Metropolitana de Santiago";"(186)";"$ 1.051.054";"$ 831.675";"$ 0";"$ 165.246";"No";"No tiene";"No tiene";"No tiene";"01/01/2026";"31/12/2026";"No informa";"Sin observaciones";
"2026";"Marzo";"Técnico";"RIQUELME SALAS, PRISCILLA ALEJANDRA";"Atencion Clinica";"22";"TECNICO NIVEL SUPERIOR ENFERMERIA";"Región Metropolitana de Santiago";"(01)";"$ 121.887";"$ 74.736";"$ 0";"$ 0";"No";"No tiene";"No tiene";"No tiene";"23/02/2026";"05/03/2026";"No informa";"CONTRATO POR REEMPLAZO";
"2026";"Marzo";"Profesional";"RIQUELME YAÑEZ, FRANCISCA ANDREA";"Atencion Clinica";"15";"MATRON (A)";"Región Metropolitana de Santiago";"(186)";"$ 1.750.115";"$ 1.356.390";"$ 0";"$ 158.305";"No";"No tiene";"No tiene";"No tiene";"01/01/2026";"31/12/2026";"No informa";"Sin observaciones";
"2026";"Marzo";"Médicos cirujanos, farmacéuticos, químico-farmacéuticos, bioquímicos, cirujano-dentistas";"RIVAS HERRERA, ANGELINA FRANCOISE";"Quimico Farmaceutico";"22 Hrs.";"QUIMICO FARMACEUTICO";"Región Metropolitana de Santiago";"(188)(186)";"$ 2.494.973";"$ 2.164.365";"$ 0";"$ 0";"No";"No tiene";"No tiene";"No tiene";"01/01/2026";"31/12/2026";"No informa";"Sin observaciones";
"2026";"Marzo";"Médicos cirujanos, farmacéuticos, químico-farmacéuticos, bioquímicos, cirujano-dentistas";"RIVAS HERRERA, ANGELINA FRANCOISE";"Quimico Farmaceutico";"22 Hrs.";"QUIMICO FARMACEUTICO";"Región Metropolitana de Santiago";"(188)(186)";"$ 2.494.973";"$ 1.893.788";"$ 0";"$ 0";"No";"No tiene";"No tiene";"No tiene";"01/01/2026";"31/12/2026";"No informa";"Sin observaciones";
"2026";"Marzo";"Administrativo";"RIVAS MARTINEZ, HELENN ROSEMARIE";"APOYO ADMINISTRATIVO";"15";"ADMINISTRATIVO";"Región Metropolitana de Santiago";"(01)";"$ 911.540";"$ 651.082";"$ 0";"$ 37.638";"Sí";"$ 20.249 : 4,00 hrs";"No tiene";"No tiene";"01/01/2026";"31/12/2026";"No informa";"BONO VACACIONES 2026+REMUNERACION MAR.2026";
"2026";"Marzo";"Técnico";"RIVAS RIVERA, ANGELICA LORENA";"Atencion Clinica";"20";"TECNICO NIVEL SUPERIOR ENFERMERIA";"Región Metropolitana de Santiago";"(186)";"$ 1.013.906";"$ 784.823";"$ 0";"$ 165.246";"Sí";"$ 23.713 : 6,00 hrs";"No tiene";"No tiene";"01/01/2026";"31/12/2026";"No informa";"Sin observaciones";
"2026";"Marzo";"Profesional";"RIVERA ACEVEDO, RODRIGO EDUARDO";"Apoyo Administrativo";"8";"INGENIERO (A) BIOMEDICO";"Región Metropolitana de Santiago";"(186)";"$ 2.972.602";"$ 2.291.990";"$ 0";"$ 227.011";"No";"No tiene";"No tiene";"No tiene";"01/01/2026";"31/12/2026";"No informa";"REMUNERACION MARZO 2026 + BONOS TRIMESTRALES";
"2026";"Marzo";"Médicos cirujanos, farmacéuticos, químico-farmacéuticos, bioquímicos, cirujano-dentistas";"RIVERA BASOALTO, PAULA JAVIERA";"Atencion Clinica Medica";"22 Hrs.";"MÉDICOS CIRUJANOS, FARMACÉUTICOS, QUÍMICO-FARMACÉUTICOS, BIOQUÍMICOS, CIRUJANO-DENTISTAS";"Región Metropolitana de Santiago";"(01)";"$ 964.192";"$ 789.094";"$ 0";"$ 0";"No";"No tiene";"No tiene";"No tiene";"01/01/2026";"31/12/2026";"No informa";"Sin observaciones";
"2026";"Marzo";"Médicos cirujanos, farmacéuticos, químico-farmacéuticos, bioquímicos, cirujano-dentistas";"RIVERA BASOALTO, PAULA JAVIERA";"Atencion Clinica Medica";"22 Hrs.";"MÉDICOS CIRUJANOS, FARMACÉUTICOS, QUÍMICO-FARMACÉUTICOS, BIOQUÍMICOS, CIRUJANO-DENTISTAS";"Región Metropolitana de Santiago";"(01)";"$ 964.192";"$ 763.707";"$ 0";"$ 0";"No";"No tiene";"No tiene";"No tiene";"01/01/2026";"31/12/2026";"No informa";"Sin observaciones";
"2026";"Marzo";"Médicos cirujanos, farmacéuticos, químico-farmacéuticos, bioquímicos, cirujano-dentistas";"RIVERA FLORES, DIEGO ALONSO";"Medico Becario Primario";"44 Hrs.";"MEDICO CIRUJANO";"Región Metropolitana de Santiago";"(01)";"$ 2.875.980";"$ 2.373.833";"$ 0";"$ 0";"No";"No tiene";"No tiene";"No tiene";"07/04/2025";"06/04/2026";"No informa";"Sin observaciones";
"2026";"Marzo";"Profesional";"RIVERA MENDEZ, FELIPE";"Atencion Clinica";"16";"PSICOLOGO (A)";"Región Metropolitana de Santiago";"(186)(186)";"$ 1.729.866";"$ 1.180.745";"$ 0";"$ 199.149";"Sí";"$ 45.756 : 6,00 hrs";"No tiene";"No tiene";"01/01/2026";"31/12/2026";"No informa";"Sin observaciones";
"2026";"Marzo";"Médicos cirujanos, farmacéuticos, químico-farmacéuticos, bioquímicos, cirujano-dentistas";"RIVERA REGUEIRO, BERTHA";"Atencion Clinica Medica";"22 Hrs.";"MEDICO CIRUJANO";"Región Metropolitana de Santiago";"(01)";"$ 964.192";"$ 768.851";"$ 0";"$ 0";"No";"No tiene";"No tiene";"No tiene";"01/01/2026";"31/03/2026";"No informa";"Sin observaciones";
"2026";"Marzo";"Médicos cirujanos, farmacéuticos, químico-farmacéuticos, bioquímicos, cirujano-dentistas";"RIVERA REGUEIRO, BERTHA";"Atencion Clinica Medica";"22 Hrs.";"MEDICO CIRUJANO";"Región Metropolitana de Santiago";"(01)";"$ 964.192";"$ 794.686";"$ 0";"$ 0";"No";"No tiene";"No tiene";"No tiene";"01/01/2026";"31/03/2026";"No informa";"Sin observaciones";
"2026";"Marzo";"Técnico";"RIVERA VALDES, ENRIQUE FRANCISCO";"Apoyo Administrativo";"20";"TECNICO EN MANTENCION ELECTRICA";"Región Metropolitana de Santiago";"(186)";"$ 980.478";"$ 775.366";"$ 0";"$ 129.836";"Sí";"$ 35.256 : 9,00 hrs";"$ 56.411 : 12,00 hrs";"No tiene";"01/01/2026";"31/12/2026";"No informa";"Sin observaciones";
"2026";"Marzo";"Profesional";"RIVERA VILLARROEL, CONSTANZA ALEJANDRA";"Atencion Clinica";"13";"KINESIOLOGO (A)";"Región Metropolitana de Santiago";"(01)";"$ 2.005.431";"$ 1.534.161";"$ 0";"$ 188.504";"Sí";"No tiene";"$ 46.688 : 4,00 hrs";"No tiene";"01/01/2026";"31/12/2026";"No informa";"Sin observaciones";
"2026";"Marzo";"Profesional";"ROA BERROCAL, FRANCISCO JAVIER";"Apoyo Administrativo";"6";"CONTADOR (A) AUDITOR (A)";"Región Metropolitana de Santiago";"(186)";"$ 4.144.955";"$ 3.182.035";"$ 0";"$ 749.762";"No";"No tiene";"No tiene";"No tiene";"01/01/2026";"31/12/2026";"No informa";"Sin observaciones";
"2026";"Marzo";"Médicos cirujanos, farmacéuticos, químico-farmacéuticos, bioquímicos, cirujano-dentistas";"ROA DIAZ, NICOLAS ANDRES";"Atencion Odontologica";"22 Hrs.";"CIRUJANO DENTISTA";"Región Metropolitana de Santiago";"(86)(186)";"$ 2.292.610";"$ 1.977.426";"$ 0";"$ 0";"No";"No tiene";"No tiene";"No tiene";"01/01/2026";"31/03/2026";"No informa";"Sin observaciones";
"2026";"Marzo";"Médicos cirujanos, farmacéuticos, químico-farmacéuticos, bioquímicos, cirujano-dentistas";"ROA DIAZ, NICOLAS ANDRES";"Atencion Odontologica";"22 Hrs.";"CIRUJANO DENTISTA";"Región Metropolitana de Santiago";"(86)(186)";"$ 2.292.667";"$ 1.757.365";"$ 0";"$ 0";"No";"No tiene";"No tiene";"No tiene";"01/01/2026";"31/03/2026";"No informa";"Sin observaciones";
"2026";"Marzo";"Administrativo";"ROA ESCOBAR, DANAE MILLAREA";"Apoyo Administrativo";"22";"ADMINISTRATIVO";"Región Metropolitana de Santiago";"(01)";"$ 576.040";"$ 468.150";"$ 0";"$ 0";"No";"No tiene";"No tiene";"No tiene";"27/02/2026";"25/03/2026";"No informa";"CONTRATO POR REEMPLAZO";
"2026";"Marzo";"Auxiliar";"ROA TORO, FRANCISCO JAVIER";"CONDUCTOR";"22";"AUXILIAR";"Región Metropolitana de Santiago";"(205)(203)(204)";"$ 923.653";"$ 693.106";"$ 0";"$ 114.072";"No";"No tiene";"No tiene";"No tiene";"01/01/2026";"31/12/2026";"No informa";"CANCELA PAGO TRIMESTRAL LEY 19.937 PERIODO 03/2026+REMUNERACION MAR.2026";
"2026";"Marzo";"Médicos cirujanos, farmacéuticos, químico-farmacéuticos, bioquímicos, cirujano-dentistas";"ROBLES ROSALES, JUAN ALEJANDRO";"Atencion Odontologica";"22 Hrs.";"CIRUJANO DENTISTA";"Región Metropolitana de Santiago";"(188)(186)";"$ 2.265.693";"$ 1.830.928";"$ 0";"$ 0";"No";"No tiene";"No tiene";"No tiene";"01/01/2026";"31/12/2026";"No informa";"Sin observaciones";
"2026";"Marzo";"Médicos cirujanos, farmacéuticos, químico-farmacéuticos, bioquímicos, cirujano-dentistas";"ROCHA ARREDONDO, LUIS ALBERTO";"CIRUGIA GENERAL";"28 Hrs.";"MEDICO CIRUJANO";"Región Metropolitana de Santiago";"(194)(193)(198)(186)";"$ 4.236.346";"$ 2.409.207";"$ 0";"$ 224.777";"No";"No tiene";"No tiene";"No tiene";"01/01/2026";"31/12/2026";"No informa";"PAGO ASIGNACION METAS DE PRODUCCION Y CALIDAD PERIODO 03/2026+REMUNERACION MAR.2026";
"2026";"Marzo";"Profesional";"ROCO MOLINA, JORGE RAUL";"Apoyo Administrativo";"6";"ARQUITECTO(A)";"Región Metropolitana de Santiago";"(186)";"$ 4.176.218";"$ 3.194.654";"$ 0";"$ 803.317";"No";"No tiene";"No tiene";"No tiene";"01/01/2026";"31/12/2026";"No informa";"REMUNERACION MARZO 2026 + BONOS TRIMESTRALES";
"2026";"Marzo";"Técnico";"ROCO RIVERA, CYNTHIA ELIZABETH";"ATENCION CLINICA";"22";"TECNICO NIVEL SUPERIOR ENFERMERIA";"Región Metropolitana de Santiago";"(203)(204)(186)";"$ 919.553";"$ 741.348";"$ 0";"$ 114.072";"No";"No tiene";"No tiene";"No tiene";"01/01/2026";"31/12/2026";"No informa";"CANCELA ASIG. TECNICA+CANCELA PAGO TRIMESTRAL LEY 19.937 PERIODO 03/2026+REMUNERACION MAR.2026";
"2026";"Marzo";"Profesional";"RODRIGUEZ AROS, VALERIA JACQUELINE";"Atencion Clinica";"16";"NUTRICIONISTA";"Región Metropolitana de Santiago";"(01)";"$ 1.522.275";"$ 1.208.892";"$ 0";"$ 85.349";"Sí";"$ 22.460 : 3,00 hrs";"$ 44.921 : 5,00 hrs";"No tiene";"01/01/2026";"31/03/2026";"No informa";"Sin observaciones";
"2026";"Marzo";"Médicos cirujanos, farmacéuticos, químico-farmacéuticos, bioquímicos, cirujano-dentistas";"RODRIGUEZ BRICEÑO, ALEJANDRO JOSE";"Atencion Clinica Medica";"44 Hrs.";"MEDICO CIRUJANO";"Región Metropolitana de Santiago";"(188)(186)";"$ 2.710.562";"$ 2.181.830";"$ 0";"$ 0";"No";"No tiene";"No tiene";"No tiene";"01/01/2026";"31/12/2026";"No informa";"Sin observaciones";
"2026";"Marzo";"Técnico";"RODRIGUEZ CAMILO, CAROLINA JESUS";"Apoyo Logistico";"20";"TECNICO DE NIVEL SUPERIOR EN ENFERMERIA E INSTRUMENTACION QUIRURGICA";"Región Metropolitana de Santiago";"(01)";"$ 816.004";"$ 619.475";"$ 0";"$ 129.836";"No";"No tiene";"No tiene";"No tiene";"01/01/2026";"31/12/2026";"No informa";"REMUNERACION MARZO 2026 + BONOS TRIMESTRALES";
"2026";"Marzo";"Médicos cirujanos, farmacéuticos, químico-farmacéuticos, bioquímicos, cirujano-dentistas";"RODRIGUEZ MARCANO, JESUS SALVADOR";"Atencion Clinica Medica";"44 Hrs.";"MEDICO CIRUJANO";"Región Metropolitana de Santiago";"(188)(186)";"$ 2.602.734";"$ 2.077.205";"$ 0";"$ 0";"No";"No tiene";"No tiene";"No tiene";"01/01/2026";"31/12/2026";"No informa";"Sin observaciones";
"2026";"Marzo";"Técnico";"RODRIGUEZ MEDINA, YASMIN SOLEDAD";"Atencion Clinica";"22";"TECNICO NIVEL SUPERIOR ENFERMERIA";"Región Metropolitana de Santiago";"(186)";"$ 887.437";"$ 695.691";"$ 0";"$ 120.553";"Sí";"$ 37.858 : 11,00 hrs";"No tiene";"No tiene";"01/01/2026";"31/03/2026";"No informa";"Sin observaciones";
"2026";"Marzo";"Técnico";"RODRIGUEZ PEÑA, MARCELO ANTONIO";"ATENCION CLINICA";"22";"TECNICO NIVEL SUPERIOR ENFERMERIA";"Región Metropolitana de Santiago";"(202)(204)(186)";"$ 1.077.875";"$ 473.955";"$ 0";"$ 134.812";"No";"No tiene";"No tiene";"No tiene";"01/01/2026";"31/12/2026";"No informa";"CANCELA ASIG. TECNICA+CANCELA PAGO TRIMESTRAL LEY 19.490 Y LEY 19.937 PERIODO 03/2026+REMUNERACION MAR.2026";
"2026";"Marzo";"Profesional";"RODRIGUEZ PIÑA, MARIA PAZ";"Atencion Clinica";"16";"MATRON (A)";"Región Metropolitana de Santiago";"(186)";"$ 1.684.110";"$ 1.287.099";"$ 0";"$ 199.149";"No";"No tiene";"No tiene";"No tiene";"01/01/2026";"31/12/2026";"No informa";"Sin observaciones";
"2026";"Marzo";"Profesional";"RODRIGUEZ PIÑEIRO, LUNA AURORA";"Apoyo Administrativo";"6";"ADMINISTRADOR (A) PUBLICO";"Región Metropolitana de Santiago";"(186)";"$ 3.395.193";"$ 2.669.952";"$ 0";"$ 0";"No";"No tiene";"No tiene";"No tiene";"01/01/2026";"31/12/2026";"No informa";"Sin observaciones";
"2026";"Marzo";"Técnico";"RODRIGUEZ QUINCHAGUAL, EVELYN DEL CARMEN";"Atencion Clinica";"22";"TECNICO NIVEL SUPERIOR ENFERMERIA";"Región Metropolitana de Santiago";"(186)";"$ 1.047.783";"$ 833.350";"$ 0";"$ 139.998";"Sí";"$ 10.416 : 3,00 hrs";"$ 20.832 : 5,00 hrs";"No tiene";"01/01/2026";"31/12/2026";"No informa";"Sin observaciones";
"2026";"Marzo";"Médicos cirujanos, farmacéuticos, químico-farmacéuticos, bioquímicos, cirujano-dentistas";"RODRIGUEZ QUINTANA, JESUS ALFREDO";"Atencion Clinica Medica";"44 Hrs.";"MEDICO CIRUJANO";"Región Metropolitana de Santiago";"(188)(186)";"$ 2.575.695";"$ 2.080.376";"$ 0";"$ 0";"No";"No tiene";"No tiene";"No tiene";"01/01/2026";"31/12/2026";"No informa";"Sin observaciones";
"2026";"Marzo";"Administrativo";"RODRIGUEZ RIVERA, VICTOR ALEJANDRO";"Apoyo Administrativo";"16";"ADMINISTRATIVO";"Región Metropolitana de Santiago";"(01)";"$ 1.259.450";"$ 1.062.228";"$ 0";"$ 158.803";"Sí";"$ 151.965 : 32,00 hrs";"$ 113.974 : 20,00 hrs";"No tiene";"01/01/2026";"31/12/2026";"No informa";"REMUNERACION MARZO 2026 + BONOS TRIMESTRALES";
"2026";"Marzo";"Auxiliar";"RODRIGUEZ RODRIGUEZ, BENJAMIN ANDRES";"CONDUCTOR";"22";"AUXILIAR";"Región Metropolitana de Santiago";"(205)(203)(204)";"$ 923.653";"$ 581.285";"$ 0";"$ 134.812";"No";"No tiene";"No tiene";"No tiene";"01/01/2026";"31/12/2026";"No informa";"CANCELA PAGO TRIMESTRAL LEY 19.490 PERIODO 03/2026+CANCELA PAGO TRIMESTRAL LEY 19.937 PERIODO 03/2026+REMUNERACION MAR.2026";
"2026";"Marzo";"Médicos cirujanos, farmacéuticos, químico-farmacéuticos, bioquímicos, cirujano-dentistas";"RODRIGUEZ RODRIGUEZ, JOSE CARLOS";"Medico Becario Primario";"44 Hrs.";"MEDICO CIRUJANO";"Región Metropolitana de Santiago";"(01)";"$ 2.875.980";"$ 2.350.538";"$ 0";"$ 0";"No";"No tiene";"No tiene";"No tiene";"08/05/2025";"07/05/2026";"No informa";"Sin observaciones";
"2026";"Marzo";"Auxiliar";"RODRIGUEZ SALAS, JOEL ALEJANDRO";"Chofer";"23";"AUXILIAR";"Región Metropolitana de Santiago";"(01)";"$ 840.874";"$ 678.148";"$ 0";"$ 104.227";"Sí";"$ 93.505 : 30,00 hrs";"$ 78.544 : 21,00 hrs";"No tiene";"01/01/2026";"31/12/2026";"No informa";"Sin observaciones";
"2026";"Marzo";"Auxiliar";"RODRIGUEZ TAPIA, JUAN RAMON";"Chofer";"19";"AUXILIAR";"Región Metropolitana de Santiago";"(205)(186)";"$ 1.401.087";"$ 1.013.698";"$ 0";"$ 188.193";"Sí";"No tiene";"$ 376.388 : 126,00 hrs";"No tiene";"01/01/2026";"31/12/2026";"No informa";"Sin observaciones";
"2026";"Marzo";"Profesional";"RODRIGUEZ VILLABLANCA, DANIELA VICTORIA";"Atencion Clinica";"14";"NUTRICIONISTA";"Región Metropolitana de Santiago";"(186)";"$ 1.950.984";"$ 1.575.324";"$ 0";"$ 101.605";"Sí";"$ 215.205 : 24,00 hrs";"No tiene";"No tiene";"01/01/2026";"31/12/2026";"No informa";"Sin observaciones";
"2026";"Marzo";"Profesional";"ROJAS ALVAREZ, ARNALDO RENZO";"Apoyo Administrativo";"7";"INGENIERO (A) CONSTRUCTOR";"Región Metropolitana de Santiago";"(186)";"$ 3.332.693";"$ 2.462.760";"$ 0";"$ 318.794";"No";"No tiene";"No tiene";"No tiene";"01/01/2026";"31/12/2026";"No informa";"REMUNERACION MARZO 2026 + BONOS TRIMESTRALES";
"2026";"Marzo";"Profesional";"ROJAS CORALES, JOSE OMAR";"Subdirector";"5";"ADMINISTRADOR (A) PUBLICO";"Región Metropolitana de Santiago";"(36)(186)";"$ 5.968.880";"$ 4.446.739";"$ 0";"$ 1.248.563";"No";"No tiene";"No tiene";"No tiene";"01/01/2026";"31/12/2026";"No informa";"REMUNERACION MARZO 2026 + BONOS TRIMESTRALES";
"2026";"Marzo";"Auxiliar";"ROJAS DONOSO, GUSTAVO CEDERICK";"CONDUCTOR";"22";"AUXILIAR";"Región Metropolitana de Santiago";"(205)(202)(204)";"$ 1.473.547";"$ 980.746";"$ 0";"$ 114.072";"Sí";"$ 136.450 : 40,00 hrs";"$ 257.891 : 63,00 hrs";"No tiene";"01/01/2026";"31/12/2026";"No informa";"CANCELA PAGO TRIMESTRAL LEY 19.937 PERIODO 03/2026+REMUNERACION MAR.2026";
"2026";"Marzo";"Administrativo";"ROJAS LAZO, HERNAN ANDRES";"Apoyo Administrativo";"13";"ADMINISTRATIVO";"Región Metropolitana de Santiago";"(186)";"$ 3.105.736";"$ 2.379.479";"$ 0";"$ 480.799";"Sí";"$ 375.166 : 39,00 hrs";"$ 461.742 : 40,00 hrs";"No tiene";"01/01/2026";"31/12/2026";"No informa";"Sin observaciones";
"2026";"Marzo";"Profesional";"ROJAS MANCILLA, CARLA ANGELICA";"Apoyo Administrativo";"8";"KINESIOLOGO (A)";"Región Metropolitana de Santiago";"(186)(186)";"$ 3.426.204";"$ 2.216.226";"$ 0";"$ 544.827";"No";"No tiene";"No tiene";"No tiene";"01/01/2026";"31/12/2026";"No informa";"REMUNERACION MARZO 2026 + BONOS TRIMESTRALES";
"2026";"Marzo";"Administrativo";"ROJAS MARTINEZ, LEYLA SOLANGE";"Apoyo Administrativo";"21";"ADMINISTRATIVO";"Región Metropolitana de Santiago";"(186)";"$ 940.836";"$ 738.352";"$ 0";"$ 145.450";"Sí";"No tiene";"$ 67.417 : 15,00 hrs";"No tiene";"01/01/2026";"31/12/2026";"No informa";"Sin observaciones";
"2026";"Marzo";"Auxiliar";"ROJAS MEDINA, LEOPOLDO HUMBERTO";"CONDUCTOR";"22";"AUXILIAR";"Región Metropolitana de Santiago";"(205)(202)(204)(186)";"$ 1.087.652";"$ 830.723";"$ 0";"$ 127.035";"No";"No tiene";"No tiene";"No tiene";"01/01/2026";"31/12/2026";"No informa";"CANCELA PAGO TRIMESTRAL LEY 19.490 PERIODO 03/2026+CANCELA PAGO TRIMESTRAL LEY 19.937 PERIODO 03/2026+REMUNERACION MAR.2026";
"2026";"Marzo";"Profesional";"ROJAS MIGONE, ALEJANDRA DENISSE";"Atencion Clinica";"12";"ENFERMERA (O)";"Región Metropolitana de Santiago";"(01)";"$ 2.726.163";"$ 2.187.846";"$ 0";"$ 196.786";"Sí";"$ 221.820 : 21,00 hrs";"$ 152.105 : 12,00 hrs";"No tiene";"01/01/2026";"31/03/2026";"No informa";"Sin observaciones";
"2026";"Marzo";"Médicos cirujanos, farmacéuticos, químico-farmacéuticos, bioquímicos, cirujano-dentistas";"ROJAS MORALES, RUBEN ANDRES";"Quimico Farmaceutico";"44 Hrs.";"QUIMICO FARMACEUTICO";"Región Metropolitana de Santiago";"(188)(186)";"$ 4.429.866";"$ 3.578.959";"$ 0";"$ 0";"No";"No tiene";"No tiene";"No tiene";"01/01/2026";"31/12/2026";"No informa";"Sin observaciones";
"2026";"Marzo";"Médicos cirujanos, farmacéuticos, químico-farmacéuticos, bioquímicos, cirujano-dentistas";"ROJAS OLIVEROS, VALENTINA PAZ";"Atencion Clinica Medica";"44 Hrs.";"MEDICO CIRUJANO";"Región Metropolitana de Santiago";"(86)(186)";"$ 4.949.777";"$ 4.073.039";"$ 0";"$ 0";"No";"No tiene";"No tiene";"No tiene";"01/01/2026";"07/05/2026";"No informa";"Sin observaciones";
"2026";"Marzo";"Técnico";"ROJAS REUQUE, ELISA DEL CARMEN";"Atencion Clinica";"20";"TECNICO NIVEL SUPERIOR ODONTOLOGIA";"Región Metropolitana de Santiago";"(186)";"$ 982.588";"$ 744.715";"$ 0";"$ 177.049";"Sí";"No tiene";"$ 47.426 : 10,00 hrs";"No tiene";"01/01/2026";"31/12/2026";"No informa";"Sin observaciones";
"2026";"Marzo";"Auxiliar";"ROJAS REYES, JULIO ARMANDO";"Apoyo Logistico";"16";"AUXILIAR";"Región Metropolitana de Santiago";"(205)";"$ 1.725.362";"$ 1.418.504";"$ 0";"$ 187.676";"Sí";"$ 189.956 : 40,00 hrs";"$ 438.799 : 77,00 hrs";"No tiene";"01/01/2026";"31/12/2026";"No informa";"Sin observaciones";
"2026";"Marzo";"Técnico";"ROJAS REYES, YUPSY DEL TRANSITO";"Atencion Clinica";"20";"TECNICO NIVEL SUPERIOR ENFERMERIA";"Región Metropolitana de Santiago";"(186)";"$ 1.032.558";"$ 802.321";"$ 0";"$ 165.246";"Sí";"$ 58.761 : 15,00 hrs";"$ 56.411 : 12,00 hrs";"No tiene";"01/01/2026";"31/12/2026";"No informa";"Sin observaciones";
"2026";"Marzo";"Profesional";"ROJAS RIVERA, MARCELO EXEQUIEL";"Atencion Clinica";"13";"TRABAJADOR (A) SOCIAL";"Región Metropolitana de Santiago";"(01)";"$ 2.606.605";"$ 2.096.955";"$ 0";"$ 188.504";"Sí";"$ 369.617 : 38,00 hrs";"$ 186.753 : 16,00 hrs";"No tiene";"01/01/2026";"31/12/2026";"No informa";"Sin observaciones";
"2026";"Marzo";"Profesional";"ROJEL SILVA, ESTEPHANIE DEL CARMEN";"Apoyo Administrativo";"8";"PSICOLOGO (A)";"Región Metropolitana de Santiago";"(01)";"$ 3.185.538";"$ 2.330.527";"$ 0";"$ 363.218";"No";"No tiene";"No tiene";"No tiene";"01/01/2026";"31/12/2026";"No informa";"REMUNERACION MARZO 2026 + BONOS TRIMESTRALES";
"2026";"Marzo";"Profesional";"ROJO OPORTO, NATALIA BEATRIZ";"Atencion Clinica";"15";"PSICOLOGO (A)";"Región Metropolitana de Santiago";"(186)";"$ 1.883.060";"$ 1.434.585";"$ 0";"$ 217.282";"Sí";"$ 24.656 : 3,00 hrs";"$ 49.312 : 5,00 hrs";"No tiene";"01/01/2026";"31/12/2026";"No informa";"Sin observaciones";
"2026";"Marzo";"Médicos cirujanos, farmacéuticos, químico-farmacéuticos, bioquímicos, cirujano-dentistas";"ROMAGNOLI PRADO, JEAN CHRISTOPHE";"Medico General Especialidad Basica";"11 Hrs.";"MEDICO CIRUJANO";"Región Metropolitana de Santiago";"(188)(186)";"$ 1.237.369";"$ 1.018.996";"$ 0";"$ 0";"No";"No tiene";"No tiene";"No tiene";"01/01/2026";"31/12/2026";"No informa";"Sin observaciones";
"2026";"Marzo";"Médicos cirujanos, farmacéuticos, químico-farmacéuticos, bioquímicos, cirujano-dentistas";"ROMAGNOLI PRADO, JEAN CHRISTOPHE";"Medico General Especialidad Basica";"22 Hrs.";"MEDICO CIRUJANO";"Región Metropolitana de Santiago";"(188)(186)";"$ 2.474.742";"$ 1.915.044";"$ 0";"$ 0";"No";"No tiene";"No tiene";"No tiene";"01/01/2026";"31/12/2026";"No informa";"Sin observaciones";
"2026";"Marzo";"Profesional";"ROMAN ARAVENA, MARCELA ANDREA";"Atencion Clinica";"15";"ENFERMERA (O)";"Región Metropolitana de Santiago";"(220)(186)";"$ 2.190.235";"$ 1.633.239";"$ 0";"$ 344.547";"Sí";"$ 90.956 : 11,00 hrs";"$ 79.380 : 8,00 hrs";"No tiene";"01/01/2026";"31/12/2026";"No informa";"Sin observaciones";
"2026";"Marzo";"Técnico";"ROMAN CARO, KARLA FRANCISCA";"Atencion Clinica";"20";"TECNICO NIVEL SUPERIOR ENFERMERIA";"Región Metropolitana de Santiago";"(186)";"$ 902.703";"$ 684.945";"$ 0";"$ 144.590";"No";"No tiene";"No tiene";"No tiene";"01/01/2026";"31/12/2026";"No informa";"Sin observaciones";
"2026";"Marzo";"Auxiliar";"ROMAN VILLALOBOS, FRANCISCO JAVIER";"CONDUCTOR";"24";"TECNICO NIVEL SUPERIOR ENFERMERIA";"Región Metropolitana de Santiago";"(01)";"$ 460.022";"$ 426.448";"$ 0";"$ 0";"Sí";"No tiene";"$ 288.546 : 99,00 hrs";"No tiene";"13/02/2026";"01/03/2026";"No informa";"PAGO BONO MENSUAL+REEMPLAZO FEB.2026 (13-15) (20-22) (27-28)+REEMPLAZO MAR.2026 (01)";
"2026";"Marzo";"Administrativo";"ROMERO MONTENEGRO, SANDRA LISSETTE";"Apoyo Administrativo";"16";"CONTADOR (A) PUBLICO (A) AUDITOR";"Región Metropolitana de Santiago";"(186)";"$ 1.829.123";"$ 1.418.802";"$ 0";"$ 258.798";"Sí";"$ 150.854 : 21,00 hrs";"No tiene";"No tiene";"01/01/2026";"31/12/2026";"No informa";"Sin observaciones";
"2026";"Marzo";"Profesional";"ROMERO PAREDES, NESTOR JULIAN";"Apoyo Administrativo";"13";"CONTADOR (A) AUDITOR (A)";"Región Metropolitana de Santiago";"(186)";"$ 1.949.883";"$ 1.544.159";"$ 0";"$ 110.885";"Sí";"$ 58.711 : 6,00 hrs";"No tiene";"No tiene";"01/01/2026";"31/03/2026";"No informa";"Sin observaciones";
"2026";"Marzo";"Administrativo";"ROMERO PINCHEIRA, CESAR ENRIQUE";"Apoyo Administrativo";"16";"ADMINISTRATIVO";"Región Metropolitana de Santiago";"(186)";"$ 1.315.251";"$ 1.011.898";"$ 0";"$ 252.641";"Sí";"$ 119.883 : 25,00 hrs";"$ 92.070 : 16,00 hrs";"No tiene";"01/01/2026";"31/12/2026";"No informa";"Sin observaciones";
"2026";"Marzo";"Profesional";"ROMERO POBLETE, SOFIA ANTONIA";"Atencion Clinica";"16";"MATRON (A)";"Región Metropolitana de Santiago";"(186)";"$ 1.771.730";"$ 1.446.980";"$ 0";"$ 85.349";"Sí";"$ 218.463 : 29,00 hrs";"$ 90.398 : 10,00 hrs";"No tiene";"01/01/2026";"31/03/2026";"No informa";"Sin observaciones";
"2026";"Marzo";"Técnico";"ROMO MIRANDA, CAMILA ALEXEI";"Atencion Clinica";"20";"TECNICO NIVEL SUPERIOR ENFERMERIA";"Región Metropolitana de Santiago";"(01)";"$ 876.004";"$ 666.468";"$ 0";"$ 129.836";"No";"No tiene";"No tiene";"No tiene";"01/01/2026";"31/03/2026";"No informa";"Sin observaciones";
"2026";"Marzo";"Administrativo";"RONDA OLAVE, SANTIAGO ALEJANDRO";"Apoyo Administrativo";"14";"OTROS TECNICOS";"Región Metropolitana de Santiago";"(186)";"$ 1.940.006";"$ 1.409.000";"$ 0";"$ 496.371";"Sí";"$ 78.743 : 13,00 hrs";"$ 305.283 : 42,00 hrs";"No tiene";"01/01/2026";"31/12/2026";"No informa";"Sin observaciones";
"2026";"Marzo";"Profesional";"ROQUE MALDONADO, MARIA JOSE";"Apoyo Administrativo";"10";"TECNOLOGO (A) MEDICO";"Región Metropolitana de Santiago";"(01)";"$ 2.544.753";"$ 1.966.166";"$ 0";"$ 243.099";"No";"No tiene";"No tiene";"No tiene";"01/01/2026";"31/12/2026";"No informa";"REMUNERACION MARZO 2026 + BONOS TRIMESTRALES";
"2026";"Marzo";"Administrativo";"ROSAS ESPINOZA, MARIA JOSE";"Apoyo Administrativo";"22";"ADMINISTRATIVO";"Región Metropolitana de Santiago";"(186)";"$ 747.030";"$ 568.865";"$ 0";"$ 114.072";"No";"No tiene";"No tiene";"No tiene";"01/01/2026";"31/03/2026";"No informa";"Sin observaciones";
"2026";"Marzo";"Profesional";"ROSSI MARIN, LUCIA GEORGINA";"Apoyo Administrativo";"7";"PERIODISTA";"Región Metropolitana de Santiago";"(186)";"$ 3.387.320";"$ 2.619.714";"$ 0";"$ 250.035";"No";"No tiene";"No tiene";"No tiene";"01/01/2026";"31/12/2026";"No informa";"REMUNERACION MARZO 2026 + BONOS TRIMESTRALES";
"2026";"Marzo";"Administrativo";"ROZAS ARAVENA, LUIS JAVIER";"Apoyo Administrativo";"13";"ADMINISTRATIVO";"Región Metropolitana de Santiago";"(186)";"$ 1.725.293";"$ 1.226.933";"$ 0";"$ 493.799";"Sí";"$ 179.288 : 30,00 hrs";"No tiene";"No tiene";"01/01/2026";"31/12/2026";"No informa";"REMUNERACION MARZO 2026 + BONOS TRIMESTRALES";
"2026";"Marzo";"Auxiliar";"RUBILAR ALDANA, LUIS SANTIAGO";"CONDUCTOR";"22";"AUXILIAR";"Región Metropolitana de Santiago";"(205)(202)(204)(186)";"$ 1.586.340";"$ 1.060.486";"$ 0";"$ 120.553";"Sí";"$ 131.935 : 38,00 hrs";"$ 358.307 : 86,00 hrs";"No tiene";"01/01/2026";"31/12/2026";"No informa";"CANCELA PAGO TRIMESTRAL LEY 19.490 PERIODO 03/2026+CANCELA PAGO TRIMESTRAL LEY 19.937 PERIODO 03/2026+REMUNERACION MAR.2026";
"2026";"Marzo";"Administrativo";"RUBINA PEREZ, ANDREA LORETO";"Apoyo Administrativo";"16";"ADMINISTRATIVO";"Región Metropolitana de Santiago";"(186)";"$ 1.068.320";"$ 825.080";"$ 0";"$ 158.803";"No";"No tiene";"No tiene";"No tiene";"01/01/2026";"31/12/2026";"No informa";"Sin observaciones";
"2026";"Marzo";"Auxiliar";"RUBIO GUTIERREZ, MAURICIO ANTONIO";"CONDUCTOR";"24";"AUXILIAR";"Región Metropolitana de Santiago";"(01)";"$ 1.321.849";"$ 838.676";"$ 0";"$ 0";"Sí";"$ 114.958 : 40,00 hrs";"$ 579.390 : 218,00 hrs";"No tiene";"07/02/2026";"31/03/2026";"No informa";"PAGO BONO MENSUAL+REMUNERACION MAR.2026";
"2026";"Marzo";"Profesional";"RUBIO PALACIOS, SOLEDAD PATRICIA";"APOYO ADMINISTRATIVO";"10";"ARQUITECTO";"Región Metropolitana de Santiago";"(01)";"$ 2.301.654";"$ 1.485.544";"$ 0";"$ 143.000";"No";"No tiene";"No tiene";"No tiene";"01/01/2026";"31/12/2026";"No informa";"CANCELA PAGO TRIMESTRAL LEY 19.937 PERIODO 03/2026+REMUNERACION MAR.2026";
"2026";"Marzo";"Profesional";"RUEDA NEIRA, ALEXANDRA CRISTINA";"Atencion Clinica";"15";"ENFERMERA (O)";"Región Metropolitana de Santiago";"(01)";"$ 1.584.823";"$ 1.252.830";"$ 0";"$ 93.121";"No";"No tiene";"No tiene";"No tiene";"01/01/2026";"31/12/2026";"No informa";"Sin observaciones";
"2026";"Marzo";"Profesional";"RUFATT ZAFIRA, NADIA KATRINA";"Apoyo Administrativo";"10";"ENFERMERA (O)";"Región Metropolitana de Santiago";"(186)";"$ 2.837.767";"$ 2.149.936";"$ 0";"$ 381.333";"No";"No tiene";"No tiene";"No tiene";"01/01/2026";"31/12/2026";"No informa";"Sin observaciones";
"2026";"Marzo";"Técnico";"RUIZ CONCHA, NICOL ESTEFANIA";"Atencion Clinica";"22";"TECNICO DE NIVEL SUPERIOR EN ENFERMERIA GINECOOBSTETRICA Y NEONATAL";"Región Metropolitana de Santiago";"(01)";"$ 633.807";"$ 523.144";"$ 0";"$ 0";"No";"No tiene";"No tiene";"No tiene";"03/03/2026";"28/03/2026";"No informa";"CONTRATO POR REEMPLAZO";
"2026";"Marzo";"Técnico";"RUIZ CUEVAS, MAGDALENA EDITH";"Atencion Clinica";"21";"TECNICO NIVEL SUPERIOR ENFERMERIA";"Región Metropolitana de Santiago";"(186)";"$ 995.083";"$ 797.915";"$ 0";"$ 130.066";"No";"No tiene";"No tiene";"No tiene";"01/01/2026";"31/12/2026";"No informa";"Sin observaciones";
"2026";"Marzo";"Técnico";"RUIZ MUÑOZ, ANA CATALINA";"Atencion Clinica";"20";"TECNICO NIVEL SUPERIOR ENFERMERIA";"Región Metropolitana de Santiago";"(186)";"$ 1.051.054";"$ 831.675";"$ 0";"$ 165.246";"No";"No tiene";"No tiene";"No tiene";"01/01/2026";"31/12/2026";"No informa";"Sin observaciones";
"2026";"Marzo";"Profesional";"RUIZ PLAZA, JENNIFER ANDREA";"Atencion Clinica";"15";"ENFERMERA (O)";"Región Metropolitana de Santiago";"(01)";"$ 1.491.702";"$ 1.209.717";"$ 0";"$ 0";"No";"No tiene";"No tiene";"No tiene";"01/01/2026";"31/12/2026";"No informa";"Sin observaciones";
"2026";"Marzo";"Técnico";"RUMINOT BARROS, VALESKA JOHANNA";"ATENCION CLINICA";"22";"TECNICO NIVEL MEDIO ENFERMERIA";"Región Metropolitana de Santiago";"(202)(204)(186)";"$ 1.636.680";"$ 1.207.711";"$ 0";"$ 198.330";"Sí";"$ 194.297 : 70,00 hrs";"$ 347.615 : 111,00 hrs";"No tiene";"01/01/2026";"31/12/2026";"No informa";"CANCELA ASIG. TECNICA+CANCELA PAGO TRIMESTRAL LEY 19.490 Y LEY 19.937 PERIODO 03/2026+REMUNERACION MAR.2026+REGULARIZA PAGO HHEE MES(ES) ANTERIOR(ES)";
"2026";"Marzo";"Profesional";"SAAVEDRA ALFARO, PATRICIO RUBEN";"ATENCION CLINICA";"11";"KINESIOLOGO (A)";"Región Metropolitana de Santiago";"(203)(204)(186)";"$ 3.264.421";"$ 2.406.254";"$ 0";"$ 699.835";"No";"No tiene";"No tiene";"No tiene";"01/01/2026";"31/12/2026";"No informa";"CANCELA PAGO TRIMESTRAL LEY 19.490 PERIODO 03/2026+CANCELA PAGO TRIMESTRAL LEY 19.937 PERIODO 03/2026+REMUNERACION MAR.2026";
"2026";"Marzo";"Técnico";"SAAVEDRA ALVAREZ, SEBASTIAN NICOLAS";"ATENCION CLINICA";"21";"TECNICO NIVEL SUPERIOR ENFERMERIA";"Región Metropolitana de Santiago";"(202)(204)(186)";"$ 1.254.814";"$ 915.336";"$ 0";"$ 167.827";"No";"No tiene";"No tiene";"No tiene";"01/01/2026";"31/12/2026";"No informa";"CANCELA ASIG. TECNICA+CANCELA PAGO TRIMESTRAL LEY 19.490 Y LEY 19.937 PERIODO 03/2026+REMUNERACION MAR.2026";
"2026";"Marzo";"Profesional";"SAAVEDRA CACERES, JESSICA ANDREA";"Atencion Clinica";"13";"PSICOLOGO (A)";"Región Metropolitana de Santiago";"(01)";"$ 1.881.124";"$ 1.335.291";"$ 0";"$ 216.361";"No";"No tiene";"No tiene";"No tiene";"01/01/2026";"31/12/2026";"No informa";"REMUNERACION MARZO 2026 + BONOS TRIMESTRALES";
"2026";"Marzo";"Médicos cirujanos, farmacéuticos, químico-farmacéuticos, bioquímicos, cirujano-dentistas";"SAAVEDRA CANTILLANA, BENJAMIN JESUS";"Medico Becario Primario";"44 Hrs.";"MEDICO CIRUJANO";"Región Metropolitana de Santiago";"(86)(186)";"$ 4.140.258";"$ 3.349.850";"$ 0";"$ 0";"No";"No tiene";"No tiene";"No tiene";"01/01/2026";"31/12/2026";"No informa";"Sin observaciones";
"2026";"Marzo";"Administrativo";"SAAVEDRA ORELLANA, BLANCA ROCIO";"Apoyo Administrativo";"21";"ADMINISTRATIVO";"Región Metropolitana de Santiago";"(186)";"$ 1.116.841";"$ 619.666";"$ 0";"$ 162.104";"Sí";"$ 22.277 : 6,00 hrs";"No tiene";"No tiene";"01/01/2026";"31/12/2026";"No informa";"Sin observaciones";
"2026";"Marzo";"Técnico";"SAEZ CALDERON, CAROLINA FRANCISCA";"Atencion Clinica";"18";"TECNICO NIVEL SUPERIOR ENFERMERIA";"Región Metropolitana de Santiago";"(01)";"$ 1.128.664";"$ 894.279";"$ 0";"$ 169.133";"No";"No tiene";"No tiene";"No tiene";"01/01/2026";"31/12/2026";"No informa";"Sin observaciones";
"2026";"Marzo";"Técnico";"SAEZ GUZMAN, ESTEBAN IGNACIO";"Atencion Clinica";"21";"TECNICO NIVEL SUPERIOR ENFERMERIA";"Región Metropolitana de Santiago";"(186)";"$ 886.672";"$ 589.772";"$ 0";"$ 145.450";"No";"No tiene";"No tiene";"No tiene";"01/01/2026";"31/12/2026";"No informa";"Sin observaciones";
"2026";"Marzo";"Médicos cirujanos, farmacéuticos, químico-farmacéuticos, bioquímicos, cirujano-dentistas";"SAEZ LOPEZ, SUSSY KARIN";"Atencion Odontologica";"33 Hrs.";"CIRUJANO DENTISTA";"Región Metropolitana de Santiago";"(188)(186)";"$ 3.297.386";"$ 2.629.977";"$ 0";"$ 0";"No";"No tiene";"No tiene";"No tiene";"01/01/2026";"31/12/2026";"No informa";"Sin observaciones";
"2026";"Marzo";"Médicos cirujanos, farmacéuticos, químico-farmacéuticos, bioquímicos, cirujano-dentistas";"SAEZ LOPEZ, SUSSY KARIN";"Atencion Odontologica";"11 Hrs.";"CIRUJANO DENTISTA";"Región Metropolitana de Santiago";"(188)(186)";"$ 1.099.127";"$ 941.533";"$ 0";"$ 0";"No";"No tiene";"No tiene";"No tiene";"01/01/2026";"31/12/2026";"No informa";"Sin observaciones";
"2026";"Marzo";"Profesional";"SAEZ MARTINEZ, JERLUDITH BELEN";"Atencion Clinica";"15";"PSICOLOGO (A)";"Región Metropolitana de Santiago";"(186)";"$ 750.161";"$ 613.931";"$ 0";"$ 158.306";"No";"No tiene";"No tiene";"No tiene";"01/01/2026";"31/12/2026";"No informa";"Sin observaciones";
"2026";"Marzo";"Profesional";"SAEZ MARTINEZ, JERLUDITH BELEN";"Atencion Clinica";"15";"PSICOLOGO (A)";"Región Metropolitana de Santiago";"(186)";"$ 908.467";"$ 659.075";"$ 0";"$ 158.306";"No";"No tiene";"No tiene";"No tiene";"01/01/2026";"31/12/2026";"No informa";"Sin observaciones";
"2026";"Marzo";"Técnico";"SAEZ SANDOVAL, ALICIA JACQUELINE";"Atencion Clinica";"21";"TECNICO NIVEL SUPERIOR ODONTOLOGIA";"Región Metropolitana de Santiago";"(186)";"$ 881.736";"$ 667.497";"$ 0";"$ 145.450";"No";"No tiene";"No tiene";"No tiene";"01/01/2026";"31/12/2026";"No informa";"Sin observaciones";
"2026";"Marzo";"Auxiliar";"SAGNER BARROS, MARIANNE INGRID";"CONDUCTOR";"24";"AUXILIAR";"Región Metropolitana de Santiago";"(202)";"$ 1.125.100";"$ 947.114";"$ 0";"$ 37.638";"Sí";"$ 114.958 : 40,00 hrs";"$ 200.028 : 58,00 hrs";"No tiene";"01/01/2026";"31/03/2026";"No informa";"BONO VACACIONES 2026+REMUNERACION MAR.2026";
"2026";"Marzo";"Técnico";"SAGREDO HERNANDEZ, JAEL ESPERANZA";"Atencion Clinica";"21";"TECNICO NIVEL SUPERIOR ENFERMERIA";"Región Metropolitana de Santiago";"(186)";"$ 822.714";"$ 689.830";"$ 0";"$ 0";"No";"No tiene";"No tiene";"No tiene";"01/01/2026";"31/12/2026";"No informa";"Sin observaciones";
"2026";"Marzo";"Médicos cirujanos, farmacéuticos, químico-farmacéuticos, bioquímicos, cirujano-dentistas";"SAID GARCIA, SAID ALBERTO";"MEDICO CIRUJANO CON ESPECIALIDAD EN MEDICINA DE URGENCIA";"28 Hrs.";"MEDICO CIRUJANO CON ESPECIALIDAD EN MEDICINA DE URGENCIA";"Región Metropolitana de Santiago";"(194)(193)(198)(186)";"$ 4.756.750";"$ 3.754.986";"$ 0";"$ 217.566";"No";"No tiene";"No tiene";"No tiene";"01/01/2026";"31/12/2026";"No informa";"PAGO ASIGNACION METAS DE PRODUCCION Y CALIDAD PERIODO 03/2026+REMUNERACION MAR.2026";
"2026";"Marzo";"Profesional";"SALAS CERDA, SEBASTIAN PATRICIO";"Subdirector";"7";"KINESIOLOGO (A)";"Región Metropolitana de Santiago";"(186)";"$ 3.621.408";"$ 2.736.823";"$ 0";"$ 500.069";"No";"No tiene";"No tiene";"No tiene";"01/01/2026";"31/12/2026";"No informa";"Sin observaciones";
"2026";"Marzo";"Médicos cirujanos, farmacéuticos, químico-farmacéuticos, bioquímicos, cirujano-dentistas";"SALAS GIANINI, ROXANNA MARIA";"Atencion Clinica Medica";"44 Hrs.";"MEDICO CIRUJANO";"Región Metropolitana de Santiago";"(86)";"$ 3.007.345";"$ 2.408.081";"$ 0";"$ 0";"No";"No tiene";"No tiene";"No tiene";"01/01/2026";"31/12/2026";"No informa";"Sin observaciones";
"2026";"Marzo";"Administrativo";"SALAS SALAS, GEMENIS SOLANGE";"Apoyo Administrativo";"22";"ADMINISTRATIVO";"Región Metropolitana de Santiago";"(01)";"$ 712.192";"$ 562.941";"$ 0";"$ 0";"No";"No tiene";"No tiene";"No tiene";"24/02/2026";"31/03/2026";"No informa";"CONTRATO POR REEMPLAZO";
"2026";"Marzo";"Administrativo";"SALAS SALINAS, GUSTAVO ADOLFO";"APOYO ADMINISTRATIVO";"19";"ADMINISTRATIVO";"Región Metropolitana de Santiago";"(186)";"$ 844.993";"$ 554.920";"$ 0";"$ 161.532";"Sí";"$ 108.270 : 26,00 hrs";"No tiene";"No tiene";"01/01/2026";"31/12/2026";"No informa";"CANCELA PAGO TRIMESTRAL LEY 19.490 PERIODO 03/2026+CANCELA PAGO TRIMESTRAL LEY 19.937 PERIODO 03/2026+REMUNERACION MAR.2026";
"2026";"Marzo";"Técnico";"SALAS VALENZUELA, JOSE MIGUEL";"ATENCION CLINICA";"22";"TECNICO NIVEL SUPERIOR ENFERMERIA";"Región Metropolitana de Santiago";"(203)(204)(186)";"$ 983.593";"$ 732.087";"$ 0";"$ 145.183";"No";"No tiene";"No tiene";"No tiene";"01/01/2026";"31/12/2026";"No informa";"CANCELA ASIG. TECNICA+CANCELA PAGO TRIMESTRAL LEY 19.490 Y LEY 19.937 PERIODO 03/2026+REMUNERACION MAR.2026";
"2026";"Marzo";"Administrativo";"SALAS ZENTENO, VERONICA TERESA";"Apoyo Administrativo";"22";"ADMINISTRATIVO";"Región Metropolitana de Santiago";"(186)";"$ 781.613";"$ 587.659";"$ 0";"$ 134.812";"No";"No tiene";"No tiene";"No tiene";"01/01/2026";"31/12/2026";"No informa";"Sin observaciones";
"2026";"Marzo";"Técnico";"SALAZAR CORREA, JORGE ALEJANDRO";"ATENCION CLINICA";"22";"TECNICO NIVEL SUPERIOR ENFERMERIA";"Región Metropolitana de Santiago";"(203)(204)(186)";"$ 933.678";"$ 639.104";"$ 0";"$ 134.812";"No";"No tiene";"No tiene";"No tiene";"01/01/2026";"31/12/2026";"No informa";"CANCELA ASIG. TECNICA+CANCELA PAGO TRIMESTRAL LEY 19.490 Y LEY 19.937 PERIODO 03/2026+REMUNERACION MAR.2026";
"2026";"Marzo";"Médicos cirujanos, farmacéuticos, químico-farmacéuticos, bioquímicos, cirujano-dentistas";"SALAZAR MUÑOZ, PEDRO JOSE";"Medico Becario Primario";"44 Hrs.";"MEDICO CIRUJANO";"Región Metropolitana de Santiago";"(01)";"$ 2.875.980";"$ 2.345.649";"$ 0";"$ 0";"No";"No tiene";"No tiene";"No tiene";"08/05/2025";"07/05/2026";"No informa";"Sin observaciones";
"2026";"Marzo";"Profesional";"SALAZAR PEREZ, PALOMA YAMIRA";"Atencion Clinica";"12";"ENFERMERA (O)";"Región Metropolitana de Santiago";"(01)";"$ 2.374.995";"$ 1.832.094";"$ 0";"$ 233.659";"Sí";"$ 164.373 : 20,00 hrs";"No tiene";"No tiene";"01/01/2026";"31/05/2026";"No informa";"Sin observaciones";
"2026";"Marzo";"Auxiliar";"SALAZAR VELASQUEZ, EDITH ORELLY";"Apoyo Logistico";"22";"AUXILIAR";"Región Metropolitana de Santiago";"(186)";"$ 758.146";"$ 573.066";"$ 0";"$ 134.812";"Sí";"$ 24.091 : 7,00 hrs";"No tiene";"No tiene";"01/01/2026";"31/12/2026";"No informa";"Sin observaciones";
"2026";"Marzo";"Profesional";"SALAZAR ZUÑIGA, JAEL HELENA";"Atencion Clinica";"15";"TERAPEUTA OCUPACIONAL";"Región Metropolitana de Santiago";"(186)";"$ 1.826.319";"$ 1.377.091";"$ 0";"$ 217.282";"No";"No tiene";"No tiene";"No tiene";"01/01/2026";"31/12/2026";"No informa";"Sin observaciones";
"2026";"Marzo";"Profesional";"SALCEDO CARO, WILLIAMS JESUS ALFREDO";"Apoyo Administrativo";"8";"KINESIOLOGO (A)";"Región Metropolitana de Santiago";"(186)";"$ 3.254.794";"$ 2.369.026";"$ 0";"$ 402.945";"No";"No tiene";"No tiene";"No tiene";"01/01/2026";"31/12/2026";"No informa";"REMUNERACION MARZO 2026 + BONOS TRIMESTRALES";
"2026";"Marzo";"Médicos cirujanos, farmacéuticos, químico-farmacéuticos, bioquímicos, cirujano-dentistas";"SALDIVIA MARTINEZ, DIEGO IGNACIO";"Atencion Clinica Medica";"44 Hrs.";"MEDICO CIRUJANO";"Región Metropolitana de Santiago";"(86)(186)";"$ 3.465.905";"$ 2.731.184";"$ 0";"$ 0";"No";"No tiene";"No tiene";"No tiene";"01/01/2026";"31/12/2026";"No informa";"Sin observaciones";
"2026";"Marzo";"Administrativo";"SALGADO ARACENA, DORIS CATHERINE";"Apoyo Administrativo";"21";"ADMINISTRATIVO";"Región Metropolitana de Santiago";"(186)";"$ 968.754";"$ 775.918";"$ 0";"$ 130.066";"Sí";"$ 103.052 : 28,00 hrs";"$ 13.249 : 3,00 hrs";"No tiene";"01/01/2026";"31/12/2026";"No informa";"Sin observaciones";
"2026";"Marzo";"Técnico";"SALINAS ARIAS, CAMILA ANDREA";"Atencion Clinica";"21";"TECNICO NIVEL SUPERIOR ODONTOLOGIA";"Región Metropolitana de Santiago";"(186)";"$ 866.352";"$ 661.782";"$ 0";"$ 130.066";"No";"No tiene";"No tiene";"No tiene";"01/01/2026";"31/12/2026";"No informa";"Sin observaciones";
"2026";"Marzo";"Médicos cirujanos, farmacéuticos, químico-farmacéuticos, bioquímicos, cirujano-dentistas";"SALINAS HELGUERO, DELMA LITA";"Atencion Clinica Medica";"22 Hrs.";"MEDICO CIRUJANO";"Región Metropolitana de Santiago";"(188)(186)";"$ 2.528.690";"$ 1.918.401";"$ 0";"$ 0";"No";"No tiene";"No tiene";"No tiene";"01/01/2026";"31/12/2026";"No informa";"Sin observaciones";
"2026";"Marzo";"Médicos cirujanos, farmacéuticos, químico-farmacéuticos, bioquímicos, cirujano-dentistas";"SALINAS HELGUERO, DELMA LITA";"Atencion Clinica Medica";"22 Hrs.";"MEDICO CIRUJANO";"Región Metropolitana de Santiago";"(188)(186)";"$ 2.528.690";"$ 2.198.082";"$ 0";"$ 0";"No";"No tiene";"No tiene";"No tiene";"01/01/2026";"31/12/2026";"No informa";"Sin observaciones";
"2026";"Marzo";"Médicos cirujanos, farmacéuticos, químico-farmacéuticos, bioquímicos, cirujano-dentistas";"SALINAS MONJE, NATALIA ANDREA";"Medico Becario Primario";"44 Hrs.";"MEDICO CIRUJANO";"Región Metropolitana de Santiago";"(01)";"$ 2.875.980";"$ 2.370.382";"$ 0";"$ 0";"No";"No tiene";"No tiene";"No tiene";"08/05/2025";"07/05/2026";"No informa";"Sin observaciones";
"2026";"Marzo";"Técnico";"SALINAS MORALES, FELIPE ANDRES";"ATENCION CLINICA";"22";"TECNICO NIVEL SUPERIOR ENFERMERIA";"Región Metropolitana de Santiago";"(202)(204)";"$ 1.060.983";"$ 802.693";"$ 0";"$ 134.812";"No";"No tiene";"No tiene";"No tiene";"01/01/2026";"31/12/2026";"No informa";"CANCELA ASIG. TECNICA+CANCELA PAGO TRIMESTRAL LEY 19.490 Y LEY 19.937 PERIODO 03/2026+REMUNERACION MAR.2026";
"2026";"Marzo";"Profesional";"SALINAS PIZARRO, FELIPE IGNACIO";"Jefe de Unidad";"6";"INGENIERO (A) BIOMEDICO";"Región Metropolitana de Santiago";"(186)";"$ 3.917.348";"$ 3.018.852";"$ 0";"$ 504.304";"No";"No tiene";"No tiene";"No tiene";"01/01/2026";"31/12/2026";"No informa";"REMUNERACION MARZO 2026 + BONOS TRIMESTRALES";
"2026";"Marzo";"Técnico";"SALINAS VALENZUELA, ARACELLI ALEJANDRA";"Atencion Clinica";"22";"TECNICO NIVEL SUPERIOR ENFERMERIA";"Región Metropolitana de Santiago";"(01)";"$ 0";"$ 0";"$ 0";"$ 0";"No";"No tiene";"No tiene";"No tiene";"01/01/2026";"31/12/2026";"No informa";"PSGS DESDE 01/01/2026 AL 31/03/2026";
"2026";"Marzo";"Médicos cirujanos, farmacéuticos, químico-farmacéuticos, bioquímicos, cirujano-dentistas";"SALTOS QUIÑONEZ, LEYTON AYONVIS";"Atencion Clinica Medica";"44 Hrs.";"MEDICO CIRUJANO";"Región Metropolitana de Santiago";"(188)(186)";"$ 5.219.221";"$ 4.256.478";"$ 0";"$ 0";"No";"No tiene";"No tiene";"No tiene";"01/01/2026";"31/12/2026";"No informa";"Sin observaciones";
"2026";"Marzo";"Administrativo";"SANCHEZ ARAVENA, NADIA ANDREA";"Apoyo Administrativo";"20";"ADMINISTRATIVO";"Región Metropolitana de Santiago";"(01)";"$ 740.155";"$ 610.924";"$ 0";"$ 0";"No";"No tiene";"No tiene";"No tiene";"01/01/2026";"31/12/2026";"No informa";"Sin observaciones";
"2026";"Marzo";"Administrativo";"SANCHEZ ARAYA, GUILLERMO MIGUEL";"Apoyo Administrativo";"21";"ADMINISTRATIVO";"Región Metropolitana de Santiago";"(186)";"$ 850.139";"$ 656.803";"$ 0";"$ 123.073";"Sí";"$ 7.686 : 2,00 hrs";"$ 41.502 : 9,00 hrs";"No tiene";"01/01/2026";"31/12/2026";"No informa";"Sin observaciones";
"2026";"Marzo";"Médicos cirujanos, farmacéuticos, químico-farmacéuticos, bioquímicos, cirujano-dentistas";"SANCHEZ CELIS, SUSANA MARIA";"Atencion Clinica Medica";"22 Hrs.";"MEDICO CIRUJANO";"Región Metropolitana de Santiago";"(188)(186)";"$ 1.355.283";"$ 1.098.764";"$ 0";"$ 0";"No";"No tiene";"No tiene";"No tiene";"01/01/2026";"31/12/2026";"No informa";"Sin observaciones";
"2026";"Marzo";"Técnico";"SANCHEZ FUENTEALBA, SANDRA YANIN";"Atencion Clinica";"21";"TECNICO NIVEL SUPERIOR ENFERMERIA";"Región Metropolitana de Santiago";"(186)";"$ 931.276";"$ 707.817";"$ 0";"$ 156.638";"Sí";"$ 33.416 : 9,00 hrs";"No tiene";"No tiene";"01/01/2026";"31/12/2026";"No informa";"Sin observaciones";
"2026";"Marzo";"Médicos cirujanos, farmacéuticos, químico-farmacéuticos, bioquímicos, cirujano-dentistas";"SANCHEZ GARCIA, GRETTYS";"Atencion Clinica Medica";"22 Hrs.";"MEDICO CIRUJANO";"Región Metropolitana de Santiago";"(01)";"$ 964.192";"$ 786.298";"$ 0";"$ 0";"No";"No tiene";"No tiene";"No tiene";"01/01/2026";"31/03/2026";"No informa";"Sin observaciones";
"2026";"Marzo";"Médicos cirujanos, farmacéuticos, químico-farmacéuticos, bioquímicos, cirujano-dentistas";"SANCHEZ GARCIA, GRETTYS";"Atencion Clinica Medica";"22 Hrs.";"MEDICO CIRUJANO";"Región Metropolitana de Santiago";"(01)";"$ 964.192";"$ 761.134";"$ 0";"$ 0";"No";"No tiene";"No tiene";"No tiene";"01/01/2026";"31/03/2026";"No informa";"Sin observaciones";
"2026";"Marzo";"Técnico";"SANCHEZ GONZALEZ, LUIS ORLANDO";"Atencion Clinica";"21";"TECNICO NIVEL SUPERIOR ENFERMERIA";"Región Metropolitana de Santiago";"(186)";"$ 940.179";"$ 729.314";"$ 0";"$ 135.536";"No";"No tiene";"No tiene";"No tiene";"01/01/2026";"31/12/2026";"No informa";"Sin observaciones";
"2026";"Marzo";"Profesional";"SANCHEZ NOVOA, VALERIA ALEJANDRA";"Atencion Clinica";"15";"MATRON (A)";"Región Metropolitana de Santiago";"(186)";"$ 1.683.278";"$ 1.294.572";"$ 0";"$ 158.305";"Sí";"$ 24.656 : 3,00 hrs";"No tiene";"No tiene";"01/01/2026";"31/12/2026";"No informa";"Sin observaciones";
"2026";"Marzo";"Profesional";"SANCHEZ SALINAS, ALEJANDRO ANTONIO";"ATENCION CLINICA";"11";"ENFERMERA (O)";"Región Metropolitana de Santiago";"(203)(201)(204)(186)";"$ 3.428.006";"$ 2.666.899";"$ 0";"$ 642.973";"No";"No tiene";"No tiene";"No tiene";"01/01/2026";"31/12/2026";"No informa";"CANCELA PAGO TRIMESTRAL LEY 19.490 PERIODO 03/2026+CANCELA PAGO TRIMESTRAL LEY 19.937 PERIODO 03/2026+REMUNERACION MAR.2026";
"2026";"Marzo";"Profesional";"SANDOVAL BARRIENTOS, RAYEN IRENE";"Atencion Clinica";"15";"PSICOLOGO (A)";"Región Metropolitana de Santiago";"(186)";"$ 1.707.588";"$ 1.305.873";"$ 0";"$ 198.658";"No";"No tiene";"No tiene";"No tiene";"01/01/2026";"31/12/2026";"No informa";"Sin observaciones";
"2026";"Marzo";"Profesional";"SANDOVAL POSECK, NATHALY AYLENN";"Atencion Clinica";"16";"MATRON (A)";"Región Metropolitana de Santiago";"(01)";"$ 22.827";"$ 18.841";"$ 0";"$ 0";"No";"No tiene";"No tiene";"No tiene";"01/01/2026";"01/03/2026";"No informa";"CONTRATO POR REEMPLAZO";
"2026";"Marzo";"Profesional";"SANDOVAL SANHUEZA, BARBARA CONSTANZA";"Atencion Clinica";"15";"ENFERMERA (O)";"Región Metropolitana de Santiago";"(01)";"$ 1.491.702";"$ 1.218.023";"$ 0";"$ 0";"No";"No tiene";"No tiene";"No tiene";"01/01/2026";"31/12/2026";"No informa";"Sin observaciones";
"2026";"Marzo";"Profesional";"SANDOVAL SEPULVEDA, JORGE ANDRES";"Atencion Clinica";"15";"ASISTENTE SOCIAL";"Región Metropolitana de Santiago";"(186)";"$ 1.887.721";"$ 1.473.280";"$ 0";"$ 158.305";"Sí";"No tiene";"$ 128.993 : 13,00 hrs";"No tiene";"01/01/2026";"31/12/2026";"No informa";"Sin observaciones";
"2026";"Marzo";"Profesional";"SANDOVAL VERGARA, ALVARO JAVIER";"Apoyo Administrativo";"8";"INGENIERO (A) COMERCIAL";"Región Metropolitana de Santiago";"(186)";"$ 3.299.086";"$ 2.395.888";"$ 0";"$ 402.945";"No";"No tiene";"No tiene";"No tiene";"01/01/2026";"31/12/2026";"No informa";"REMUNERACION MARZO 2026 + BONOS TRIMESTRALES";
"2026";"Marzo";"Profesional";"SANDOVAL VIVES, PAMELA SUSANA";"Apoyo Administrativo";"7";"ARQUITECTO(A)";"Región Metropolitana de Santiago";"(186)";"$ 3.703.307";"$ 2.781.704";"$ 0";"$ 550.076";"No";"No tiene";"No tiene";"No tiene";"01/01/2026";"31/12/2026";"No informa";"REMUNERACION MARZO 2026 + BONOS TRIMESTRALES";
"2026";"Marzo";"Administrativo";"SANHUEZA GARCES, JOSE ESTEBAN";"Apoyo Administrativo";"17";"ADMINISTRATIVO";"Región Metropolitana de Santiago";"(186)";"$ 1.170.321";"$ 931.913";"$ 0";"$ 160.336";"Sí";"$ 41.219 : 9,00 hrs";"$ 32.976 : 6,00 hrs";"No tiene";"01/01/2026";"31/12/2026";"No informa";"REMUNERACION MARZO 2026 + BONOS TRIMESTRALES";
"2026";"Marzo";"Auxiliar";"SANHUEZA GONZALEZ, LUIS ENRIQUE";"Chofer";"19";"AUXILIAR";"Región Metropolitana de Santiago";"(01)";"$ 1.815.498";"$ 1.543.044";"$ 0";"$ 177.215";"Sí";"No tiene";"$ 907.950 : 228,00 hrs";"No tiene";"01/01/2026";"31/12/2026";"No informa";"Sin observaciones";
"2026";"Marzo";"Profesional";"SANHUEZA MELITA, SEBASTIAN ANDRES";"ATENCION CLINICA";"13";"ENFERMERA (O)";"Región Metropolitana de Santiago";"(203)(204)(186)";"$ 4.550.714";"$ 3.767.935";"$ 0";"$ 295.693";"Sí";"$ 400.765 : 40,00 hrs";"$ 1.334.547 : 111,00 hrs";"No tiene";"01/01/2026";"31/12/2026";"No informa";"CANCELA PAGO TRIMESTRAL LEY 19.490 PERIODO 03/2026+CANCELA PAGO TRIMESTRAL LEY 19.937 PERIODO 03/2026+REMUNERACION MAR.2026";
"2026";"Marzo";"Profesional";"SANHUEZA PAVEZ, LAURA TERESA";"Atencion Clinica";"14";"NUTRICIONISTA";"Región Metropolitana de Santiago";"(186)";"$ 1.962.745";"$ 1.491.725";"$ 0";"$ 237.078";"No";"No tiene";"No tiene";"No tiene";"01/01/2026";"31/12/2026";"No informa";"Sin observaciones";
"2026";"Marzo";"Profesional";"SANHUEZA SALINAS, IVONNE JANET";"Apoyo Administrativo";"5";"MATRON (A)";"Región Metropolitana de Santiago";"(186)";"$ 4.082.006";"$ 3.194.837";"$ 0";"$ 461.896";"No";"No tiene";"No tiene";"No tiene";"01/01/2026";"31/12/2026";"No informa";"REMUNERACION MARZO 2026 + BONOS TRIMESTRALES";
"2026";"Marzo";"Profesional";"SAN MARTIN BEWEIS, HANS BEN ADAD";"Apoyo Administrativo";"12";"CIENTISTA POLITICO (A)";"Región Metropolitana de Santiago";"(186)";"$ 2.263.388";"$ 1.717.984";"$ 0";"$ 264.917";"No";"No tiene";"No tiene";"No tiene";"01/01/2026";"31/12/2026";"No informa";"Sin observaciones";
"2026";"Marzo";"Médicos cirujanos, farmacéuticos, químico-farmacéuticos, bioquímicos, cirujano-dentistas";"SAN MARTIN IMHOFF, SEBASTIAN ANDRES";"Atencion Clinica Medica";"44 Hrs.";"MEDICO CIRUJANO";"Región Metropolitana de Santiago";"(86)(186)";"$ 3.968.767";"$ 3.164.556";"$ 0";"$ 0";"Sí";"No tiene";"$ 367.992 : 24,00 hrs";"No tiene";"01/01/2026";"31/12/2026";"No informa";"Sin observaciones";
"2026";"Marzo";"Técnico";"SAN MARTIN RODRIGUEZ, KATHERINE NICOL";"Atencion Clinica";"21";"TECNICO NIVEL SUPERIOR ENFERMERIA";"Región Metropolitana de Santiago";"(186)";"$ 1.020.340";"$ 805.199";"$ 0";"$ 145.450";"No";"No tiene";"No tiene";"No tiene";"01/01/2026";"31/12/2026";"No informa";"Sin observaciones";
"2026";"Marzo";"Profesional";"SAN MARTIN SOTO, PAULINA VICTORIA";"Atencion Clinica";"13";"ENFERMERA (O)";"Región Metropolitana de Santiago";"(186)(186)";"$ 2.114.692";"$ 1.528.098";"$ 0";"$ 188.504";"Sí";"$ 145.901 : 15,00 hrs";"No tiene";"No tiene";"01/01/2026";"31/12/2026";"No informa";"Sin observaciones";
"2026";"Marzo";"Administrativo";"SAN MARTIN UTRERAS, CAROLINA ARACELY";"Apoyo Administrativo";"20";"ADMINISTRATIVO";"Región Metropolitana de Santiago";"(186)";"$ 818.930";"$ 686.712";"$ 0";"$ 0";"No";"No tiene";"No tiene";"No tiene";"01/01/2026";"31/12/2026";"No informa";"Sin observaciones";
"2026";"Marzo";"Médicos cirujanos, farmacéuticos, químico-farmacéuticos, bioquímicos, cirujano-dentistas";"SANTANDER RETAMAL, CRISTOBAL";"Medico Becario Primario";"44 Hrs.";"MÉDICOS CIRUJANOS, FARMACÉUTICOS, QUÍMICO-FARMACÉUTICOS, BIOQUÍMICOS, CIRUJANO-DENTISTAS";"Región Metropolitana de Santiago";"(01)";"$ 3.550.333";"$ 2.923.860";"$ 0";"$ 0";"No";"No tiene";"No tiene";"No tiene";"08/05/2025";"07/05/2026";"No informa";"Sin observaciones";
"2026";"Marzo";"Profesional";"SANTELICES CANCINO, PAULA DAMARIS";"ATENCION CLINICA";"13";"ENFERMERA (O)";"Región Metropolitana de Santiago";"(203)(204)(186)";"$ 3.558.806";"$ 2.889.794";"$ 0";"$ 258.732";"Sí";"$ 398.426 : 40,00 hrs";"$ 358.583 : 30,00 hrs";"No tiene";"01/01/2026";"31/12/2026";"No informa";"CANCELA PAGO TRIMESTRAL LEY 19.490 PERIODO 03/2026+CANCELA PAGO TRIMESTRAL LEY 19.937 PERIODO 03/2026+REMUNERACION MAR.2026";
"2026";"Marzo";"Auxiliar";"SANTIBAÑEZ VICENCIO, ENRIQUE ANTONIO";"CONDUCTOR";"20";"TECNICO NIVEL SUPERIOR ENFERMERIA";"Región Metropolitana de Santiago";"(205)(201)(202)(204)(186)";"$ 1.647.232";"$ 1.138.357";"$ 0";"$ 321.278";"Sí";"$ 61.368 : 15,00 hrs";"$ 157.102 : 32,00 hrs";"No tiene";"01/01/2026";"31/12/2026";"No informa";"CANCELA ASIG. TECNICA+CANCELA PAGO TRIMESTRAL LEY 19.490 Y LEY 19.937 PERIODO 03/2026+DIF. BONO VACACIONES 2026+REMUNERACION MAR.2026";
"2026";"Marzo";"Técnico";"SANTIS ABARCA, CRISTINA PAOLA";"Atencion Clinica";"20";"TECNICO NIVEL SUPERIOR ODONTOLOGIA";"Región Metropolitana de Santiago";"(186)";"$ 960.613";"$ 753.687";"$ 0";"$ 141.639";"No";"No tiene";"No tiene";"No tiene";"01/01/2026";"31/12/2026";"No informa";"Sin observaciones";
"2026";"Marzo";"Profesional";"SANTOS ROJAS, ROGER";"Apoyo Administrativo";"10";"INGENIERO (A) EJECUCION EN INFORMATICA";"Región Metropolitana de Santiago";"(186)(186)";"$ 2.863.243";"$ 1.793.754";"$ 0";"$ 419.466";"No";"No tiene";"No tiene";"No tiene";"01/01/2026";"31/12/2026";"No informa";"REMUNERACION MARZO 2026 + BONOS TRIMESTRALES";
"2026";"Marzo";"Médicos cirujanos, farmacéuticos, químico-farmacéuticos, bioquímicos, cirujano-dentistas";"SARABIA BONHOMME, MARTIN ALBERTO";"Atencion Odontologica";"33 Hrs.";"CIRUJANO DENTISTA";"Región Metropolitana de Santiago";"(186)";"$ 1.790.207";"$ 1.454.209";"$ 0";"$ 0";"No";"No tiene";"No tiene";"No tiene";"01/01/2026";"31/03/2026";"No informa";"Sin observaciones";
"2026";"Marzo";"Médicos cirujanos, farmacéuticos, químico-farmacéuticos, bioquímicos, cirujano-dentistas";"SARABIA SANTIAGO, GABRIELA AMANDA";"Atencion Clinica Medica";"44 Hrs.";"MEDICO CIRUJANO";"Región Metropolitana de Santiago";"(86)";"$ 3.007.345";"$ 2.386.349";"$ 0";"$ 0";"No";"No tiene";"No tiene";"No tiene";"01/01/2026";"31/12/2026";"No informa";"Sin observaciones";
"2026";"Marzo";"Profesional";"SCHAFER CARRASCO, CLAUDIA ANDREA";"Atencion Clinica";"15";"FONOAUDIOLOGO (A)";"Región Metropolitana de Santiago";"(186)";"$ 1.834.934";"$ 1.383.852";"$ 0";"$ 217.282";"No";"No tiene";"No tiene";"No tiene";"01/01/2026";"31/12/2026";"No informa";"Sin observaciones";
"2026";"Marzo";"Profesional";"SEGOVIA MURA, PATRICIA EMILIA";"Apoyo Administrativo";"13";"ASISTENTE SOCIAL";"Región Metropolitana de Santiago";"(01)";"$ 2.061.325";"$ 1.626.447";"$ 0";"$ 199.593";"No";"No tiene";"No tiene";"No tiene";"01/01/2026";"31/12/2026";"No informa";"REMUNERACION MARZO 2026 + BONOS TRIMESTRALES";
"2026";"Marzo";"Técnico";"SEGUEL VERCHES, FERNANDA CAMILA";"Atencion Clinica";"22";"TECNICO NIVEL SUPERIOR ENFERMERIA";"Región Metropolitana de Santiago";"(01)";"$ 682.560";"$ 555.604";"$ 0";"$ 0";"No";"No tiene";"No tiene";"No tiene";"28/01/2026";"28/03/2026";"No informa";"CONTRATO POR REEMPLAZO";
"2026";"Marzo";"Profesional";"SELMAN ABUCHAIBE, VERONICA PIA";"Apoyo Administrativo";"8";"PSICOLOGO (A)";"Región Metropolitana de Santiago";"(186)";"$ 3.523.836";"$ 2.589.321";"$ 0";"$ 612.931";"No";"No tiene";"No tiene";"No tiene";"01/01/2026";"31/12/2026";"No informa";"Sin observaciones";
"2026";"Marzo";"Profesional";"SEPULVEDA AEDO, ELIZABETH DEL CARMEN";"Apoyo Administrativo";"8";"ASISTENTE SOCIAL";"Región Metropolitana de Santiago";"(186)";"$ 2.804.648";"$ 2.226.080";"$ 0";"$ 0";"No";"No tiene";"No tiene";"No tiene";"01/01/2026";"31/12/2026";"No informa";"Sin observaciones";
"2026";"Marzo";"Técnico";"SEPULVEDA ALVARADO, BRYAN NICOLAS";"Atencion Clinica";"21";"TECNICO NIVEL SUPERIOR ENFERMERIA";"Región Metropolitana de Santiago";"(186)(186)";"$ 854.422";"$ 594.112";"$ 0";"$ 123.073";"No";"No tiene";"No tiene";"No tiene";"01/01/2026";"31/03/2026";"No informa";"Sin observaciones";
"2026";"Marzo";"Profesional";"SEPULVEDA ASTETE, CAMILA ANDREA";"Apoyo Administrativo";"9";"MATRON (A)";"Región Metropolitana de Santiago";"(186)";"$ 2.788.347";"$ 2.108.415";"$ 0";"$ 265.529";"No";"No tiene";"No tiene";"No tiene";"01/01/2026";"31/12/2026";"No informa";"REMUNERACION MARZO 2026 + BONOS TRIMESTRALES";
"2026";"Marzo";"Técnico";"SEPULVEDA BUSTOS, JAVIERA PAZ";"ATENCION CLINICA";"22";"TECNICO NIVEL SUPERIOR ENFERMERIA";"Región Metropolitana de Santiago";"(203)(204)";"$ 985.198";"$ 818.879";"$ 0";"$ 37.638";"Sí";"$ 37.524 : 11,00 hrs";"$ 98.244 : 24,00 hrs";"No tiene";"01/01/2026";"31/12/2026";"No informa";"BONO VACACIONES 2026+REMUNERACION MAR.2026";
"2026";"Marzo";"Profesional";"SEPULVEDA CASTILLO, BARBARA ALEXANDRA";"Apoyo Administrativo";"11";"SOCIOLOGO (A)";"Región Metropolitana de Santiago";"(186)";"$ 2.350.151";"$ 1.804.121";"$ 0";"$ 223.073";"No";"No tiene";"No tiene";"No tiene";"01/01/2026";"31/12/2026";"No informa";"REMUNERACION MARZO 2026 + BONOS TRIMESTRALES";
"2026";"Marzo";"Profesional";"SEPULVEDA CASTILLO, SEBASTIAN NICOLAS";"ASISTENTE SOCIAL";"8";"ASISTENTE SOCIAL";"Región Metropolitana de Santiago";"(186)";"$ 3.278.647";"$ 2.416.270";"$ 0";"$ 397.270";"No";"No tiene";"No tiene";"No tiene";"01/01/2026";"31/12/2026";"No informa";"REMUNERACION MARZO 2026 + BONOS TRIMESTRALES";
"2026";"Marzo";"Profesional";"SEPULVEDA CESPEDES, TOMAS RAUL";"Atencion Clinica";"16";"KINESIOLOGO (A)";"Región Metropolitana de Santiago";"(01)";"$ 1.634.577";"$ 1.325.751";"$ 0";"$ 85.349";"Sí";"$ 179.683 : 24,00 hrs";"No tiene";"No tiene";"01/01/2026";"31/03/2026";"No informa";"Sin observaciones";
"2026";"Marzo";"Auxiliar";"SEPULVEDA CRUZ, JORGE DANILO";"Apoyo Logistico";"23";"AUXILIAR";"Región Metropolitana de Santiago";"(01)";"$ 978.457";"$ 862.683";"$ 0";"$ 0";"Sí";"$ 77.921 : 25,00 hrs";"$ 273.035 : 73,00 hrs";"No tiene";"01/01/2026";"31/12/2026";"No informa";"Sin observaciones";
"2026";"Marzo";"Médicos cirujanos, farmacéuticos, químico-farmacéuticos, bioquímicos, cirujano-dentistas";"SEPULVEDA DIAZ, DEBBIE SASHA";"Atencion Odontologica";"22 Hrs.";"CIRUJANO DENTISTA";"Región Metropolitana de Santiago";"(188)(186)";"$ 2.256.680";"$ 1.722.059";"$ 0";"$ 0";"No";"No tiene";"No tiene";"No tiene";"01/01/2026";"31/12/2026";"No informa";"Sin observaciones";
"2026";"Marzo";"Médicos cirujanos, farmacéuticos, químico-farmacéuticos, bioquímicos, cirujano-dentistas";"SEPULVEDA DIAZ, DEBBIE SASHA";"Atencion Odontologica";"22 Hrs.";"CIRUJANO DENTISTA";"Región Metropolitana de Santiago";"(188)(186)";"$ 2.256.680";"$ 1.929.120";"$ 0";"$ 0";"No";"No tiene";"No tiene";"No tiene";"01/01/2026";"31/12/2026";"No informa";"Sin observaciones";
"2026";"Marzo";"Profesional";"SEPULVEDA ESCOBEDO, CRISTOBAL OSCAR";"Apoyo Administrativo";"8";"ENFERMERA (O)";"Región Metropolitana de Santiago";"(186)(186)";"$ 2.915.849";"$ 2.192.019";"$ 0";"$ 170.258";"No";"No tiene";"No tiene";"No tiene";"01/01/2026";"31/12/2026";"No informa";"REMUNERACION MARZO 2026 + BONOS TRIMESTRALES";
"2026";"Marzo";"Técnico";"SEPULVEDA GODOY, DEBORA EMILIA";"Atencion Clinica";"21";"TECNICO NIVEL SUPERIOR ENFERMERIA";"Región Metropolitana de Santiago";"(01)";"$ 731.315";"$ 598.508";"$ 0";"$ 0";"No";"No tiene";"No tiene";"No tiene";"01/01/2026";"31/12/2026";"No informa";"Sin observaciones";
"2026";"Marzo";"Auxiliar";"SEPULVEDA HEWITT, MAXIMILIAN ALEXANDER";"Apoyo Administrativo";"22";"AUXILIAR";"Región Metropolitana de Santiago";"(186)";"$ 728.901";"$ 557.006";"$ 0";"$ 124.442";"No";"No tiene";"No tiene";"No tiene";"01/01/2026";"31/12/2026";"No informa";"Sin observaciones";
"2026";"Marzo";"Técnico";"SEPULVEDA JULIO, ANDRES MAURICIO";"ATENCION CLINICA";"22";"TECNICO NIVEL SUPERIOR ENFERMERIA";"Región Metropolitana de Santiago";"(202)(204)(186)";"$ 1.077.875";"$ 629.927";"$ 0";"$ 127.035";"No";"No tiene";"No tiene";"No tiene";"01/01/2026";"31/12/2026";"No informa";"CANCELA ASIG. TECNICA+CANCELA PAGO TRIMESTRAL LEY 19.490 Y LEY 19.937 PERIODO 03/2026+REMUNERACION MAR.2026";
"2026";"Marzo";"Profesional";"SEPULVEDA MORENO, POLA ALEXSANDRA";"ATENCION CLINICA";"13";"ENFERMERA (O)";"Región Metropolitana de Santiago";"(203)(204)";"$ 2.747.383";"$ 2.190.389";"$ 0";"$ 129.366";"No";"No tiene";"No tiene";"No tiene";"01/01/2026";"31/03/2026";"No informa";"CANCELA PAGO TRIMESTRAL LEY 19.490 Y LEY 19.937 PERIODO 03/202+REMUNERACION MAR.2026";
"2026";"Marzo";"Auxiliar";"SEPULVEDA PARADA, JOSE LUIS";"CONDUCTOR";"22";"AUXILIAR";"Región Metropolitana de Santiago";"(205)(203)(204)(186)";"$ 930.715";"$ 702.070";"$ 0";"$ 120.553";"No";"No tiene";"No tiene";"No tiene";"01/01/2026";"31/12/2026";"No informa";"CANCELA PAGO TRIMESTRAL LEY 19.490 PERIODO 03/2026+CANCELA PAGO TRIMESTRAL LEY 19.937 PERIODO 03/2026+REMUNERACION MAR.2026";
"2026";"Marzo";"Profesional";"SEPULVEDA ROMERO, PABLO ALBERTO";"Apoyo Administrativo";"15";"PSICOLOGO (A)";"Región Metropolitana de Santiago";"(01)";"$ 1.491.702";"$ 1.219.741";"$ 0";"$ 0";"No";"No tiene";"No tiene";"No tiene";"01/01/2026";"31/03/2026";"No informa";"Sin observaciones";
"2026";"Marzo";"Profesional";"SEPULVEDA TUREN, CARLOS ROBERTO";"Director Zonal";"5";"KINESIOLOGO (A)";"Región Metropolitana de Santiago";"(186)(186)";"$ 3.969.844";"$ 3.038.431";"$ 0";"$ 368.074";"No";"No tiene";"No tiene";"No tiene";"01/01/2026";"31/12/2026";"No informa";"Sin observaciones";
"2026";"Marzo";"Profesional";"SEPULVEDA VASQUEZ, DANIELA DANAE";"Atencion Clinica";"15";"ENFERMERA (O)";"Región Metropolitana de Santiago";"(186)";"$ 1.593.438";"$ 1.154.062";"$ 0";"$ 184.416";"No";"No tiene";"No tiene";"No tiene";"01/01/2026";"31/12/2026";"No informa";"Sin observaciones";
"2026";"Marzo";"Profesional";"SEREY ALTAMIRANO, KATHERINE DANAE";"Atencion Clinica";"15";"ENFERMERA (O)";"Región Metropolitana de Santiago";"(186)";"$ 1.658.622";"$ 1.283.998";"$ 0";"$ 158.305";"No";"No tiene";"No tiene";"No tiene";"01/01/2026";"31/12/2026";"No informa";"Sin observaciones";
"2026";"Marzo";"Técnico";"SEREY SEPULVEDA, SEBASTIAN CRISTOBAL";"Atencion Clinica";"21";"TECNICO NIVEL SUPERIOR ENFERMERIA";"Región Metropolitana de Santiago";"(186)";"$ 854.422";"$ 654.559";"$ 0";"$ 123.073";"No";"No tiene";"No tiene";"No tiene";"01/01/2026";"31/12/2026";"No informa";"Sin observaciones";
"2026";"Marzo";"Médicos cirujanos, farmacéuticos, químico-farmacéuticos, bioquímicos, cirujano-dentistas";"SIEBER CARRASCO, CAROLINA VERONICA";"Atencion Odontologica";"22 Hrs.";"CIRUJANO DENTISTA";"Región Metropolitana de Santiago";"(188)(186)";"$ 2.549.932";"$ 2.058.228";"$ 0";"$ 0";"No";"No tiene";"No tiene";"No tiene";"01/01/2026";"31/12/2026";"No informa";"Sin observaciones";
"2026";"Marzo";"Técnico";"SIERRA PEREIRA, CONSTANZA ALONDRA";"Atencion Clinica";"20";"TECNICO NIVEL SUPERIOR ENFERMERIA";"Región Metropolitana de Santiago";"(01)";"$ 1.033.279";"$ 821.174";"$ 0";"$ 153.443";"No";"No tiene";"No tiene";"No tiene";"01/01/2026";"31/12/2026";"No informa";"Sin observaciones";
"2026";"Marzo";"Médicos cirujanos, farmacéuticos, químico-farmacéuticos, bioquímicos, cirujano-dentistas";"SIGUENZA PACHECO, MARIA BELEN";"Medico Becario Primario";"44 Hrs.";"MEDICO CIRUJANO";"Región Metropolitana de Santiago";"(01)";"$ 2.875.980";"$ 2.370.382";"$ 0";"$ 0";"No";"No tiene";"No tiene";"No tiene";"06/05/2025";"05/05/2026";"No informa";"Sin observaciones";
"2026";"Marzo";"Administrativo";"SILVA BOZO, VANNIA GABRIELA";"Apoyo Administrativo";"16";"ADMINISTRATIVO";"Región Metropolitana de Santiago";"(186)";"$ 1.057.504";"$ 813.042";"$ 0";"$ 167.826";"Sí";"$ 23.976 : 5,00 hrs";"$ 23.018 : 4,00 hrs";"No tiene";"01/01/2026";"31/12/2026";"No informa";"Sin observaciones";
"2026";"Marzo";"Administrativo";"SILVA BRAVO, JAIME MAURICIO";"Apoyo Administrativo";"22";"ADMINISTRATIVO";"Región Metropolitana de Santiago";"(186)";"$ 758.125";"$ 575.566";"$ 0";"$ 120.553";"No";"No tiene";"No tiene";"No tiene";"01/01/2026";"31/12/2026";"No informa";"Sin observaciones";
"2026";"Marzo";"Técnico";"SILVA BURGOS, NICOLAS ALFREDO";"Atencion Clinica";"21";"TECNICO NIVEL SUPERIOR ENFERMERIA";"Región Metropolitana de Santiago";"(186)";"$ 938.726";"$ 737.518";"$ 0";"$ 137.059";"Sí";"$ 37.779 : 10,00 hrs";"$ 22.667 : 5,00 hrs";"No tiene";"01/01/2026";"31/12/2026";"No informa";"Sin observaciones";
"2026";"Marzo";"Técnico";"SILVA HERRERA, DANIELA ALEJANDRA";"Atencion Clinica";"21";"TECNICO NIVEL SUPERIOR ENFERMERIA";"Región Metropolitana de Santiago";"(01)";"$ 849.485";"$ 658.189";"$ 0";"$ 123.073";"No";"No tiene";"No tiene";"No tiene";"01/01/2026";"31/12/2026";"No informa";"Sin observaciones";
"2026";"Marzo";"Administrativo";"SILVA NUÑEZ, EVELYN DEL TRANSITO";"APOYO ADMINISTRATIVO";"19";"ADMINISTRATIVO";"Región Metropolitana de Santiago";"(186)";"$ 899.437";"$ 555.957";"$ 0";"$ 224.206";"Sí";"$ 91.613 : 22,00 hrs";"No tiene";"No tiene";"01/01/2026";"31/12/2026";"No informa";"CANCELA BONO ESCOLAR 2026-202603+CANCELA PAGO TRIMESTRAL LEY 19.490 Y LEY 19.937 PERIODO 03/2026+REMUNERACION MAR.2026";
"2026";"Marzo";"Profesional";"SILVA TAPIA, SYLVIA DEL PILAR";"Apoyo Administrativo";"5";"CONTADOR (A) AUDITOR (A)";"Región Metropolitana de Santiago";"(186)";"$ 4.225.367";"$ 3.269.772";"$ 0";"$ 678.410";"No";"No tiene";"No tiene";"No tiene";"01/01/2026";"31/12/2026";"No informa";"REMUNERACION MARZO 2026 + BONOS TRIMESTRALES";
"2026";"Marzo";"Auxiliar";"SILVA VIDAL, SANTIAGO DE LA CRUZ";"Apoyo Logistico";"23";"AUXILIAR";"Región Metropolitana de Santiago";"(01)";"$ 1.047.027";"$ 937.466";"$ 0";"$ 0";"Sí";"$ 71.687 : 23,00 hrs";"$ 347.839 : 93,00 hrs";"No tiene";"01/01/2026";"31/12/2026";"No informa";"Sin observaciones";
"2026";"Marzo";"Administrativo";"SLEMAN ALARCON, FERNANDA NOEMI";"Apoyo Administrativo";"22";"ADMINISTRATIVO";"Región Metropolitana de Santiago";"(01)";"$ 679.582";"$ 441.430";"$ 0";"$ 114.072";"No";"No tiene";"No tiene";"No tiene";"01/01/2026";"27/03/2026";"No informa";"CONTRATO POR REEMPLAZO";
"2026";"Marzo";"Administrativo";"SLEMAN SOTO, JENNIFER VALESKA";"Apoyo Administrativo";"21";"ADMINISTRATIVO";"Región Metropolitana de Santiago";"(01)";"$ 966.853";"$ 761.487";"$ 0";"$ 158.037";"Sí";"$ 92.010 : 25,00 hrs";"No tiene";"No tiene";"01/01/2026";"31/12/2026";"No informa";"Sin observaciones";
"2026";"Marzo";"Médicos cirujanos, farmacéuticos, químico-farmacéuticos, bioquímicos, cirujano-dentistas";"SMITH GAHONA, MARIANO ANDRES";"Medico Becario Primario";"44 Hrs.";"MEDICO CIRUJANO";"Región Metropolitana de Santiago";"(01)";"$ 2.875.980";"$ 2.373.833";"$ 0";"$ 0";"No";"No tiene";"No tiene";"No tiene";"06/05/2025";"05/05/2026";"No informa";"Sin observaciones";
"2026";"Marzo";"Auxiliar";"SOBARZO RIQUELME, DAVID ALEJANDRO";"Chofer";"20";"AUXILIAR";"Región Metropolitana de Santiago";"(186)";"$ 1.080.675";"$ 853.872";"$ 0";"$ 177.049";"Sí";"$ 158.087 : 40,00 hrs";"$ 47.426 : 10,00 hrs";"No tiene";"01/01/2026";"31/12/2026";"No informa";"REMUNERACION MARZO 2026 + BONOS TRIMESTRALES";
"2026";"Marzo";"Médicos cirujanos, farmacéuticos, químico-farmacéuticos, bioquímicos, cirujano-dentistas";"SOTO ARRIAGADA, VICTOR HUGO";"Quimico Farmaceutico";"44 Hrs.";"QUIMICO FARMACEUTICO";"Región Metropolitana de Santiago";"(86)(86)(186)";"$ 4.720.200";"$ 2.849.864";"$ 0";"$ 0";"No";"No tiene";"No tiene";"No tiene";"01/01/2026";"31/12/2026";"No informa";"Sin observaciones";
"2026";"Marzo";"Profesional";"SOTO CANALES, SEBASTIAN ALFONSO";"Apoyo Administrativo";"8";"KINESIOLOGO (A)";"Región Metropolitana de Santiago";"(186)";"$ 2.944.225";"$ 2.268.436";"$ 0";"$ 198.634";"No";"No tiene";"No tiene";"No tiene";"01/01/2026";"31/12/2026";"No informa";"Sin observaciones";
"2026";"Marzo";"Administrativo";"SOTO FERNANDEZ, MAGALY DEL CARMEN";"Secretaria";"17";"ADMINISTRATIVO";"Región Metropolitana de Santiago";"(01)";"$ 963.694";"$ 723.676";"$ 0";"$ 168.956";"No";"No tiene";"No tiene";"No tiene";"01/01/2026";"31/12/2026";"No informa";"REMUNERACION MARZO 2026 + BONOS TRIMESTRALES";
"2026";"Marzo";"Profesional";"SOTO GORGERINO, MARIO ANDRES";"ATENCION CLINICA";"11";"KINESIOLOGO (A)";"Región Metropolitana de Santiago";"(203)(204)(186)";"$ 3.455.372";"$ 2.694.533";"$ 0";"$ 870.420";"Sí";"No tiene";"$ 127.259 : 9,00 hrs";"No tiene";"01/01/2026";"31/12/2026";"No informa";"CANCELA PAGO TRIMESTRAL LEY 19.490 PERIODO 03/2026+CANCELA PAGO TRIMESTRAL LEY 19.937 PERIODO 03/2026+REMUNERACION MAR.2026";
"2026";"Marzo";"Profesional";"SOTO MOYA, MIRYAM ANGELICA";"Apoyo Administrativo";"8";"ADMINISTRADOR (A) PUBLICO";"Región Metropolitana de Santiago";"(01)";"$ 2.730.827";"$ 2.170.688";"$ 0";"$ 0";"No";"No tiene";"No tiene";"No tiene";"01/01/2026";"31/03/2026";"No informa";"Sin observaciones";
"2026";"Marzo";"Profesional";"SOTO NUÑEZ, PAULA ALEJANDRA";"Atencion Clinica";"16";"NUTRICIONISTA";"Región Metropolitana de Santiago";"(01)";"$ 1.454.894";"$ 1.160.193";"$ 0";"$ 85.349";"No";"No tiene";"No tiene";"No tiene";"01/01/2026";"31/12/2026";"No informa";"Sin observaciones";
"2026";"Marzo";"Profesional";"SOTO OVALLE, BORIS CRISTIAN";"Apoyo Administrativo";"7";"INGENIERO (A) EJECUCION ADMINISTRACION";"Región Metropolitana de Santiago";"(186)";"$ 3.903.334";"$ 2.840.711";"$ 0";"$ 750.103";"No";"No tiene";"No tiene";"No tiene";"01/01/2026";"31/12/2026";"No informa";"REMUNERACION MARZO 2026 + BONOS TRIMESTRALES";
"2026";"Marzo";"Administrativo";"SOTO PEÑA, JOCELYN ANDREA";"ADMINISTRATIVO";"15";"ADMINISTRATIVO";"Región Metropolitana de Santiago";"(186)";"$ 1.303.629";"$ 1.006.004";"$ 0";"$ 215.452";"Sí";"$ 61.951 : 12,00 hrs";"$ 117.707 : 19,00 hrs";"No tiene";"01/01/2026";"31/12/2026";"No informa";"REMUNERACION MARZO 2026 + BONOS TRIMESTRALES";
"2026";"Marzo";"Profesional";"SOTO ROMERO, GABRIELA VALESKA";"Apoyo Administrativo";"15";"INGENIERO (A) EJECUCION GESTION PUBLICA";"Región Metropolitana de Santiago";"(186)";"$ 1.709.064";"$ 1.333.920";"$ 0";"$ 108.641";"No";"No tiene";"No tiene";"No tiene";"01/01/2026";"31/12/2026";"No informa";"REMUNERACION MARZO 2026 + BONOS TRIMESTRALES";
"2026";"Marzo";"Médicos cirujanos, farmacéuticos, químico-farmacéuticos, bioquímicos, cirujano-dentistas";"SOTO SALAS, VIVIANA ALEJANDRA";"Atencion Odontologica";"22 Hrs.";"CIRUJANO DENTISTA";"Región Metropolitana de Santiago";"(188)(186)";"$ 2.238.718";"$ 1.911.158";"$ 0";"$ 0";"No";"No tiene";"No tiene";"No tiene";"01/01/2026";"31/12/2026";"No informa";"Sin observaciones";
"2026";"Marzo";"Médicos cirujanos, farmacéuticos, químico-farmacéuticos, bioquímicos, cirujano-dentistas";"SOTO SALAS, VIVIANA ALEJANDRA";"Atencion Odontologica";"22 Hrs.";"CIRUJANO DENTISTA";"Región Metropolitana de Santiago";"(188)(186)";"$ 2.238.718";"$ 1.709.622";"$ 0";"$ 0";"No";"No tiene";"No tiene";"No tiene";"01/01/2026";"31/12/2026";"No informa";"Sin observaciones";
"2026";"Marzo";"Técnico";"SOTO SEVERINO, TERESA ANDREA DE LOS ANGELES";"Atencion Clinica";"20";"TECNICO NIVEL SUPERIOR ENFERMERIA";"Región Metropolitana de Santiago";"(186)";"$ 990.193";"$ 761.110";"$ 0";"$ 165.246";"No";"No tiene";"No tiene";"No tiene";"01/01/2026";"31/12/2026";"No informa";"Sin observaciones";
"2026";"Marzo";"Administrativo";"SOTO SOLIS, TAMARA BELEN";"Apoyo Administrativo";"13";"ADMINISTRATIVO";"Región Metropolitana de Santiago";"(186)";"$ 2.308.349";"$ 1.714.608";"$ 0";"$ 404.884";"Sí";"$ 115.436 : 12,00 hrs";"No tiene";"No tiene";"01/01/2026";"31/12/2026";"No informa";"Sin observaciones";
"2026";"Marzo";"Médicos cirujanos, farmacéuticos, químico-farmacéuticos, bioquímicos, cirujano-dentistas";"SOTO SOTO, CARLA STEFANY";"Atencion Odontologica";"44 Hrs.";"CIRUJANO DENTISTA";"Región Metropolitana de Santiago";"(188)(186)";"$ 4.976.797";"$ 4.052.054";"$ 0";"$ 0";"No";"No tiene";"No tiene";"No tiene";"01/01/2026";"31/12/2026";"No informa";"Sin observaciones";
"2026";"Marzo";"Auxiliar";"SOZA RAMIREZ, JOSE ALEJANDRO";"CONDUCTOR";"24";"AUXILIAR";"Región Metropolitana de Santiago";"(205)(202)(204)(186)";"$ 1.113.736";"$ 465.630";"$ 0";"$ 244.106";"No";"No tiene";"No tiene";"No tiene";"01/01/2026";"31/12/2026";"No informa";"CANCELA BONO ESCOLAR 2026-202603+CANCELA PAGO TRIMESTRAL LEY 19.490 Y LEY 19.937 PERIODO 03/2026+PAGO POR MANTENEDOR DE CARGAS FAMILIARES RETROACTI+REMUNERACION MAR.2026";
"2026";"Marzo";"Médicos cirujanos, farmacéuticos, químico-farmacéuticos, bioquímicos, cirujano-dentistas";"STAPFER JARA, KARINA VALERIA";"Atencion Odontologica";"11 Hrs.";"CIRUJANO DENTISTA";"Región Metropolitana de Santiago";"(186)";"$ 1.180.049";"$ 1.047.513";"$ 0";"$ 0";"No";"No tiene";"No tiene";"No tiene";"01/03/2026";"31/12/2026";"No informa";"Sin observaciones";
"2026";"Marzo";"Médicos cirujanos, farmacéuticos, químico-farmacéuticos, bioquímicos, cirujano-dentistas";"STAPFER JARA, KARINA VALERIA";"Atencion Odontologica";"22 Hrs.";"CIRUJANO DENTISTA";"Región Metropolitana de Santiago";"(86)(86)(186)";"$ 3.101.890";"$ 1.925.600";"$ 0";"$ 0";"No";"No tiene";"No tiene";"No tiene";"01/01/2026";"31/12/2026";"No informa";"Sin observaciones";
"2026";"Marzo";"Médicos cirujanos, farmacéuticos, químico-farmacéuticos, bioquímicos, cirujano-dentistas";"STAPFER JARA, KARINA VALERIA";"Atencion Odontologica";"11 Hrs.";"CIRUJANO DENTISTA";"Región Metropolitana de Santiago";"(86)(86)(186)";"$ 1.550.943";"$ 1.376.749";"$ 0";"$ 0";"No";"No tiene";"No tiene";"No tiene";"01/01/2026";"31/12/2026";"No informa";"Sin observaciones";
"2026";"Marzo";"Profesional";"SUAZO AGUILAR, ESTEFANIA ELENA";"Apoyo Administrativo";"10";"ADMINISTRADOR (A) PUBLICO";"Región Metropolitana de Santiago";"(186)";"$ 2.802.918";"$ 2.137.715";"$ 0";"$ 371.799";"No";"No tiene";"No tiene";"No tiene";"01/01/2026";"31/12/2026";"No informa";"REMUNERACION MARZO 2026 + BONOS TRIMESTRALES";
"2026";"Marzo";"Técnico";"SUAZO CARREÑO, CLAUDIO MARCELO";"Atencion Clinica";"22";"TECNICO NIVEL SUPERIOR ENFERMERIA";"Región Metropolitana de Santiago";"(01)";"$ 585.054";"$ 477.168";"$ 0";"$ 0";"No";"No tiene";"No tiene";"No tiene";"05/03/2026";"28/03/2026";"No informa";"CONTRATO POR REEMPLAZO";
"2026";"Marzo";"Profesional";"SUAZO SAEZ, CONSTANCE ELENA";"ATENCION CLINICA";"13";"ENFERMERA (O)";"Región Metropolitana de Santiago";"(203)(204)(186)";"$ 2.788.194";"$ 2.172.472";"$ 0";"$ 251.416";"No";"No tiene";"No tiene";"No tiene";"01/01/2026";"31/12/2026";"No informa";"CANCELA BONO ESCOLAR 2026-202603+CANCELA PAGO TRIMESTRAL LEY 19.490 Y LEY 19.937 PERIODO 03/2026+REMUNERACION MAR.2026";
"2026";"Marzo";"Profesional";"SZPERKA HUERTA, JAVIER ENRIQUE";"Apoyo Administrativo";"14";"INGENIERO (A) EN INFORMATICA";"Región Metropolitana de Santiago";"(186)";"$ 1.880.554";"$ 1.426.711";"$ 0";"$ 237.079";"No";"No tiene";"No tiene";"No tiene";"01/01/2026";"31/12/2026";"No informa";"REMUNERACION MARZO 2026 + BONOS TRIMESTRALES";
"2026";"Marzo";"Profesional";"TAPIA AGUAYO, KARLA ANDREA";"Atencion Clinica";"13";"ENFERMERA (O)";"Región Metropolitana de Santiago";"(01)";"$ 2.090.894";"$ 1.575.385";"$ 0";"$ 229.162";"No";"No tiene";"No tiene";"No tiene";"01/01/2026";"31/12/2026";"No informa";"Sin observaciones";
"2026";"Marzo";"Profesional";"TAPIA AILLAPAN, MARIA JOSE";"Atencion Clinica";"15";"TRABAJADOR (A) SOCIAL";"Región Metropolitana de Santiago";"(186)";"$ 1.732.590";"$ 1.357.292";"$ 0";"$ 158.305";"Sí";"$ 73.968 : 9,00 hrs";"No tiene";"No tiene";"01/01/2026";"22/03/2026";"No informa";"Sin observaciones";
"2026";"Marzo";"Profesional";"TAPIA BRIONES, DIEGO CAMILO";"Atencion Clinica";"15";"KINESIOLOGO (A)";"Región Metropolitana de Santiago";"(186)";"$ 2.108.738";"$ 1.719.148";"$ 0";"$ 192.449";"Sí";"$ 157.107 : 19,00 hrs";"$ 158.760 : 16,00 hrs";"No tiene";"01/01/2026";"31/12/2026";"No informa";"Sin observaciones";
"2026";"Marzo";"Técnico";"TAPIA MORALES, FABIOLA BEATRIZ";"Atencion Clinica";"22";"TECNICO NIVEL SUPERIOR ODONTOLOGIA";"Región Metropolitana de Santiago";"(186)";"$ 849.579";"$ 650.311";"$ 0";"$ 120.553";"No";"No tiene";"No tiene";"No tiene";"01/01/2026";"31/12/2026";"No informa";"Sin observaciones";
"2026";"Marzo";"Técnico";"TAPIA MUÑOZ, SEBASTIAN ALEJANDRO";"ATENCION CLINICA";"22";"TECNICO NIVEL SUPERIOR ENFERMERIA";"Región Metropolitana de Santiago";"(202)(204)";"$ 1.458.735";"$ 1.019.238";"$ 0";"$ 120.553";"Sí";"$ 139.861 : 42,00 hrs";"$ 257.891 : 70,00 hrs";"No tiene";"01/01/2026";"31/12/2026";"No informa";"CANCELA ASIG. TECNICA+CANCELA PAGO TRIMESTRAL LEY 19.490 Y LEY 19.937 PERIODO 03/2026+REMUNERACION MAR.2026+REGULARIZA PAGO HHEE MES(ES) ANTERIOR(ES)";
"2026";"Marzo";"Profesional";"TAPIA PEDREROS, DENISSE ELIZABETH";"ATENCION CLINICA";"11";"ENFERMERA (O)";"Región Metropolitana de Santiago";"(203)(186)(203)(204)(186)";"$ 4.201.743";"$ 3.336.297";"$ 0";"$ 600.973";"Sí";"$ 341.715 : 29,00 hrs";"$ 579.738 : 41,00 hrs";"No tiene";"01/01/2026";"31/12/2026";"No informa";"CANCELA BONO ESCOLAR 2026-202603+CANCELA PAGO TRIMESTRAL LEY 19.490 Y LEY 19.937 PERIODO 03/2026+DIF POR BIENIOS DESDE 02/2026+REMUNERACION MAR.2026";
"2026";"Marzo";"Médicos cirujanos, farmacéuticos, químico-farmacéuticos, bioquímicos, cirujano-dentistas";"TAPIA ROMAN, JOHAN MANUEL";"Atencion Odontologica";"44 Hrs.";"CIRUJANO DENTISTA";"Región Metropolitana de Santiago";"(188)(86)(186)";"$ 5.045.163";"$ 4.111.191";"$ 0";"$ 0";"No";"No tiene";"No tiene";"No tiene";"01/01/2026";"31/12/2026";"No informa";"Sin observaciones";
"2026";"Marzo";"Profesional";"TAPIA SANCHEZ, RODRIGO ANDRES";"Jefe de Subdepartamento";"6";"MATRON (A)";"Región Metropolitana de Santiago";"(186)";"$ 3.886.660";"$ 2.986.829";"$ 0";"$ 508.767";"No";"No tiene";"No tiene";"No tiene";"01/01/2026";"31/12/2026";"No informa";"REMUNERACION MARZO 2026 + BONOS TRIMESTRALES";
"2026";"Marzo";"Auxiliar";"TAPIA TORRES, GERMAN JORGE";"CONDUCTOR";"24";"AUXILIAR";"Región Metropolitana de Santiago";"(205)(202)(204)(186)";"$ 961.842";"$ 630.254";"$ 0";"$ 113.579";"No";"No tiene";"No tiene";"No tiene";"01/01/2026";"31/12/2026";"No informa";"CANCELA PAGO TRIMESTRAL LEY 19.490 PERIODO 03/2026+CANCELA PAGO TRIMESTRAL LEY 19.937 PERIODO 03/2026+REMUNERACION MAR.2026";
"2026";"Marzo";"Médicos cirujanos, farmacéuticos, químico-farmacéuticos, bioquímicos, cirujano-dentistas";"TARTAKOWSKY NOVOA, BORIS IGOR";"Quimico Farmaceutico";"44 Hrs.";"QUIMICO FARMACEUTICO";"Región Metropolitana de Santiago";"(188)(186)";"$ 5.138.299";"$ 4.186.170";"$ 0";"$ 0";"No";"No tiene";"No tiene";"No tiene";"01/01/2026";"31/12/2026";"No informa";"Sin observaciones";
"2026";"Marzo";"Profesional";"TEKE VELOSO, PABLO IGNACIO";"Atencion Clinica";"15";"KINESIOLOGO (A)";"Región Metropolitana de Santiago";"(186)";"$ 1.809.092";"$ 1.401.492";"$ 0";"$ 217.282";"No";"No tiene";"No tiene";"No tiene";"01/01/2026";"31/12/2026";"No informa";"Sin observaciones";
"2026";"Marzo";"Médicos cirujanos, farmacéuticos, químico-farmacéuticos, bioquímicos, cirujano-dentistas";"TERRAZAS JIMENEZ, VICTOR CARLOS";"Atencion Clinica Medica";"22 Hrs.";"MEDICO CIRUJANO";"Región Metropolitana de Santiago";"(188)(186)";"$ 2.596.125";"$ 1.977.479";"$ 0";"$ 0";"No";"No tiene";"No tiene";"No tiene";"01/01/2026";"31/03/2026";"No informa";"Sin observaciones";
"2026";"Marzo";"Médicos cirujanos, farmacéuticos, químico-farmacéuticos, bioquímicos, cirujano-dentistas";"TERRAZAS JIMENEZ, VICTOR CARLOS";"Atencion Clinica Medica";"11 Hrs.";"MEDICO CIRUJANO";"Región Metropolitana de Santiago";"(188)(186)";"$ 1.156.447";"$ 1.005.049";"$ 0";"$ 0";"No";"No tiene";"No tiene";"No tiene";"01/01/2026";"31/03/2026";"No informa";"Sin observaciones";
"2026";"Marzo";"Médicos cirujanos, farmacéuticos, químico-farmacéuticos, bioquímicos, cirujano-dentistas";"TERRAZAS JIMENEZ, VICTOR CARLOS";"Atencion Clinica Medica";"11 Hrs.";"MEDICO CIRUJANO";"Región Metropolitana de Santiago";"(188)(186)";"$ 1.298.061";"$ 1.128.123";"$ 0";"$ 0";"No";"No tiene";"No tiene";"No tiene";"01/01/2026";"31/03/2026";"No informa";"Sin observaciones";
"2026";"Marzo";"Profesional";"TERZI RODRIGUEZ, SERGIO PABLO";"Atencion Clinica";"15";"PSICOLOGO (A)";"Región Metropolitana de Santiago";"(186)";"$ 955.182";"$ 760.671";"$ 0";"$ 187.794";"No";"No tiene";"No tiene";"No tiene";"01/01/2026";"31/12/2026";"No informa";"Sin observaciones";
"2026";"Marzo";"Profesional";"THOMAS CUEVAS, ROCIO CHARDI";"Apoyo Logistico";"9";"ASISTENTE SOCIAL";"Región Metropolitana de Santiago";"(186)";"$ 3.086.148";"$ 2.300.869";"$ 0";"$ 458.167";"No";"No tiene";"No tiene";"No tiene";"01/01/2026";"31/12/2026";"No informa";"REMUNERACION MARZO 2026 + BONOS TRIMESTRALES";
"2026";"Marzo";"Profesional";"TIZNADO CANDIA, CATALINA CARMEN";"Atencion Clinica";"16";"TRABAJADOR (A) SOCIAL";"Región Metropolitana de Santiago";"(01)";"$ 1.415.197";"$ 1.072.724";"$ 0";"$ 0";"No";"No tiene";"No tiene";"No tiene";"01/01/2026";"19/04/2026";"No informa";"CONTRATO POR REEMPLAZO";
"2026";"Marzo";"Técnico";"TOBAR ACOSTA, ISABEL ANGELICA";"ATENCION CLINICA";"22";"TECNICO NIVEL SUPERIOR ENFERMERIA";"Región Metropolitana de Santiago";"(203)(204)(186)";"$ 997.717";"$ 791.593";"$ 0";"$ 162.228";"No";"No tiene";"No tiene";"No tiene";"01/01/2026";"31/12/2026";"No informa";"CANCELA ASIG. TECNICA+CANCELA BONO ESCOLAR 2026-202603+CANCELA PAGO TRIMESTRAL LEY 19.490 Y LEY 19.937 PERIODO 03/2026+REMUNERACION MAR.2026";
"2026";"Marzo";"Auxiliar";"TOLEDO BARBOZA, FRANCISCO JAVIER";"Apoyo Logistico";"24";"AUXILIAR";"Región Metropolitana de Santiago";"(202)(186)";"$ 1.091.802";"$ 891.117";"$ 0";"$ 104.842";"Sí";"$ 17.243 : 6,00 hrs";"$ 144.848 : 42,00 hrs";"No tiene";"01/01/2026";"31/12/2026";"No informa";"Sin observaciones";
"2026";"Marzo";"Administrativo";"TOLEDO PEÑALOZA, ALEJANDRA DEL CARMEN";"Apoyo Administrativo";"21";"ADMINISTRATIVO";"Región Metropolitana de Santiago";"(186)";"$ 892.863";"$ 696.160";"$ 0";"$ 137.059";"Sí";"$ 33.416 : 9,00 hrs";"No tiene";"No tiene";"01/01/2026";"31/12/2026";"No informa";"Sin observaciones";
"2026";"Marzo";"Profesional";"TOLEDO RAMIREZ, MILENKA FERNANDA";"Atencion Clinica";"15";"NUTRICIONISTA";"Región Metropolitana de Santiago";"(01)";"$ 411.275";"$ 376.309";"$ 0";"$ 0";"Sí";"$ 114.359 : 14,00 hrs";"$ 98.022 : 10,00 hrs";"No tiene";"01/01/2026";"04/03/2026";"No informa";"Sin observaciones";
"2026";"Marzo";"Médicos cirujanos, farmacéuticos, químico-farmacéuticos, bioquímicos, cirujano-dentistas";"TOLEDO VEGA, ISRAEL JOSUE";"Atencion Clinica Medica";"44 Hrs.";"MEDICO CIRUJANO";"Región Metropolitana de Santiago";"(86)";"$ 3.007.345";"$ 2.381.136";"$ 0";"$ 0";"No";"No tiene";"No tiene";"No tiene";"01/01/2026";"31/12/2026";"No informa";"Sin observaciones";
"2026";"Marzo";"Profesional";"TOLOZA REYES, MATIAS IGNACIO";"Apoyo Administrativo";"13";"ADMINISTRADOR (A) PUBLICO";"Región Metropolitana de Santiago";"(01)";"$ 2.133.824";"$ 1.676.936";"$ 0";"$ 188.504";"Sí";"$ 175.081 : 18,00 hrs";"No tiene";"No tiene";"01/01/2026";"31/03/2026";"No informa";"Sin observaciones";
"2026";"Marzo";"Profesional";"TOME SANCHEZ, CLAUDIA LORETO";"Atencion Clinica";"15";"NUTRICIONISTA";"Región Metropolitana de Santiago";"(186)";"$ 1.796.390";"$ 1.373.686";"$ 0";"$ 204.580";"No";"No tiene";"No tiene";"No tiene";"01/01/2026";"31/12/2026";"No informa";"Sin observaciones";
"2026";"Marzo";"Médicos cirujanos, farmacéuticos, químico-farmacéuticos, bioquímicos, cirujano-dentistas";"TORO CEPEDA, ANA TANIA LUCIA";"Atencion Clinica Medica";"22 Hrs.";"MEDICO CIRUJANO";"Región Metropolitana de Santiago";"(188)(186)";"$ 2.528.690";"$ 2.038.521";"$ 0";"$ 0";"No";"No tiene";"No tiene";"No tiene";"01/01/2026";"31/12/2026";"No informa";"Sin observaciones";
"2026";"Marzo";"Médicos cirujanos, farmacéuticos, químico-farmacéuticos, bioquímicos, cirujano-dentistas";"TORO MOLINA, HUGO FERNANDO";"Medico General Especialidad Basica";"44 Hrs.";"MEDICO CIRUJANO";"Región Metropolitana de Santiago";"(188)";"$ 2.117.200";"$ 1.712.936";"$ 0";"$ 0";"No";"No tiene";"No tiene";"No tiene";"01/01/2026";"31/03/2026";"No informa";"Sin observaciones";
"2026";"Marzo";"Médicos cirujanos, farmacéuticos, químico-farmacéuticos, bioquímicos, cirujano-dentistas";"TORO SALINAS, MILLIE JUDITH";"MEDICO CIRUJANO CON ESPECIALIDAD EN MEDICINA DE URGENCIA";"28 Hrs.";"MEDICO CIRUJANO CON ESPECIALIDAD EN MEDICINA DE URGENCIA";"Región Metropolitana de Santiago";"(194)(193)(198)(186)";"$ 4.202.668";"$ 3.377.159";"$ 0";"$ 189.728";"No";"No tiene";"No tiene";"No tiene";"01/01/2026";"31/12/2026";"No informa";"PAGO ASIGNACION METAS DE PRODUCCION Y CALIDAD PERIODO 03/2026+REMUNERACION MAR.2026";
"2026";"Marzo";"Técnico";"TORREALBA GONZALEZ, FERNANDA MACARENA";"Atencion Clinica";"22";"TECNICO NIVEL SUPERIOR ENFERMERIA";"Región Metropolitana de Santiago";"(186)";"$ 853.468";"$ 650.194";"$ 0";"$ 124.442";"No";"No tiene";"No tiene";"No tiene";"01/01/2026";"31/12/2026";"No informa";"Sin observaciones";
"2026";"Marzo";"Profesional";"TORRES AZOCAR, FRANCISCO JAVIER";"Atencion Clinica";"15";"KINESIOLOGO (A)";"Región Metropolitana de Santiago";"(186)";"$ 1.740.337";"$ 1.310.956";"$ 0";"$ 214.178";"No";"No tiene";"No tiene";"No tiene";"01/01/2026";"31/12/2026";"No informa";"Sin observaciones";
"2026";"Marzo";"Administrativo";"TORRES AZOCAR, MARIA DE LAS MERCEDES";"Apoyo Administrativo";"22";"ADMINISTRATIVO";"Región Metropolitana de Santiago";"(186)";"$ 898.808";"$ 711.853";"$ 0";"$ 127.035";"Sí";"$ 129.586 : 37,00 hrs";"No tiene";"No tiene";"01/01/2026";"31/12/2026";"No informa";"Sin observaciones";
"2026";"Marzo";"Administrativo";"TORRES BUSTOS, REGINA ALEXIA";"Apoyo Administrativo";"22";"ADMINISTRATIVO";"Región Metropolitana de Santiago";"(186)";"$ 824.463";"$ 634.089";"$ 0";"$ 134.812";"Sí";"$ 52.079 : 15,00 hrs";"No tiene";"No tiene";"01/01/2026";"31/12/2026";"No informa";"Sin observaciones";
"2026";"Marzo";"Técnico";"TORRES CARRASCO, IVANNA ALEXANDRA";"Atencion Clinica";"20";"TECNICO NIVEL SUPERIOR ENFERMERIA";"Región Metropolitana de Santiago";"(186)";"$ 881.976";"$ 681.272";"$ 0";"$ 129.836";"No";"No tiene";"No tiene";"No tiene";"01/01/2026";"31/12/2026";"No informa";"Sin observaciones";
"2026";"Marzo";"Profesional";"TORRES CHAVEZ, ANA MARIA";"Atencion Clinica";"15";"ENFERMERA (O)";"Región Metropolitana de Santiago";"(01)";"$ 1.491.702";"$ 1.205.564";"$ 0";"$ 0";"No";"No tiene";"No tiene";"No tiene";"01/01/2026";"31/12/2026";"No informa";"Sin observaciones";
"2026";"Marzo";"Médicos cirujanos, farmacéuticos, químico-farmacéuticos, bioquímicos, cirujano-dentistas";"TORRES GUTIERREZ, OSCAR RICARDO";"Atencion Odontologica";"44 Hrs.";"CIRUJANO DENTISTA";"Región Metropolitana de Santiago";"(188)(186)";"$ 5.165.273";"$ 4.215.086";"$ 0";"$ 0";"No";"No tiene";"No tiene";"No tiene";"01/01/2026";"31/12/2026";"No informa";"Sin observaciones";
"2026";"Marzo";"Administrativo";"TORRES MUÑOZ, PAOLA DE LAS MERCEDES";"SECRETARIA";"13";"ADMINISTRADOR (A) PUBLICO";"Región Metropolitana de Santiago";"(186)";"$ 2.089.674";"$ 1.696.436";"$ 0";"$ 835.073";"Sí";"$ 219.907 : 23,00 hrs";"$ 91.787 : 8,00 hrs";"No tiene";"01/01/2026";"31/12/2026";"No informa";"CANCELA PAGO TRIMESTRAL LEY 19.490 PERIODO 03/2026+CANCELA PAGO TRIMESTRAL LEY 19.937 PERIODO 03/2026+REMUNERACION MAR.2026";
"2026";"Marzo";"Profesional";"TORRES OPAZO, CLAUDIA CAMILA";"Atencion Clinica";"15";"ASISTENTE SOCIAL";"Región Metropolitana de Santiago";"(01)";"$ 1.584.823";"$ 1.252.830";"$ 0";"$ 93.121";"No";"No tiene";"No tiene";"No tiene";"01/01/2026";"31/12/2026";"No informa";"Sin observaciones";
"2026";"Marzo";"Administrativo";"TORRES ORELLANA, FANNY DEL TRANSITO";"APOYO ADMINISTRATIVO";"22";"ADMINISTRATIVO";"Región Metropolitana de Santiago";"(186)";"$ 820.377";"$ 530.696";"$ 0";"$ 141.488";"Sí";"$ 17.512 : 5,00 hrs";"No tiene";"No tiene";"01/01/2026";"31/12/2026";"No informa";"CANCELA BONO ESCOLAR 2026-202603+CANCELA PAGO TRIMESTRAL LEY 19.937 PERIODO 03/2026+REMUNERACION MAR.2026";
"2026";"Marzo";"Profesional";"TORRES RIVERA, ALEXANDRA PATRICIA";"Atencion Clinica";"12";"TERAPEUTA OCUPACIONAL";"Región Metropolitana de Santiago";"(186)";"$ 2.046.554";"$ 1.611.370";"$ 0";"$ 0";"No";"No tiene";"No tiene";"No tiene";"01/01/2026";"31/12/2026";"No informa";"Sin observaciones";
"2026";"Marzo";"Médicos cirujanos, farmacéuticos, químico-farmacéuticos, bioquímicos, cirujano-dentistas";"TORRES ROJAS, ANGEL ELOY";"Atencion Clinica Medica";"44 Hrs.";"MEDICO CIRUJANO";"Región Metropolitana de Santiago";"(86)(186)";"$ 3.465.905";"$ 2.753.504";"$ 0";"$ 0";"No";"No tiene";"No tiene";"No tiene";"01/01/2026";"31/12/2026";"No informa";"Sin observaciones";
"2026";"Marzo";"Técnico";"TORRES SILVA, PEDRO ENRIQUE";"ATENCION CLINICA";"22";"TECNICO NIVEL SUPERIOR ENFERMERIA";"Región Metropolitana de Santiago";"(203)(204)(186)";"$ 912.492";"$ 714.425";"$ 0";"$ 133.516";"No";"No tiene";"No tiene";"No tiene";"01/01/2026";"31/12/2026";"No informa";"CANCELA ASIG. TECNICA+CANCELA PAGO TRIMESTRAL LEY 19.490 Y LEY 19.937 PERIODO 03/2026+REMUNERACION MAR.2026";
"2026";"Marzo";"Técnico";"TORRES SOTO, BARBARA ALEJANDRA";"Atencion Clinica";"21";"TECNICO NIVEL SUPERIOR ODONTOLOGIA";"Región Metropolitana de Santiago";"(01)";"$ 849.485";"$ 656.874";"$ 0";"$ 123.073";"No";"No tiene";"No tiene";"No tiene";"01/01/2026";"31/03/2026";"No informa";"Sin observaciones";
"2026";"Marzo";"Médicos cirujanos, farmacéuticos, químico-farmacéuticos, bioquímicos, cirujano-dentistas";"TORRES THOPPE, ALINA ESTHER";"Atencion Odontologica";"22 Hrs.";"CIRUJANO DENTISTA";"Región Metropolitana de Santiago";"(186)";"$ 2.110.592";"$ 1.813.527";"$ 0";"$ 0";"No";"No tiene";"No tiene";"No tiene";"01/01/2026";"31/12/2026";"No informa";"Sin observaciones";
"2026";"Marzo";"Médicos cirujanos, farmacéuticos, químico-farmacéuticos, bioquímicos, cirujano-dentistas";"TORRES THOPPE, ALINA ESTHER";"Atencion Odontologica";"22 Hrs.";"CIRUJANO DENTISTA";"Región Metropolitana de Santiago";"(188)(86)(186)";"$ 2.368.128";"$ 1.829.092";"$ 0";"$ 0";"No";"No tiene";"No tiene";"No tiene";"01/01/2026";"31/12/2026";"No informa";"Sin observaciones";
"2026";"Marzo";"Auxiliar";"TORRES TORRES, ERIK ADRIAN";"CONDUCTOR";"24";"AUXILIAR";"Región Metropolitana de Santiago";"(205)(203)(204)(186)";"$ 894.010";"$ 603.633";"$ 0";"$ 107.026";"No";"No tiene";"No tiene";"No tiene";"01/01/2026";"31/12/2026";"No informa";"CANCELA PAGO TRIMESTRAL LEY 19.490 Y LEY 19.937 PERIODO 03/2026+PAGO ASIG. CONDUCTOR MES FEBRERO 2026+REMUNERACION MAR.2026";
"2026";"Marzo";"Profesional";"TORRES VILLAVICENCIO, SCARLET CRISTINA";"Atencion Clinica";"16";"KINESIOLOGO (A)";"Región Metropolitana de Santiago";"(01)";"$ 547.818";"$ 452.169";"$ 0";"$ 0";"No";"No tiene";"No tiene";"No tiene";"02/03/2026";"13/03/2026";"No informa";"CONTRATO POR REEMPLAZO";
"2026";"Marzo";"Profesional";"TORRIJO OLIVARES, JUAN PAULO HERNAN";"Apoyo Administrativo";"15";"PSICOLOGO (A)";"Región Metropolitana de Santiago";"(01)";"$ 1.609.329";"$ 1.266.492";"$ 0";"$ 93.121";"Sí";"$ 24.506 : 3,00 hrs";"No tiene";"No tiene";"01/01/2026";"31/12/2026";"No informa";"Sin observaciones";
"2026";"Marzo";"Auxiliar";"TRALMA PAININAO, RAFAEL ABELINO";"Apoyo Logistico";"22";"AUXILIAR";"Región Metropolitana de Santiago";"(01)";"$ 656.930";"$ 536.909";"$ 0";"$ 0";"No";"No tiene";"No tiene";"No tiene";"01/01/2026";"31/03/2026";"No informa";"Sin observaciones";
"2026";"Marzo";"Médicos cirujanos, farmacéuticos, químico-farmacéuticos, bioquímicos, cirujano-dentistas";"TRIGO TORRICO, JACQUELINE MONICA";"Atencion Clinica Medica";"22 Hrs.";"MEDICO CIRUJANO";"Región Metropolitana de Santiago";"(188)(86)(186)";"$ 3.041.198";"$ 2.411.382";"$ 0";"$ 0";"No";"No tiene";"No tiene";"No tiene";"01/01/2026";"31/12/2026";"No informa";"Sin observaciones";
"2026";"Marzo";"Profesional";"TRIPAINAO CONTRERAS, LORENZO ANDRES";"Apoyo Administrativo";"6";"INGENIERO (A) CIVIL";"Región Metropolitana de Santiago";"(186)";"$ 3.520.701";"$ 2.693.333";"$ 0";"$ 234.301";"No";"No tiene";"No tiene";"No tiene";"01/01/2026";"31/12/2026";"No informa";"REMUNERACION MARZO 2026 + BONOS TRIMESTRALES";
"2026";"Marzo";"Profesional";"TRIVIÑO CARRASCO, VICTOR AQUILES";"Apoyo Administrativo";"7";"INGENIERO (A) EJECUCION GESTION INDUSTRIAL";"Región Metropolitana de Santiago";"(186)";"$ 3.537.341";"$ 2.624.859";"$ 0";"$ 400.056";"No";"No tiene";"No tiene";"No tiene";"01/01/2026";"31/12/2026";"No informa";"REMUNERACION MARZO 2026 + BONOS TRIMESTRALES";
"2026";"Marzo";"Profesional";"TRONCOSO NAVARRO, JULY ANGELICA";"Apoyo Administrativo";"5";"ABOGADO (A)";"Región Metropolitana de Santiago";"(186)";"$ 4.026.599";"$ 3.132.247";"$ 0";"$ 497.982";"No";"No tiene";"No tiene";"No tiene";"01/01/2026";"31/12/2026";"No informa";"Sin observaciones";
"2026";"Marzo";"Médicos cirujanos, farmacéuticos, químico-farmacéuticos, bioquímicos, cirujano-dentistas";"TRONCOSO ROJAS, ESTEBAN ALEJANDRO";"Atencion Clinica Medica";"22 Hrs.";"MEDICO CIRUJANO";"Región Metropolitana de Santiago";"(186)(186)";"$ 4.760.666";"$ 3.886.503";"$ 0";"$ 0";"No";"No tiene";"No tiene";"No tiene";"01/01/2026";"31/12/2026";"No informa";"Sin observaciones";
"2026";"Marzo";"Auxiliar";"TRONCOSO ROJAS, MAX ENRIQUE";"CONDUCTOR";"24";"AUXILIAR";"Región Metropolitana de Santiago";"(202)(186)";"$ 1.070.399";"$ 580.044";"$ 0";"$ 96.105";"Sí";"$ 114.958 : 40,00 hrs";"$ 137.950 : 40,00 hrs";"No tiene";"01/01/2026";"31/03/2026";"No informa";"CANCELA PAGO TRIMESTRAL LEY 19.937 PERIODO 03/2026+REMUNERACION MAR.2026";
"2026";"Marzo";"Profesional";"TRONCOSO VEJAR, MARCELO ANDRES";"ATENCION CLINICA";"13";"ENFERMERA (O)";"Región Metropolitana de Santiago";"(203)(204)(186)";"$ 2.788.194";"$ 2.216.886";"$ 0";"$ 354.832";"No";"No tiene";"No tiene";"No tiene";"01/01/2026";"31/12/2026";"No informa";"CANCELA PAGO TRIMESTRAL LEY 19.490 PERIODO 03/2026+CANCELA PAGO TRIMESTRAL LEY 19.937 PERIODO 03/2026+REMUNERACION MAR.2026";
"2026";"Marzo";"Profesional";"TRUJILLO CASTRO, KAREN LESLIE";"Apoyo Administrativo";"13";"ASISTENTE SOCIAL";"Región Metropolitana de Santiago";"(01)";"$ 1.770.239";"$ 1.438.410";"$ 0";"$ 0";"No";"No tiene";"No tiene";"No tiene";"01/01/2026";"31/12/2026";"No informa";"Sin observaciones";
"2026";"Marzo";"Médicos cirujanos, farmacéuticos, químico-farmacéuticos, bioquímicos, cirujano-dentistas";"TUDELA CORNEJO, FRANCISCA ALEJANDRA";"Atencion Odontologica";"22 Hrs.";"CIRUJANO DENTISTA";"Región Metropolitana de Santiago";"(188)(186)";"$ 1.355.283";"$ 1.111.614";"$ 0";"$ 0";"No";"No tiene";"No tiene";"No tiene";"01/01/2026";"31/12/2026";"No informa";"Sin observaciones";
"2026";"Marzo";"Técnico";"TUNINETTI LOYOLA, CAROLINA DEL CARMEN";"ATENCION CLINICA";"22";"TECNICO NIVEL SUPERIOR ENFERMERIA";"Región Metropolitana de Santiago";"(01)";"$ 803.634";"$ 670.023";"$ 0";"$ 37.638";"Sí";"No tiene";"$ 72.319 : 65,00 hrs";"No tiene";"01/03/2026";"31/03/2026";"No informa";"BONO VACACIONES 2026+PAGO BONO MENSUAL+REEMPLAZO MAR.2026 (01-31)";
"2026";"Marzo";"Médicos cirujanos, farmacéuticos, químico-farmacéuticos, bioquímicos, cirujano-dentistas";"UBILLA CAMPOS, RODRIGO ALEXIS";"Atencion Clinica Medica";"44 Hrs.";"MEDICO CIRUJANO";"Región Metropolitana de Santiago";"(86)";"$ 3.007.345";"$ 2.378.174";"$ 0";"$ 0";"No";"No tiene";"No tiene";"No tiene";"01/01/2026";"31/12/2026";"No informa";"Sin observaciones";
"2026";"Marzo";"Profesional";"UBILLA KURTE, MARISOL ANDREA";"ATENCION CLINICA";"13";"ENFERMERA (O)";"Región Metropolitana de Santiago";"(203)(204)(186)";"$ 3.291.861";"$ 2.467.010";"$ 0";"$ 288.301";"Sí";"$ 358.583 : 36,00 hrs";"$ 131.481 : 11,00 hrs";"No tiene";"01/01/2026";"31/12/2026";"No informa";"CANCELA PAGO TRIMESTRAL LEY 19.490 PERIODO 03/2026+CANCELA PAGO TRIMESTRAL LEY 19.937 PERIODO 03/2026+REMUNERACION MAR.2026";
"2026";"Marzo";"Administrativo";"UBILLA VARGAS, KATHERINE PATRICIA";"Apoyo Administrativo";"22";"TECNICO EN ALIMENTACION";"Región Metropolitana de Santiago";"(01)";"$ 712.193";"$ 586.989";"$ 0";"$ 0";"No";"No tiene";"No tiene";"No tiene";"26/01/2026";"28/05/2026";"No informa";"CONTRATO POR REEMPLAZO";
"2026";"Marzo";"Profesional";"ULLOA AGUILAR, VALERIA ANDREA";"Atencion Clinica";"15";"ENFERMERA (O)";"Región Metropolitana de Santiago";"(186)";"$ 1.658.622";"$ 1.270.903";"$ 0";"$ 158.305";"No";"No tiene";"No tiene";"No tiene";"01/01/2026";"31/12/2026";"No informa";"Sin observaciones";
"2026";"Marzo";"Profesional";"ULLOA OTAROLA, MISAEL EDUARDO";"Atencion Clinica";"15";"KINESIOLOGO (A)";"Región Metropolitana de Santiago";"(186)";"$ 1.667.934";"$ 1.270.747";"$ 0";"$ 167.617";"No";"No tiene";"No tiene";"No tiene";"01/01/2026";"31/12/2026";"No informa";"Sin observaciones";
"2026";"Marzo";"Médicos cirujanos, farmacéuticos, químico-farmacéuticos, bioquímicos, cirujano-dentistas";"ULLOA VALENZUELA, GONZALO RODRIGO";"Atencion Clinica Medica";"44 Hrs.";"MEDICO CIRUJANO";"Región Metropolitana de Santiago";"(86)(186)";"$ 4.715.581";"$ 3.826.102";"$ 0";"$ 0";"Sí";"$ 518.160 : 40,00 hrs";"No tiene";"No tiene";"01/01/2026";"07/05/2026";"No informa";"Sin observaciones";
"2026";"Marzo";"Médicos cirujanos, farmacéuticos, químico-farmacéuticos, bioquímicos, cirujano-dentistas";"URETA DIAZ, DANIELA ALEJANDRA";"Atencion Clinica Medica";"44 Hrs.";"MEDICO CIRUJANO";"Región Metropolitana de Santiago";"(86)(186)";"$ 3.465.905";"$ 2.754.175";"$ 0";"$ 0";"No";"No tiene";"No tiene";"No tiene";"01/01/2026";"31/12/2026";"No informa";"Sin observaciones";
"2026";"Marzo";"Profesional";"URETA LAZO, HECTOR HARRY";"Apoyo Logistico";"12";"INGENIERO (A) EJECUCION GESTION PUBLICA";"Región Metropolitana de Santiago";"(186)(186)";"$ 2.632.665";"$ 1.388.604";"$ 0";"$ 634.194";"No";"No tiene";"No tiene";"No tiene";"01/01/2026";"31/12/2026";"No informa";"REMUNERACION MARZO 2026 + BONOS TRIMESTRALES";
"2026";"Marzo";"Administrativo";"URETA ROCO, CLAUDIA ALEJANDRA";"Apoyo Administrativo";"22";"ADMINISTRATIVO";"Región Metropolitana de Santiago";"(186)";"$ 900.893";"$ 716.201";"$ 0";"$ 124.442";"Sí";"$ 138.879 : 40,00 hrs";"No tiene";"No tiene";"01/01/2026";"31/12/2026";"No informa";"Sin observaciones";
"2026";"Marzo";"Técnico";"URETA ROJAS, JAIME LEONEL";"ATENCION CLINICA";"14";"TECNICO PARAMEDICO";"Región Metropolitana de Santiago";"(201)(202)(204)(186)";"$ 1.881.996";"$ 1.133.337";"$ 0";"$ 522.817";"No";"No tiene";"No tiene";"No tiene";"01/01/2026";"31/03/2026";"No informa";"CANCELA ASIG. TECNICA+CANCELA PAGO TRIMESTRAL LEY 19.490 Y LEY 19.937 PERIODO 03/2026+REMUNERACION MAR.2026";
"2026";"Marzo";"Profesional";"URIARTE SALINAS, ALFONSO MARTIN";"Atencion Clinica";"15";"KINESIOLOGO (A)";"Región Metropolitana de Santiago";"(01)";"$ 1.584.823";"$ 1.263.336";"$ 0";"$ 93.121";"No";"No tiene";"No tiene";"No tiene";"01/01/2026";"31/12/2026";"No informa";"Sin observaciones";
"2026";"Marzo";"Médicos cirujanos, farmacéuticos, químico-farmacéuticos, bioquímicos, cirujano-dentistas";"URIBE OTAIZA, CONSTANZA SOFIA";"MEDICO BECARIO PRIMARIO";"44 Hrs.";"MEDICO CIRUJANO";"Región Metropolitana de Santiago";"(01)";"$ 4.899.039";"$ 4.090.946";"$ 0";"$ 0";"No";"No tiene";"No tiene";"No tiene";"03/07/2025";"02/07/2026";"No informa";"REGULARIZA PAGO INC. BECARIO ENERO Y FEBRERO+REMUNERACION MAR.2026";
"2026";"Marzo";"Profesional";"URRA DIAZ, GLADYS ANGELICA";"Apoyo Administrativo";"9";"TRABAJADOR (A) SOCIAL";"Región Metropolitana de Santiago";"(186)";"$ 2.974.862";"$ 2.261.786";"$ 0";"$ 333.212";"No";"No tiene";"No tiene";"No tiene";"01/01/2026";"31/12/2026";"No informa";"REMUNERACION MARZO 2026 + BONOS TRIMESTRALES";
"2026";"Marzo";"Profesional";"URRA SANDOVAL, FRANCISCA VALENTINA";"ATENCION CLINICA";"13";"ENFERMERA (O)";"Región Metropolitana de Santiago";"(203)(204)(186)";"$ 3.015.402";"$ 2.341.131";"$ 0";"$ 188.504";"Sí";"$ 136.993 : 14,00 hrs";"$ 117.423 : 10,00 hrs";"No tiene";"01/01/2026";"31/12/2026";"No informa";"CANCELA PAGO TRIMESTRAL LEY 19.490 PERIODO 03/2026+CANCELA PAGO TRIMESTRAL LEY 19.937 PERIODO 03/2026+REMUNERACION MAR.2026";
"2026";"Marzo";"Técnico";"URRUTIA CUBILLOS, MARIA INES";"Atencion Clinica";"22";"TECNICO NIVEL SUPERIOR ENFERMERIA";"Región Metropolitana de Santiago";"(186)(186)";"$ 985.141";"$ 696.798";"$ 0";"$ 134.812";"Sí";"$ 112.074 : 32,00 hrs";"No tiene";"No tiene";"01/01/2026";"31/12/2026";"No informa";"Sin observaciones";
"2026";"Marzo";"Profesional";"URRUTIA LABRIN, MIGUEL OSVALDO";"Apoyo Administrativo";"12";"PSICOLOGO (A)";"Región Metropolitana de Santiago";"(01)";"$ 2.064.625";"$ 1.645.955";"$ 0";"$ 120.417";"No";"No tiene";"No tiene";"No tiene";"01/01/2026";"31/12/2026";"No informa";"REMUNERACION MARZO 2026 + BONOS TRIMESTRALES";
"2026";"Marzo";"Técnico";"URZUA MORALES, PAULA FRANCISCA";"Atencion Clinica";"22";"TECNICO NIVEL SUPERIOR ENFERMERIA";"Región Metropolitana de Santiago";"(186)";"$ 910.162";"$ 705.928";"$ 0";"$ 124.442";"Sí";"$ 31.247 : 9,00 hrs";"$ 20.832 : 5,00 hrs";"No tiene";"01/01/2026";"31/12/2026";"No informa";"Sin observaciones";
"2026";"Marzo";"Médicos cirujanos, farmacéuticos, químico-farmacéuticos, bioquímicos, cirujano-dentistas";"VALDEBENITO SHARP, CARLA ISABEL";"Medico Becario Primario";"44 Hrs.";"MEDICO CIRUJANO";"Región Metropolitana de Santiago";"(01)";"$ 2.875.980";"$ 2.370.382";"$ 0";"$ 0";"No";"No tiene";"No tiene";"No tiene";"06/05/2025";"05/05/2026";"No informa";"Sin observaciones";
"2026";"Marzo";"Médicos cirujanos, farmacéuticos, químico-farmacéuticos, bioquímicos, cirujano-dentistas";"VALDERRAMA ZUÑIGA, IVAN ESTEBAN";"MEDICO PAO";"22 Hrs.";"MEDICO CIRUJANO CON ESPECIALIDAD EN MEDICINA DE URGENCIA";"Región Metropolitana de Santiago";"(86)(186)";"$ 3.418.836";"$ 2.959.681";"$ 0";"$ 0";"No";"No tiene";"No tiene";"No tiene";"01/01/2026";"31/12/2026";"No informa";"REMUNERACION MAR.2026";
"2026";"Marzo";"Profesional";"VALDES CISTERNAS, DIEGO SEBASTIAN";"Atencion Clinica";"16";"TERAPEUTA OCUPACIONAL";"Región Metropolitana de Santiago";"(186)";"$ 1.577.042";"$ 1.198.469";"$ 0";"$ 176.389";"Sí";"$ 15.159 : 2,00 hrs";"No tiene";"No tiene";"01/01/2026";"31/12/2026";"No informa";"Sin observaciones";
"2026";"Marzo";"Profesional";"VALDES MIRANDA, DANIELA FERNANDA";"Atencion Clinica";"16";"MATRON (A)";"Región Metropolitana de Santiago";"(01)";"$ 1.369.545";"$ 1.122.945";"$ 0";"$ 0";"No";"No tiene";"No tiene";"No tiene";"01/01/2026";"31/03/2026";"No informa";"CONTRATO POR REEMPLAZO";
"2026";"Marzo";"Profesional";"VALDES URZUA, DANIEL ALEJANDRO";"ATENCION CLINICA";"13";"ENFERMERA (O)";"Región Metropolitana de Santiago";"(01)";"$ 2.643.701";"$ 2.193.431";"$ 0";"$ 188.504";"Sí";"$ 282.076 : 29,00 hrs";"$ 591.386 : 118,00 hrs";"No tiene";"01/03/2026";"31/03/2026";"No informa";"CANCELA PAGO TRIMESTRAL LEY 19.490 Y LEY 19.937 PERIODO 03/2026+REEMPLAZO MAR.2026 (01-31)";
"2026";"Marzo";"Profesional";"VALDES ZAÑARTU, LUIS FELIPE";"Apoyo Administrativo";"10";"PSICOLOGO (A)";"Región Metropolitana de Santiago";"(186)";"$ 2.709.228";"$ 2.107.504";"$ 0";"$ 290.766";"No";"No tiene";"No tiene";"No tiene";"01/01/2026";"31/12/2026";"No informa";"REMUNERACION MARZO 2026 + BONOS TRIMESTRALES";
"2026";"Marzo";"Profesional";"VALENCIA GONZALEZ, FANNY LORENA";"Apoyo Administrativo";"6";"INGENIERO (A) COMERCIAL";"Región Metropolitana de Santiago";"(186)";"$ 4.622.509";"$ 3.487.377";"$ 0";"$ 1.158.115";"No";"No tiene";"No tiene";"No tiene";"01/01/2026";"31/12/2026";"No informa";"REMUNERACION MARZO 2026 + BONOS TRIMESTRALES";
"2026";"Marzo";"Profesional";"VALENCIA GONZALEZ, VIVIANA LETICIA";"Apoyo Administrativo";"5";"CONTADOR (A) AUDITOR (A)";"Región Metropolitana de Santiago";"(186)";"$ 5.166.358";"$ 3.868.551";"$ 0";"$ 1.436.209";"No";"No tiene";"No tiene";"No tiene";"01/01/2026";"31/12/2026";"No informa";"REMUNERACION MARZO 2026 + BONOS TRIMESTRALES";
"2026";"Marzo";"Médicos cirujanos, farmacéuticos, químico-farmacéuticos, bioquímicos, cirujano-dentistas";"VALENCIA VALLEJOS, DIANA PAOLA";"Atencion Odontologica";"22 Hrs.";"CIRUJANO DENTISTA";"Región Metropolitana de Santiago";"(01)";"$ 964.192";"$ 785.834";"$ 0";"$ 0";"No";"No tiene";"No tiene";"No tiene";"02/03/2026";"31/03/2026";"No informa";"CONTRATO POR REEMPLAZO";
"2026";"Marzo";"Médicos cirujanos, farmacéuticos, químico-farmacéuticos, bioquímicos, cirujano-dentistas";"VALENCIA VALLEJOS, DIANA PAOLA";"Atencion Odontologica";"11 Hrs.";"CIRUJANO DENTISTA";"Región Metropolitana de Santiago";"(01)";"$ 482.095";"$ 397.920";"$ 0";"$ 0";"No";"No tiene";"No tiene";"No tiene";"02/03/2026";"31/03/2026";"No informa";"CONTRATO POR REEMPLAZO";
"2026";"Marzo";"Médicos cirujanos, farmacéuticos, químico-farmacéuticos, bioquímicos, cirujano-dentistas";"VALENZUELA CASTAÑEDA, FABIAN ANDRES";"Atencion Clinica Medica";"44 Hrs.";"MEDICO CIRUJANO";"Región Metropolitana de Santiago";"(86)(186)";"$ 3.465.905";"$ 2.727.676";"$ 0";"$ 0";"No";"No tiene";"No tiene";"No tiene";"01/01/2026";"31/12/2026";"No informa";"Sin observaciones";
"2026";"Marzo";"Profesional";"VALENZUELA CONCHA, GABRIELA ANDREA";"Atencion Clinica";"15";"KINESIOLOGO (A)";"Región Metropolitana de Santiago";"(186)";"$ 2.081.895";"$ 1.649.640";"$ 0";"$ 248.323";"Sí";"$ 125.536 : 15,00 hrs";"$ 90.385 : 9,00 hrs";"No tiene";"01/01/2026";"31/12/2026";"No informa";"Sin observaciones";
"2026";"Marzo";"Profesional";"VALENZUELA CORTEZ, PALOMA";"Atencion Clinica";"13";"MATRON (A)";"Región Metropolitana de Santiago";"(01)";"$ 2.178.824";"$ 1.684.417";"$ 0";"$ 258.732";"Sí";"$ 58.360 : 6,00 hrs";"No tiene";"No tiene";"01/01/2026";"31/12/2026";"No informa";"Sin observaciones";
"2026";"Marzo";"Profesional";"VALENZUELA ILLANES, HERNI IÑAKI";"Apoyo Administrativo";"8";"ADMINISTRADOR (A) PUBLICO";"Región Metropolitana de Santiago";"(01)";"$ 3.094.045";"$ 2.286.119";"$ 0";"$ 363.218";"No";"No tiene";"No tiene";"No tiene";"01/01/2026";"31/12/2026";"No informa";"Sin observaciones";
"2026";"Marzo";"Administrativo";"VALENZUELA IRARRAZABAL, ROSE MARY CAROLINE";"Apoyo Administrativo";"19";"ADMINISTRATIVO";"Región Metropolitana de Santiago";"(01)";"$ 917.866";"$ 716.688";"$ 0";"$ 138.008";"Sí";"$ 49.525 : 12,00 hrs";"No tiene";"No tiene";"01/01/2026";"31/03/2026";"No informa";"Sin observaciones";
"2026";"Marzo";"Médicos cirujanos, farmacéuticos, químico-farmacéuticos, bioquímicos, cirujano-dentistas";"VALENZUELA ORELLANA, RODRIGO ANDRES";"Atencion Odontologica";"22 Hrs.";"CIRUJANO DENTISTA";"Región Metropolitana de Santiago";"(186)";"$ 2.360.102";"$ 1.887.916";"$ 0";"$ 0";"No";"No tiene";"No tiene";"No tiene";"01/01/2026";"31/12/2026";"No informa";"Sin observaciones";
"2026";"Marzo";"Médicos cirujanos, farmacéuticos, químico-farmacéuticos, bioquímicos, cirujano-dentistas";"VALENZUELA PEÑA, JAVIERA BELEN";"Atencion Clinica Medica";"44 Hrs.";"MEDICO CIRUJANO";"Región Metropolitana de Santiago";"(86)";"$ 3.007.345";"$ 2.383.490";"$ 0";"$ 0";"No";"No tiene";"No tiene";"No tiene";"01/01/2026";"31/12/2026";"No informa";"Sin observaciones";
"2026";"Marzo";"Profesional";"VALENZUELA ROJAS, MATIAS IGNACIO";"Atencion Clinica";"15";"TRABAJADOR (A) SOCIAL";"Región Metropolitana de Santiago";"(186)";"$ 1.658.622";"$ 1.305.304";"$ 0";"$ 158.305";"No";"No tiene";"No tiene";"No tiene";"01/01/2026";"31/12/2026";"No informa";"Sin observaciones";
"2026";"Marzo";"Profesional";"VALENZUELA SAAVEDRA, MARLENE CAROLINA";"Apoyo Administrativo";"7";"ENFERMERA (O)";"Región Metropolitana de Santiago";"(186)(186)";"$ 4.104.002";"$ 2.733.744";"$ 0";"$ 918.877";"No";"No tiene";"No tiene";"No tiene";"01/01/2026";"31/12/2026";"No informa";"REMUNERACION MARZO 2026 + BONOS TRIMESTRALES";
"2026";"Marzo";"Profesional";"VALENZUELA VASQUEZ, XIMENA ALEJANDRA";"Atencion Clinica";"15";"ASISTENTE SOCIAL";"Región Metropolitana de Santiago";"(186)";"$ 1.857.360";"$ 1.384.224";"$ 0";"$ 248.323";"No";"No tiene";"No tiene";"No tiene";"01/01/2026";"31/12/2026";"No informa";"Sin observaciones";
"2026";"Marzo";"Administrativo";"VALENZUELA VERA, MARCELA ALEJANDRA";"Atencion Clinica";"22";"ADMINISTRATIVO";"Región Metropolitana de Santiago";"(01)";"$ 41.890";"$ 34.162";"$ 0";"$ 0";"No";"No tiene";"No tiene";"No tiene";"01/03/2026";"02/03/2026";"No informa";"CONTRATO POR REEMPLAZO";
"2026";"Marzo";"Administrativo";"VALERIA OLATE, MARIA EUGENIA";"Apoyo Administrativo";"21";"ADMINISTRATIVO";"Región Metropolitana de Santiago";"(186)";"$ 800.904";"$ 614.806";"$ 0";"$ 123.073";"Sí";"$ 22.277 : 6,00 hrs";"No tiene";"No tiene";"01/01/2026";"31/03/2026";"No informa";"Sin observaciones";
"2026";"Marzo";"Profesional";"VALIENTE CANCINO, DAVID EDMUNDO";"Atencion Clinica";"15";"TRABAJADOR (A) SOCIAL";"Región Metropolitana de Santiago";"(186)";"$ 1.977.505";"$ 1.577.030";"$ 0";"$ 158.305";"Sí";"$ 180.810 : 22,00 hrs";"$ 138.073 : 14,00 hrs";"No tiene";"01/01/2026";"31/12/2026";"No informa";"Sin observaciones";
"2026";"Marzo";"Médicos cirujanos, farmacéuticos, químico-farmacéuticos, bioquímicos, cirujano-dentistas";"VALLADARES HINOJOSA, NICOLAS ANDRES";"Atencion Odontologica";"22 Hrs.";"CIRUJANO DENTISTA";"Región Metropolitana de Santiago";"(01)";"$ 771.354";"$ 618.513";"$ 0";"$ 0";"No";"No tiene";"No tiene";"No tiene";"24/02/2026";"24/03/2026";"No informa";"CONTRATO POR REEMPLAZO";
"2026";"Marzo";"Médicos cirujanos, farmacéuticos, químico-farmacéuticos, bioquímicos, cirujano-dentistas";"VALLADARES HINOJOSA, NICOLAS ANDRES";"Atencion Odontologica";"11 Hrs.";"CIRUJANO DENTISTA";"Región Metropolitana de Santiago";"(01)";"$ 385.676";"$ 271.863";"$ 0";"$ 0";"No";"No tiene";"No tiene";"No tiene";"24/02/2026";"24/03/2026";"No informa";"CONTRATO POR REEMPLAZO";
"2026";"Marzo";"Médicos cirujanos, farmacéuticos, químico-farmacéuticos, bioquímicos, cirujano-dentistas";"VALLADARES HINOJOSA, NICOLAS ANDRES";"Atencion Odontologica";"11 Hrs.";"CIRUJANO DENTISTA";"Región Metropolitana de Santiago";"(01)";"$ 385.676";"$ 315.637";"$ 0";"$ 0";"No";"No tiene";"No tiene";"No tiene";"24/02/2026";"24/03/2026";"No informa";"CONTRATO POR REEMPLAZO";
"2026";"Marzo";"Médicos cirujanos, farmacéuticos, químico-farmacéuticos, bioquímicos, cirujano-dentistas";"VALLARINO BOADA, MACARENA FRANCISCA";"Atencion Odontologica";"44 Hrs.";"CIRUJANO DENTISTA";"Región Metropolitana de Santiago";"(188)(186)";"$ 4.909.019";"$ 3.993.426";"$ 0";"$ 0";"No";"No tiene";"No tiene";"No tiene";"01/01/2026";"31/12/2026";"No informa";"Sin observaciones";
"2026";"Marzo";"Profesional";"VALLEJO GONZALEZ, ANIBAL";"APOYO ADMINISTRATIVO";"9";"PSICOLOGO (A)";"Región Metropolitana de Santiago";"(186)";"$ 2.550.157";"$ 2.029.452";"$ 0";"$ 377.794";"No";"No tiene";"No tiene";"No tiene";"01/01/2026";"31/12/2026";"No informa";"CANCELA BONO ESCOLAR 2026-202603+CANCELA PAGO TRIMESTRAL LEY 19.490 Y LEY 19.937 PERIODO 03/2026+REMUNERACION MAR.2026";
"2026";"Marzo";"Médicos cirujanos, farmacéuticos, químico-farmacéuticos, bioquímicos, cirujano-dentistas";"VALLEJO RODRIGUEZ, FABIAN PATRICIO";"Atencion Clinica Medica";"44 Hrs.";"MEDICO CIRUJANO";"Región Metropolitana de Santiago";"(188)(186)";"$ 5.084.351";"$ 4.139.505";"$ 0";"$ 0";"No";"No tiene";"No tiene";"No tiene";"01/01/2026";"31/12/2026";"No informa";"Sin observaciones";
"2026";"Marzo";"Profesional";"VALLEJOS DUARTE, FERNANDA JAVIERA";"Atencion Clinica";"16";"MATRON (A)";"Región Metropolitana de Santiago";"(01)";"$ 1.415.197";"$ 1.098.733";"$ 0";"$ 0";"No";"No tiene";"No tiene";"No tiene";"30/01/2026";"01/04/2026";"No informa";"CONTRATO POR REEMPLAZO";
"2026";"Marzo";"Profesional";"VALLESTEROS GONZALEZ, DAYANI PAMELA";"Atencion Clinica";"15";"PSICOLOGO (A)";"Región Metropolitana de Santiago";"(01)";"$ 1.491.702";"$ 1.209.717";"$ 0";"$ 0";"No";"No tiene";"No tiene";"No tiene";"01/01/2026";"31/12/2026";"No informa";"Sin observaciones";
"2026";"Marzo";"Profesional";"VALPREDA ORELLANA, TAMARA DANIELA";"APOYO ADMINISTRATIVO";"15";"ADMINISTRADOR (A) PUBLICO";"Región Metropolitana de Santiago";"(01)";"$ 1.491.702";"$ 1.172.878";"$ 0";"$ 93.121";"No";"No tiene";"No tiene";"No tiene";"01/01/2026";"31/12/2026";"No informa";"CANCELA PAGO TRIMESTRAL LEY 19.937 PERIODO 03/202+REMUNERACION MAR.2026";
"2026";"Marzo";"Profesional";"VALSASNINI ALVAREZ, IGNACIO LUCIANO";"JEFE DE DEPARTAMENTO";"11";"INGENIERO (A) EN CONECTIVIDAD Y REDES";"Región Metropolitana de Santiago";"(01)";"$ 2.251.180";"$ 1.790.008";"$ 0";"$ 153.089";"Sí";"$ 80.573 : 7,00 hrs";"$ 55.250 : 4,00 hrs";"No tiene";"01/01/2026";"31/12/2026";"No informa";"CANCELA PAGO TRIMESTRAL LEY 19.490 PERIODO 03/2026+CANCELA PAGO TRIMESTRAL LEY 19.937 PERIODO 03/2026+REMUNERACION MAR.2026";
"2026";"Marzo";"Profesional";"VARAS ALFARO, DENNYS DAVID";"Apoyo Administrativo";"8";"KINESIOLOGO (A)";"Región Metropolitana de Santiago";"(01)";"$ 3.020.266";"$ 2.271.824";"$ 0";"$ 289.439";"No";"No tiene";"No tiene";"No tiene";"01/01/2026";"31/12/2026";"No informa";"Sin observaciones";
"2026";"Marzo";"Profesional";"VARELA HERNANDEZ, NAYARET CAMILA";"Atencion Clinica";"15";"ENFERMERA (O)";"Región Metropolitana de Santiago";"(01)";"$ 1.687.746";"$ 1.406.225";"$ 0";"$ 0";"Sí";"$ 196.044 : 24,00 hrs";"No tiene";"No tiene";"01/01/2026";"31/03/2026";"No informa";"Sin observaciones";
"2026";"Marzo";"Auxiliar";"VARGAS CARVAJAL, MARCO ANTONIO";"CONDUCTOR";"19";"AUXILIAR";"Región Metropolitana de Santiago";"(186)";"$ 785.127";"$ 441.726";"$ 0";"$ 150.554";"Sí";"$ 42.014 : 10,00 hrs";"No tiene";"No tiene";"01/01/2026";"31/12/2026";"No informa";"CANCELA PAGO TRIMESTRAL LEY 19.490 PERIODO 03/2026+CANCELA PAGO TRIMESTRAL LEY 19.937 PERIODO 03/2026+REMUNERACION MAR.2026";
"2026";"Marzo";"Técnico";"VARGAS DONOSO, FERNANDA CAROLINA";"Atencion Clinica";"22";"TECNICO NIVEL SUPERIOR ODONTOLOGIA";"Región Metropolitana de Santiago";"(186)";"$ 954.886";"$ 737.585";"$ 0";"$ 145.183";"No";"No tiene";"No tiene";"No tiene";"01/01/2026";"31/12/2026";"No informa";"Sin observaciones";
"2026";"Marzo";"Profesional";"VARGAS DONOSO, JOHANNA ANDREA";"Atencion Clinica";"15";"KINESIOLOGO (A)";"Región Metropolitana de Santiago";"(186)";"$ 1.916.189";"$ 1.491.120";"$ 0";"$ 248.323";"Sí";"No tiene";"$ 50.214 : 5,00 hrs";"No tiene";"01/01/2026";"31/12/2026";"No informa";"Sin observaciones";
"2026";"Marzo";"Administrativo";"VARGAS LAGOS, JEIMIE CARENT";"APOYO ADMINISTRATIVO";"22";"ADMINISTRATIVO";"Región Metropolitana de Santiago";"(01)";"$ 743.635";"$ 629.730";"$ 0";"$ 65.054";"Sí";"$ 13.645 : 4,00 hrs";"$ 139.179 : 106,00 hrs";"No tiene";"01/03/2026";"24/03/2026";"No informa";"BONO VACACIONES 2026+CANCELA BONO ESCOLAR 2026-202603+PAGO BONO MENSUAL+PAGO POR MANTENEDOR DE CARGAS FAMILIARES RETROACTI+REEMPLAZO MAR.2026 (01-24)";
"2026";"Marzo";"Profesional";"VARGAS MIRANDA, VALENTINA ANDREA";"Atencion Clinica";"16";"ENFERMERA (O)";"Región Metropolitana de Santiago";"(01)";"$ 1.415.198";"$ 1.028.712";"$ 0";"$ 0";"No";"No tiene";"No tiene";"No tiene";"15/02/2026";"06/04/2026";"No informa";"CONTRATO POR REEMPLAZO";
"2026";"Marzo";"Profesional";"VARGAS MORALES, MARCELA IGNACIA";"Atencion Clinica";"16";"ENFERMERA (O)";"Región Metropolitana de Santiago";"(01)";"$ 45.651";"$ 37.625";"$ 0";"$ 0";"No";"No tiene";"No tiene";"No tiene";"01/01/2026";"01/03/2026";"No informa";"CONTRATO POR REEMPLAZO";
"2026";"Marzo";"Médicos cirujanos, farmacéuticos, químico-farmacéuticos, bioquímicos, cirujano-dentistas";"VARGAS MUÑOZ, LUIS ALBERTO";"Atencion Clinica Medica";"44 Hrs.";"MEDICO CIRUJANO";"Región Metropolitana de Santiago";"(86)(186)";"$ 4.824.068";"$ 3.941.345";"$ 0";"$ 0";"Sí";"$ 116.586 : 9,00 hrs";"$ 1.056.992 : 68,00 hrs";"No tiene";"01/01/2026";"31/12/2026";"No informa";"Sin observaciones";
"2026";"Marzo";"Técnico";"VARGAS PEREZ, KATHERINE DANAE";"ATENCION CLINICA";"22";"TECNICO NIVEL SUPERIOR ENFERMERIA";"Región Metropolitana de Santiago";"(202)(204)(186)";"$ 1.148.976";"$ 600.042";"$ 0";"$ 120.553";"No";"No tiene";"No tiene";"No tiene";"01/01/2026";"31/12/2026";"No informa";"CANCELA ASIG. TECNICA+CANCELA PAGO TRIMESTRAL LEY 19.490 Y LEY 19.937 PERIODO 03/2026+REMUNERACION MAR.2026";
"2026";"Marzo";"Técnico";"VARGAS RUBILAR, ESTEFANIA MACARENA";"Atencion Clinica";"21";"TECNICO NIVEL SUPERIOR ODONTOLOGIA";"Región Metropolitana de Santiago";"(186)";"$ 861.415";"$ 581.672";"$ 0";"$ 130.066";"No";"No tiene";"No tiene";"No tiene";"01/01/2026";"31/12/2026";"No informa";"Sin observaciones";
"2026";"Marzo";"Médicos cirujanos, farmacéuticos, químico-farmacéuticos, bioquímicos, cirujano-dentistas";"VARGAS TRONCOSO, PABLO ANDRES";"Quimico Farmaceutico";"22 Hrs.";"QUIMICO FARMACEUTICO";"Región Metropolitana de Santiago";"(188)(186)";"$ 2.164.486";"$ 1.654.758";"$ 0";"$ 0";"No";"No tiene";"No tiene";"No tiene";"01/01/2026";"31/12/2026";"No informa";"Sin observaciones";
"2026";"Marzo";"Médicos cirujanos, farmacéuticos, químico-farmacéuticos, bioquímicos, cirujano-dentistas";"VARGAS TRONCOSO, PABLO ANDRES";"Quimico Farmaceutico";"22 Hrs.";"QUIMICO FARMACEUTICO";"Región Metropolitana de Santiago";"(188)(186)";"$ 2.164.486";"$ 1.836.926";"$ 0";"$ 0";"No";"No tiene";"No tiene";"No tiene";"01/01/2026";"31/12/2026";"No informa";"Sin observaciones";
"2026";"Marzo";"Auxiliar";"VASQUEZ ALVARADO, ERIC OSVALDO";"Apoyo Logistico";"18";"AUXILIAR";"Región Metropolitana de Santiago";"(01)";"$ 1.051.854";"$ 826.904";"$ 0";"$ 152.712";"Sí";"$ 86.424 : 20,00 hrs";"$ 51.855 : 10,00 hrs";"No tiene";"01/01/2026";"31/12/2026";"No informa";"Sin observaciones";
"2026";"Marzo";"Profesional";"VASQUEZ BARRIOS, CAMILA FERNANDA";"Apoyo Administrativo";"12";"ADMINISTRADOR (A) PUBLICO";"Región Metropolitana de Santiago";"(186)";"$ 2.075.478";"$ 1.629.649";"$ 0";"$ 120.417";"No";"No tiene";"No tiene";"No tiene";"01/01/2026";"31/12/2026";"No informa";"REMUNERACION MARZO 2026 + BONOS TRIMESTRALES";
"2026";"Marzo";"Profesional";"VASQUEZ CAMPOS, FABIOLA ALEJANDRA";"Apoyo Administrativo";"13";"INGENIERO (A) CIVIL INDUSTRIAL";"Región Metropolitana de Santiago";"(01)";"$ 1.770.239";"$ 1.438.410";"$ 0";"$ 0";"No";"No tiene";"No tiene";"No tiene";"01/01/2026";"06/04/2026";"No informa";"CONTRATO EN REEMPLAZO";
"2026";"Marzo";"Profesional";"VASQUEZ CASTILLO, GLORIA XIMENA";"Apoyo Administrativo";"8";"KINESIOLOGO (A)";"Región Metropolitana de Santiago";"(186)";"$ 3.582.850";"$ 2.492.075";"$ 0";"$ 686.709";"No";"No tiene";"No tiene";"No tiene";"01/01/2026";"31/12/2026";"No informa";"Sin observaciones";
"2026";"Marzo";"Administrativo";"VASQUEZ CID, CLAUDIA CAROLINA";"Apoyo Administrativo";"16";"INGENIERO (A) EJECUCION ADMINISTRACION DE EMPRESAS";"Región Metropolitana de Santiago";"(186)(186)";"$ 1.779.119";"$ 1.011.052";"$ 0";"$ 389.588";"Sí";"$ 28.920 : 4,00 hrs";"No tiene";"No tiene";"01/01/2026";"31/12/2026";"No informa";"Sin observaciones";
"2026";"Marzo";"Administrativo";"VASQUEZ FERNANDEZ, MURIEL";"SECRETARIA";"16";"TECNICO NIVEL SUPERIOR EN SECRETARIA";"Región Metropolitana de Santiago";"(186)";"$ 1.115.427";"$ 899.599";"$ 0";"$ 195.242";"Sí";"$ 135.568 : 28,00 hrs";"$ 58.101 : 10,00 hrs";"No tiene";"01/01/2026";"31/12/2026";"No informa";"CANCELA BONO ESCOLAR 2026-202603+CANCELA PAGO TRIMESTRAL LEY 19.490 Y LEY 19.937 PERIODO 03/2026+REMUNERACION MAR.2026";
"2026";"Marzo";"Técnico";"VASQUEZ FERREIRA, CARLOS SEBASTIAN";"ATENCION CLINICA";"22";"TECNICO NIVEL SUPERIOR ENFERMERIA";"Región Metropolitana de Santiago";"(01)";"$ 977.109";"$ 834.591";"$ 0";"$ 0";"Sí";"No tiene";"$ 270.171 : 118,00 hrs";"No tiene";"01/03/2026";"29/03/2026";"No informa";"PAGO BONO MENSUAL+REEMPLAZO MAR.2026 (01-29)";
"2026";"Marzo";"Administrativo";"VASQUEZ FLORES, CRISTOPHER ANTONIO";"Apoyo Administrativo";"16";"INGENIERO (A) EN ADMINISTRACION DE RECURSOS HUMANOS";"Región Metropolitana de Santiago";"(01)";"$ 1.387.485";"$ 1.133.883";"$ 0";"$ 0";"Sí";"$ 42.823 : 6,00 hrs";"No tiene";"No tiene";"01/01/2026";"31/12/2026";"No informa";"Sin observaciones";
"2026";"Marzo";"Profesional";"VASQUEZ GALLARDO, CESAR ALFREDO";"Director Zonal";"5";"PSICOLOGO (A)";"Región Metropolitana de Santiago";"(186)";"$ 4.381.220";"$ 3.404.175";"$ 0";"$ 779.450";"No";"No tiene";"No tiene";"No tiene";"01/01/2026";"31/12/2026";"No informa";"Sin observaciones";
"2026";"Marzo";"Médicos cirujanos, farmacéuticos, químico-farmacéuticos, bioquímicos, cirujano-dentistas";"VASQUEZ NAVARRETE, BRIAN ELIAS";"Atencion Clinica Medica";"44 Hrs.";"MEDICO CIRUJANO";"Región Metropolitana de Santiago";"(86)(186)";"$ 3.465.905";"$ 2.727.676";"$ 0";"$ 0";"No";"No tiene";"No tiene";"No tiene";"01/01/2026";"31/12/2026";"No informa";"Sin observaciones";
"2026";"Marzo";"Auxiliar";"VASQUEZ PADILLA, JOSE MIGUEL";"Apoyo Logistico";"22";"AUXILIAR";"Región Metropolitana de Santiago";"(202)(186)";"$ 1.100.242";"$ 847.501";"$ 0";"$ 134.812";"No";"No tiene";"No tiene";"No tiene";"01/01/2026";"31/12/2026";"No informa";"Sin observaciones";
"2026";"Marzo";"Profesional";"VASQUEZ RIVEROS, CARLA ANDREA";"Jefe Unidad de Apoyo";"6";"NUTRICIONISTA";"Región Metropolitana de Santiago";"(186)";"$ 3.984.292";"$ 3.066.177";"$ 0";"$ 589.099";"No";"No tiene";"No tiene";"No tiene";"01/01/2026";"31/12/2026";"No informa";"REMUNERACION MARZO 2026 + BONOS TRIMESTRALES";
"2026";"Marzo";"Médicos cirujanos, farmacéuticos, químico-farmacéuticos, bioquímicos, cirujano-dentistas";"VASQUEZ RUIZ, MARIANA CECILIA";"Medico Becario Primario";"44 Hrs.";"MEDICO CIRUJANO";"Región Metropolitana de Santiago";"(01)";"$ 3.550.333";"$ 2.929.062";"$ 0";"$ 0";"No";"No tiene";"No tiene";"No tiene";"07/04/2025";"06/04/2026";"No informa";"Sin observaciones";
"2026";"Marzo";"Técnico";"VASQUEZ SAEZ, TARIN VANESSA";"ATENCION CLINICA";"22";"TECNICO NIVEL SUPERIOR ENFERMERIA";"Región Metropolitana de Santiago";"(202)(204)(186)";"$ 1.086.322";"$ 630.065";"$ 0";"$ 133.516";"No";"No tiene";"No tiene";"No tiene";"01/01/2026";"31/12/2026";"No informa";"CANCELA ASIG. TECNICA+CANCELA PAGO TRIMESTRAL LEY 19.490 Y LEY 19.937 PERIODO 03/2026+REMUNERACION MAR.2026";
"2026";"Marzo";"Auxiliar";"VEGA MIRANDA, JOSE IGNACIO";"CONDUCTOR";"22";"TECNICO NIVEL SUPERIOR ENFERMERIA";"Región Metropolitana de Santiago";"(205)(202)(204)";"$ 1.135.206";"$ 769.831";"$ 0";"$ 124.442";"No";"No tiene";"No tiene";"No tiene";"01/01/2026";"31/12/2026";"No informa";"CANCELA ASIG. TECNICA+CANCELA PAGO TRIMESTRAL LEY 19.490 Y LEY 19.937 PERIODO 03/2026+REMUNERACION MAR.2026";
"2026";"Marzo";"Profesional";"VEJAR CONTRERAS, CARLOS FABIAN";"Subdirector";"7";"KINESIOLOGO (A)";"Región Metropolitana de Santiago";"(186)";"$ 3.542.953";"$ 2.587.290";"$ 0";"$ 437.561";"No";"No tiene";"No tiene";"No tiene";"01/01/2026";"31/12/2026";"No informa";"REMUNERACION MARZO 2026 + BONOS TRIMESTRALES";
"2026";"Marzo";"Profesional";"VELASQUEZ CONTRERAS, LESLIE GABRIELA";"APOYO ADMINISTRATIVO";"11";"INGENIERO (A) CIVIL BIOMEDICO";"Región Metropolitana de Santiago";"(01)";"$ 2.115.357";"$ 1.713.914";"$ 0";"$ 0";"No";"No tiene";"No tiene";"No tiene";"01/01/2026";"31/12/2026";"No informa";"REMUNERACION MAR.2026";
"2026";"Marzo";"Médicos cirujanos, farmacéuticos, químico-farmacéuticos, bioquímicos, cirujano-dentistas";"VELASQUEZ OSORIO, KARIN FERNANDA";"Psiquiatria Adultos";"22 Hrs.";"MEDICO CIRUJANO";"Región Metropolitana de Santiago";"(86)(186)";"$ 3.594.168";"$ 2.848.295";"$ 0";"$ 0";"No";"No tiene";"No tiene";"No tiene";"01/01/2026";"31/12/2026";"No informa";"Sin observaciones";
"2026";"Marzo";"Profesional";"VELASQUEZ SANCHEZ, MARIA TERESA";"Atencion Clinica";"15";"ASISTENTE SOCIAL";"Región Metropolitana de Santiago";"(186)(220)(186)";"$ 2.310.538";"$ 1.684.702";"$ 0";"$ 217.282";"Sí";"$ 249.566 : 30,00 hrs";"$ 159.723 : 16,00 hrs";"No tiene";"01/01/2026";"31/12/2026";"No informa";"Sin observaciones";
"2026";"Marzo";"Técnico";"VELIZ FARIAS, MARIA VICTORIA";"Atencion Clinica";"22";"TECNICO NIVEL SUPERIOR ENFERMERIA";"Región Metropolitana de Santiago";"(186)";"$ 920.302";"$ 716.919";"$ 0";"$ 124.442";"No";"No tiene";"No tiene";"No tiene";"01/01/2026";"31/12/2026";"No informa";"Sin observaciones";
"2026";"Marzo";"Profesional";"VELIZ PEREZ, KATHERINE MASSIEL";"Apoyo Administrativo";"6";"INGENIERO (A) EJECUCION ADMINISTRACION";"Región Metropolitana de Santiago";"(186)";"$ 4.674.935";"$ 3.513.537";"$ 0";"$ 1.245.141";"No";"No tiene";"No tiene";"No tiene";"01/01/2026";"31/12/2026";"No informa";"REMUNERACION MARZO 2026 + BONOS TRIMESTRALES";
"2026";"Marzo";"Profesional";"VELOSO CABRERA, RAUL EDUARDO";"ATENCION CLINICA";"12";"ENFERMERA (O)";"Región Metropolitana de Santiago";"(203)(204)(186)";"$ 3.480.795";"$ 2.651.616";"$ 0";"$ 485.681";"Sí";"$ 174.058 : 16,00 hrs";"$ 261.087 : 20,00 hrs";"No tiene";"01/01/2026";"31/12/2026";"No informa";"CANCELA PAGO TRIMESTRAL LEY 19.490 PERIODO 03/2026+CANCELA PAGO TRIMESTRAL LEY 19.937 PERIODO 03/2026+REMUNERACION MAR.2026";
"2026";"Marzo";"Médicos cirujanos, farmacéuticos, químico-farmacéuticos, bioquímicos, cirujano-dentistas";"VENEGAS AÑAZCO, CLAUDIO FELIPE";"Atencion Odontologica";"22 Hrs.";"CIRUJANO DENTISTA";"Región Metropolitana de Santiago";"(01)";"$ 1.233.933";"$ 1.015.918";"$ 0";"$ 0";"No";"No tiene";"No tiene";"No tiene";"01/01/2026";"31/03/2026";"No informa";"Sin observaciones";
"2026";"Marzo";"Profesional";"VENEGAS AROS, JOSE MIGUEL";"Apoyo Administrativo";"12";"ADMINISTRADOR (A) PUBLICO";"Región Metropolitana de Santiago";"(01)";"$ 2.253.699";"$ 1.771.266";"$ 0";"$ 140.486";"Sí";"$ 42.252 : 4,00 hrs";"$ 126.754 : 10,00 hrs";"No tiene";"01/01/2026";"31/12/2026";"No informa";"Sin observaciones";
"2026";"Marzo";"Profesional";"VENEGAS AVILES, OSCAR ANDRES";"JEFE DE DEPARTAMENTO";"7";"INGENIERO (A) COMERCIAL";"Región Metropolitana de Santiago";"(186)";"$ 3.061.738";"$ 2.339.371";"$ 0";"$ 487.568";"No";"No tiene";"No tiene";"No tiene";"01/01/2026";"31/12/2026";"No informa";"CANCELA PAGO TRIMESTRAL LEY 19.490 PERIODO 03/2026+CANCELA PAGO TRIMESTRAL LEY 19.937 PERIODO 03/2026+REMUNERACION MAR.2026";
"2026";"Marzo";"Administrativo";"VENEGAS BAHAMONDES, ISABEL ALEJANDRA";"Secretaria";"13";"ADMINISTRATIVO";"Región Metropolitana de Santiago";"(186)";"$ 1.546.500";"$ 1.074.184";"$ 0";"$ 438.220";"Sí";"$ 76.171 : 13,00 hrs";"No tiene";"No tiene";"01/01/2026";"31/12/2026";"No informa";"REMUNERACION MARZO 2026 + BONOS TRIMESTRALES";
"2026";"Marzo";"Profesional";"VENEGAS GARRIDO, VIOLETA SOLANGE";"Apoyo Administrativo";"8";"CONTADOR (A) AUDITOR (A)";"Región Metropolitana de Santiago";"(186)";"$ 3.249.119";"$ 2.013.309";"$ 0";"$ 786.750";"No";"No tiene";"No tiene";"No tiene";"01/01/2026";"31/12/2026";"No informa";"Sin observaciones";
"2026";"Marzo";"Administrativo";"VENEGAS IBIETA, LUIS ALBERTO";"Apoyo Logistico";"16";"ADMINISTRATIVO";"Región Metropolitana de Santiago";"(01)";"$ 1.260.456";"$ 987.583";"$ 0";"$ 211.349";"Sí";"$ 80.731 : 17,00 hrs";"No tiene";"No tiene";"01/01/2026";"31/03/2026";"No informa";"REMUNERACION MARZO 2026 + BONOS TRIMESTRALES";
"2026";"Marzo";"Profesional";"VERA GUTIERREZ, JOB ISRAEL";"ATENCION CLINICA";"12";"ENFERMERA (O)";"Región Metropolitana de Santiago";"(203)(204)(186)";"$ 3.045.650";"$ 2.294.932";"$ 0";"$ 353.222";"No";"No tiene";"No tiene";"No tiene";"01/01/2026";"31/12/2026";"No informa";"CANCELA PAGO TRIMESTRAL LEY 19.490 PERIODO 03/2026+CANCELA PAGO TRIMESTRAL LEY 19.937 PERIODO 03/2026+REMUNERACION MAR.2026";
"2026";"Marzo";"Profesional";"VERA HIGUERA, EVA MARIA";"Apoyo Administrativo";"12";"INGENIERO (A) EN GESTION DE RECURSOS HUMANOS";"Región Metropolitana de Santiago";"(186)";"$ 2.349.230";"$ 1.836.784";"$ 0";"$ 280.972";"No";"No tiene";"No tiene";"No tiene";"01/01/2026";"31/12/2026";"No informa";"Sin observaciones";
"2026";"Marzo";"Profesional";"VERA HIGUERA, KATHERINE ANDREA";"Apoyo Administrativo";"6";"INGENIERO (A) ADMINISTRACION DE EMPRESAS";"Región Metropolitana de Santiago";"(01)";"$ 4.083.578";"$ 3.113.404";"$ 0";"$ 722.985";"No";"No tiene";"No tiene";"No tiene";"01/01/2026";"31/12/2026";"No informa";"Sin observaciones";
"2026";"Marzo";"Auxiliar";"VERA MARIN, IGNACIO ANDRES";"CONDUCTOR";"22";"TECNICO NIVEL MEDIO EN ALIMENTACION";"Región Metropolitana de Santiago";"(205)(202)(204)";"$ 1.427.154";"$ 826.778";"$ 0";"$ 114.072";"Sí";"$ 163.740 : 48,00 hrs";"$ 184.208 : 45,00 hrs";"No tiene";"01/01/2026";"31/12/2026";"No informa";"CANCELA PAGO TRIMESTRAL LEY 19.937 PERIODO 03/2026+REMUNERACION MAR.2026+REGULARIZA PAGO HHEE MES(ES) ANTERIOR(ES)";
"2026";"Marzo";"Profesional";"VERA MONTENEGRO, GASTON ANIBAL";"Apoyo Administrativo";"6";"INGENIERO (A) EJECUCION MECANICA";"Región Metropolitana de Santiago";"(186)";"$ 3.782.908";"$ 2.917.041";"$ 0";"$ 461.907";"No";"No tiene";"No tiene";"No tiene";"01/01/2026";"31/12/2026";"No informa";"REMUNERACION MARZO 2026 + BONOS TRIMESTRALES";
"2026";"Marzo";"Técnico";"VERA SOTO, CARLOS ALBERTO";"ATENCION CLINICA";"22";"TECNICO NIVEL SUPERIOR ENFERMERIA";"Región Metropolitana de Santiago";"(202)(204)(186)";"$ 1.259.337";"$ 1.000.139";"$ 0";"$ 114.072";"Sí";"$ 38.526 : 11,00 hrs";"$ 134.489 : 32,00 hrs";"No tiene";"01/01/2026";"31/12/2026";"No informa";"CANCELA ASIG. TECNICA+CANCELA PAGO TRIMESTRAL LEY 19.937 PERIODO 03/2026+REMUNERACION MAR.2026";
"2026";"Marzo";"Administrativo";"VERA VASQUEZ, SEBASTIAN AGUSTIN";"APOYO ADMINISTRATIVO";"22";"ADMINISTRATIVO";"Región Metropolitana de Santiago";"(01)";"$ 435.004";"$ 379.780";"$ 0";"$ 0";"Sí";"No tiene";"$ 118.712 : 97,00 hrs";"No tiene";"26/02/2026";"11/03/2026";"No informa";"PAGO BONO MENSUAL+REEMPLAZO FEB.2026 (26-28)+REEMPLAZO MAR.2026 (01-11)";
"2026";"Marzo";"Profesional";"VERAGUA ORTEGA, MICHELLE BLANCA";"Apoyo Administrativo";"16";"TECNOLOGO (A) EN INFORMATICA BIOMEDICA";"Región Metropolitana de Santiago";"(01)";"$ 1.522.126";"$ 1.182.781";"$ 0";"$ 145.094";"Sí";"$ 7.487 : 1,00 hrs";"No tiene";"No tiene";"01/01/2026";"31/12/2026";"No informa";"Sin observaciones";
"2026";"Marzo";"Técnico";"VERGARA AREVALO, MOISES ELISEO";"Atencion Clinica";"20";"TECNICO NIVEL SUPERIOR RECURSOS HUMANOS";"Región Metropolitana de Santiago";"(186)";"$ 1.118.690";"$ 898.074";"$ 0";"$ 153.443";"Sí";"$ 156.696 : 40,00 hrs";"$ 56.411 : 12,00 hrs";"No tiene";"01/01/2026";"31/12/2026";"No informa";"Sin observaciones";
"2026";"Marzo";"Médicos cirujanos, farmacéuticos, químico-farmacéuticos, bioquímicos, cirujano-dentistas";"VERGARA CABRERA, CRISTOBAL TOMAS";"Atencion Clinica Medica";"44 Hrs.";"MEDICO CIRUJANO";"Región Metropolitana de Santiago";"(86)";"$ 3.007.345";"$ 2.382.878";"$ 0";"$ 0";"No";"No tiene";"No tiene";"No tiene";"01/01/2026";"31/12/2026";"No informa";"Sin observaciones";
"2026";"Marzo";"Técnico";"VERGARA CONTRERAS, SIGRID FABIOLA";"Atencion Clinica";"21";"AUXILIAR PARAMEDICO DE ENFERMERIA";"Región Metropolitana de Santiago";"(186)";"$ 820.281";"$ 620.333";"$ 0";"$ 137.059";"No";"No tiene";"No tiene";"No tiene";"01/01/2026";"31/12/2026";"No informa";"Sin observaciones";
"2026";"Marzo";"Técnico";"VERGARA LAGOS, DARWIN NOE";"Apoyo Administrativo";"14";"TECNICO EN COMPUTACION";"Región Metropolitana de Santiago";"(186)";"$ 2.157.314";"$ 1.536.759";"$ 0";"$ 506.689";"No";"No tiene";"No tiene";"No tiene";"01/01/2026";"31/12/2026";"No informa";"REMUNERACION MARZO 2026 + BONOS TRIMESTRALES";
"2026";"Marzo";"Médicos cirujanos, farmacéuticos, químico-farmacéuticos, bioquímicos, cirujano-dentistas";"VERGARA MUÑOZ, MARIA SOLEDAD";"Atencion Clinica Medica";"44 Hrs.";"MEDICO CIRUJANO";"Región Metropolitana de Santiago";"(186)(86)(186)";"$ 3.465.905";"$ 2.664.314";"$ 0";"$ 0";"No";"No tiene";"No tiene";"No tiene";"01/01/2026";"31/12/2026";"No informa";"Sin observaciones";
"2026";"Marzo";"Administrativo";"VERGARA NAVARRETE, SANDRA DE LOURDES";"Apoyo Administrativo";"18";"ADMINISTRATIVO";"Región Metropolitana de Santiago";"(186)";"$ 1.215.389";"$ 843.659";"$ 0";"$ 379.317";"No";"No tiene";"No tiene";"No tiene";"01/01/2026";"31/12/2026";"No informa";"Sin observaciones";
"2026";"Marzo";"Médicos cirujanos, farmacéuticos, químico-farmacéuticos, bioquímicos, cirujano-dentistas";"VERGARA ORELLANA, IGNACIA JESUS";"Atencion Odontologica";"22 Hrs.";"CIRUJANO DENTISTA";"Región Metropolitana de Santiago";"(188)(186)";"$ 2.434.220";"$ 1.963.774";"$ 0";"$ 0";"No";"No tiene";"No tiene";"No tiene";"01/01/2026";"31/12/2026";"No informa";"Sin observaciones";
"2026";"Marzo";"Profesional";"VERGARA SAAVEDRA, KATIA ANDREA";"Atencion Clinica";"16";"TERAPEUTA OCUPACIONAL";"Región Metropolitana de Santiago";"(186)(186)";"$ 1.291.065";"$ 1.054.502";"$ 0";"$ 0";"Sí";"$ 97.932 : 13,00 hrs";"$ 45.199 : 5,00 hrs";"No tiene";"01/01/2026";"25/03/2026";"No informa";"CONTRATO POR REEMPLAZO";
"2026";"Marzo";"Profesional";"VERGARA TORRES, ALEXIS ANDRES";"Apoyo Administrativo";"8";"KINESIOLOGO (A)";"Región Metropolitana de Santiago";"(186)";"$ 3.335.400";"$ 2.522.352";"$ 0";"$ 454.023";"No";"No tiene";"No tiene";"No tiene";"01/01/2026";"31/12/2026";"No informa";"Sin observaciones";
"2026";"Marzo";"Médicos cirujanos, farmacéuticos, químico-farmacéuticos, bioquímicos, cirujano-dentistas";"VERGARA VARGAS, ALEJANDRA ANDREA";"CIRUGIA GENERAL";"28 Hrs.";"MEDICO CIRUJANO";"Región Metropolitana de Santiago";"(194)(193)(198)(186)";"$ 3.503.048";"$ 2.699.446";"$ 0";"$ 200.758";"No";"No tiene";"No tiene";"No tiene";"01/01/2026";"31/12/2026";"No informa";"BONO VACACIONES 2026+PAGO ASIGNACION METAS DE PRODUCCION Y CALIDAD PERIODO 03/2026+REMUNERACION MAR.2026";
"2026";"Marzo";"Profesional";"VERGARA VILLEGAS, CLAUDIA ANDREA";"ATENCION CLINICA";"11";"KINESIOLOGO (A)";"Región Metropolitana de Santiago";"(203)(204)(186)";"$ 3.312.024";"$ 2.456.159";"$ 0";"$ 642.973";"No";"No tiene";"No tiene";"No tiene";"01/01/2026";"31/12/2026";"No informa";"CANCELA PAGO TRIMESTRAL LEY 19.490 PERIODO 03/2026+CANCELA PAGO TRIMESTRAL LEY 19.937 PERIODO 03/2026+REMUNERACION MAR.2026";
"2026";"Marzo";"Administrativo";"VIAL SANDOVAL, YARNA SCARLETTE";"Apoyo Administrativo";"22";"ADMINISTRATIVO";"Región Metropolitana de Santiago";"(186)";"$ 753.511";"$ 570.004";"$ 0";"$ 120.553";"No";"No tiene";"No tiene";"No tiene";"01/01/2026";"31/12/2026";"No informa";"Sin observaciones";
"2026";"Marzo";"Profesional";"VICUÑA MADARIAGA, BARBARA PAOLA";"ATENCION CLINICA";"13";"ENFERMERA (O)";"Región Metropolitana de Santiago";"(203)(204)";"$ 2.747.383";"$ 2.230.164";"$ 0";"$ 18.819";"No";"No tiene";"No tiene";"No tiene";"01/01/2026";"31/12/2026";"No informa";"BONO VACACIONES 2026+REMUNERACION MAR.2026";
"2026";"Marzo";"Técnico";"VIDAL CONTRERAS, MANUEL ANGEL";"ATENCION CLINICA";"21";"TECNICO NIVEL SUPERIOR ENFERMERIA";"Región Metropolitana de Santiago";"(203)(204)(186)";"$ 1.009.963";"$ 469.424";"$ 0";"$ 179.015";"No";"No tiene";"No tiene";"No tiene";"01/01/2026";"31/12/2026";"No informa";"CANCELA ASIG. TECNICA+CANCELA PAGO TRIMESTRAL LEY 19.490 Y LEY 19.937 PERIODO 03/2026+REMUNERACION MAR.2026";
"2026";"Marzo";"Médicos cirujanos, farmacéuticos, químico-farmacéuticos, bioquímicos, cirujano-dentistas";"VIDAL GONZALEZ, NATALIA ANDREA";"Psiquiatria Adultos";"22 Hrs.";"MEDICO CIRUJANO";"Región Metropolitana de Santiago";"(86)(186)";"$ 3.634.629";"$ 2.857.149";"$ 0";"$ 0";"No";"No tiene";"No tiene";"No tiene";"01/01/2026";"31/12/2026";"No informa";"Sin observaciones";
"2026";"Marzo";"Profesional";"VIDAL SEPULVEDA, DANIELA ALEJANDRA";"Atencion Clinica";"15";"ENFERMERA (O)";"Región Metropolitana de Santiago";"(01)";"$ 1.739.861";"$ 1.347.204";"$ 0";"$ 158.305";"Sí";"$ 89.854 : 11,00 hrs";"No tiene";"No tiene";"01/01/2026";"31/12/2026";"No informa";"Sin observaciones";
"2026";"Marzo";"Profesional";"VIDELA MARTINEZ, PABLO ANDRES";"Jefe de Subdepartamento";"5";"INGENIERO (A) CIVIL INDUSTRIAL";"Región Metropolitana de Santiago";"(186)";"$ 4.132.138";"$ 3.227.258";"$ 0";"$ 548.502";"No";"No tiene";"No tiene";"No tiene";"01/01/2026";"31/12/2026";"No informa";"REMUNERACION MARZO 2026 + BONOS TRIMESTRALES";
"2026";"Marzo";"Auxiliar";"VIDELA RETAMAL, GUILLERMO ANTONIO";"CONDUCTOR";"22";"AUXILIAR";"Región Metropolitana de Santiago";"(205)(202)(204)";"$ 1.087.740";"$ 759.669";"$ 0";"$ 134.812";"No";"No tiene";"No tiene";"No tiene";"01/01/2026";"31/12/2026";"No informa";"CANCELA PAGO TRIMESTRAL LEY 19.490 PERIODO 03/2026+CANCELA PAGO TRIMESTRAL LEY 19.937 PERIODO 03/2026+REMUNERACION MAR.2026";
"2026";"Marzo";"Técnico";"VIGORENA BECERRA, MAURICIO ABRAHAM";"ATENCION CLINICA";"21";"TECNICO NIVEL SUPERIOR ENFERMERIA";"Región Metropolitana de Santiago";"(203)(204)(186)";"$ 1.109.032";"$ 801.713";"$ 0";"$ 144.051";"Sí";"$ 53.345 : 14,00 hrs";"$ 45.724 : 10,00 hrs";"No tiene";"01/01/2026";"31/12/2026";"No informa";"CANCELA ASIG. TECNICA+CANCELA PAGO TRIMESTRAL LEY 19.490 Y LEY 19.937 PERIODO 03/2026+REMUNERACION MAR.2026";
"2026";"Marzo";"Técnico";"VILCHE CIFUENTES, JULIO ESTEBAN";"ATENCION CLINICA";"22";"TECNICO NIVEL SUPERIOR ENFERMERIA";"Región Metropolitana de Santiago";"(202)(204)";"$ 1.004.983";"$ 784.705";"$ 0";"$ 6.481";"No";"No tiene";"No tiene";"No tiene";"01/01/2026";"31/03/2026";"No informa";"CANCELA PAGO TRIMESTRAL LEY 19.490 PERIODO 03/2026+REMUNERACION MAR.2026";
"2026";"Marzo";"Profesional";"VILLA CASTRO, BRUNELA PAZ";"Atencion Clinica";"15";"FONOAUDIOLOGO (A)";"Región Metropolitana de Santiago";"(01)";"$ 1.491.702";"$ 1.205.707";"$ 0";"$ 0";"No";"No tiene";"No tiene";"No tiene";"01/01/2026";"31/03/2026";"No informa";"Sin observaciones";
"2026";"Marzo";"Profesional";"VILLA RIQUELME, ANDRES ALFONSO";"JEFE DE DEPARTAMENTO";"6";"ADMINISTRADOR (A) PUBLICO";"Región Metropolitana de Santiago";"(186)";"$ 3.429.794";"$ 2.667.554";"$ 0";"$ 535.544";"No";"No tiene";"No tiene";"No tiene";"01/01/2026";"31/12/2026";"No informa";"CANCELA PAGO TRIMESTRAL LEY 19.490 PERIODO 03/2026+CANCELA PAGO TRIMESTRAL LEY 19.937 PERIODO 03/2026+REMUNERACION MAR.2026";
"2026";"Marzo";"Auxiliar";"VILLABLANCA QUEZADA, ALICIA AURORA";"Chofer";"19";"AUXILIAR";"Región Metropolitana de Santiago";"(205)(186)";"$ 1.737.201";"$ 1.410.593";"$ 0";"$ 239.946";"Sí";"$ 86.260 : 20,00 hrs";"$ 574.489 : 111,00 hrs";"No tiene";"01/01/2026";"31/12/2026";"No informa";"Sin observaciones";
"2026";"Marzo";"Administrativo";"VILLAGRA MESA, INES MAGDALENA";"Apoyo Administrativo";"21";"ADMINISTRATIVO";"Región Metropolitana de Santiago";"(01)";"$ 780.038";"$ 593.221";"$ 0";"$ 130.066";"No";"No tiene";"No tiene";"No tiene";"01/01/2026";"31/12/2026";"No informa";"Sin observaciones";
"2026";"Marzo";"Administrativo";"VILLAGRA VILLAGRA, MARITZA DEL CARMEN";"Apoyo Administrativo";"21";"ADMINISTRATIVO";"Región Metropolitana de Santiago";"(186)";"$ 1.023.244";"$ 832.185";"$ 0";"$ 130.066";"Sí";"$ 148.516 : 40,00 hrs";"$ 89.109 : 20,00 hrs";"No tiene";"01/01/2026";"31/12/2026";"No informa";"Sin observaciones";
"2026";"Marzo";"Profesional";"VILLAGRAN BARRAZA, CAROLINA ANDREA";"Atencion Clinica";"15";"ENFERMERA (O)";"Región Metropolitana de Santiago";"(186)";"$ 1.750.115";"$ 1.342.689";"$ 0";"$ 158.305";"No";"No tiene";"No tiene";"No tiene";"01/01/2026";"31/12/2026";"No informa";"Sin observaciones";
"2026";"Marzo";"Profesional";"VILLALBA PEDREROS, SILVIA PAOLA";"Apoyo Administrativo";"10";"ASISTENTE SOCIAL";"Región Metropolitana de Santiago";"(186)";"$ 2.752.127";"$ 2.035.144";"$ 0";"$ 333.665";"No";"No tiene";"No tiene";"No tiene";"01/01/2026";"31/12/2026";"No informa";"Sin observaciones";
"2026";"Marzo";"Médicos cirujanos, farmacéuticos, químico-farmacéuticos, bioquímicos, cirujano-dentistas";"VILLALOBOS DE CALDERA, IRAIS JOSEFINA";"Atencion Clinica Medica";"44 Hrs.";"MEDICO CIRUJANO";"Región Metropolitana de Santiago";"(01)";"$ 1.928.381";"$ 1.563.536";"$ 0";"$ 0";"No";"No tiene";"No tiene";"No tiene";"01/01/2026";"31/12/2026";"No informa";"Sin observaciones";
"2026";"Marzo";"Profesional";"VILLALOBOS MATAMALA, ORIANA LISSETTE";"Apoyo Administrativo";"11";"TECNOLOGO (A) MEDICO";"Región Metropolitana de Santiago";"(186)";"$ 2.571.631";"$ 1.922.503";"$ 0";"$ 306.178";"No";"No tiene";"No tiene";"No tiene";"01/01/2026";"31/12/2026";"No informa";"Sin observaciones";
"2026";"Marzo";"Profesional";"VILLANE YAÑEZ, BEATRIZ CONSTANZA";"Jefe de Unidad";"6";"PSICOLOGO (A)";"Región Metropolitana de Santiago";"(186)(186)";"$ 4.396.557";"$ 2.999.933";"$ 0";"$ 984.063";"No";"No tiene";"No tiene";"No tiene";"01/01/2026";"31/12/2026";"No informa";"REMUNERACION MARZO 2026 + BONOS TRIMESTRALES";
"2026";"Marzo";"Profesional";"VILLANUEVA ESPINOSA, CYNTHIA JOSELYN";"Apoyo Administrativo";"12";"ENFERMERA (O)";"Región Metropolitana de Santiago";"(186)";"$ 2.432.333";"$ 1.864.318";"$ 0";"$ 353.222";"No";"No tiene";"No tiene";"No tiene";"01/01/2026";"31/12/2026";"No informa";"REMUNERACION MARZO 2026 + BONOS TRIMESTRALES";
"2026";"Marzo";"Profesional";"VILLARROEL GONZALEZ, CATALINA XIMENA";"Apoyo Administrativo";"6";"ENFERMERA (O)";"Región Metropolitana de Santiago";"(186)";"$ 4.100.878";"$ 3.149.637";"$ 0";"$ 722.985";"No";"No tiene";"No tiene";"No tiene";"01/01/2026";"31/12/2026";"No informa";"Sin observaciones";
"2026";"Marzo";"Profesional";"VILLARROEL LERZUNDI, CIRO EUGENIO";"Apoyo Administrativo";"10";"PROFESIONAL Y TECNICO UNIVERSITARIO";"Región Metropolitana de Santiago";"(186)";"$ 2.952.166";"$ 2.200.377";"$ 0";"$ 495.732";"No";"No tiene";"No tiene";"No tiene";"01/01/2026";"31/12/2026";"No informa";"REMUNERACION MARZO 2026 + BONOS TRIMESTRALES";
"2026";"Marzo";"Profesional";"VILLARROEL SAN MARTIN, QUIDORA SOLEDAD";"Apoyo Administrativo";"15";"ASISTENTE SOCIAL";"Región Metropolitana de Santiago";"(186)";"$ 1.758.728";"$ 1.345.882";"$ 0";"$ 158.305";"No";"No tiene";"No tiene";"No tiene";"01/01/2026";"31/12/2026";"No informa";"Sin observaciones";
"2026";"Marzo";"Profesional";"VILLEGAS ANDRADE, FERNANDO ZACHARY";"Atencion Clinica";"15";"ENFERMERO (A) MATRON (A)";"Región Metropolitana de Santiago";"(01)";"$ 1.491.706";"$ 1.218.025";"$ 0";"$ 0";"No";"No tiene";"No tiene";"No tiene";"01/01/2026";"31/03/2026";"No informa";"Sin observaciones";
"2026";"Marzo";"Técnico";"VILLEGAS MANASCERO, CAROL ESPERANZA";"Atencion Clinica";"22";"TECNICO NIVEL SUPERIOR ENFERMERIA";"Región Metropolitana de Santiago";"(01)";"$ 178.243";"$ 146.908";"$ 0";"$ 0";"No";"No tiene";"No tiene";"No tiene";"21/01/2026";"08/03/2026";"No informa";"CONTRATO POR REEMPLAZO";
"2026";"Marzo";"Profesional";"VILLEGAS MOLINA, MAIRA VALESKA";"Apoyo Administrativo";"8";"INGENIERO (A) EJECUCION ADMINISTRACION DE EMPRESAS";"Región Metropolitana de Santiago";"(186)(186)";"$ 3.279.756";"$ 2.199.758";"$ 0";"$ 442.672";"No";"No tiene";"No tiene";"No tiene";"01/01/2026";"31/12/2026";"No informa";"REMUNERACION MARZO 2026 + BONOS TRIMESTRALES";
"2026";"Marzo";"Profesional";"VIRA CORNEJO, JESSICA ANDREA";"Atencion Clinica";"16";"ENFERMERA (O)";"Región Metropolitana de Santiago";"(01)";"$ 1.369.545";"$ 1.113.742";"$ 0";"$ 0";"No";"No tiene";"No tiene";"No tiene";"01/01/2026";"31/03/2026";"No informa";"Sin observaciones";
"2026";"Marzo";"Profesional";"VITTINI GONZALEZ, ANDRES ESTEBAN";"Apoyo Administrativo";"8";"INGENIERO (A) EJECUCION ADMINISTRACION";"Región Metropolitana de Santiago";"(01)";"$ 3.804.144";"$ 2.608.466";"$ 0";"$ 981.824";"No";"No tiene";"No tiene";"No tiene";"01/01/2026";"31/12/2026";"No informa";"Sin observaciones";
"2026";"Marzo";"Médicos cirujanos, farmacéuticos, químico-farmacéuticos, bioquímicos, cirujano-dentistas";"VIVALLO OÑATE, NATALIA VICTORIA";"MEDICINA FAMILIAR";"22 Hrs.";"MEDICO CIRUJANO";"Región Metropolitana de Santiago";"(188)(186)";"$ 2.494.972";"$ 1.995.777";"$ 0";"$ 0";"No";"No tiene";"No tiene";"No tiene";"01/01/2026";"31/12/2026";"No informa";"Sin observaciones";
"2026";"Marzo";"Médicos cirujanos, farmacéuticos, químico-farmacéuticos, bioquímicos, cirujano-dentistas";"VIVANCO CONCHA, FERNANDO ISRAEL";"Medico Becario Primario";"44 Hrs.";"MEDICO CIRUJANO";"Región Metropolitana de Santiago";"(01)";"$ 2.875.980";"$ 2.370.382";"$ 0";"$ 0";"No";"No tiene";"No tiene";"No tiene";"08/05/2025";"07/05/2026";"No informa";"Sin observaciones";
"2026";"Marzo";"Médicos cirujanos, farmacéuticos, químico-farmacéuticos, bioquímicos, cirujano-dentistas";"WERNER REYES, PATRICIO ANDRES";"Atencion Clinica Medica";"44 Hrs.";"MEDICO CIRUJANO";"Región Metropolitana de Santiago";"(86)(186)";"$ 3.465.905";"$ 2.727.676";"$ 0";"$ 0";"No";"No tiene";"No tiene";"No tiene";"01/01/2026";"31/12/2026";"No informa";"Sin observaciones";
"2026";"Marzo";"Profesional";"WEVAR CARRASCO, DENISE PAOLA";"Apoyo Administrativo";"9";"INGENIERO (A) EN ADMINISTRACION";"Región Metropolitana de Santiago";"(186)";"$ 2.992.432";"$ 2.257.891";"$ 0";"$ 364.451";"No";"No tiene";"No tiene";"No tiene";"01/01/2026";"31/12/2026";"No informa";"Sin observaciones";
"2026";"Marzo";"Profesional";"WINLO PARRA, SELENE MARCELA";"Atencion Clinica";"16";"ENFERMERA (O)";"Región Metropolitana de Santiago";"(01)";"$ 1.141.288";"$ 907.753";"$ 0";"$ 0";"No";"No tiene";"No tiene";"No tiene";"26/02/2026";"25/03/2026";"No informa";"CONTRATO POR REEMPLAZO";
"2026";"Marzo";"Médicos cirujanos, farmacéuticos, químico-farmacéuticos, bioquímicos, cirujano-dentistas";"WITTO ESPINOZA, ROCIO JOSEFINA";"Medico Becario Primario";"44 Hrs.";"MEDICO CIRUJANO";"Región Metropolitana de Santiago";"(01)";"$ 2.875.980";"$ 2.353.702";"$ 0";"$ 0";"No";"No tiene";"No tiene";"No tiene";"06/05/2025";"05/05/2026";"No informa";"Sin observaciones";
"2026";"Marzo";"Profesional";"YALUL SUAREZ, NICOLAS ALEXANDER";"Atencion Clinica";"12";"FONOAUDIOLOGO (A)";"Región Metropolitana de Santiago";"(01)";"$ 2.316.673";"$ 1.793.030";"$ 0";"$ 280.972";"No";"No tiene";"No tiene";"No tiene";"01/01/2026";"31/12/2026";"No informa";"Sin observaciones";
"2026";"Marzo";"Técnico";"YAÑEZ AVILA, SILVIA PAULINA";"Atencion Clinica";"22";"TECNICO NIVEL SUPERIOR ENFERMERIA";"Región Metropolitana de Santiago";"(186)";"$ 854.193";"$ 661.637";"$ 0";"$ 120.553";"No";"No tiene";"No tiene";"No tiene";"01/01/2026";"31/12/2026";"No informa";"Sin observaciones";
"2026";"Marzo";"Profesional";"YAÑEZ D?JABER, CAMILO ESTEBAN";"Atencion Clinica";"12";"ENFERMERA (O)";"Región Metropolitana de Santiago";"(01)";"$ 2.410.894";"$ 1.906.490";"$ 0";"$ 216.750";"Sí";"$ 158.443 : 15,00 hrs";"No tiene";"No tiene";"01/01/2026";"31/03/2026";"No informa";"Sin observaciones";
"2026";"Marzo";"Profesional";"YAÑEZ HERRERA, NICOLE ALEXANDRA";"Atencion Clinica";"15";"TERAPEUTA OCUPACIONAL";"Región Metropolitana de Santiago";"(220)(186)";"$ 1.915.103";"$ 1.477.021";"$ 0";"$ 198.658";"Sí";"$ 41.093 : 5,00 hrs";"No tiene";"No tiene";"01/01/2026";"31/12/2026";"No informa";"Sin observaciones";
"2026";"Marzo";"Profesional";"YAÑEZ MUÑOZ, GISELLE TAMARA";"JEFE DE DEPARTAMENTO";"5";"KINESIOLOGO (A)";"Región Metropolitana de Santiago";"(01)";"$ 3.786.111";"$ 2.939.715";"$ 0";"$ 653.926";"No";"No tiene";"No tiene";"No tiene";"01/01/2026";"31/12/2026";"No informa";"BONO VACACIONES 2026+CANCELA PAGO TRIMESTRAL LEY 19.490 Y LEY 19.937 PERIODO 03/2026+REMUNERACION MAR.2026";
"2026";"Marzo";"Profesional";"YAÑEZ PAVEZ, JOSE LUIS";"Atencion Clinica";"15";"PSICOLOGO (A)";"Región Metropolitana de Santiago";"(186)";"$ 946.532";"$ 727.745";"$ 0";"$ 148.994";"No";"No tiene";"No tiene";"No tiene";"01/01/2026";"31/12/2026";"No informa";"Sin observaciones";
"2026";"Marzo";"Técnico";"YAÑEZ ROBERTS, CRISTHOPHER ANDRES";"ATENCION CLINICA";"22";"TECNICO NIVEL SUPERIOR ENFERMERIA";"Región Metropolitana de Santiago";"(203)(204)(186)";"$ 1.273.172";"$ 904.272";"$ 0";"$ 134.812";"Sí";"$ 137.664 : 40,00 hrs";"$ 223.016 : 54,00 hrs";"No tiene";"01/01/2026";"31/12/2026";"No informa";"CANCELA ASIG. TECNICA+CANCELA PAGO TRIMESTRAL LEY 19.490 Y LEY 19.937 PERIODO 03/2026+REMUNERACION MAR.2026";
"2026";"Marzo";"Técnico";"YAÑEZ YAÑEZ, ANDRES";"ATENCION CLINICA";"22";"TECNICO NIVEL SUPERIOR ENFERMERIA";"Región Metropolitana de Santiago";"(202)(204)(186)";"$ 1.077.875";"$ 600.934";"$ 0";"$ 134.812";"No";"No tiene";"No tiene";"No tiene";"01/01/2026";"31/12/2026";"No informa";"CANCELA ASIG. TECNICA+CANCELA PAGO TRIMESTRAL LEY 19.490 Y LEY 19.937 PERIODO 03/2026+REMUNERACION MAR.2026";
"2026";"Marzo";"Médicos cirujanos, farmacéuticos, químico-farmacéuticos, bioquímicos, cirujano-dentistas";"YON OYARCE, CONSTANZA ANDREA";"Atencion Clinica Medica";"44 Hrs.";"MEDICO CIRUJANO";"Región Metropolitana de Santiago";"(86)(186)";"$ 3.465.905";"$ 2.727.997";"$ 0";"$ 0";"No";"No tiene";"No tiene";"No tiene";"01/01/2026";"31/12/2026";"No informa";"Sin observaciones";
"2026";"Marzo";"Técnico";"YOUNG CHI ESPINOZA, CLAUDIO ALEJANDRO";"ATENCION CLINICA";"22";"TECNICO NIVEL SUPERIOR ENFERMERIA";"Región Metropolitana de Santiago";"(202)(204)(186)";"$ 1.615.956";"$ 1.232.000";"$ 0";"$ 120.553";"Sí";"$ 137.664 : 40,00 hrs";"$ 408.863 : 99,00 hrs";"No tiene";"01/01/2026";"31/12/2026";"No informa";"CANCELA ASIG. TECNICA+CANCELA PAGO TRIMESTRAL LEY 19.490 Y LEY 19.937 PERIODO 03/2026+REMUNERACION MAR.2026";
"2026";"Marzo";"Médicos cirujanos, farmacéuticos, químico-farmacéuticos, bioquímicos, cirujano-dentistas";"YSAMBERTT TUDARES, JOSE EMMANUEL";"Atencion Clinica Medica";"22 Hrs.";"MEDICO CIRUJANO";"Región Metropolitana de Santiago";"(188)";"$ 1.072.088";"$ 850.666";"$ 0";"$ 0";"No";"No tiene";"No tiene";"No tiene";"01/01/2026";"31/03/2026";"No informa";"Sin observaciones";
"2026";"Marzo";"Médicos cirujanos, farmacéuticos, químico-farmacéuticos, bioquímicos, cirujano-dentistas";"YSAMBERTT TUDARES, JOSE EMMANUEL";"Atencion Clinica Medica";"22 Hrs.";"MEDICO CIRUJANO";"Región Metropolitana de Santiago";"(188)";"$ 1.072.088";"$ 883.615";"$ 0";"$ 0";"No";"No tiene";"No tiene";"No tiene";"01/01/2026";"31/03/2026";"No informa";"Sin observaciones";
"2026";"Marzo";"Técnico";"YUSTY PRADA, JOSE DANIEL";"ATENCION CLINICA";"22";"ADMINISTRADOR (A) DE EMPRESAS";"Región Metropolitana de Santiago";"(203)(204)(186)";"$ 1.175.335";"$ 874.585";"$ 0";"$ 235.822";"No";"No tiene";"No tiene";"No tiene";"01/01/2026";"31/12/2026";"No informa";"CANCELA PAGO TRIMESTRAL LEY 19.490 PERIODO 03/2026+CANCELA PAGO TRIMESTRAL LEY 19.937 PERIODO 03/2026+REMUNERACION MAR.2026";
"2026";"Marzo";"Profesional";"ZAMBRANO BREVIS, KARINA ESTEFANIA";"Atencion Clinica";"15";"ENFERMERA (O)";"Región Metropolitana de Santiago";"(186)";"$ 1.750.115";"$ 1.342.689";"$ 0";"$ 158.305";"No";"No tiene";"No tiene";"No tiene";"01/01/2026";"31/12/2026";"No informa";"Sin observaciones";
"2026";"Marzo";"Médicos cirujanos, farmacéuticos, químico-farmacéuticos, bioquímicos, cirujano-dentistas";"ZAMORA CALDERON, ANDREA MACKARENA";"Quimico Farmaceutico";"22 Hrs.";"QUIMICO FARMACEUTICO";"Región Metropolitana de Santiago";"(86)(186)";"$ 2.272.380";"$ 1.978.960";"$ 0";"$ 0";"No";"No tiene";"No tiene";"No tiene";"01/01/2026";"31/12/2026";"No informa";"Sin observaciones";
"2026";"Marzo";"Médicos cirujanos, farmacéuticos, químico-farmacéuticos, bioquímicos, cirujano-dentistas";"ZAMORA CALDERON, ANDREA MACKARENA";"Quimico Farmaceutico";"22 Hrs.";"QUIMICO FARMACEUTICO";"Región Metropolitana de Santiago";"(86)(186)";"$ 2.609.548";"$ 2.012.434";"$ 0";"$ 0";"No";"No tiene";"No tiene";"No tiene";"01/01/2026";"31/12/2026";"No informa";"Sin observaciones";
"2026";"Marzo";"Profesional";"ZAMORA REYES, NATALIA PAZ";"Atencion Clinica";"15";"PSICOLOGO (A)";"Región Metropolitana de Santiago";"(01)";"$ 1.584.823";"$ 1.252.830";"$ 0";"$ 93.121";"No";"No tiene";"No tiene";"No tiene";"01/01/2026";"31/12/2026";"No informa";"Sin observaciones";
"2026";"Marzo";"Profesional";"ZAMORANO HERRERA, ESTEBAN BENJAMIN";"Jefe de Unidad";"5";"ASISTENTE SOCIAL";"Región Metropolitana de Santiago";"(186)";"$ 4.589.535";"$ 3.482.048";"$ 0";"$ 1.060.918";"No";"No tiene";"No tiene";"No tiene";"01/01/2026";"31/12/2026";"No informa";"REMUNERACION MARZO 2026 + BONOS TRIMESTRALES";
"2026";"Marzo";"Técnico";"ZAMORANO LUCERO, NATALIA ANDREA";"Atencion Clinica";"20";"TECNICO DE ODONTOLOGIA";"Región Metropolitana de Santiago";"(186)";"$ 1.324.187";"$ 1.007.087";"$ 0";"$ 243.597";"No";"No tiene";"No tiene";"No tiene";"01/01/2026";"31/12/2026";"No informa";"Sin observaciones";
"2026";"Marzo";"Profesional";"ZAMORANO MIRANDA, MARIA PAULINA";"Apoyo Administrativo";"12";"KINESIOLOGO (A)";"Región Metropolitana de Santiago";"(01)";"$ 2.064.625";"$ 1.646.510";"$ 0";"$ 120.417";"No";"No tiene";"No tiene";"No tiene";"01/01/2026";"31/03/2026";"No informa";"Sin observaciones";
"2026";"Marzo";"Auxiliar";"ZAMUDIO PULGAR, JOSE MANUEL";"Chofer";"19";"AUXILIAR";"Región Metropolitana de Santiago";"(205)(186)";"$ 1.938.185";"$ 1.603.538";"$ 0";"$ 239.946";"Sí";"$ 142.329 : 33,00 hrs";"$ 719.405 : 139,00 hrs";"No tiene";"01/01/2026";"31/12/2026";"No informa";"Sin observaciones";
"2026";"Marzo";"Administrativo";"ZANETTI TORRES, ROMMY STELLA";"Apoyo Administrativo";"13";"ADMINISTRATIVO";"Región Metropolitana de Santiago";"(186)";"$ 2.127.516";"$ 1.590.822";"$ 0";"$ 311.957";"No";"No tiene";"No tiene";"No tiene";"01/01/2026";"31/05/2026";"No informa";"REMUNERACION MARZO 2026 + BONOS TRIMESTRALES";
"2026";"Marzo";"Profesional";"ZAPATA NEIRA, FABIAN MARCELO";"Atencion Clinica";"9";"ASISTENTE SOCIAL";"Región Metropolitana de Santiago";"(01)";"$ 2.718.917";"$ 2.416.353";"$ 0";"$ 364.451";"No";"No tiene";"No tiene";"No tiene";"01/01/2026";"31/12/2026";"No informa";"Sin observaciones";
"2026";"Marzo";"Profesional";"ZAPATA SEPULVEDA, MELISSA ANDREA";"Atencion Clinica";"15";"ENFERMERA (O)";"Región Metropolitana de Santiago";"(186)";"$ 1.832.527";"$ 1.384.346";"$ 0";"$ 219.351";"No";"No tiene";"No tiene";"No tiene";"01/01/2026";"31/12/2026";"No informa";"Sin observaciones";
"2026";"Marzo";"Médicos cirujanos, farmacéuticos, químico-farmacéuticos, bioquímicos, cirujano-dentistas";"ZAPATA VASQUEZ, FERNANDO ANTONIO";"MEDICO CIRUJANO CON ESPECIALIDAD EN MEDICINA DE URGENCIA";"28 Hrs.";"MEDICO CIRUJANO CON ESPECIALIDAD EN MEDICINA DE URGENCIA";"Región Metropolitana de Santiago";"(194)(193)(198)(186)";"$ 4.292.394";"$ 2.509.326";"$ 0";"$ 194.054";"No";"No tiene";"No tiene";"No tiene";"01/01/2026";"31/12/2026";"No informa";"PAGO ASIGNACION METAS DE PRODUCCION Y CALIDAD PERIODO 03/2026+REMUNERACION MAR.2026";
"2026";"Marzo";"Profesional";"ZARA CHINETTI, FADUA DAMISA";"Atencion Clinica";"9";"PSICOLOGO (A)";"Región Metropolitana de Santiago";"(186)";"$ 3.221.145";"$ 2.352.444";"$ 0";"$ 629.980";"No";"No tiene";"No tiene";"No tiene";"01/01/2026";"31/12/2026";"No informa";"Sin observaciones";
"2026";"Marzo";"Profesional";"ZARATE CASTRO, DIEGO IGNACIO";"Apoyo Administrativo";"13";"NUTRICIONISTA";"Región Metropolitana de Santiago";"(186)";"$ 2.150.609";"$ 1.667.156";"$ 0";"$ 258.732";"No";"No tiene";"No tiene";"No tiene";"01/01/2026";"31/12/2026";"No informa";"Sin observaciones";
"2026";"Marzo";"Técnico";"ZENTENO MURUA, CAMILA MILENKA DE LOURDES";"Atencion Clinica";"22";"TECNICO NIVEL SUPERIOR ENFERMERIA";"Región Metropolitana de Santiago";"(202)(186)";"$ 1.306.803";"$ 1.040.085";"$ 0";"$ 134.812";"No";"No tiene";"No tiene";"No tiene";"01/01/2026";"31/12/2026";"No informa";"Sin observaciones";
"2026";"Marzo";"Técnico";"ZEVALLOS PAVEZ, ANA LUISA";"Atencion Clinica";"21";"TECNICO NIVEL SUPERIOR ENFERMERIA";"Región Metropolitana de Santiago";"(186)";"$ 1.005.486";"$ 790.345";"$ 0";"$ 145.450";"Sí";"$ 51.980 : 14,00 hrs";"No tiene";"No tiene";"01/01/2026";"31/12/2026";"No informa";"Sin observaciones";
"2026";"Marzo";"Profesional";"ZULETA ALFARO, ROLANDO ANTONIO";"Apoyo Administrativo";"7";"PROFESOR (A)";"Región Metropolitana de Santiago";"(186)";"$ 3.722.700";"$ 2.798.054";"$ 0";"$ 537.575";"No";"No tiene";"No tiene";"No tiene";"01/01/2026";"31/12/2026";"No informa";"REMUNERACION MARZO 2026 + BONOS TRIMESTRALES";
"2026";"Marzo";"Médicos cirujanos, farmacéuticos, químico-farmacéuticos, bioquímicos, cirujano-dentistas";"ZUÑIGA ARAYA, CLAUDIA PATRICIA";"Quimico Farmaceutico";"44 Hrs.";"QUIMICO FARMACEUTICO";"Región Metropolitana de Santiago";"(188)(186)";"$ 4.498.232";"$ 3.638.095";"$ 0";"$ 0";"No";"No tiene";"No tiene";"No tiene";"01/01/2026";"31/12/2026";"No informa";"Sin observaciones";
"2026";"Marzo";"Médicos cirujanos, farmacéuticos, químico-farmacéuticos, bioquímicos, cirujano-dentistas";"ZUÑIGA BRIONES, JAVIER ALEJANDRO";"Atencion Clinica Medica";"22 Hrs.";"MEDICO CIRUJANO";"Región Metropolitana de Santiago";"(86)(186)";"$ 3.573.937";"$ 2.808.907";"$ 0";"$ 0";"No";"No tiene";"No tiene";"No tiene";"01/01/2026";"31/12/2026";"No informa";"Sin observaciones";
"2026";"Marzo";"Técnico";"ZUÑIGA CORREA, FRANCISCA ALEJANDRA";"Atencion Clinica";"22";"TECNICO NIVEL SUPERIOR ENFERMERIA";"Región Metropolitana de Santiago";"(01)";"$ 633.809";"$ 483.216";"$ 0";"$ 0";"No";"No tiene";"No tiene";"No tiene";"19/02/2026";"26/03/2026";"No informa";"CONTRATO POR REEMPLAZO";
"2026";"Marzo";"Auxiliar";"ZUÑIGA FLORES, MARCELO PAUL";"CONDUCTOR";"21";"TECNICO NIVEL SUPERIOR ENFERMERIA";"Región Metropolitana de Santiago";"(205)(202)(204)";"$ 1.288.036";"$ 826.378";"$ 0";"$ 156.638";"Sí";"No tiene";"$ 66.247 : 15,00 hrs";"No tiene";"01/01/2026";"31/12/2026";"No informa";"CANCELA ASIG. TECNICA+CANCELA PAGO TRIMESTRAL LEY 19.490 Y LEY 19.937 PERIODO 03/2026+REMUNERACION MAR.2026";
"2026";"Marzo";"Auxiliar";"ZUÑIGA GUTIERREZ, ARACELI DAIANA";"Atencion Clinica";"23";"TECNICO NIVEL SUPERIOR ENFERMERIA";"Región Metropolitana de Santiago";"(01)";"$ 727.240";"$ 616.925";"$ 0";"$ 0";"Sí";"$ 43.636 : 14,00 hrs";"$ 56.103 : 15,00 hrs";"No tiene";"14/01/2026";"31/03/2026";"No informa";"Sin observaciones";
"2026";"Marzo";"Profesional";"ZUÑIGA JARAMILLO, JONATHAN ROLANDO";"Apoyo Administrativo";"13";"PSICOLOGO (A)";"Región Metropolitana de Santiago";"(186)";"$ 2.060.284";"$ 1.575.631";"$ 0";"$ 188.504";"No";"No tiene";"No tiene";"No tiene";"01/01/2026";"31/12/2026";"No informa";"REMUNERACION MARZO 2026 + BONOS TRIMESTRALES";
"2026";"Marzo";"Técnico";"ZUÑIGA OROZCO, ROMINA JAZMIN";"ATENCION CLINICA";"22";"TECNICO NIVEL SUPERIOR ENFERMERIA";"Región Metropolitana de Santiago";"(202)(204)(186)";"$ 1.077.875";"$ 848.784";"$ 0";"$ 120.553";"No";"No tiene";"No tiene";"No tiene";"01/01/2026";"31/12/2026";"No informa";"CANCELA ASIG. TECNICA+CANCELA PAGO TRIMESTRAL LEY 19.490 Y LEY 19.937 PERIODO 03/2026+REMUNERACION MAR.2026";
"2026";"Marzo";"Técnico";"ZUÑIGA RIQUELME, CLAUDIO ALBERTO";"ATENCION CLINICA";"22";"AUXILIAR DE ENFERMERIA";"Región Metropolitana de Santiago";"(202)(186)(202)(204)(186)";"$ 1.261.656";"$ 831.978";"$ 0";"$ 165.923";"Sí";"$ 92.923 : 27,00 hrs";"$ 90.858 : 22,00 hrs";"No tiene";"01/01/2026";"31/12/2026";"No informa";"CANCELA ASIG. TECNICA+CANCELA PAGO TRIMESTRAL LEY 19.490 Y LEY 19.937 PERIODO 03/2026+DIF POR BIENIOS DESDE 02/2026+REMUNERACION MAR.2026";
"2026";"Marzo";"Técnico";"ZUÑIGA TORRES, BARBARA ALEJANDRA";"Atencion Clinica";"21";"TECNICO NIVEL SUPERIOR LABORATORIO CLINICO";"Región Metropolitana de Santiago";"(186)";"$ 893.828";"$ 694.449";"$ 0";"$ 134.261";"Sí";"$ 14.852 : 4,00 hrs";"$ 13.366 : 3,00 hrs";"No tiene";"01/01/2026";"31/12/2026";"No informa";"Sin observaciones";
