"Año";"Mes";"Estamento";"Nombre completo";"Cargo o función";"Grado EUS o jornada";"Calificación profesional o formación";"Región";"Asignaciones especiales del mes (inc. en rem. bruta)";"Remuneración bruta del mes (incluye bonos e incentivos, asig. especiales, horas extras)";"Remuneración líquida del mes";"Rem. adicionales del mes (no inc. en rem. bruta)";"Remuneración Bonos incentivos del mes (inc. en rem. bruta)";"Derecho a horas extraordinarias";"Montos y horas extraordinarias diurnas del mes(inc. en rem. bruta)";"Montos y horas extraordinarias nocturnas del mes(inc. en rem. bruta)";"Montos y horas extraordinarias festivas del mes (inc. en rem. bruta)";"Fecha de inicio dd/mm/aa";"Fecha de término dd/mm/aa";"Viáticos del mes (no inc. en rem. bruta)";"Observaciones";
"2025";"Mayo";"Profesional";"ABARCA MUÑOZ, MARITZA DENISSE";"APOYO ADMINISTRATIVO";"9";"ABOGADO (A)";"Región Metropolitana de Santiago";"(01)";"$ 2.444.308";"$ 1.633.164";"$ 0";"$ 0";"No";"No tiene";"No tiene";"No tiene";"01/01/2025";"31/12/2025";"No informa";"REMUNERACION MAY.2025";
"2025";"Mayo";"Auxiliar";"ABARCA ROJAS, MANUEL EDUARDO";"CONDUCTOR";"24";"AUXILIAR";"Región Metropolitana de Santiago";"(205)(203)(204)(186)";"$ 792.593";"$ 614.097";"$ 0";"$ 0";"No";"No tiene";"No tiene";"No tiene";"01/01/2025";"31/12/2025";"No informa";"REMUNERACION MAY.2025";
"2025";"Mayo";"Técnico";"ABARCA RUBIO, FERNANDA DANIELA";"ATENCION CLINICA";"22";"TECNICO NIVEL SUPERIOR ENFERMERIA";"Región Metropolitana de Santiago";"(202)(204)(186)";"$ 1.401.900";"$ 863.849";"$ 0";"$ 0";"Sí";"$ 50.734 : 15,00 hrs";"$ 324.696 : 80,00 hrs";"No tiene";"01/01/2025";"31/12/2025";"No informa";"REMUNERACION MAY.2025";
"2025";"Mayo";"Técnico";"ABARCA SPRING, DANIELA ALEJANDRA";"Atencion Clinica";"21";"TECNICO NIVEL SUPERIOR ENFERMERIA";"Región Metropolitana de Santiago";"(186)";"$ 713.369";"$ 589.230";"$ 0";-;"Sí";"$ 7.234 : 2,00 hrs";"No tiene";"No tiene";"01/01/2025";"31/12/2025";"No informa";"Sin observaciones";
"2025";"Mayo";"Técnico";"ABRAMOVICH MELI, MARIA JAEL";"Atencion Clinica";"21";"TECNICO NIVEL SUPERIOR ENFERMERIA";"Región Metropolitana de Santiago";"(186)";"$ 709.241";"$ 579.662";"$ 0";-;"No";"No tiene";"No tiene";"No tiene";"01/01/2025";"31/12/2025";"No informa";"Sin observaciones";
"2025";"Mayo";"Técnico";"ABUJATUN GAJARDO, SOLANGE ANDREA";"Atencion Clinica";"21";"TECNICO NIVEL SUPERIOR ENFERMERIA";"Región Metropolitana de Santiago";"(186)";"$ 736.877";"$ 606.379";"$ 0";-;"Sí";"$ 29.189 : 8,00 hrs";"No tiene";"No tiene";"01/01/2025";"31/12/2025";"No informa";"Sin observaciones";
"2025";"Mayo";"Técnico";"ACEVEDO ARMIJO, JERONIMO ANDRES";"ATENCION CLINICA";"21";"TECNICO NIVEL SUPERIOR ENFERMERIA";"Región Metropolitana de Santiago";"(203)(204)(186)";"$ 1.438.262";"$ 1.042.696";"$ 0";"$ 0";"Sí";"$ 147.209 : 40,00 hrs";"$ 340.051 : 77,00 hrs";"No tiene";"01/01/2025";"31/12/2025";"No informa";"REMUNERACION MAY.2025";
"2025";"Mayo";"Técnico";"ACEVEDO FRIAS, ANA DE LAS MERCEDES";"Atencion Clinica";"20";"TECNICO NIVEL SUPERIOR RECURSOS HUMANOS";"Región Metropolitana de Santiago";"(186)";"$ 855.987";"$ 725.116";"$ 0";-;"Sí";"$ 103.037 : 27,00 hrs";"$ 36.635 : 8,00 hrs";"No tiene";"01/01/2025";"31/12/2025";"No informa";"Sin observaciones";
"2025";"Mayo";"Administrativo";"ACEVEDO QUEVEDO, CAMILA FERNANDA";"Apoyo Administrativo";"19";"ADMINISTRATIVO";"Región Metropolitana de Santiago";"(186)";"$ 1.027.875";"$ 840.082";"$ 0";-;"No";"No tiene";"No tiene";"No tiene";"01/01/2025";"31/12/2025";"No informa";"Sin observaciones";
"2025";"Mayo";"Técnico";"ACEVEDO VALENZUELA, CLAUDIO ALEJANDRO";"Apoyo Administrativo";"18";"TECNICO NIVEL SUPERIOR EN REDES INFORMATICAS";"Región Metropolitana de Santiago";"(01)";"$ 766.458";"$ 636.822";"$ 0";-;"Sí";"$ 25.257 : 6,00 hrs";"No tiene";"No tiene";"01/01/2025";"31/12/2025";"No informa";"Sin observaciones";
"2025";"Mayo";"Auxiliar";"ACOSTA LARA, JOHANS EDUARDO";"CONDUCTOR";"24";"AUXILIAR";"Región Metropolitana de Santiago";"(205)(202)(204)(186)";"$ 929.800";"$ 606.350";"$ 0";"$ 0";"No";"No tiene";"No tiene";"No tiene";"01/01/2025";"31/12/2025";"No informa";"REMUNERACION MAY.2025";
"2025";"Mayo";"Médicos cirujanos, farmacéuticos, químico-farmacéuticos, bioquímicos, cirujano-dentistas";"ACOSTA SALAS, MANUEL CHRISTIAN";"Medico Becario Primario";"44 Hrs.";"MEDICO CIRUJANO";"Región Metropolitana de Santiago";"(01)";"$ 2.801.656";"$ 2.311.646";"$ 0";-;"No";"No tiene";"No tiene";"No tiene";"07/04/2025";"06/04/2026";"No informa";"Sin observaciones";
"2025";"Mayo";"Técnico";"ACUÑA ARAVENA, LORENA MABEL";"Atencion Clinica";"22";"TECNICO NIVEL SUPERIOR ODONTOLOGIA";"Región Metropolitana de Santiago";"(186)";"$ 708.217";"$ 583.712";"$ 0";-;"No";"No tiene";"No tiene";"No tiene";"01/01/2025";"31/12/2025";"No informa";"Sin observaciones";
"2025";"Mayo";"Profesional";"ACUÑA CHAVEZ, JAVIERA BELEN";"Atencion Clinica";"16";"PSICOLOGO (A)";"Región Metropolitana de Santiago";"(01)";"$ 1.334.152";"$ 1.334.152";"$ 0";-;"No";"No tiene";"No tiene";"No tiene";"25/03/2025";"02/06/2025";"No informa";"CONTRATO POR REEMPLAZO";
"2025";"Mayo";"Profesional";"ACUÑA MARCOS, ALEJANDRA ANDREA";"Atencion Clinica";"15";"KINESIOLOGO (A)";"Región Metropolitana de Santiago";"(186)";"$ 1.461.545";"$ 1.183.809";"$ 0";-;"No";"No tiene";"No tiene";"No tiene";"01/01/2025";"31/12/2025";"No informa";"Sin observaciones";
"2025";"Mayo";"Administrativo";"ACUÑA MENA, CAROLINA ESTER";"APOYO ADMINISTRATIVO";"22";"ADMINISTRATIVO";"Región Metropolitana de Santiago";"(203)(204)(186)";"$ 1.108.033";"$ 783.765";"$ 0";"$ 0";"Sí";"$ 100.580 : 30,00 hrs";"$ 168.975 : 42,00 hrs";"No tiene";"01/01/2025";"31/12/2025";"No informa";"REMUNERACION MAY.2025";
"2025";"Mayo";"Auxiliar";"ACUÑA MUÑOZ, JORGE SEGUNDO";"CONDUCTOR";"22";"AUXILIAR";"Región Metropolitana de Santiago";"(205)(202)(204)";"$ 1.312.559";"$ 1.062.857";"$ 0";"$ 0";"Sí";"$ 104.544 : 37,00 hrs";"$ 152.578 : 45,00 hrs";"No tiene";"01/01/2025";"31/07/2025";"No informa";"REMUNERACION MAY.2025";
"2025";"Mayo";"Auxiliar";"ACUÑA NAVARRO, LUIS FERNANDO";"CONDUCTOR";"24";"AUXILIAR";"Región Metropolitana de Santiago";"(205)(202)(204)(186)";"$ 970.080";"$ 761.749";"$ 0";"$ 0";"Sí";"$ 5.754 : 2,00 hrs";"$ 34.526 : 10,00 hrs";"No tiene";"01/01/2025";"31/12/2025";"No informa";"REMUNERACION MAY.2025";
"2025";"Mayo";"Médicos cirujanos, farmacéuticos, químico-farmacéuticos, bioquímicos, cirujano-dentistas";"ACUÑA PLUA, RODRIGO JAIME";"Atencion Clinica Medica";"44 Hrs.";"MEDICO CIRUJANO";"Región Metropolitana de Santiago";"(188)(186)";"$ 4.453.694";"$ 3.611.544";"$ 0";-;"No";"No tiene";"No tiene";"No tiene";"01/01/2025";"31/12/2025";"No informa";"Sin observaciones";
"2025";"Mayo";"Técnico";"ACUÑA SANTIBAÑEZ, YESSENIA ESTEFANIA";"Atencion Clinica";"21";"TECNICO NIVEL SUPERIOR ENFERMERIA";"Región Metropolitana de Santiago";"(186)";"$ 707.688";"$ 583.277";"$ 0";-;"No";"No tiene";"No tiene";"No tiene";"01/01/2025";"31/12/2025";"No informa";"Sin observaciones";
"2025";"Mayo";"Profesional";"ACUÑA VENEGAS, YANARA BELEN";"Atencion Clinica";"16";"MATRON (A)";"Región Metropolitana de Santiago";"(01)";"$ 1.399.792";"$ 1.144.693";"$ 0";-;"Sí";"$ 65.640 : 9,00 hrs";"No tiene";"No tiene";"01/01/2025";"31/07/2025";"No informa";"Sin observaciones";
"2025";"Mayo";"Profesional";"ADASME RETAMAL, SEBASTIAN FERNANDO";"Atencion Clinica";"15";"PSICOLOGO (A)";"Región Metropolitana de Santiago";"(01)";"$ 1.484.983";"$ 1.210.695";"$ 0";-;"Sí";"$ 31.830 : 4,00 hrs";"No tiene";"No tiene";"01/01/2025";"31/12/2025";"No informa";"Sin observaciones";
"2025";"Mayo";"Profesional";"ADRIAZOLA CHAVEZ, SERGIO FERNANDO";"Apoyo Administrativo";"9";"CONTADOR (A) PUBLICO (A) AUDITOR";"Región Metropolitana de Santiago";"(186)";"$ 2.560.069";"$ 2.040.165";"$ 0";-;"No";"No tiene";"No tiene";"No tiene";"01/01/2025";"31/12/2025";"No informa";"Sin observaciones";
"2025";"Mayo";"Auxiliar";"AEDO CACERES, CRISTIAN EDUARDO";"CONDUCTOR";"24";"AUXILIAR";"Región Metropolitana de Santiago";"(205)(202)(204)(186)";"$ 915.429";"$ 697.487";"$ 0";"$ 0";"No";"No tiene";"No tiene";"No tiene";"01/01/2025";"31/12/2025";"No informa";"REMUNERACION MAY.2025";
"2025";"Mayo";"Administrativo";"AGUERO HINOJOSA, MARIA";"Apoyo Administrativo";"14";"ADMINISTRATIVO";"Región Metropolitana de Santiago";"(186)";"$ 1.598.907";"$ 1.288.976";"$ 0";-;"No";"No tiene";"No tiene";"No tiene";"01/01/2025";"31/12/2025";"No informa";"Sin observaciones";
"2025";"Mayo";"Administrativo";"AGUILAR MUÑOZ, PAMELA IGNACIA";"Apoyo Administrativo";"22";"ADMINISTRATIVO";"Región Metropolitana de Santiago";"(01)";"$ 523.216";"$ 523.216";"$ 0";-;"No";"No tiene";"No tiene";"No tiene";"06/05/2025";"29/05/2025";"No informa";"CONTRATO POR REEMPLAZO";
"2025";"Mayo";"Profesional";"AGUILERA BENITEZ, KARIN ALEXANDRA";"Atencion Clinica";"16";"ENFERMERA (O)";"Región Metropolitana de Santiago";"(01)";"$ 622.604";"$ 509.540";"$ 0";-;"No";"No tiene";"No tiene";"No tiene";"08/05/2025";"21/05/2025";"No informa";"CONTRATO POR REEMPLAZO";
"2025";"Mayo";"Técnico";"AGUILERA CUEVAS, CAROLINA ANDREA";"Atencion Clinica";"21";"TECNICO NIVEL SUPERIOR ENFERMERIA";"Región Metropolitana de Santiago";"(01)";"$ 704.582";"$ 574.657";"$ 0";-;"No";"No tiene";"No tiene";"No tiene";"01/01/2025";"31/12/2025";"No informa";"Sin observaciones";
"2025";"Mayo";"Profesional";"AGUILERA MOYA, MARCELA VALERIA";"Apoyo Administrativo";"5";"PERIODISTA";"Región Metropolitana de Santiago";"(186)";"$ 3.473.160";"$ 2.758.249";"$ 0";-;"No";"No tiene";"No tiene";"No tiene";"01/01/2025";"31/12/2025";"No informa";"Sin observaciones";
"2025";"Mayo";"Profesional";"AGUILERA PEREZ, YASNNA DAMARIS";"Apoyo Administrativo";"7";"MATRON (A)";"Región Metropolitana de Santiago";"(186)";"$ 3.040.678";"$ 2.426.861";"$ 0";-;"No";"No tiene";"No tiene";"No tiene";"01/01/2025";"31/12/2025";"No informa";"Sin observaciones";
"2025";"Mayo";"Profesional";"AGUILERA SILVA, VICTOR GONZALO";"ATENCION CLINICA";"9";"ENFERMERO (A) MATRON (A)";"Región Metropolitana de Santiago";"(203)(204)(186)";"$ 3.731.821";"$ 2.259.365";"$ 0";"$ 0";"Sí";"No tiene";"$ 386.629 : 24,00 hrs";"No tiene";"01/01/2025";"31/12/2025";"No informa";"REMUNERACION MAY.2025";
"2025";"Mayo";"Auxiliar";"AGUIRRE ACUÑA, DIEGO IGNACIO";"CONDUCTOR";"22";"AUXILIAR";"Región Metropolitana de Santiago";"(205)(202)(204)";"$ 1.420.181";"$ 989.298";"$ 0";"$ 0";"Sí";"$ 49.846 : 15,00 hrs";"$ 319.017 : 80,00 hrs";"No tiene";"01/01/2025";"31/12/2025";"No informa";"REMUNERACION MAY.2025";
"2025";"Mayo";"Médicos cirujanos, farmacéuticos, químico-farmacéuticos, bioquímicos, cirujano-dentistas";"AGUIRRE GONZALEZ, PEDRO PABLO";"Medico Becario Primario";"44 Hrs.";"CIRUJANO DENTISTA";"Región Metropolitana de Santiago";"(01)";"$ 2.801.656";"$ 2.309.124";"$ 0";-;"No";"No tiene";"No tiene";"No tiene";"06/05/2024";"05/05/2026";"No informa";"Sin observaciones";
"2025";"Mayo";"Técnico";"AGUIRRE ORTIZ, TIARE ABIGAIL";"Atencion Clinica";"21";"TECNICO NIVEL SUPERIOR ODONTOLOGIA";"Región Metropolitana de Santiago";"(01)";"$ 704.582";"$ 580.717";"$ 0";-;"No";"No tiene";"No tiene";"No tiene";"01/01/2025";"30/06/2025";"No informa";"Sin observaciones";
"2025";"Mayo";"Profesional";"ALADRO FAUNES, ROSA ELENA";"APOYO ADMINISTRATIVO";"11";"KINESIOLOGO (A)";"Región Metropolitana de Santiago";"(186)";"$ 2.140.617";"$ 1.670.291";"$ 0";"$ 0";"No";"No tiene";"No tiene";"No tiene";"01/01/2025";"31/12/2025";"No informa";"REMUNERACION MAY.2025";
"2025";"Mayo";"Médicos cirujanos, farmacéuticos, químico-farmacéuticos, bioquímicos, cirujano-dentistas";"ALAMO MISLEH, SOFIA JULIETA";"Medico Becario Primario";"44 Hrs.";"MEDICO CIRUJANO";"Región Metropolitana de Santiago";"(01)";"$ 2.801.656";"$ 2.311.646";"$ 0";-;"No";"No tiene";"No tiene";"No tiene";"07/04/2025";"06/04/2026";"No informa";"Sin observaciones";
"2025";"Mayo";"Profesional";"ALANIZ MARTINEZ, MARCO ALFONSO";"Atencion Clinica";"15";"MATRON (A)";"Región Metropolitana de Santiago";"(186)";"$ 1.509.582";"$ 1.229.925";"$ 0";-;"Sí";"$ 48.037 : 6,00 hrs";"No tiene";"No tiene";"01/01/2025";"31/12/2025";"No informa";"Sin observaciones";
"2025";"Mayo";"Médicos cirujanos, farmacéuticos, químico-farmacéuticos, bioquímicos, cirujano-dentistas";"ALARCON BUSTAMANTE, ROSA MARIA";"Atencion Odontologica";"44 Hrs.";"CIRUJANO DENTISTA";"Región Metropolitana de Santiago";"(86)(186)";"$ 5.912.068";"$ 4.828.475";"$ 0";-;"No";"No tiene";"No tiene";"No tiene";"01/01/2025";"31/12/2025";"No informa";"Sin observaciones";
"2025";"Mayo";"Médicos cirujanos, farmacéuticos, químico-farmacéuticos, bioquímicos, cirujano-dentistas";"ALARCON GONZALEZ, MARION IVETTE";"Quimico Farmaceutico";"22 Hrs.";"QUIMICO FARMACEUTICO";"Región Metropolitana de Santiago";"(188)(186)";"$ 2.148.017";"$ 1.651.443";"$ 0";-;"No";"No tiene";"No tiene";"No tiene";"01/01/2025";"31/12/2025";"No informa";"Sin observaciones";
"2025";"Mayo";"Médicos cirujanos, farmacéuticos, químico-farmacéuticos, bioquímicos, cirujano-dentistas";"ALARCON GONZALEZ, MARION IVETTE";"Quimico Farmaceutico";"22 Hrs.";"QUIMICO FARMACEUTICO";"Región Metropolitana de Santiago";"(188)(186)";"$ 2.148.017";"$ 1.830.772";"$ 0";-;"No";"No tiene";"No tiene";"No tiene";"01/01/2025";"31/12/2025";"No informa";"Sin observaciones";
"2025";"Mayo";"Técnico";"ALARCON GUERRERO, LAURA ALEJANDRA";"Atencion Clinica";"20";"TECNICO NIVEL SUPERIOR RECURSOS HUMANOS";"Región Metropolitana de Santiago";"(186)";"$ 879.711";"$ 749.614";"$ 0";-;"Sí";"No tiene";"$ 163.396 : 36,00 hrs";"No tiene";"01/01/2025";"31/12/2025";"No informa";"Sin observaciones";
"2025";"Mayo";"Técnico";"ALARCON JARA, VIVIANA DEL CARMEN";"Atencion Clinica";"21";"TECNICO NIVEL SUPERIOR ENFERMERIA";"Región Metropolitana de Santiago";"(01)";"$ 853.730";"$ 729.865";"$ 0";-;"Sí";"$ 71.706 : 20,00 hrs";"$ 77.442 : 18,00 hrs";"No tiene";"01/01/2025";"31/12/2025";"No informa";"Sin observaciones";
"2025";"Mayo";"Administrativo";"ALARCON MOLINA, PAMELA DENISSE";"Apoyo Administrativo";"16";"ADMINISTRATIVO";"Región Metropolitana de Santiago";"(186)";"$ 992.812";"$ 848.497";"$ 0";-;"Sí";"$ 121.456 : 26,00 hrs";"$ 50.451 : 9,00 hrs";"No tiene";"01/01/2025";"31/12/2025";"No informa";"Sin observaciones";
"2025";"Mayo";"Administrativo";"ALARCON POBLETE, SANDRA ISABEL";"Apoyo Administrativo";"21";"ADMINISTRATIVO";"Región Metropolitana de Santiago";"(186)";"$ 698.833";"$ 574.991";"$ 0";-;"No";"No tiene";"No tiene";"No tiene";"01/01/2025";"31/12/2025";"No informa";"Sin observaciones";
"2025";"Mayo";"Profesional";"ALARCON SAN MARTIN, ALEXANDRA DEL PILAR";"Atencion Clinica";"14";"TERAPEUTA OCUPACIONAL";"Región Metropolitana de Santiago";"(186)";"$ 1.881.979";"$ 1.550.389";"$ 0";-;"Sí";"$ 96.086 : 11,00 hrs";"$ 104.822 : 10,00 hrs";"No tiene";"01/01/2025";"31/12/2025";"No informa";"Sin observaciones";
"2025";"Mayo";"Profesional";"ALAYO VILLENA, MEIBY MIRELLA AIME";"Atencion Clinica";"16";"MATRON (A)";"Región Metropolitana de Santiago";"(01)";"$ 1.334.152";"$ 1.093.847";"$ 0";-;"No";"No tiene";"No tiene";"No tiene";"01/01/2025";"31/12/2025";"No informa";"Sin observaciones";
"2025";"Mayo";"Profesional";"ALBA ALVARADO, JUAN ALFONSO";"Apoyo Administrativo";"6";"ABOGADO (A)";"Región Metropolitana de Santiago";"(186)";"$ 3.307.455";"$ 2.610.463";"$ 0";-;"No";"No tiene";"No tiene";"No tiene";"01/01/2025";"31/12/2025";"No informa";"Sin observaciones";
"2025";"Mayo";"Técnico";"ALBANEZ ARTEAGA, GLORIA ODETTE";"Atencion Clinica";"21";"TECNICO NIVEL SUPERIOR RECURSOS HUMANOS";"Región Metropolitana de Santiago";"(186)";"$ 710.794";"$ 585.837";"$ 0";-;"No";"No tiene";"No tiene";"No tiene";"01/01/2025";"31/12/2025";"No informa";"Sin observaciones";
"2025";"Mayo";"Profesional";"ALBORNOZ ALBORNOZ, LESLEY JIMENA";"Apoyo Administrativo";"10";"TRABAJADOR (A) SOCIAL";"Región Metropolitana de Santiago";"(186)";"$ 2.411.410";"$ 1.939.033";"$ 0";-;"No";"No tiene";"No tiene";"No tiene";"01/01/2025";"31/12/2025";"No informa";"REMUNERACION DEL MES + BONO ESCOLAR";
"2025";"Mayo";"Médicos cirujanos, farmacéuticos, químico-farmacéuticos, bioquímicos, cirujano-dentistas";"ALBORNOZ ARRIAGADA, GUSTAVO FELIPE";"Atencion Clinica Medica";"44 Hrs.";"MEDICO CIRUJANO";"Región Metropolitana de Santiago";"(86)(186)";"$ 3.422.953";"$ 2.715.050";"$ 0";-;"No";"No tiene";"No tiene";"No tiene";"01/01/2025";"31/12/2025";"No informa";"Sin observaciones";
"2025";"Mayo";"Profesional";"ALBORNOZ MARIQUEO, DIEGO JAVIER";"Atencion Clinica";"15";"KINESIOLOGO (A)";"Región Metropolitana de Santiago";"(186)";"$ 1.758.836";"$ 1.455.215";"$ 0";-;"Sí";"$ 64.050 : 8,00 hrs";"$ 144.112 : 15,00 hrs";"No tiene";"01/01/2025";"31/12/2025";"No informa";"Sin observaciones";
"2025";"Mayo";"Médicos cirujanos, farmacéuticos, químico-farmacéuticos, bioquímicos, cirujano-dentistas";"ALCALDE MONTALVAN, NICOLAS RENE";"Atencion Clinica Medica";"44 Hrs.";"MEDICO CIRUJANO";"Región Metropolitana de Santiago";"(86)(86)";"$ 2.929.627";"$ 2.145.015";"$ 0";-;"No";"No tiene";"No tiene";"No tiene";"07/04/2025";"31/12/2025";"No informa";"Sin observaciones";
"2025";"Mayo";"Auxiliar";"ALCHAO ZUÑIGA, MIGUEL ALEJANDRO";"Apoyo Logistico";"17";"AUXILIAR";"Región Metropolitana de Santiago";"(186)";"$ 1.630.514";"$ 1.388.746";"$ 0";-;"Sí";"$ 257.858 : 40,00 hrs";"$ 154.714 : 20,00 hrs";"No tiene";"01/01/2025";"31/12/2025";"No informa";"Sin observaciones";
"2025";"Mayo";"Profesional";"ALDONEY ARANGUA, JAVIER";"Apoyo Administrativo";"7";"ADMINISTRADOR (A) PUBLICO";"Región Metropolitana de Santiago";"(186)";"$ 3.071.747";"$ 2.448.643";"$ 0";-;"No";"No tiene";"No tiene";"No tiene";"01/01/2025";"31/12/2025";"No informa";"Sin observaciones";
"2025";"Mayo";"Auxiliar";"ALE DIAZ, MARIA HILDA";"Apoyo Logistico";"23";"AUXILIAR";"Región Metropolitana de Santiago";"(186)";"$ 675.732";"$ 566.494";"$ 0";-;"Sí";"$ 33.703 : 11,00 hrs";"$ 44.121 : 12,00 hrs";"No tiene";"01/01/2025";"31/05/2025";"No informa";"Sin observaciones";
"2025";"Mayo";"Auxiliar";"ALEGRIA ARAVENA, LUIS HERNAN";"CONDUCTOR";"24";"TECNICO NIVEL SUPERIOR ENFERMERIA";"Región Metropolitana de Santiago";"(205)(202)(204)(186)";"$ 953.614";"$ 748.673";"$ 0";"$ 0";"No";"No tiene";"No tiene";"No tiene";"01/01/2025";"31/12/2025";"No informa";"REMUNERACION MAY.2025";
"2025";"Mayo";"Administrativo";"ALFARO BAEZA, IGNACIA ANDREA";"Apoyo Administrativo";"22";"ADMINISTRATIVO";"Región Metropolitana de Santiago";"(01)";"$ 786.944";"$ 668.175";"$ 0";-;"Sí";"$ 112.985 : 34,00 hrs";"$ 19.939 : 5,00 hrs";"No tiene";"01/01/2025";"31/12/2025";"No informa";"Sin observaciones";
"2025";"Mayo";"Auxiliar";"ALFARO MEDEL, LUIS GONZALO";"CONDUCTOR";"22";"AUXILIAR";"Región Metropolitana de Santiago";"(205)(202)(204)";"$ 1.055.437";"$ 831.007";"$ 0";"$ 0";"No";"No tiene";"No tiene";"No tiene";"01/01/2025";"31/12/2025";"No informa";"REMUNERACION MAY.2025";
"2025";"Mayo";"Administrativo";"ALFARO SEVERINO, FREYA PAMELA";"Apoyo Administrativo";"21";"ADMINISTRATIVO";"Región Metropolitana de Santiago";"(01)";"$ 739.300";"$ 617.525";"$ 0";-;"Sí";"$ 46.609 : 13,00 hrs";"No tiene";"No tiene";"01/01/2025";"31/12/2025";"No informa";"Sin observaciones";
"2025";"Mayo";"Técnico";"ALFARO ZAPATA, CAROLINA RUMALLY";"ATENCION CLINICA";"22";"TECNICO NIVEL MEDIO ENFERMERIA";"Región Metropolitana de Santiago";"(202)(204)(186)";"$ 1.206.466";"$ 867.681";"$ 0";"$ 0";"Sí";"$ 94.703 : 28,00 hrs";"$ 81.174 : 20,00 hrs";"No tiene";"01/01/2025";"31/12/2025";"No informa";"REMUNERACION MAY.2025";
"2025";"Mayo";"Administrativo";"ALIAGA BOTELLO, ALFREDO IGNACIO";"Apoyo Administrativo";"16";"ADMINISTRATIVO";"Región Metropolitana de Santiago";"(01)";"$ 822.389";"$ 679.439";"$ 0";-;"Sí";"$ 9.252 : 2,00 hrs";"No tiene";"No tiene";"01/01/2025";"31/12/2025";"No informa";"Sin observaciones";
"2025";"Mayo";"Profesional";"ALIAGA CASTILLO, NATALIA RITA";"Subdirector";"8";"KINESIOLOGO (A)";"Región Metropolitana de Santiago";"(01)";"$ 2.660.255";"$ 2.119.735";"$ 0";-;"No";"No tiene";"No tiene";"No tiene";"01/01/2025";"31/12/2025";"No informa";"Sin observaciones";
"2025";"Mayo";"Profesional";"ALIAGA ROJAS, OSCAR BERNARDO";"Atencion Clinica";"15";"PSICOLOGO (A)";"Región Metropolitana de Santiago";"(186)";"$ 1.461.545";"$ 1.194.753";"$ 0";-;"No";"No tiene";"No tiene";"No tiene";"01/01/2025";"31/12/2025";"No informa";"Sin observaciones";
"2025";"Mayo";"Médicos cirujanos, farmacéuticos, químico-farmacéuticos, bioquímicos, cirujano-dentistas";"ALJARO EHRENBERG, TRINIDAD ISABEL";"Medico Becario Primario";"44 Hrs.";"MEDICO CIRUJANO";"Región Metropolitana de Santiago";"(01)";"$ 2.801.656";"$ 2.309.124";"$ 0";-;"No";"No tiene";"No tiene";"No tiene";"06/05/2024";"05/05/2026";"No informa";"Sin observaciones";
"2025";"Mayo";"Médicos cirujanos, farmacéuticos, químico-farmacéuticos, bioquímicos, cirujano-dentistas";"ALLAUCA AREVALO, RICARDO ARMANDO";"Atencion Clinica Medica";"44 Hrs.";"MEDICO CIRUJANO";"Región Metropolitana de Santiago";"(188)(186)";"$ 4.466.832";"$ 3.622.909";"$ 0";-;"No";"No tiene";"No tiene";"No tiene";"01/01/2025";"31/12/2025";"No informa";"Sin observaciones";
"2025";"Mayo";"Profesional";"ALLEN OLIVOS, VERONICA BARBARA";"Apoyo Administrativo";"5";"INGENIERO (A) COMERCIAL";"Región Metropolitana de Santiago";"(186)";"$ 3.490.826";"$ 2.752.659";"$ 0";-;"No";"No tiene";"No tiene";"No tiene";"01/01/2025";"31/12/2025";"No informa";"Sin observaciones";
"2025";"Mayo";"Profesional";"ALMAZABAL SOTO, MARJORIE ISABEL";"Apoyo Administrativo";"6";"MATRON (A)";"Región Metropolitana de Santiago";"(01)";"$ 3.273.748";"$ 2.581.031";"$ 0";-;"No";"No tiene";"No tiene";"No tiene";"01/01/2025";"31/12/2025";"No informa";"Sin observaciones";
"2025";"Mayo";"Administrativo";"ALTAMIRA CHACON, OMAR CARLOS";"Apoyo Administrativo";"22";"ADMINISTRATIVO";"Región Metropolitana de Santiago";"(186)";"$ 667.505";"$ 545.552";"$ 0";-;"No";"No tiene";"No tiene";"No tiene";"01/01/2025";"31/12/2025";"No informa";"Sin observaciones";
"2025";"Mayo";"Profesional";"ALTAMIRANO BUSTOS, BRISSA BELEN";"Atencion Clinica";"16";"MATRON (A)";"Región Metropolitana de Santiago";"(01)";"$ 1.334.152";"$ 1.081.551";"$ 0";-;"No";"No tiene";"No tiene";"No tiene";"01/01/2025";"30/06/2025";"No informa";"Sin observaciones";
"2025";"Mayo";"Profesional";"ALVARADO ARIAS, ANA MARIA";"Apoyo Administrativo";"15";"EDUCADOR (A) DE PARVULOS";"Región Metropolitana de Santiago";"(186)";"$ 1.655.726";"$ 1.350.574";"$ 0";-;"Sí";"$ 96.661 : 12,00 hrs";"No tiene";"No tiene";"01/01/2025";"31/12/2025";"No informa";"Sin observaciones";
"2025";"Mayo";"Profesional";"ALVARADO BUSTAMANTE, MARITZA";"Apoyo Administrativo";"13";"INGENIERO (A) ADMINISTRACION DE EMPRESAS";"Región Metropolitana de Santiago";"(186)";"$ 1.852.775";"$ 1.488.981";"$ 0";-;"No";"No tiene";"No tiene";"No tiene";"01/01/2025";"31/12/2025";"No informa";"Sin observaciones";
"2025";"Mayo";"Auxiliar";"ALVAREZ FIGUEROA, EDUARDO ANDRES";"CONDUCTOR";"22";"AUXILIAR";"Región Metropolitana de Santiago";"(205)(202)(204)";"$ 1.308.526";"$ 807.358";"$ 0";"$ 0";"Sí";"$ 89.724 : 27,00 hrs";"$ 167.484 : 42,00 hrs";"No tiene";"01/01/2025";"31/12/2025";"No informa";"REMUNERACION MAY.2025";
"2025";"Mayo";"Profesional";"ALVAREZ FUENTES, JORGE LUIS";"Atencion Clinica";"12";"PSICOLOGO (A)";"Región Metropolitana de Santiago";"(01)";"$ 1.983.093";"$ 1.595.114";"$ 0";-;"No";"No tiene";"No tiene";"No tiene";"16/05/2024";"05/07/2025";"No informa";"Sin observaciones";
"2025";"Mayo";"Médicos cirujanos, farmacéuticos, químico-farmacéuticos, bioquímicos, cirujano-dentistas";"ALVAREZ MIRABAL, MARIA SALOME";"Medicina Familiar";"44 Hrs.";"MEDICO CIRUJANO";"Región Metropolitana de Santiago";"(188)(186)";"$ 2.587.961";"$ 2.065.522";"$ 0";-;"No";"No tiene";"No tiene";"No tiene";"01/01/2025";"31/12/2025";"No informa";"Sin observaciones";
"2025";"Mayo";"Administrativo";"ALVAREZ QUINTREL, CRISTIAN ALBERTO";"Apoyo Administrativo";"22";"ADMINISTRATIVO";"Región Metropolitana de Santiago";"(186)";"$ 724.898";"$ 604.587";"$ 0";-;"Sí";"$ 50.290 : 15,00 hrs";"$ 16.093 : 4,00 hrs";"No tiene";"01/01/2025";"31/12/2025";"No informa";"Sin observaciones";
"2025";"Mayo";"Profesional";"ALVAREZ RIVERA, ROMINA ANDREA";"Apoyo Administrativo";"15";"EDUCADOR (A) DE PARVULOS";"Región Metropolitana de Santiago";"(01)";"$ 1.556.599";"$ 1.276.534";"$ 0";-;"Sí";"$ 103.446 : 13,00 hrs";"No tiene";"No tiene";"01/01/2025";"31/12/2025";"No informa";"Sin observaciones";
"2025";"Mayo";"Técnico";"ALVAREZ VILCHES, ALLISON ALEJANDRA";"Atencion Clinica";"22";"TECNICO NIVEL SUPERIOR ENFERMERIA";"Región Metropolitana de Santiago";"(186)";"$ 725.765";"$ 597.618";"$ 0";-;"Sí";"No tiene";"$ 20.116 : 5,00 hrs";"No tiene";"01/01/2025";"31/12/2025";"No informa";"Sin observaciones";
"2025";"Mayo";"Médicos cirujanos, farmacéuticos, químico-farmacéuticos, bioquímicos, cirujano-dentistas";"ALVEAL BAHAMONDEZ, MARCO ANTONIO";"Medico Becario Primario";"44 Hrs.";"MEDICO CIRUJANO";"Región Metropolitana de Santiago";"(01)";"$ 2.801.656";"$ 2.311.646";"$ 0";-;"No";"No tiene";"No tiene";"No tiene";"06/05/2024";"05/05/2026";"No informa";"Sin observaciones";
"2025";"Mayo";"Auxiliar";"ALVEAR COFRE, HORACIO RODRIGO";"Apoyo Logistico";"22";"AUXILIAR";"Región Metropolitana de Santiago";"(186)";"$ 653.437";"$ 534.054";"$ 0";-;"No";"No tiene";"No tiene";"No tiene";"01/01/2025";"31/12/2025";"No informa";"Sin observaciones";
"2025";"Mayo";"Médicos cirujanos, farmacéuticos, químico-farmacéuticos, bioquímicos, cirujano-dentistas";"ALVIÑA CERDA, CATALINA DEL PILAR";"Medico Becario Primario";"44 Hrs.";"MEDICO CIRUJANO";"Región Metropolitana de Santiago";"(01)";"$ 2.801.656";"$ 2.309.124";"$ 0";-;"No";"No tiene";"No tiene";"No tiene";"06/05/2024";"05/05/2026";"No informa";"Sin observaciones";
"2025";"Mayo";"Técnico";"ALZAMORA PARRA, LUZ PATRICIA";"Atencion Clinica";"21";"TECNICO NIVEL SUPERIOR ENFERMERIA";"Región Metropolitana de Santiago";"(01)";"$ 704.582";"$ 574.586";"$ 0";-;"No";"No tiene";"No tiene";"No tiene";"01/01/2025";"31/12/2025";"No informa";"Sin observaciones";
"2025";"Mayo";"Administrativo";"AMESTICA MATTA, JUAN ERNESTO";"Apoyo Administrativo";"13";"ADMINISTRATIVO";"Región Metropolitana de Santiago";"(186)";"$ 976.072";"$ 797.744";"$ 0";-;"No";"No tiene";"No tiene";"No tiene";"01/01/2025";"31/12/2025";"No informa";"Sin observaciones";
"2025";"Mayo";"Profesional";"AMIGO UGALDE, CAROLINA ANDREA";"ENFERMERA (O)";"8";"ENFERMERA (O)";"Región Metropolitana de Santiago";"(186)";"$ 2.806.915";"$ 2.229.171";"$ 0";-;"No";"No tiene";"No tiene";"No tiene";"01/01/2025";"31/12/2025";"No informa";"Sin observaciones";
"2025";"Mayo";"Técnico";"ANCAVIL VIDAL, DANIEL ANTONIO";"ATENCION CLINICA";"22";"TECNICO NIVEL SUPERIOR ENFERMERIA";"Región Metropolitana de Santiago";"(202)(204)(186)";"$ 1.407.987";"$ 1.165.253";"$ 0";"$ 0";"Sí";"No tiene";"$ 381.517 : 94,00 hrs";"No tiene";"01/01/2025";"31/12/2025";"No informa";"REMUNERACION MAY.2025";
"2025";"Mayo";"Administrativo";"ANDAUR MOREIRA, KASSANDRA LORENA";"Apoyo Administrativo";"21";"ADMINISTRATIVO";"Región Metropolitana de Santiago";"(01)";"$ 836.103";"$ 714.950";"$ 0";-;"Sí";"$ 143.412 : 40,00 hrs";"No tiene";"No tiene";"01/01/2025";"31/12/2025";"No informa";"Sin observaciones";
"2025";"Mayo";"Médicos cirujanos, farmacéuticos, químico-farmacéuticos, bioquímicos, cirujano-dentistas";"ANDRADE GONZALEZ, ALEJANDRA REBECA";"Atencion Odontologica";"33 Hrs.";"CIRUJANO DENTISTA";"Región Metropolitana de Santiago";"(86)(186)";"$ 3.507.786";"$ 2.768.262";"$ 0";-;"No";"No tiene";"No tiene";"No tiene";"01/01/2025";"31/12/2025";"No informa";"Sin observaciones";
"2025";"Mayo";"Médicos cirujanos, farmacéuticos, químico-farmacéuticos, bioquímicos, cirujano-dentistas";"ANDRADE IBAÑEZ, MARIA FERNANDA";"CIRUGIA GENERAL";"28 Hrs.";"MEDICO CIRUJANO";"Región Metropolitana de Santiago";"(194)(193)(198)";"$ 2.424.189";"$ 1.997.162";"$ 0";"$ 0";"No";"No tiene";"No tiene";"No tiene";"01/01/2025";"31/12/2025";"No informa";"REMUNERACION MAY.2025";
"2025";"Mayo";"Profesional";"ANDRADE SAAVEDRA, NICOLAS MAURICIO";"Apoyo Administrativo";"13";"ADMINISTRADOR (A) PUBLICO";"Región Metropolitana de Santiago";"(186)";"$ 1.734.281";"$ 1.399.632";"$ 0";-;"No";"No tiene";"No tiene";"No tiene";"01/01/2025";"31/12/2025";"No informa";"Sin observaciones";
"2025";"Mayo";"Médicos cirujanos, farmacéuticos, químico-farmacéuticos, bioquímicos, cirujano-dentistas";"ANDRIGHETTI MARQUEZ, MARIA CRISTINA";"Medico Becario Primario";"44 Hrs.";"MEDICO CIRUJANO";"Región Metropolitana de Santiago";"(01)";"$ 2.801.656";"$ 2.311.646";"$ 0";-;"No";"No tiene";"No tiene";"No tiene";"06/05/2024";"05/05/2026";"No informa";"Sin observaciones";
"2025";"Mayo";"Técnico";"ANTILAO ANTILAO, CLAUDIA INES DEL CARMEN";"Atencion Clinica";"21";"TECNICO NIVEL SUPERIOR ENFERMERIA";"Región Metropolitana de Santiago";"(01)";"$ 764.815";"$ 636.863";"$ 0";-;"Sí";"No tiene";"$ 60.233 : 14,00 hrs";"No tiene";"01/01/2025";"31/12/2025";"No informa";"Sin observaciones";
"2025";"Mayo";"Profesional";"ANTILAO BARRIOS, GABRIELA JAZMIN";"Apoyo Administrativo";"11";"CONTADOR (A) AUDITOR (A)";"Región Metropolitana de Santiago";"(01)";"$ 2.554.063";"$ 2.136.403";"$ 0";-;"Sí";"$ 224.260 : 20,00 hrs";"$ 269.112 : 20,00 hrs";"No tiene";"01/01/2025";"31/12/2025";"No informa";"Sin observaciones";
"2025";"Mayo";"Técnico";"ANTIMAN COÑUELEF, BARBARA ANDREA";"Atencion Clinica";"20";"TECNICO NIVEL SUPERIOR ENFERMERIA";"Región Metropolitana de Santiago";"(186)";"$ 716.315";"$ 590.388";"$ 0";-;"No";"No tiene";"No tiene";"No tiene";"01/01/2025";"31/12/2025";"No informa";"Sin observaciones";
"2025";"Mayo";"Técnico";"ANTIPAN CASTILLO, FABIAN MANUEL";"Atencion Clinica";"22";"TECNICO";"Región Metropolitana de Santiago";"(186)";"$ 826.948";"$ 702.443";"$ 0";-;"Sí";"$ 102.354 : 30,00 hrs";"$ 16.377 : 4,00 hrs";"No tiene";"01/01/2025";"31/12/2025";"No informa";"Sin observaciones";
"2025";"Mayo";"Profesional";"ANTONELLI GONZALEZ, MARIA FERNANDA";"Atencion Clinica";"15";"PSICOLOGO (A)";"Región Metropolitana de Santiago";"(186)";"$ 1.486.719";"$ 1.213.410";"$ 0";-;"No";"No tiene";"No tiene";"No tiene";"01/01/2025";"31/12/2025";"No informa";"Sin observaciones";
"2025";"Mayo";"Profesional";"ARANCIBIA ALCAINO, MIRIAM LUZ";"Apoyo Administrativo";"6";"ASISTENTE SOCIAL";"Región Metropolitana de Santiago";"(186)";"$ 3.425.427";"$ 2.695.898";"$ 0";-;"No";"No tiene";"No tiene";"No tiene";"01/01/2025";"31/12/2025";"No informa";"REMUNERACION DEL MES + BIENIO 01-01-2025 AL 31-03-2025";
"2025";"Mayo";"Profesional";"ARANCIBIA CAMPOS, VANIA MONTSERRAT";"JEFE DE DEPARTAMENTO";"9";"INGENIERO (A) EJECUCION ADMINISTRACION DE RECURSOS HUMANOS";"Región Metropolitana de Santiago";"(01)";"$ 2.533.437";"$ 1.936.383";"$ 0";"$ 0";"No";"No tiene";"No tiene";"No tiene";"01/01/2025";"31/12/2025";"No informa";"REMUNERACION MAY.2025";
"2025";"Mayo";"Técnico";"ARANCIBIA CISTERNAS, MARCELA VIRGINIA";"Apoyo Administrativo";"21";"TECNICO NIVEL SUPERIOR DE PARVULO";"Región Metropolitana de Santiago";"(01)";"$ 692.691";"$ 570.916";"$ 0";-;"No";"No tiene";"No tiene";"No tiene";"01/01/2025";"31/12/2025";"No informa";"Sin observaciones";
"2025";"Mayo";"Médicos cirujanos, farmacéuticos, químico-farmacéuticos, bioquímicos, cirujano-dentistas";"ARANCIBIA CONTRERAS, KARINA PATRICIA";"Atencion Clinica Medica";"44 Hrs.";"MEDICO CIRUJANO";"Región Metropolitana de Santiago";"(86)";"$ 2.929.627";"$ 2.340.878";"$ 0";-;"No";"No tiene";"No tiene";"No tiene";"01/01/2025";"31/12/2025";"No informa";"Sin observaciones";
"2025";"Mayo";"Técnico";"ARANCIBIA GONZALEZ, STEPHANIE MICHELLE";"Atencion Clinica";"21";"TECNICO NIVEL SUPERIOR ODONTOLOGIA";"Región Metropolitana de Santiago";"(186)";"$ 707.688";"$ 579.171";"$ 0";-;"No";"No tiene";"No tiene";"No tiene";"01/01/2025";"31/12/2025";"No informa";"Sin observaciones";
"2025";"Mayo";"Técnico";"ARANCIBIA OPAZO, GABRIELA ELIANA";"Atencion Clinica";"22";"TECNICO NIVEL SUPERIOR ENFERMERIA";"Región Metropolitana de Santiago";"(01)";"$ 0";"$ 0";"$ 0";-;"No";"No tiene";"No tiene";"No tiene";"14/05/2025";"09/06/2025";"No informa";"CONTRATO INGRESADO POSTERIOR A LA FECHA DE CIERRE REMUNERACIONES MAYO";
"2025";"Mayo";"Auxiliar";"ARANCIBIA PINO, CRISTIAN DAVID";"CONDUCTOR";"24";"AUXILIAR";"Región Metropolitana de Santiago";"(205)(202)(204)(186)";"$ 915.429";"$ 570.524";"$ 0";"$ 0";"No";"No tiene";"No tiene";"No tiene";"01/01/2025";"31/12/2025";"No informa";"REMUNERACION MAY.2025";
"2025";"Mayo";"Médicos cirujanos, farmacéuticos, químico-farmacéuticos, bioquímicos, cirujano-dentistas";"ARANCIBIA ROMO, MARIA TERESA";"Imagenologia Oral y Maxilofacial";"22 Hrs.";"CIRUJANO DENTISTA";"Región Metropolitana de Santiago";"(188)(86)(186)";"$ 2.712.973";"$ 2.159.208";"$ 0";-;"No";"No tiene";"No tiene";"No tiene";"01/01/2025";"31/12/2025";"No informa";"Sin observaciones";
"2025";"Mayo";"Profesional";"ARANCIBIA ULLOA, JESUS EMILIO";"Atencion Clinica";"15";"ENFERMERA (O)";"Región Metropolitana de Santiago";"(186)";"$ 1.761.950";"$ 1.452.645";"$ 0";-;"Sí";"$ 194.494 : 24,00 hrs";"No tiene";"No tiene";"01/01/2025";"31/12/2025";"No informa";"Sin observaciones";
"2025";"Mayo";"Auxiliar";"ARANEDA BRAVO, CARLOS";"Chofer";"19";"AUXILIAR";"Región Metropolitana de Santiago";"(205)(186)";"$ 808.663";"$ 659.465";"$ 0";-;"No";"No tiene";"No tiene";"No tiene";"01/01/2025";"31/12/2025";"No informa";"Sin observaciones";
"2025";"Mayo";"Auxiliar";"ARANGUA AVILEZ, EDUARDO JAVIER";"ATENCION CLINICA";"22";"AUXILIAR";"Región Metropolitana de Santiago";"(205)(202)(204)";"$ 1.423.768";"$ 1.067.354";"$ 0";"$ 0";"Sí";"$ 93.047 : 28,00 hrs";"$ 271.165 : 68,00 hrs";"No tiene";"01/01/2025";"31/12/2025";"No informa";"REMUNERACION MAY.2025";
"2025";"Mayo";"Administrativo";"ARAOS ARAOS, KATHERINNE ANDREA";"APOYO ADMINISTRATIVO";"22";"ADMINISTRATIVO";"Región Metropolitana de Santiago";"(203)(204)";"$ 827.479";"$ 660.922";"$ 0";"$ 0";"No";"No tiene";"No tiene";"No tiene";"01/01/2025";"30/09/2025";"No informa";"REMUNERACION MAY.2025";
"2025";"Mayo";"Técnico";"ARAOS RUZ, YENIFFER CONSTANZA";"Atencion Clinica";"22";"TECNICO NIVEL SUPERIOR ENFERMERIA";"Región Metropolitana de Santiago";"(01)";"$ 679.294";"$ 679.294";"$ 0";-;"No";"No tiene";"No tiene";"No tiene";"01/04/2025";"19/06/2025";"No informa";"CONTRATO POR REEMPLAZO";
"2025";"Mayo";"Administrativo";"ARAUJO GALLARDO, RICARDO ANTONIO";"Apoyo Administrativo";"22";"ADMINISTRATIVO";"Región Metropolitana de Santiago";"(186)";"$ 852.416";"$ 730.090";"$ 0";-;"Sí";"$ 108.232 : 32,00 hrs";"$ 81.174 : 20,00 hrs";"No tiene";"01/01/2025";"31/12/2025";"No informa";"Sin observaciones";
"2025";"Mayo";"Administrativo";"ARAVENA ARAVENA, MARIA ISABEL";"Atencion Clinica";"22";"ADMINISTRATIVO";"Región Metropolitana de Santiago";"(01)";"$ 109.002";"$ 89.839";"$ 0";-;"No";"No tiene";"No tiene";"No tiene";"14/04/2025";"05/05/2025";"No informa";"CONTRATO POR REEMPLAZO";
"2025";"Mayo";"Técnico";"ARAVENA BOBADILLA, JAVIER JESUS";"ATENCION CLINICA";"22";"TECNICO NIVEL SUPERIOR ENFERMERIA";"Región Metropolitana de Santiago";"(202)(204)(186)";"$ 1.042.926";"$ 771.501";"$ 0";"$ 0";"No";"No tiene";"No tiene";"No tiene";"01/01/2025";"31/12/2025";"No informa";"REMUNERACION MAY.2025";
"2025";"Mayo";"Administrativo";"ARAVENA CARRASCO, LILIANA DEL CARMEN";"Apoyo Administrativo";"19";"TECNICO EN SECRETARIADO";"Región Metropolitana de Santiago";"(186)";"$ 719.867";"$ 588.347";"$ 0";-;"No";"No tiene";"No tiene";"No tiene";"01/04/2025";"31/05/2025";"No informa";"Sin observaciones";
"2025";"Mayo";"Profesional";"ARAVENA CASTILLO, JOSE ERASMO";"Atencion Clinica";"15";"ENFERMERA (O)";"Región Metropolitana de Santiago";"(01)";"$ 1.723.705";"$ 1.434.584";"$ 0";-;"Sí";"$ 270.552 : 34,00 hrs";"No tiene";"No tiene";"01/01/2025";"31/12/2025";"No informa";"Sin observaciones";
"2025";"Mayo";"Auxiliar";"ARAVENA CONTRERAS, VIVIANA JOHANNA";"Apoyo Logistico";"24";"AUXILIAR";"Región Metropolitana de Santiago";"(186)";"$ 605.484";"$ 494.861";"$ 0";-;"No";"No tiene";"No tiene";"No tiene";"01/01/2025";"31/12/2025";"No informa";"Sin observaciones";
"2025";"Mayo";"Auxiliar";"ARAVENA LARA, LUIS ALBERTO";"CONDUCTOR";"22";"PODOLOGO (A)";"Región Metropolitana de Santiago";"(205)(202)(204)";"$ 1.082.318";"$ 845.467";"$ 0";"$ 0";"No";"No tiene";"No tiene";"No tiene";"01/01/2025";"31/12/2025";"No informa";"REMUNERACION MAY.2025";
"2025";"Mayo";"Administrativo";"ARAVENA PINTO, MARGARITA SUSANA";"Apoyo Administrativo";"21";"TECNICO ADMINISTRATIVO EN RECURSOS HUMANOS";"Región Metropolitana de Santiago";"(186)";"$ 828.213";"$ 701.586";"$ 0";-;"Sí";"$ 61.488 : 17,00 hrs";"$ 69.445 : 16,00 hrs";"No tiene";"01/01/2025";"31/12/2025";"No informa";"Sin observaciones";
"2025";"Mayo";"Profesional";"ARAVENA PULIDO, GLORIA IGNACIA";"Atencion Clinica";"14";"EDUCADOR (A) DE PARVULOS";"Región Metropolitana de Santiago";"(186)";"$ 1.699.195";"$ 1.383.063";"$ 0";-;"No";"No tiene";"No tiene";"No tiene";"01/01/2025";"31/12/2025";"No informa";"Sin observaciones";
"2025";"Mayo";"Técnico";"ARAVENA REINOSO, AUGUSTO ALEJANDRO";"ATENCION CLINICA";"22";"TECNICO NIVEL SUPERIOR ENFERMERIA";"Región Metropolitana de Santiago";"(203)(204)";"$ 926.059";"$ 675.115";"$ 0";"$ 0";"Sí";"$ 36.554 : 11,00 hrs";"No tiene";"No tiene";"01/01/2025";"31/12/2025";"No informa";"REMUNERACION MAY.2025";
"2025";"Mayo";"Técnico";"ARAVENA REYES, PAMELA ADRIANA";"Atencion Clinica";"21";"TECNICO NIVEL SUPERIOR ENFERMERIA";"Región Metropolitana de Santiago";"(186)";"$ 707.688";"$ 583.277";"$ 0";-;"No";"No tiene";"No tiene";"No tiene";"01/01/2025";"31/12/2025";"No informa";"Sin observaciones";
"2025";"Mayo";"Profesional";"ARAYA ALARCON, SUGEISY";"Atencion Clinica";"15";"KINESIOLOGO (A)";"Región Metropolitana de Santiago";"(186)";"$ 1.911.877";"$ 1.602.195";"$ 0";-;"Sí";"$ 265.817 : 33,00 hrs";"$ 86.995 : 9,00 hrs";"No tiene";"01/01/2025";"31/12/2025";"No informa";"Sin observaciones";
"2025";"Mayo";"Profesional";"ARAYA FLORES, FABIOLA ALEJANDRA";"Apoyo Administrativo";"8";"INGENIERO (A) EN ADMINISTRACION";"Región Metropolitana de Santiago";"(01)";"$ 2.660.255";"$ 2.124.062";"$ 0";-;"No";"No tiene";"No tiene";"No tiene";"01/01/2025";"31/12/2025";"No informa";"Sin observaciones";
"2025";"Mayo";"Profesional";"ARAYA FUENTES, MARIA DEL PILAR";"APOYO ADMINISTRATIVO";"12";"INGENIERO (A) PREVENCION DE RIESGOS";"Región Metropolitana de Santiago";"(01)";"$ 1.893.964";"$ 1.436.448";"$ 0";"$ 0";"No";"No tiene";"No tiene";"No tiene";"01/01/2025";"31/12/2025";"No informa";"REMUNERACION MAY.2025";
"2025";"Mayo";"Médicos cirujanos, farmacéuticos, químico-farmacéuticos, bioquímicos, cirujano-dentistas";"ARAYA HERRERA, BERNARDITA DEL CARMEN";"Atencion Odontologica";"22 Hrs.";"CIRUJANO DENTISTA";"Región Metropolitana de Santiago";"(188)(186)";"$ 2.423.926";"$ 1.846.107";"$ 0";-;"No";"No tiene";"No tiene";"No tiene";"01/01/2025";"31/12/2025";"No informa";"Sin observaciones";
"2025";"Mayo";"Médicos cirujanos, farmacéuticos, químico-farmacéuticos, bioquímicos, cirujano-dentistas";"ARAYA HERRERA, BERNARDITA DEL CARMEN";"Atencion Odontologica";"11 Hrs.";"CIRUJANO DENTISTA";"Región Metropolitana de Santiago";"(188)(186)";"$ 1.211.963";"$ 1.053.340";"$ 0";-;"No";"No tiene";"No tiene";"No tiene";"01/01/2025";"30/06/2025";"No informa";"Sin observaciones";
"2025";"Mayo";"Médicos cirujanos, farmacéuticos, químico-farmacéuticos, bioquímicos, cirujano-dentistas";"ARAYA HERRERA, BERNARDITA DEL CARMEN";"Atencion Odontologica";"11 Hrs.";"CIRUJANO DENTISTA";"Región Metropolitana de Santiago";"(188)(186)";"$ 1.211.963";"$ 1.053.340";"$ 0";-;"No";"No tiene";"No tiene";"No tiene";"01/01/2025";"31/12/2025";"No informa";"Sin observaciones";
"2025";"Mayo";"Administrativo";"ARAYA RAMIREZ, MARIA INES";"Apoyo Administrativo";"22";"ADMINISTRATIVO";"Región Metropolitana de Santiago";"(186)";"$ 697.529";"$ 580.182";"$ 0";-;"Sí";"$ 13.647 : 4,00 hrs";"$ 16.377 : 4,00 hrs";"No tiene";"01/01/2025";"31/12/2025";"No informa";"Sin observaciones";
"2025";"Mayo";"Profesional";"ARAYA ROJAS, KATHERINE ISABEL";"Atencion Clinica";"15";"PSICOLOGO (A)";"Región Metropolitana de Santiago";"(01)";"$ 1.453.153";"$ 1.186.851";"$ 0";-;"No";"No tiene";"No tiene";"No tiene";"01/01/2025";"31/12/2025";"No informa";"Sin observaciones";
"2025";"Mayo";"Profesional";"ARAYA SALINAS, VALERIA ALEJANDRA";"Atencion Clinica";"15";"ENFERMERA (O)";"Región Metropolitana de Santiago";"(186)";"$ 1.461.545";"$ 1.185.353";"$ 0";-;"No";"No tiene";"No tiene";"No tiene";"01/01/2025";"31/12/2025";"No informa";"Sin observaciones";
"2025";"Mayo";"Profesional";"ARAYA SANHUEZA, JONATHAN OMAR";"Director Zonal";"5";"KINESIOLOGO (A)";"Región Metropolitana de Santiago";"(186)";"$ 3.508.692";"$ 2.763.714";"$ 0";-;"No";"No tiene";"No tiene";"No tiene";"01/01/2025";"31/12/2025";"No informa";"Sin observaciones";
"2025";"Mayo";"Profesional";"ARAYA VALENZUELA, TATIANA BEATRIZ";"Subdirector";"5";"KINESIOLOGO (A)";"Región Metropolitana de Santiago";"(186)";"$ 3.546.643";"$ 2.825.853";"$ 0";-;"Sí";"$ 55.817 : 3,00 hrs";"No tiene";"No tiene";"01/01/2025";"31/12/2025";"No informa";"Sin observaciones";
"2025";"Mayo";"Profesional";"ARCE GONZALEZ, GUILLERMO ANDRES HAFID";"Atencion Clinica";"13";"ENFERMERA (O)";"Región Metropolitana de Santiago";"(186)";"$ 1.929.802";"$ 1.568.380";"$ 0";-;"Sí";"$ 86.816 : 9,00 hrs";"No tiene";"No tiene";"01/01/2025";"31/12/2025";"No informa";"Sin observaciones";
"2025";"Mayo";"Profesional";"ARCE MUÑOZ, FRANCISCO JAVIER";"Apoyo Administrativo";"9";"PROFESOR (A)";"Región Metropolitana de Santiago";"(186)";"$ 2.613.332";"$ 2.084.454";"$ 0";-;"No";"No tiene";"No tiene";"No tiene";"01/01/2025";"31/12/2025";"No informa";"Sin observaciones";
"2025";"Mayo";"Profesional";"ARCOS ELGUETA, VALENTINA DANIELA";"Apoyo Administrativo";"8";"CIRUJANO DENTISTA";"Región Metropolitana de Santiago";"(01)";"$ 2.660.255";"$ 2.136.623";"$ 0";-;"No";"No tiene";"No tiene";"No tiene";"01/01/2025";"30/06/2025";"No informa";"Sin observaciones";
"2025";"Mayo";"Técnico";"ARCOS SANDOVAL, NATALIA VERONICA";"Atencion Clinica";"22";"TECNICO NIVEL SUPERIOR ENFERMERIA";"Región Metropolitana de Santiago";"(01)";"$ 530.481";"$ 437.699";"$ 0";-;"No";"No tiene";"No tiene";"No tiene";"08/05/2025";"30/05/2025";"No informa";"CONTRATO POR REEMPLAZO";
"2025";"Mayo";"Administrativo";"ARENAS CASTILLO, JUAN HERNAN";"Apoyo Administrativo";"22";"ADMINISTRATIVO";"Región Metropolitana de Santiago";"(186)";"$ 663.010";"$ 542.607";"$ 0";-;"No";"No tiene";"No tiene";"No tiene";"01/01/2025";"31/12/2025";"No informa";"Sin observaciones";
"2025";"Mayo";"Administrativo";"ARENAS NAVEA, NILDA PALOMA";"Apoyo Administrativo";"21";"ADMINISTRATIVO";"Región Metropolitana de Santiago";"(186)";"$ 697.280";"$ 569.887";"$ 0";-;"No";"No tiene";"No tiene";"No tiene";"01/01/2025";"31/12/2025";"No informa";"Sin observaciones";
"2025";"Mayo";"Administrativo";"AREVALO MATURANA, MICHELLE MONSERRAT";"APOYO ADMINISTRATIVO";"22";"ADMINISTRATIVO";"Región Metropolitana de Santiago";"(203)(204)";"$ 1.109.278";"$ 901.360";"$ 0";"$ 0";"Sí";"$ 26.585 : 8,00 hrs";"$ 255.214 : 64,00 hrs";"No tiene";"01/01/2025";"31/12/2025";"No informa";"REMUNERACION MAY.2025";
"2025";"Mayo";"Administrativo";"AREVALO ROSALES, ELSA MIREYA";"Apoyo Administrativo";"21";"ADMINISTRATIVO";"Región Metropolitana de Santiago";"(186)";"$ 862.316";"$ 733.094";"$ 0";-;"Sí";"$ 95.685 : 26,00 hrs";"$ 66.244 : 15,00 hrs";"No tiene";"01/01/2025";"31/12/2025";"No informa";"Sin observaciones";
"2025";"Mayo";"Administrativo";"ARIAS PEÑA, FABIOLA ALEJANDRA";"Apoyo Administrativo";"22";"ADMINISTRATIVO";"Región Metropolitana de Santiago";"(186)";"$ 667.505";"$ 545.552";"$ 0";-;"No";"No tiene";"No tiene";"No tiene";"01/01/2025";"31/12/2025";"No informa";"Sin observaciones";
"2025";"Mayo";"Profesional";"ARIAS SUAREZ, ALINE FRANCISCA";"Atencion Clinica";"15";"TERAPEUTA OCUPACIONAL";"Región Metropolitana de Santiago";"(01)";"$ 1.453.153";"$ 1.188.107";"$ 0";-;"No";"No tiene";"No tiene";"No tiene";"01/01/2025";"31/07/2025";"No informa";"Sin observaciones";
"2025";"Mayo";"Profesional";"ARMIJO GACITUA, JOSE ANTONIO";"ATENCION CLINICA";"13";"ENFERMERA (O)";"Región Metropolitana de Santiago";"(01)";"$ 2.459.782";"$ 1.816.268";"$ 0";"$ 0";"Sí";"$ 189.508 : 20,00 hrs";"$ 545.782 : 98,00 hrs";"No tiene";"01/01/2025";"31/05/2025";"No informa";"REMUNERACION MAY.2025";
"2025";"Mayo";"Técnico";"AROS HERRERA, BEATRIZ ARACELY";"Atencion Clinica";"22";"TECNICO NIVEL SUPERIOR ENFERMERIA";"Región Metropolitana de Santiago";"(186)";"$ 708.217";"$ 577.551";"$ 0";-;"No";"No tiene";"No tiene";"No tiene";"01/01/2025";"31/12/2025";"No informa";"Sin observaciones";
"2025";"Mayo";"Administrativo";"AROS VERA, JUAN AGUSTIN";"APOYO ADMINISTRATIVO";"22";"ADMINISTRATIVO";"Región Metropolitana de Santiago";"(01)";"$ 358.297";"$ 319.971";"$ 0";"$ 0";"Sí";"No tiene";"$ 140.289 : 86,00 hrs";"No tiene";"01/05/2025";"10/05/2025";"No informa";"REEMPLAZO MAY.2025 (01-10)+PAGO BONO MENSUAL";
"2025";"Mayo";"Profesional";"ARRATIA ZUÑIGA, CLAUDIO MAURICIO";"Jefe de Departamento";"5";"INGENIERO (A) EJECUCION GESTION PUBLICA";"Región Metropolitana de Santiago";"(186)";"$ 3.544.421";"$ 2.799.025";"$ 0";-;"No";"No tiene";"No tiene";"No tiene";"01/01/2025";"31/12/2025";"No informa";"REMUNERACION DEL MES + BIENIO 01-01-2025 AL 31-03-2025";
"2025";"Mayo";"Administrativo";"ARREDONDO PIÑA, ALDO ALEXIS";"Apoyo Administrativo";"16";"ADMINISTRADOR (A) PUBLICO";"Región Metropolitana de Santiago";"(186)";"$ 1.536.013";"$ 1.281.923";"$ 0";-;"Sí";"No tiene";"$ 218.333 : 26,00 hrs";"No tiene";"01/01/2025";"31/12/2025";"No informa";"Sin observaciones";
"2025";"Mayo";"Profesional";"ARREDONDO SANTIBAÑEZ, BELEN ESTEFANIA";"Atencion Clinica";"16";"ENFERMERA (O)";"Región Metropolitana de Santiago";"(01)";"$ 1.022.850";"$ 1.022.850";"$ 0";-;"No";"No tiene";"No tiene";"No tiene";"01/01/2025";"30/05/2025";"No informa";"CONTRATO POR REEMPLAZO";
"2025";"Mayo";"Profesional";"ARRIAGADA CHACON, DANIELA ALEJANDRA";"Atencion Clinica";"15";"ENFERMERA (O)";"Región Metropolitana de Santiago";"(186)";"$ 1.550.674";"$ 1.255.409";"$ 0";-;"No";"No tiene";"No tiene";"No tiene";"01/01/2025";"31/12/2025";"No informa";"Sin observaciones";
"2025";"Mayo";"Técnico";"ARRIAGADA MORALES, MARISOL ALEJANDRA";"Atencion Clinica";"22";"TECNICO DE ODONTOLOGIA";"Región Metropolitana de Santiago";"(01)";"$ 704.365";"$ 575.677";"$ 0";-;"No";"No tiene";"No tiene";"No tiene";"01/01/2025";"30/06/2025";"No informa";"Sin observaciones";
"2025";"Mayo";"Auxiliar";"ARRIAGADA SALINAS, RAUL ENRIQUE";"CONDUCTOR";"22";"AUXILIAR";"Región Metropolitana de Santiago";"(202)(186)(205)(202)(204)(186)";"$ 1.076.012";"$ 699.434";"$ 0";"$ 0";"No";"No tiene";"No tiene";"No tiene";"01/01/2025";"31/12/2025";"No informa";"REMUNERACION MAY.2025+PAGO DIF. BIENIOS ABR.2025";
"2025";"Mayo";"Profesional";"ARROYO MORALES, ANDREA CAROLINA";"Apoyo Administrativo";"5";"ASISTENTE SOCIAL";"Región Metropolitana de Santiago";"(186)";"$ 1.574.627";"$ 1.277.760";"$ 0";-;"No";"No tiene";"No tiene";"No tiene";"01/01/2025";"13/05/2025";"No informa";"Sin observaciones";
"2025";"Mayo";"Administrativo";"ARTIGAS MOLINA, ELSA JACQUELINE";"Apoyo Administrativo";"13";"INGENIERO (A) EJECUCION ADMINISTRACION DE EMPRESAS";"Región Metropolitana de Santiago";"(186)";"$ 1.751.611";"$ 1.410.124";"$ 0";-;"No";"No tiene";"No tiene";"No tiene";"01/01/2025";"31/12/2025";"No informa";"Sin observaciones";
"2025";"Mayo";"Administrativo";"ARZUAGA SANCHEZ, FABIOLA DEL CARMEN";"APOYO ADMINISTRATIVO";"22";"ADMINISTRATIVO";"Región Metropolitana de Santiago";"(186)";"$ 755.742";"$ 626.139";"$ 0";"$ 0";"Sí";"$ 97.227 : 29,00 hrs";"No tiene";"No tiene";"01/01/2025";"31/12/2025";"No informa";"REMUNERACION MAY.2025+PAGO BONO MENSUAL";
"2025";"Mayo";"Profesional";"ASTETE OLMOS, MATIAS IGNACIO";"Apoyo Administrativo";"10";"ADMINISTRADOR (A) PUBLICO";"Región Metropolitana de Santiago";"(01)";"$ 2.242.174";"$ 1.811.170";"$ 0";-;"No";"No tiene";"No tiene";"No tiene";"01/02/2025";"31/05/2025";"No informa";"Sin observaciones";
"2025";"Mayo";"Profesional";"ASTORGA QUIROGA, HANS ANDRES";"Atencion Clinica";"12";"ENFERMERA (O)";"Región Metropolitana de Santiago";"(01)";"$ 1.983.093";"$ 1.592.485";"$ 0";-;"No";"No tiene";"No tiene";"No tiene";"01/01/2025";"31/12/2025";"No informa";"Sin observaciones";
"2025";"Mayo";"Profesional";"ASTORGA VALDES, DAVID ANDRES";"Apoyo Administrativo";"8";"ASISTENTE SOCIAL";"Región Metropolitana de Santiago";"(186)";"$ 2.717.786";"$ 2.162.792";"$ 0";-;"No";"No tiene";"No tiene";"No tiene";"01/01/2025";"31/12/2025";"No informa";"Sin observaciones";
"2025";"Mayo";"Profesional";"ASTUDILLO GUAJARDO, CAROLINA ANTONIETA";"Atencion Clinica";"8";"TRABAJADOR (A) SOCIAL";"Región Metropolitana de Santiago";"(186)";"$ 2.778.149";"$ 2.205.957";"$ 0";-;"No";"No tiene";"No tiene";"No tiene";"01/01/2025";"31/12/2025";"No informa";"Sin observaciones";
"2025";"Mayo";"Médicos cirujanos, farmacéuticos, químico-farmacéuticos, bioquímicos, cirujano-dentistas";"ASTUDILLO LOPEZ, VALENTINA DEL PILAR";"Atencion Clinica Medica";"44 Hrs.";"MEDICO CIRUJANO";"Región Metropolitana de Santiago";"(86)(86)";"$ 2.929.627";"$ 2.168.482";"$ 0";-;"No";"No tiene";"No tiene";"No tiene";"07/04/2025";"31/12/2025";"No informa";"Sin observaciones";
"2025";"Mayo";"Profesional";"ASTUDILLO MARTINEZ, DANIELA FRANCISCA";"Atencion Clinica";"15";"ENFERMERA (O)";"Región Metropolitana de Santiago";"(186)";"$ 1.567.456";"$ 1.266.908";"$ 0";-;"No";"No tiene";"No tiene";"No tiene";"01/01/2025";"31/12/2025";"No informa";"Sin observaciones";
"2025";"Mayo";"Administrativo";"ASTUDILLO MENDOZA, PAULA MACARENA";"APOYO ADMINISTRATIVO";"22";"ADMINISTRATIVO";"Región Metropolitana de Santiago";"(203)(204)(186)";"$ 841.239";"$ 353.371";"$ 0";"$ 0";"No";"No tiene";"No tiene";"No tiene";"01/01/2025";"31/12/2025";"No informa";"REMUNERACION MAY.2025";
"2025";"Mayo";"Técnico";"ASTUDILLO MORA, XIMENA CAROLINA";"Atencion Clinica";"20";"TECNICO NIVEL SUPERIOR ENFERMERIA";"Región Metropolitana de Santiago";"(186)";"$ 716.315";"$ 584.156";"$ 0";-;"No";"No tiene";"No tiene";"No tiene";"01/01/2025";"31/12/2025";"No informa";"Sin observaciones";
"2025";"Mayo";"Médicos cirujanos, farmacéuticos, químico-farmacéuticos, bioquímicos, cirujano-dentistas";"AUBELE LEON, MARIA TRINIDAD";"CIRUGIA GENERAL";"28 Hrs.";"MEDICO CIRUJANO";"Región Metropolitana de Santiago";"(194)(193)(198)";"$ 2.424.189";"$ 1.823.378";"$ 0";"$ 0";"No";"No tiene";"No tiene";"No tiene";"01/01/2025";"31/12/2025";"No informa";"REMUNERACION MAY.2025";
"2025";"Mayo";"Profesional";"AVENDAÑO ARROYO, NATALIA VALENTINA";"Atencion Clinica";"15";"PSICOLOGO (A)";"Región Metropolitana de Santiago";"(01)";"$ 1.453.153";"$ 1.178.760";"$ 0";-;"No";"No tiene";"No tiene";"No tiene";"01/05/2025";"31/07/2025";"No informa";"Sin observaciones";
"2025";"Mayo";"Médicos cirujanos, farmacéuticos, químico-farmacéuticos, bioquímicos, cirujano-dentistas";"AVILA ALULEMA, BELLITA DE LOURDES";"Medicina Familiar";"22 Hrs.";"MEDICO CIRUJANO";"Región Metropolitana de Santiago";"(188)(86)(186)";"$ 3.356.761";"$ 3.039.516";"$ 0";-;"No";"No tiene";"No tiene";"No tiene";"01/01/2025";"31/12/2025";"No informa";"Sin observaciones";
"2025";"Mayo";"Médicos cirujanos, farmacéuticos, químico-farmacéuticos, bioquímicos, cirujano-dentistas";"AVILA ALULEMA, BELLITA DE LOURDES";"Medicina Familiar";"22 Hrs.";"MEDICO CIRUJANO";"Región Metropolitana de Santiago";"(188)(86)(186)";"$ 3.356.761";"$ 2.406.077";"$ 0";-;"No";"No tiene";"No tiene";"No tiene";"01/01/2025";"31/12/2025";"No informa";"Sin observaciones";
"2025";"Mayo";"Médicos cirujanos, farmacéuticos, químico-farmacéuticos, bioquímicos, cirujano-dentistas";"AVILA BELTRAN, DENISSE CAROLINA";"Atencion Clinica Medica";"22 Hrs.";"MEDICO CIRUJANO";"Región Metropolitana de Santiago";"(188)(186)";"$ 2.443.635";"$ 1.862.629";"$ 0";-;"No";"No tiene";"No tiene";"No tiene";"01/01/2025";"31/12/2025";"No informa";"Sin observaciones";
"2025";"Mayo";"Médicos cirujanos, farmacéuticos, químico-farmacéuticos, bioquímicos, cirujano-dentistas";"AVILA BELTRAN, DENISSE CAROLINA";"Atencion Clinica Medica";"22 Hrs.";"MEDICO CIRUJANO";"Región Metropolitana de Santiago";"(188)(186)";"$ 2.443.635";"$ 2.129.314";"$ 0";-;"No";"No tiene";"No tiene";"No tiene";"01/01/2025";"31/12/2025";"No informa";"Sin observaciones";
"2025";"Mayo";"Profesional";"AVILA DURAN, CINDY ALEJANDRA";"APOYO ADMINISTRATIVO";"9";"ABOGADO (A)";"Región Metropolitana de Santiago";"(01)";"$ 2.444.308";"$ 1.774.804";"$ 0";"$ 0";"No";"No tiene";"No tiene";"No tiene";"01/01/2025";"31/12/2025";"No informa";"REMUNERACION MAY.2025";
"2025";"Mayo";"Técnico";"AVILA PARADA, CHRISNA FERNANDA";"Atencion Clinica";"21";"TECNICO NIVEL SUPERIOR ENFERMERIA";"Región Metropolitana de Santiago";"(186)";"$ 706.135";"$ 577.901";"$ 0";-;"No";"No tiene";"No tiene";"No tiene";"01/01/2025";"30/06/2025";"No informa";"Sin observaciones";
"2025";"Mayo";"Profesional";"AVILES NEIRA, GERALDINE BETZABE";"Apoyo Administrativo";"16";"TRABAJADOR (A) SOCIAL";"Región Metropolitana de Santiago";"(01)";"$ 1.334.152";"$ 1.334.152";"$ 0";-;"No";"No tiene";"No tiene";"No tiene";"09/04/2025";"01/06/2025";"No informa";"CONTRATO POR REEMPLAZO";
"2025";"Mayo";"Profesional";"AVILES PARADA, MARIA FERNANDA";"Atencion Clinica";"12";"ENFERMERA (O)";"Región Metropolitana de Santiago";"(186)";"$ 2.521.588";"$ 2.104.204";"$ 0";-;"Sí";"$ 155.271 : 15,00 hrs";"$ 372.651 : 30,00 hrs";"No tiene";"01/01/2025";"31/12/2025";"No informa";"Sin observaciones";
"2025";"Mayo";"Administrativo";"AVILES TORRES, CAROLINA DEL PILAR";"Encargada Oficina de Partes";"13";"ADMINISTRATIVO";"Región Metropolitana de Santiago";"(01)";"$ 1.692.880";"$ 1.365.316";"$ 0";-;"No";"No tiene";"No tiene";"No tiene";"01/01/2025";"31/12/2025";"No informa";"Sin observaciones";
"2025";"Mayo";"Profesional";"AYALA LE FORT, MARIA SOFIA";"APOYO ADMINISTRATIVO";"8";"CONTADOR (A) AUDITOR (A)";"Región Metropolitana de Santiago";"(186)";"$ 2.821.297";"$ 2.197.145";"$ 0";"$ 0";"No";"No tiene";"No tiene";"No tiene";"01/01/2025";"31/12/2025";"No informa";"REMUNERACION MAY.2025";
"2025";"Mayo";"Médicos cirujanos, farmacéuticos, químico-farmacéuticos, bioquímicos, cirujano-dentistas";"AYALA MAUREIRA, EDUARDO IGNACIO";"Atencion Clinica Medica";"44 Hrs.";"MEDICO CIRUJANO";"Región Metropolitana de Santiago";"(86)(186)";"$ 4.944.804";"$ 4.062.248";"$ 0";-;"Sí";"$ 322.050 : 25,00 hrs";"$ 1.066.602 : 69,00 hrs";"No tiene";"01/01/2025";"31/12/2025";"No informa";"Sin observaciones";
"2025";"Mayo";"Profesional";"AYALA ZARATE, ALEJANDRA ANDREA";"ATENCION CLINICA";"11";"GRADO DE MAGISTER EN SALUD PUBLICA CON MENCION EN GESTION EN SALUD";"Región Metropolitana de Santiago";"(203)(201)(204)(186)";"$ 3.034.982";"$ 1.916.184";"$ 0";"$ 0";"No";"No tiene";"No tiene";"No tiene";"01/01/2025";"31/12/2025";"No informa";"REMUNERACION MAY.2025";
"2025";"Mayo";"Profesional";"AYLWIN NAVARRO, JAVIERA";"Atencion Clinica";"15";"PSICOLOGO (A)";"Región Metropolitana de Santiago";"(186)";"$ 1.550.674";"$ 1.251.062";"$ 0";-;"No";"No tiene";"No tiene";"No tiene";"01/01/2025";"31/12/2025";"No informa";"Sin observaciones";
"2025";"Mayo";"Médicos cirujanos, farmacéuticos, químico-farmacéuticos, bioquímicos, cirujano-dentistas";"AYLWIN RIOS, MARIA ESTER ISABEL";"Salud Publica";"44 Hrs.";"MEDICO CIRUJANO";"Región Metropolitana de Santiago";"(86)(186)";"$ 5.594.099";"$ 4.606.423";"$ 0";-;"No";"No tiene";"No tiene";"No tiene";"01/01/2025";"31/12/2025";"No informa";"Sin observaciones";
"2025";"Mayo";"Médicos cirujanos, farmacéuticos, químico-farmacéuticos, bioquímicos, cirujano-dentistas";"AYORA CASTELLANOS, HECTOR ROLANDO";"Medicina Familiar";"44 Hrs.";"MEDICO CIRUJANO";"Región Metropolitana de Santiago";"(188)(86)(186)";"$ 5.859.514";"$ 4.792.512";"$ 0";-;"No";"No tiene";"No tiene";"No tiene";"01/01/2025";"31/12/2025";"No informa";"Sin observaciones";
"2025";"Mayo";"Profesional";"BADILLA GARRIDO, ALEJANDRA CECILIA";"Apoyo Administrativo";"7";"INGENIERO (A) EJECUCION ADMINISTRACION";"Región Metropolitana de Santiago";"(186)";"$ 3.040.678";"$ 2.402.812";"$ 0";-;"No";"No tiene";"No tiene";"No tiene";"01/01/2025";"31/12/2025";"No informa";"Sin observaciones";
"2025";"Mayo";"Técnico";"BAEZ BAEZA, CRISTIAN JAVIER";"ATENCION CLINICA";"22";"TECNICO NIVEL SUPERIOR ENFERMERIA";"Región Metropolitana de Santiago";"(202)(204)(186)";"$ 1.299.755";"$ 843.237";"$ 0";"$ 0";"Sí";"$ 94.703 : 28,00 hrs";"$ 178.582 : 44,00 hrs";"No tiene";"01/01/2025";"31/12/2025";"No informa";"REMUNERACION MAY.2025";
"2025";"Mayo";"Médicos cirujanos, farmacéuticos, químico-farmacéuticos, bioquímicos, cirujano-dentistas";"BAEZA FIGUEROA, IGNACIO ANDRES";"Atencion Odontologica";"22 Hrs.";"CIRUJANO DENTISTA";"Región Metropolitana de Santiago";"(86)(186)";"$ 1.228.291";"$ 1.002.257";"$ 0";-;"No";"No tiene";"No tiene";"No tiene";"01/01/2025";"31/12/2025";"No informa";"Sin observaciones";
"2025";"Mayo";"Administrativo";"BAHAMONDES GUZMAN, MANUEL ANTONIO";"Apoyo Administrativo";"13";"ADMINISTRATIVO";"Región Metropolitana de Santiago";"(186)";"$ 1.962.968";"$ 1.738.957";"$ 0";-;"Sí";"$ 207.534 : 36,00 hrs";"$ 740.208 : 107,00 hrs";"No tiene";"01/01/2025";"31/12/2025";"No informa";"Sin observaciones";
"2025";"Mayo";"Técnico";"BAHAMONDES NAVARRETE, RODRIGO ALEJANDRO";"ATENCION CLINICA";"22";"TECNICO NIVEL SUPERIOR ENFERMERIA";"Región Metropolitana de Santiago";"(203)(186)(203)(204)(186)";"$ 911.347";"$ 404.007";"$ 0";"$ 0";"No";"No tiene";"No tiene";"No tiene";"01/01/2025";"31/12/2025";"No informa";"REMUNERACION MAY.2025+PAGO DIF. BIENIOS FEB.2025";
"2025";"Mayo";"Médicos cirujanos, farmacéuticos, químico-farmacéuticos, bioquímicos, cirujano-dentistas";"BAHAMONDES ROJAS, ROLANDO FABIO";"Medico PAO";"44 Hrs.";"MEDICO CIRUJANO";"Región Metropolitana de Santiago";"(188)(86)(186)";"$ 4.033.261";"$ 3.273.541";"$ 0";-;"No";"No tiene";"No tiene";"No tiene";"01/01/2025";"31/12/2025";"No informa";"Sin observaciones";
"2025";"Mayo";"Técnico";"BAHAMONDES YAÑEZ, TIHARE PAMELA";"Atencion Clinica";"22";"TECNICO NIVEL SUPERIOR ENFERMERIA";"Región Metropolitana de Santiago";"(01)";"$ 704.365";"$ 575.676";"$ 0";-;"No";"No tiene";"No tiene";"No tiene";"01/01/2025";"30/06/2025";"No informa";"Sin observaciones";
"2025";"Mayo";"Profesional";"BALIC CARMONA, FELIPE ALFONSO";"Apoyo Administrativo";"13";"ADMINISTRADOR (A) PUBLICO";"Región Metropolitana de Santiago";"(01)";"$ 1.724.492";"$ 1.401.544";"$ 0";-;"No";"No tiene";"No tiene";"No tiene";"01/01/2025";"31/05/2025";"No informa";"Sin observaciones";
"2025";"Mayo";"Profesional";"BALUT LAING, LEYLA ANDREA";"Jefe de Unidad";"8";"INGENIERO (A) EJECUCION GESTION INDUSTRIAL";"Región Metropolitana de Santiago";"(01)";"$ 2.660.255";"$ 2.119.268";"$ 0";-;"No";"No tiene";"No tiene";"No tiene";"01/01/2025";"31/12/2025";"No informa";"Sin observaciones";
"2025";"Mayo";"Médicos cirujanos, farmacéuticos, químico-farmacéuticos, bioquímicos, cirujano-dentistas";"BALZA CASTRO, MARIELA JOSEFINA";"Atencion Clinica Medica";"44 Hrs.";"MEDICO CIRUJANO";"Región Metropolitana de Santiago";"(01)";"$ 1.878.546";"$ 1.507.926";"$ 0";-;"No";"No tiene";"No tiene";"No tiene";"01/01/2025";"31/07/2025";"No informa";"Sin observaciones";
"2025";"Mayo";"Profesional";"BANDERAS MACIAS, FRANCIAS MARGARITA";"Atencion Clinica";"15";"MATRON (A)";"Región Metropolitana de Santiago";"(186)";"$ 743.362";"$ 608.368";"$ 0";-;"No";"No tiene";"No tiene";"No tiene";"01/01/2025";"31/12/2025";"No informa";"Sin observaciones";
"2025";"Mayo";"Médicos cirujanos, farmacéuticos, químico-farmacéuticos, bioquímicos, cirujano-dentistas";"BARAHONA VASQUEZ, PRISCILLA DEL ROSARIO";"QUIMICO FARMACEUTICO";"44 Hrs.";"QUIMICO FARMACEUTICO";"Región Metropolitana de Santiago";"(86)(186)";"$ 5.360.251";"$ 4.292.738";"$ 0";"$ 0";"No";"No tiene";"No tiene";"No tiene";"01/01/2025";"31/12/2025";"No informa";"REMUNERACION MAY.2025";
"2025";"Mayo";"Profesional";"BARISTELLI LLANTEN, GINA PATRICIA";"Atencion Clinica";"15";"EDUCADOR (A) DE PARVULOS";"Región Metropolitana de Santiago";"(01)";"$ 1.734.846";"$ 1.447.651";"$ 0";-;"Sí";"$ 167.105 : 21,00 hrs";"$ 114.587 : 12,00 hrs";"No tiene";"01/01/2025";"31/12/2025";"No informa";"Sin observaciones";
"2025";"Mayo";"Administrativo";"BARRA MEDINA, MARINA DEL CARMEN";"Apoyo Administrativo";"22";"ADMINISTRATIVO";"Región Metropolitana de Santiago";"(186)";"$ 663.010";"$ 542.607";"$ 0";-;"No";"No tiene";"No tiene";"No tiene";"01/01/2025";"31/12/2025";"No informa";"Sin observaciones";
"2025";"Mayo";"Profesional";"BARRA MORA, MARIA GABRIELA";"Apoyo Administrativo";"13";"PROFESIONAL Y TECNICO UNIVERSITARIO";"Región Metropolitana de Santiago";"(01)";"$ 1.724.492";"$ 1.403.112";"$ 0";-;"No";"No tiene";"No tiene";"No tiene";"01/01/2025";"31/12/2025";"No informa";"Sin observaciones";
"2025";"Mayo";"Técnico";"BARRA ORELLANA, MARITZA ANDREA";"ATENCION CLINICA";"22";"TECNICO NIVEL SUPERIOR ENFERMERIA";"Región Metropolitana de Santiago";"(202)(204)";"$ 1.010.013";"$ 760.350";"$ 0";"$ 0";"No";"No tiene";"No tiene";"No tiene";"01/01/2025";"31/05/2025";"No informa";"REMUNERACION MAY.2025";
"2025";"Mayo";"Auxiliar";"BARRAZA RETAMALES, JOAQUIN EDUARDO";"CONDUCTOR";"24";"AUXILIAR";"Región Metropolitana de Santiago";"(205)(202)(204)(186)";"$ 926.733";"$ 518.941";"$ 0";"$ 0";"No";"No tiene";"No tiene";"No tiene";"01/01/2025";"31/12/2025";"No informa";"REMUNERACION MAY.2025";
"2025";"Mayo";"Técnico";"BARRAZA SANCHEZ, PAMELA MURIEL";"Atencion Clinica";"20";"TECNICO NIVEL SUPERIOR ENFERMERIA";"Región Metropolitana de Santiago";"(186)";"$ 716.315";"$ 584.156";"$ 0";-;"No";"No tiene";"No tiene";"No tiene";"01/01/2025";"31/12/2025";"No informa";"Sin observaciones";
"2025";"Mayo";"Médicos cirujanos, farmacéuticos, químico-farmacéuticos, bioquímicos, cirujano-dentistas";"BARRAZA WILLIAMS, JOSEFA ANDREA";"Atencion Clinica Medica";"44 Hrs.";"MEDICO CIRUJANO";"Región Metropolitana de Santiago";"(86)(186)";"$ 3.376.336";"$ 2.679.962";"$ 0";-;"No";"No tiene";"No tiene";"No tiene";"01/01/2025";"31/12/2025";"No informa";"Sin observaciones";
"2025";"Mayo";"Técnico";"BARRERA ALARCON, LORENA DEL CARMEN";"Atencion Clinica";"22";"TECNICO NIVEL SUPERIOR ODONTOLOGIA";"Región Metropolitana de Santiago";"(186)";"$ 705.649";"$ 581.595";"$ 0";-;"No";"No tiene";"No tiene";"No tiene";"01/01/2025";"31/12/2025";"No informa";"Sin observaciones";
"2025";"Mayo";"Técnico";"BARRERA BASTIDAS, SANDY STEFANYA DE LOURDES";"Atencion Clinica";"21";"TECNICO NIVEL SUPERIOR ENFERMERIA";"Región Metropolitana de Santiago";"(01)";"$ 747.606";"$ 617.681";"$ 0";-;"Sí";"$ 43.024 : 12,00 hrs";"No tiene";"No tiene";"01/01/2025";"31/12/2025";"No informa";"Sin observaciones";
"2025";"Mayo";"Técnico";"BARRERA MEZA, MARIA ROCIO";"ATENCION CLINICA";"22";"TECNICO NIVEL SUPERIOR ENFERMERIA";"Región Metropolitana de Santiago";"(202)(204)(186)";"$ 1.347.244";"$ 1.011.597";"$ 0";"$ 0";"Sí";"$ 136.473 : 40,00 hrs";"$ 171.955 : 42,00 hrs";"No tiene";"01/01/2025";"31/12/2025";"No informa";"REMUNERACION MAY.2025";
"2025";"Mayo";"Administrativo";"BARRERA NAVARRETE, LUISA ELIZABETH";"Apoyo Administrativo";"22";"ADMINISTRATIVO";"Región Metropolitana de Santiago";"(01)";"$ 283.408";"$ 283.408";"$ 0";-;"No";"No tiene";"No tiene";"No tiene";"19/05/2025";"03/06/2025";"No informa";"CONTRATO POR REEMPLAZO";
"2025";"Mayo";"Médicos cirujanos, farmacéuticos, químico-farmacéuticos, bioquímicos, cirujano-dentistas";"BARRETO ALTAMIRANO, JULIO ENRIQUE";"DIRECTOR";"22 Hrs.";"MEDICO CIRUJANO CON ESPECIALIDAD EN MEDICINA DE URGENCIA";"Región Metropolitana de Santiago";"(86)(186)";"$ 3.153.114";"$ 2.892.206";"$ 0";"$ 0";"No";"No tiene";"No tiene";"No tiene";"01/01/2025";"31/12/2025";"No informa";"REMUNERACION MAY.2025";
"2025";"Mayo";"Técnico";"BARRIA MARTINEZ, CAMILA FRANCISCA ANDREA";"Atencion Clinica";"21";"TECNICO NIVEL SUPERIOR ENFERMERIA";"Región Metropolitana de Santiago";"(186)";"$ 795.254";"$ 670.843";"$ 0";-;"Sí";"$ 87.566 : 24,00 hrs";"No tiene";"No tiene";"01/01/2025";"31/12/2025";"No informa";"Sin observaciones";
"2025";"Mayo";"Profesional";"BARRIA MARTINEZ, ROXANA MARCELA";"Jefe de Departamento";"5";"INGENIERO (A) EJECUCION ADMINISTRACION";"Región Metropolitana de Santiago";"(186)";"$ 3.526.558";"$ 2.785.532";"$ 0";-;"No";"No tiene";"No tiene";"No tiene";"01/01/2025";"31/12/2025";"No informa";"Sin observaciones";
"2025";"Mayo";"Profesional";"BARRIGA CARVAJAL, SUSANA BEATRIZ";"JEFE DE DEPARTAMENTO";"5";"ENFERMERA (O)";"Región Metropolitana de Santiago";"(01)";"$ 3.383.832";"$ 2.658.513";"$ 0";"$ 0";"No";"No tiene";"No tiene";"No tiene";"01/01/2025";"31/12/2025";"No informa";"REMUNERACION MAY.2025";
"2025";"Mayo";"Técnico";"BARRIOS CAMPOS, ALEJANDRA ISABEL";"Atencion Clinica";"22";"TECNICO PARAMEDICO";"Región Metropolitana de Santiago";"(186)";"$ 750.069";"$ 621.647";"$ 0";-;"Sí";"$ 53.643 : 16,00 hrs";"No tiene";"No tiene";"01/01/2025";"31/12/2025";"No informa";"Sin observaciones";
"2025";"Mayo";"Técnico";"BART ESPINOZA, CYNTIA SUJEY";"Apoyo Administrativo";"21";"EDUCADOR (A) DIFERENCIAL";"Región Metropolitana de Santiago";"(186)";"$ 697.280";"$ 570.653";"$ 0";-;"No";"No tiene";"No tiene";"No tiene";"01/01/2025";"31/12/2025";"No informa";"Sin observaciones";
"2025";"Mayo";"Médicos cirujanos, farmacéuticos, químico-farmacéuticos, bioquímicos, cirujano-dentistas";"BARTSCH SEPULVEDA, ALFONSO NICOLAS";"CIRUGIA GENERAL";"28 Hrs.";"MEDICO CIRUJANO";"Región Metropolitana de Santiago";"(194)(193)(198)(186)";"$ 2.843.277";"$ 2.293.223";"$ 0";"$ 0";"No";"No tiene";"No tiene";"No tiene";"01/01/2025";"31/12/2025";"No informa";"REMUNERACION MAY.2025";
"2025";"Mayo";"Profesional";"BARUEL GONZALEZ, PAULO NELSON";"Apoyo Logistico";"15";"INGENIERO (A) PREVENCION DE RIESGOS";"Región Metropolitana de Santiago";"(186)";"$ 2.503.958";"$ 2.175.141";"$ 0";-;"Sí";"$ 264.206 : 33,00 hrs";"$ 778.207 : 81,00 hrs";"No tiene";"01/01/2025";"31/12/2025";"No informa";"Sin observaciones";
"2025";"Mayo";"Administrativo";"BASCUÑAN CABEZAS, MARCELA ANDREA";"Apoyo Administrativo";"21";"ADMINISTRATIVO";"Región Metropolitana de Santiago";"(186)";"$ 697.280";"$ 569.887";"$ 0";-;"No";"No tiene";"No tiene";"No tiene";"01/01/2025";"31/12/2025";"No informa";"Sin observaciones";
"2025";"Mayo";"Profesional";"BASCUR BASCUR, JENNIFER TREICY";"Atencion Clinica";"12";"NUTRICIONISTA";"Región Metropolitana de Santiago";"(01)";"$ 1.893.964";"$ 1.526.100";"$ 0";-;"No";"No tiene";"No tiene";"No tiene";"01/01/2025";"31/12/2025";"No informa";"Sin observaciones";
"2025";"Mayo";"Médicos cirujanos, farmacéuticos, químico-farmacéuticos, bioquímicos, cirujano-dentistas";"BASOALTO SANDOVAL, CEFORA EUNICE";"Salud Publica";"44 Hrs.";"CIRUJANO DENTISTA";"Región Metropolitana de Santiago";"(86)(186)";"$ 4.769.019";"$ 3.884.598";"$ 0";-;"No";"No tiene";"No tiene";"No tiene";"01/01/2025";"31/12/2025";"No informa";"Sin observaciones";
"2025";"Mayo";"Profesional";"BASSO CHACON, GIOVANNA LESLIE";"Apoyo Administrativo";"9";"INGENIERO (A) COMERCIAL";"Región Metropolitana de Santiago";"(186)";"$ 2.457.624";"$ 1.965.373";"$ 0";-;"No";"No tiene";"No tiene";"No tiene";"01/01/2025";"31/12/2025";"No informa";"Sin observaciones";
"2025";"Mayo";"Profesional";"BASTIAS SANCHEZ, BASTIAN ANDRE";"Apoyo Administrativo";"8";"INGENIERO (A) EN INFORMATICA";"Región Metropolitana de Santiago";"(186)";"$ 2.674.637";"$ 2.136.139";"$ 0";-;"No";"No tiene";"No tiene";"No tiene";"01/01/2025";"31/12/2025";"No informa";"Sin observaciones";
"2025";"Mayo";"Administrativo";"BASUALTO FABRES, PATRICIA ANTONIA";"Secretaria";"21";"ADMINISTRATIVO";"Región Metropolitana de Santiago";"(186)";"$ 678.830";"$ 555.989";"$ 0";-;"No";"No tiene";"No tiene";"No tiene";"01/01/2025";"31/12/2025";"No informa";"REMUNERACION DEL MES + BIENIO 01-02-2025 AL 31-03-2025";
"2025";"Mayo";"Profesional";"BAYER ROJAS, KATIA MARGARITA";"Apoyo Administrativo";"9";"ENFERMERA (O)";"Región Metropolitana de Santiago";"(186)";"$ 2.586.700";"$ 2.067.171";"$ 0";-;"No";"No tiene";"No tiene";"No tiene";"01/01/2025";"31/12/2025";"No informa";"Sin observaciones";
"2025";"Mayo";"Administrativo";"BAYOTORO MARILEO, JUANA CLAUDINA";"Apoyo Administrativo";"21";"ADMINISTRATIVO";"Región Metropolitana de Santiago";"(01)";"$ 692.691";"$ 566.136";"$ 0";-;"No";"No tiene";"No tiene";"No tiene";"01/01/2025";"31/12/2025";"No informa";"Sin observaciones";
"2025";"Mayo";"Técnico";"BEAS JARA, HILDA ANGELICA";"Atencion Clinica";"21";"TECNICO NIVEL SUPERIOR ENFERMERIA";"Región Metropolitana de Santiago";"(186)";"$ 707.688";"$ 577.120";"$ 0";-;"No";"No tiene";"No tiene";"No tiene";"01/01/2025";"31/12/2025";"No informa";"Sin observaciones";
"2025";"Mayo";"Técnico";"BEAUMONT VILLALOBOS, ELIZABETH CAROLINA";"Atencion Clinica";"20";"TECNICO NIVEL SUPERIOR ENFERMERIA";"Región Metropolitana de Santiago";"(01)";"$ 714.654";"$ 584.088";"$ 0";-;"No";"No tiene";"No tiene";"No tiene";"01/01/2025";"31/12/2025";"No informa";"Sin observaciones";
"2025";"Mayo";"Técnico";"BECERRA ABARCA, BERNARDITA SOFIA";"Atencion Clinica";"22";"TECNICO NIVEL SUPERIOR ENFERMERIA";"Región Metropolitana de Santiago";"(01)";"$ 704.365";"$ 580.536";"$ 0";-;"No";"No tiene";"No tiene";"No tiene";"01/01/2025";"31/07/2025";"No informa";"Sin observaciones";
"2025";"Mayo";"Profesional";"BECERRA CARVAJAL, CARLOS ENRIQUE";"Coordinador";"7";"INGENIERO (A) EJECUCION ADMINISTRACION";"Región Metropolitana de Santiago";"(186)";"$ 3.040.678";"$ 2.408.023";"$ 0";-;"No";"No tiene";"No tiene";"No tiene";"01/01/2025";"31/12/2025";"No informa";"Sin observaciones";
"2025";"Mayo";"Técnico";"BECERRA MEDEL, SONIA KARINA";"Atencion Clinica";"22";"TECNICO NIVEL SUPERIOR ENFERMERIA";"Región Metropolitana de Santiago";"(01)";"$ 710.387";"$ 710.387";"$ 0";-;"No";"No tiene";"No tiene";"No tiene";"24/01/2025";"08/06/2025";"No informa";"CONTRATO POR REEMPLAZO";
"2025";"Mayo";"Técnico";"BECERRA ROJAS, FRANCO ALEJANDRO";"ATENCION CLINICA";"22";"TECNICO NIVEL SUPERIOR ENFERMERIA";"Región Metropolitana de Santiago";"(202)(204)(186)";"$ 1.018.241";"$ 727.437";"$ 0";"$ 0";"No";"No tiene";"No tiene";"No tiene";"01/01/2025";"31/12/2025";"No informa";"REMUNERACION MAY.2025";
"2025";"Mayo";"Profesional";"BECKER GATTA, MAXIMILIANO ALEXIS";"Apoyo Administrativo";"8";"PSICOLOGO (A)";"Región Metropolitana de Santiago";"(186)";"$ 2.789.634";"$ 2.238.313";"$ 0";-;"No";"No tiene";"No tiene";"No tiene";"01/01/2025";"31/12/2025";"No informa";"REMUNERACION DEL MES + BONO ESCOLAR";
"2025";"Mayo";"Administrativo";"BEECHER VARELA, URSULA ANDREA";"Apoyo Administrativo";"13";"ADMINISTRATIVO";"Región Metropolitana de Santiago";"(186)";"$ 1.384.176";"$ 1.187.816";"$ 0";-;"Sí";"$ 230.594 : 40,00 hrs";"$ 138.357 : 20,00 hrs";"No tiene";"01/01/2025";"31/12/2025";"No informa";"Sin observaciones";
"2025";"Mayo";"Técnico";"BEJARES GONZALEZ, MARIA LORETO";"Atencion Clinica";"22";"TECNICO NIVEL SUPERIOR ENFERMERIA";"Región Metropolitana de Santiago";"(186)";"$ 898.726";"$ 734.528";"$ 0";-;"No";"No tiene";"No tiene";"No tiene";"01/01/2025";"31/12/2025";"No informa";"Sin observaciones";
"2025";"Mayo";"Administrativo";"BELLO GALAZ, MARICELA DEL CARMEN";"Apoyo Administrativo";"22";"ADMINISTRATIVO";"Región Metropolitana de Santiago";"(186)";"$ 667.505";"$ 544.417";"$ 0";-;"No";"No tiene";"No tiene";"No tiene";"01/01/2025";"31/12/2025";"No informa";"Sin observaciones";
"2025";"Mayo";"Técnico";"BELMAR ORTIZ, MARIA FERNANDA";"Atencion Clinica";"22";"TECNICO NIVEL SUPERIOR ENFERMERIA";"Región Metropolitana de Santiago";"(186)";"$ 696.426";"$ 573.994";"$ 0";-;"No";"No tiene";"No tiene";"No tiene";"01/01/2025";"31/12/2025";"No informa";"Sin observaciones";
"2025";"Mayo";"Médicos cirujanos, farmacéuticos, químico-farmacéuticos, bioquímicos, cirujano-dentistas";"BELTRAN AÑAZCO, FELIPE IGNACIO";"Atencion Clinica Medica";"44 Hrs.";"MEDICO CIRUJANO";"Región Metropolitana de Santiago";"(86)(186)";"$ 3.556.152";"$ 2.834.601";"$ 0";-;"No";"No tiene";"No tiene";"No tiene";"01/01/2025";"31/12/2025";"No informa";"Sin observaciones";
"2025";"Mayo";"Profesional";"BELTRAN CALDERON, PABLO ANDRES";"ATENCION CLINICA";"13";"ENFERMERA (O)";"Región Metropolitana de Santiago";"(203)(204)(186)";"$ 2.995.269";"$ 2.437.435";"$ 0";"$ 0";"Sí";"$ 381.294 : 40,00 hrs";"$ 228.776 : 20,00 hrs";"No tiene";"01/01/2025";"31/12/2025";"No informa";"REMUNERACION MAY.2025";
"2025";"Mayo";"Técnico";"BELTRAN POBLETE, JOAQUIN ORLANDO";"ATENCION CLINICA";"22";"TECNICO NIVEL SUPERIOR ENFERMERIA";"Región Metropolitana de Santiago";"(186)(186)";"$ 804.101";"$ 692.359";"$ 0";"$ 0";"Sí";"No tiene";"$ 324.539 : 130,00 hrs";"No tiene";"01/05/2025";"17/05/2025";"No informa";"SUPLENCIA ABR.2025 (27-30)+REEMPLAZO MAY.2025 (01-17)+PAGO BONO MENSUAL";
"2025";"Mayo";"Profesional";"BENAVIDES CESPEDES, VICTOR HUGO";"Relacionador publico";"11";"INGENIERO (A) EJECUCION EN MINAS";"Región Metropolitana de Santiago";"(186)";"$ 2.072.109";"$ 1.659.481";"$ 0";-;"No";"No tiene";"No tiene";"No tiene";"01/01/2025";"31/12/2025";"No informa";"Sin observaciones";
"2025";"Mayo";"Profesional";"BERASAIN MUÑOZ, GISELA LORETO";"Apoyo Administrativo";"5";"MATRON (A)";"Región Metropolitana de Santiago";"(186)";"$ 3.491.027";"$ 2.752.844";"$ 0";-;"No";"No tiene";"No tiene";"No tiene";"01/01/2025";"31/12/2025";"No informa";"Sin observaciones";
"2025";"Mayo";"Profesional";"BERENGUELA SILVA, JOCELYN MARCELA";"Apoyo Administrativo";"12";"PERIODISTA";"Región Metropolitana de Santiago";"(186)";"$ 2.014.809";"$ 1.614.423";"$ 0";-;"No";"No tiene";"No tiene";"No tiene";"01/01/2025";"31/12/2025";"No informa";"Sin observaciones";
"2025";"Mayo";"Técnico";"BERGUÑO ZUÑIGA, MARIA FRANCISCA";"ATENCION CLINICA";"22";"TECNICO NIVEL SUPERIOR ENFERMERIA";"Región Metropolitana de Santiago";"(203)(186)(203)(204)(186)";"$ 985.704";"$ 610.225";"$ 0";"$ 0";"Sí";"$ 47.765 : 14,00 hrs";"$ 40.942 : 10,00 hrs";"No tiene";"01/01/2025";"31/12/2025";"No informa";"REMUNERACION MAY.2025+PAGO DIF. BIENIOS ABR.2025";
"2025";"Mayo";"Profesional";"BERMEDO SANTELICES, CAROLINA ANDREA DEL CARMEN";"ATENCION CLINICA";"13";"ENFERMERA (O)";"Región Metropolitana de Santiago";"(203)(204)(186)";"$ 3.412.999";"$ 2.321.909";"$ 0";"$ 0";"Sí";"$ 278.090 : 29,00 hrs";"$ 736.459 : 64,00 hrs";"No tiene";"01/01/2025";"31/12/2025";"No informa";"REMUNERACION MAY.2025";
"2025";"Mayo";"Profesional";"BERNALES FUENTES, CARLA BELEN";"Atencion Clinica";"14";"ASISTENTE SOCIAL";"Región Metropolitana de Santiago";"(186)";"$ 1.601.003";"$ 1.290.463";"$ 0";-;"No";"No tiene";"No tiene";"No tiene";"01/01/2025";"31/12/2025";"No informa";"Sin observaciones";
"2025";"Mayo";"Profesional";"BERRIOS ARMIJO, ROXANA ISABEL";"ATENCION CLINICA";"11";"KINESIOLOGO (A)";"Región Metropolitana de Santiago";"(203)(201)(204)(186)";"$ 3.067.555";"$ 2.349.102";"$ 0";"$ 0";"No";"No tiene";"No tiene";"No tiene";"01/01/2025";"31/12/2025";"No informa";"REMUNERACION MAY.2025";
"2025";"Mayo";"Técnico";"BERRIOS CACERES, EDUARDO YOJAN";"ATENCION CLINICA";"22";"TECNICO NIVEL SUPERIOR ENFERMERIA";"Región Metropolitana de Santiago";"(202)(204)(186)";"$ 1.593.547";"$ 1.294.798";"$ 0";"$ 0";"Sí";"$ 137.655 : 40,00 hrs";"$ 412.966 : 100,00 hrs";"No tiene";"01/01/2025";"31/12/2025";"No informa";"REMUNERACION MAY.2025";
"2025";"Mayo";"Médicos cirujanos, farmacéuticos, químico-farmacéuticos, bioquímicos, cirujano-dentistas";"BIENZOBAS DARRAIDOU, CATALINA DEL CARMEN";"Medico Becario Primario";"44 Hrs.";"MEDICO CIRUJANO";"Región Metropolitana de Santiago";"(01)";"$ 2.801.656";"$ 2.311.646";"$ 0";-;"No";"No tiene";"No tiene";"No tiene";"01/06/2024";"31/05/2025";"No informa";"Sin observaciones";
"2025";"Mayo";"Profesional";"BILLIARD RIVAS, SIMONEE MARISOL";"ATENCION CLINICA";"13";"ENFERMERA (O)";"Región Metropolitana de Santiago";"(186)(186)";"$ 3.457.625";"$ 2.925.879";"$ 0";"$ 0";"Sí";"$ 381.294 : 40,00 hrs";"$ 1.174.384 : 152,00 hrs";"No tiene";"01/05/2025";"31/05/2025";"No informa";"SUPLENCIA ABR.2025 (01-03)+REEMPLAZO MAY.2025 (01-31)";
"2025";"Mayo";"Profesional";"BLAMEY ALEGRIA, GUILLERMO ANTONIO";"ARQUITECTO";"5";"ARQUITECTO";"Región Metropolitana de Santiago";"(186)";"$ 3.401.697";"$ 2.672.137";"$ 0";-;"No";"No tiene";"No tiene";"No tiene";"01/01/2025";"31/12/2025";"No informa";"Sin observaciones";
"2025";"Mayo";"Profesional";"BOBADILLA ZAPATA, ROXANA ELIZABETH";"ATENCION CLINICA";"13";"ENFERMERA (O)";"Región Metropolitana de Santiago";"(203)(204)(186)";"$ 2.398.450";"$ 1.873.857";"$ 0";"$ 0";"No";"No tiene";"No tiene";"No tiene";"01/01/2025";"31/12/2025";"No informa";"REMUNERACION MAY.2025";
"2025";"Mayo";"Profesional";"BOEKEMEYER MOREIRA, CARLOS JOAQUIN";"ATENCION CLINICA";"12";"ENFERMERA (O)";"Región Metropolitana de Santiago";"(203)(204)(186)";"$ 3.530.492";"$ 916.930";"$ 0";"$ 0";"Sí";"$ 293.285 : 28,00 hrs";"$ 603.328 : 48,00 hrs";"No tiene";"01/01/2025";"31/12/2025";"No informa";"REMUNERACION MAY.2025";
"2025";"Mayo";"Profesional";"BORDILLO MELLADO, CARLA NICOLE VICTORIA";"Apoyo Administrativo";"15";"TRABAJADOR (A) SOCIAL";"Región Metropolitana de Santiago";"(01)";"$ 1.453.153";"$ 1.177.225";"$ 0";-;"No";"No tiene";"No tiene";"No tiene";"01/05/2025";"31/07/2025";"No informa";"Sin observaciones";
"2025";"Mayo";"Profesional";"BORGES CASTILLO, CLAUDIO ANDRES";"JEFE DE DEPARTAMENTO";"5";"ADMINISTRADOR (A) PUBLICO";"Región Metropolitana de Santiago";"(01)";"$ 3.383.832";"$ 2.515.003";"$ 0";"$ 0";"No";"No tiene";"No tiene";"No tiene";"01/01/2025";"31/12/2025";"No informa";"REMUNERACION MAY.2025";
"2025";"Mayo";"Profesional";"BORQUEZ MARTINEZ, CAROLINA ALEJANDRA";"Apoyo Administrativo";"15";"INGENIERO (A) EN ADMINISTRACION DE RECURSOS HUMANOS";"Región Metropolitana de Santiago";"(186)";"$ 1.575.848";"$ 1.270.921";"$ 0";-;"No";"No tiene";"No tiene";"No tiene";"01/01/2025";"31/12/2025";"No informa";"Sin observaciones";
"2025";"Mayo";"Profesional";"BOTTAI BUENO, CAMILA ANGELICA";"Apoyo Administrativo";"7";"KINESIOLOGO (A)";"Región Metropolitana de Santiago";"(01)";"$ 2.920.480";"$ 2.315.414";"$ 0";-;"No";"No tiene";"No tiene";"No tiene";"01/01/2025";"31/12/2025";"No informa";"Sin observaciones";
"2025";"Mayo";"Profesional";"BOWEN ESPINOZA, SEBASTIAN RENE";"Apoyo Administrativo";"8";"PSICOLOGO (A)";"Región Metropolitana de Santiago";"(186)";"$ 2.763.766";"$ 2.217.548";"$ 0";-;"No";"No tiene";"No tiene";"No tiene";"01/01/2025";"31/12/2025";"No informa";"Sin observaciones";
"2025";"Mayo";"Profesional";"BOZA FLORES, MATIAS IGNACIO";"ATENCION CLINICA";"13";"ENFERMERA (O)";"Región Metropolitana de Santiago";"(203)(204)(186)";"$ 2.398.450";"$ 1.844.654";"$ 0";"$ 0";"No";"No tiene";"No tiene";"No tiene";"01/01/2025";"31/12/2025";"No informa";"REMUNERACION MAY.2025";
"2025";"Mayo";"Administrativo";"BOZO SILVA, NATALIA FABIOLA";"Secretaria";"13";"ADMINISTRATIVO";"Región Metropolitana de Santiago";"(186)";"$ 1.780.978";"$ 1.446.237";"$ 0";-;"No";"No tiene";"No tiene";"No tiene";"01/01/2025";"31/12/2025";"No informa";"REMUNERACION DEL MES + BIENIO 01-01-2025 AL 31-03-2025";
"2025";"Mayo";"Profesional";"BOZZOLO CARRASCO, ANGELA";"Apoyo Administrativo";"16";"TRABAJADOR (A) SOCIAL";"Región Metropolitana de Santiago";"(01)";"$ 1.156.266";"$ 1.156.266";"$ 0";-;"No";"No tiene";"No tiene";"No tiene";"01/01/2025";"25/06/2025";"No informa";"CONTRATO POR REEMPLAZO";
"2025";"Mayo";"Médicos cirujanos, farmacéuticos, químico-farmacéuticos, bioquímicos, cirujano-dentistas";"BRANIFF OLAVE, SALVADOR";"Atencion Odontologica";"22 Hrs.";"CIRUJANO DENTISTA";"Región Metropolitana de Santiago";"(01)";"$ 939.274";"$ 749.287";"$ 0";-;"No";"No tiene";"No tiene";"No tiene";"20/01/2025";"30/06/2025";"No informa";"Sin observaciones";
"2025";"Mayo";"Médicos cirujanos, farmacéuticos, químico-farmacéuticos, bioquímicos, cirujano-dentistas";"BRANIFF OLAVE, SALVADOR";"Atencion Odontologica";"22 Hrs.";"CIRUJANO DENTISTA";"Región Metropolitana de Santiago";"(01)";"$ 939.274";"$ 774.149";"$ 0";-;"No";"No tiene";"No tiene";"No tiene";"20/01/2025";"30/06/2025";"No informa";"Sin observaciones";
"2025";"Mayo";"Profesional";"BRAVO BADILLA, CESAR LEONIDAS";"PROFESIONAL";"5";"ENFERMERA (O)";"Región Metropolitana de Santiago";"(186)";"$ 3.437.429";"$ 2.555.833";"$ 0";"$ 0";"No";"No tiene";"No tiene";"No tiene";"01/01/2025";"31/12/2025";"No informa";"REMUNERACION MAY.2025";
"2025";"Mayo";"Técnico";"BRAVO BUNSTER, ARTURO IGNACIO JORGE";"ATENCION CLINICA";"22";"TECNICO NIVEL SUPERIOR ENFERMERIA";"Región Metropolitana de Santiago";"(01)";"$ 839.477";"$ 698.046";"$ 0";"$ 0";"Sí";"No tiene";"$ 147.546 : 113,00 hrs";"No tiene";"01/05/2025";"31/05/2025";"No informa";"REEMPLAZO MAY.2025 (01-31)+PAGO BONO MENSUAL";
"2025";"Mayo";"Profesional";"BRAVO CONTRERAS, MARLA ABRIL";"Atencion Clinica";"16";"MATRON (A)";"Región Metropolitana de Santiago";"(01)";"$ 1.334.152";"$ 961.620";"$ 0";-;"No";"No tiene";"No tiene";"No tiene";"14/04/2025";"30/06/2025";"No informa";"CONTRATO POR REEMPLAZO";
"2025";"Mayo";"Profesional";"BRAVO DIAZ, MARGARITA PATRICIA";"Atencion Clinica";"5";"ENFERMERA (O)";"Región Metropolitana de Santiago";"(01)";"$ 3.939.202";"$ 3.159.467";"$ 0";-;"Sí";"$ 333.029 : 18,00 hrs";"$ 133.212 : 6,00 hrs";"No tiene";"01/01/2025";"31/12/2025";"No informa";"Sin observaciones";
"2025";"Mayo";"Profesional";"BRAVO GODOY, CLAUDIA ANDREA";"Atencion Clinica";"15";"TRABAJADOR (A) SOCIAL";"Región Metropolitana de Santiago";"(01)";"$ 1.453.153";"$ 1.174.714";"$ 0";-;"No";"No tiene";"No tiene";"No tiene";"01/01/2025";"31/12/2025";"No informa";"Sin observaciones";
"2025";"Mayo";"Profesional";"BRAVO INOSTROZA, KATHERINE ANDREA";"Apoyo Administrativo";"15";"CONTADOR (A) AUDITOR (A)";"Región Metropolitana de Santiago";"(186)";"$ 1.574.652";"$ 1.288.380";"$ 0";-;"Sí";"$ 104.716 : 13,00 hrs";"No tiene";"No tiene";"01/01/2025";"31/12/2025";"No informa";"Sin observaciones";
"2025";"Mayo";"Técnico";"BRAVO MONDACA, CYNTHIA ALEJANDRA";"Atencion Clinica";"21";"TECNICO PARAMEDICO";"Región Metropolitana de Santiago";"(186)";"$ 698.833";"$ 569.898";"$ 0";-;"No";"No tiene";"No tiene";"No tiene";"01/01/2025";"31/12/2025";"No informa";"Sin observaciones";
"2025";"Mayo";"Médicos cirujanos, farmacéuticos, químico-farmacéuticos, bioquímicos, cirujano-dentistas";"BRAVO SOTO, VALENTINA SOLEDAD";"Medico PAO";"44 Hrs.";"MEDICO";"Región Metropolitana de Santiago";"(188)(86)(186)";"$ 4.222.148";"$ 3.416.614";"$ 0";-;"No";"No tiene";"No tiene";"No tiene";"01/01/2025";"31/12/2025";"No informa";"Sin observaciones";
"2025";"Mayo";"Profesional";"BRAVO VALDES, MICHELLE VALERIA";"Atencion Clinica";"15";"ENFERMERA (O)";"Región Metropolitana de Santiago";"(01)";"$ 1.453.153";"$ 1.177.225";"$ 0";-;"No";"No tiene";"No tiene";"No tiene";"01/01/2025";"31/12/2025";"No informa";"Sin observaciones";
"2025";"Mayo";"Profesional";"BRETTI REYES, ARLETTI";"Atencion Clinica";"15";"MATRON (A)";"Región Metropolitana de Santiago";"(186)";"$ 1.849.048";"$ 1.540.354";"$ 0";-;"Sí";"$ 193.322 : 24,00 hrs";"$ 96.661 : 10,00 hrs";"No tiene";"01/01/2025";"31/12/2025";"No informa";"Sin observaciones";
"2025";"Mayo";"Profesional";"BRICEÑO MUÑOZ, ERIC EDGARDO";"Apoyo Administrativo";"10";"ABOGADO (A)";"Región Metropolitana de Santiago";"(01)";"$ 2.242.174";"$ 1.792.639";"$ 0";-;"No";"No tiene";"No tiene";"No tiene";"01/01/2025";"31/07/2025";"No informa";"Sin observaciones";
"2025";"Mayo";"Médicos cirujanos, farmacéuticos, químico-farmacéuticos, bioquímicos, cirujano-dentistas";"BRIGNARDELLO HERNANDEZ, CARLOS ALFREDO";"Atencion Clinica Medica";"44 Hrs.";"MEDICO CIRUJANO";"Región Metropolitana de Santiago";"(86)(186)";"$ 3.556.152";"$ 2.816.241";"$ 0";-;"No";"No tiene";"No tiene";"No tiene";"01/01/2025";"31/05/2025";"No informa";"Sin observaciones";
"2025";"Mayo";"Técnico";"BRIONES ARAYA, YASNA ALEJANDRA";"Atencion Clinica";"22";"TECNICO NIVEL SUPERIOR ENFERMERIA";"Región Metropolitana de Santiago";"(186)";"$ 706.933";"$ 585.071";"$ 0";-;"No";"No tiene";"No tiene";"No tiene";"01/01/2025";"31/12/2025";"No informa";"Sin observaciones";
"2025";"Mayo";"Técnico";"BRIONES CARO, YUBITZA SCARLETT";"Atencion Clinica";"20";"TECNICO NIVEL SUPERIOR ENFERMERIA";"Región Metropolitana de Santiago";"(01)";"$ 714.654";"$ 584.088";"$ 0";-;"No";"No tiene";"No tiene";"No tiene";"01/01/2025";"31/12/2025";"No informa";"Sin observaciones";
"2025";"Mayo";"Profesional";"BRIONES MUÑOZ, FRANCISCA JAVIERA";"Coordinador";"12";"NUTRICIONISTA";"Región Metropolitana de Santiago";"(186)";"$ 1.329.047";"$ 1.117.300";"$ 0";-;"Sí";"$ 186.325 : 18,00 hrs";"No tiene";"No tiene";"01/01/2025";"18/05/2025";"No informa";"Sin observaciones";
"2025";"Mayo";"Administrativo";"BRIONES MUÑOZ, JORGE ANTONIO";"Apoyo Administrativo";"16";"ADMINISTRATIVO";"Región Metropolitana de Santiago";"(186)";"$ 938.735";"$ 784.153";"$ 0";-;"No";"No tiene";"$ 63.453 : 11,00 hrs";"No tiene";"01/01/2025";"31/12/2025";"No informa";"REMUNERACION DEL MES + BIENIO 01-01-2025 AL 31-03-2025";
"2025";"Mayo";"Administrativo";"BRIONES OLGUIN, SILVIA ANDREA";"Apoyo Administrativo";"21";"ADMINISTRATIVO";"Región Metropolitana de Santiago";"(186)";"$ 698.833";"$ 571.156";"$ 0";-;"No";"No tiene";"No tiene";"No tiene";"01/01/2025";"31/12/2025";"No informa";"Sin observaciones";
"2025";"Mayo";"Profesional";"BRITO AMARO, CARLA ANDREA";"Atencion Clinica";"12";"KINESIOLOGO (A)";"Región Metropolitana de Santiago";"(186)";"$ 1.966.645";"$ 1.591.857";"$ 0";-;"Sí";"$ 62.108 : 6,00 hrs";"No tiene";"No tiene";"01/01/2025";"31/12/2025";"No informa";"Sin observaciones";
"2025";"Mayo";"Profesional";"BRITO FARIAS, INGRID NICOLE";"Atencion Clinica";"15";"MATRON (A)";"Región Metropolitana de Santiago";"(186)";"$ 1.670.768";"$ 1.371.793";"$ 0";-;"Sí";"$ 120.094 : 15,00 hrs";"No tiene";"No tiene";"01/01/2025";"31/12/2025";"No informa";"Sin observaciones";
"2025";"Mayo";"Profesional";"BRITO RAMOS, CAROLINA ALEJANDRA";"Apoyo Administrativo";"5";"ARQUITECTO";"Región Metropolitana de Santiago";"(186)";"$ 3.401.697";"$ 2.671.817";"$ 0";-;"No";"No tiene";"No tiene";"No tiene";"01/01/2025";"31/12/2025";"No informa";"Sin observaciones";
"2025";"Mayo";"Administrativo";"BUCCAREY VARGAS, CAMILA DANIELA";"Secretaria";"21";"ADMINISTRATIVO";"Región Metropolitana de Santiago";"(186)";"$ 773.236";"$ 651.282";"$ 0";-;"Sí";"$ 75.956 : 21,00 hrs";"No tiene";"No tiene";"01/01/2025";"31/12/2025";"No informa";"Sin observaciones";
"2025";"Mayo";"Médicos cirujanos, farmacéuticos, químico-farmacéuticos, bioquímicos, cirujano-dentistas";"BUELE GALVEZ, KENYA YULANOVA";"Atencion Odontologica";"22 Hrs.";"CIRUJANO DENTISTA";"Región Metropolitana de Santiago";"(188)(186)";"$ 2.197.654";"$ 1.775.925";"$ 0";-;"No";"No tiene";"No tiene";"No tiene";"01/01/2025";"31/12/2025";"No informa";"Sin observaciones";
"2025";"Mayo";"Profesional";"BUITRAGO ALBARRACIN, JENNIFER TATIANA";"Atencion Clinica";"15";"ENFERMERA (O)";"Región Metropolitana de Santiago";"(186)";"$ 1.575.848";"$ 1.283.931";"$ 0";-;"No";"No tiene";"No tiene";"No tiene";"01/01/2025";"31/12/2025";"No informa";"Sin observaciones";
"2025";"Mayo";"Profesional";"BURGOS CASTRO, DANIELA";"Subdirector";"3";"ENFERMERA (O)";"Región Metropolitana de Santiago";"(01)";"$ 3.978.580";"$ 3.196.011";"$ 0";-;"No";"No tiene";"No tiene";"No tiene";"01/01/2025";"31/12/2025";"No informa";"Sin observaciones";
"2025";"Mayo";"Administrativo";"BURGOS RALPH, EVELYN ALEJANDRA";"Apoyo Administrativo";"22";"ADMINISTRATIVO";"Región Metropolitana de Santiago";"(186)";"$ 667.505";"$ 550.158";"$ 0";-;"No";"No tiene";"No tiene";"No tiene";"01/01/2025";"31/12/2025";"No informa";"Sin observaciones";
"2025";"Mayo";"Profesional";"BUSTAMANTE ALIAGA, JENNIFER ANDREA";"Atencion Clinica";"16";"KINESIOLOGO (A)";"Región Metropolitana de Santiago";"(01)";"$ 667.077";"$ 544.068";"$ 0";-;"No";"No tiene";"No tiene";"No tiene";"01/01/2025";"30/06/2025";"No informa";"Sin observaciones";
"2025";"Mayo";"Médicos cirujanos, farmacéuticos, químico-farmacéuticos, bioquímicos, cirujano-dentistas";"BUSTAMANTE HERNANDEZ, JUAN PABLO ALBERTO";"Atencion Clinica Medica";"44 Hrs.";"MEDICO CIRUJANO";"Región Metropolitana de Santiago";"(86)(186)";"$ 3.376.336";"$ 2.679.601";"$ 0";-;"No";"No tiene";"No tiene";"No tiene";"01/01/2025";"31/12/2025";"No informa";"Sin observaciones";
"2025";"Mayo";"Profesional";"BUSTOS CAMPOS, NICOLET PAMELA";"Atencion Clinica";"7";"NUTRICIONISTA";"Región Metropolitana de Santiago";"(01)";"$ 3.249.977";"$ 2.622.664";"$ 0";-;"Sí";"$ 240.368 : 15,00 hrs";"No tiene";"No tiene";"01/01/2025";"31/05/2025";"No informa";"Sin observaciones";
"2025";"Mayo";"Técnico";"BUSTOS CARRASCO, DANIELA PAZ";"Atencion Clinica";"21";"TECNICO NIVEL SUPERIOR ENFERMERIA";"Región Metropolitana de Santiago";"(186)";"$ 709.241";"$ 584.555";"$ 0";-;"No";"No tiene";"No tiene";"No tiene";"01/01/2025";"31/12/2025";"No informa";"Sin observaciones";
"2025";"Mayo";"Profesional";"BUSTOS CLASING, TATIANA PAOLA";"Apoyo Administrativo";"3";"ABOGADO (A)";"Región Metropolitana de Santiago";"(36)";"$ 4.778.580";"$ 3.918.464";"$ 0";-;"No";"No tiene";"No tiene";"No tiene";"01/01/2025";"31/12/2025";"No informa";"Sin observaciones";
"2025";"Mayo";"Administrativo";"BUSTOS LOBOS, MARCELA ALEJANDRA";"Apoyo Administrativo";"22";"ADMINISTRATIVO";"Región Metropolitana de Santiago";"(01)";"$ 654.020";"$ 533.419";"$ 0";-;"No";"No tiene";"No tiene";"No tiene";"01/03/2025";"30/06/2025";"No informa";"Sin observaciones";
"2025";"Mayo";"Profesional";"BUSTOS PIZARRO, JOSELYN ELENA";"Atencion Clinica";"16";"KINESIOLOGO (A)";"Región Metropolitana de Santiago";"(01)";"$ 1.334.152";"$ 1.081.679";"$ 0";-;"No";"No tiene";"No tiene";"No tiene";"01/01/2025";"30/06/2025";"No informa";"Sin observaciones";
"2025";"Mayo";"Técnico";"BUSTOS TORRES, ALEJANDRA SOLANGE";"Atencion Clinica";"20";"TECNICO NIVEL SUPERIOR RECURSOS HUMANOS";"Región Metropolitana de Santiago";"(186)";"$ 716.315";"$ 585.444";"$ 0";-;"No";"No tiene";"No tiene";"No tiene";"01/01/2025";"31/12/2025";"No informa";"Sin observaciones";
"2025";"Mayo";"Profesional";"CABALLERO CANAS, EVELYN";"Apoyo Administrativo";"15";"ADMINISTRADOR (A) PUBLICO";"Región Metropolitana de Santiago";"(186)";"$ 1.503.501";"$ 1.216.729";"$ 0";-;"No";"No tiene";"No tiene";"No tiene";"01/01/2025";"31/12/2025";"No informa";"Sin observaciones";
"2025";"Mayo";"Administrativo";"CABALLERO CAÑAS, SONIA ELIZABETH";"Secretaria";"20";"ADMINISTRATIVO";"Región Metropolitana de Santiago";"(186)";"$ 707.460";"$ 576.932";"$ 0";-;"No";"No tiene";"No tiene";"No tiene";"01/01/2025";"31/12/2025";"No informa";"Sin observaciones";
"2025";"Mayo";"Técnico";"CABELLO MUÑOZ, PAULINA ESTER";"ATENCION CLINICA";"21";"TECNICO NIVEL SUPERIOR ENFERMERIA";"Región Metropolitana de Santiago";"(203)(186)(203)(204)(186)";"$ 974.727";"$ 585.865";"$ 0";"$ 0";"Sí";"No tiene";"No tiene";"No tiene";"01/01/2025";"31/12/2025";"No informa";"REMUNERACION MAY.2025+PAGO DIF. BIENIOS ENE-FEB.2025";
"2025";"Mayo";"Médicos cirujanos, farmacéuticos, químico-farmacéuticos, bioquímicos, cirujano-dentistas";"CABELLO PEREZ, MARIA CECILIA";"Odontopediatria";"22 Hrs.";"CIRUJANO DENTISTA";"Región Metropolitana de Santiago";"(188)(86)(186)";"$ 3.008.590";"$ 2.370.243";"$ 0";-;"No";"No tiene";"No tiene";"No tiene";"01/01/2025";"31/12/2025";"No informa";"Sin observaciones";
"2025";"Mayo";"Médicos cirujanos, farmacéuticos, químico-farmacéuticos, bioquímicos, cirujano-dentistas";"CABELLO PEREZ, MARIA CECILIA";"Atencion Odontologica";"11 Hrs.";"CIRUJANO DENTISTA";"Región Metropolitana de Santiago";"(188)(86)(186)";"$ 1.504.295";"$ 1.292.799";"$ 0";-;"No";"No tiene";"No tiene";"No tiene";"01/01/2025";"31/05/2025";"No informa";"Sin observaciones";
"2025";"Mayo";"Técnico";"CABELLO POBLETE, IRMA DEL PILAR";"ATENCION CLINICA";"22";"TECNICO NIVEL SUPERIOR ENFERMERIA";"Región Metropolitana de Santiago";"(203)(204)(186)";"$ 1.015.591";"$ 686.107";"$ 0";"$ 0";"Sí";"$ 54.589 : 16,00 hrs";"$ 81.884 : 20,00 hrs";"No tiene";"01/01/2025";"31/12/2025";"No informa";"REMUNERACION MAY.2025";
"2025";"Mayo";"Técnico";"CABELLO VALDES, DANIELA TATIANA";"Atencion Clinica";"20";"TECNICO NIVEL SUPERIOR RECURSOS HUMANOS";"Región Metropolitana de Santiago";"(186)";"$ 716.315";"$ 590.388";"$ 0";-;"No";"No tiene";"No tiene";"No tiene";"01/01/2025";"31/12/2025";"No informa";"Sin observaciones";
"2025";"Mayo";"Médicos cirujanos, farmacéuticos, químico-farmacéuticos, bioquímicos, cirujano-dentistas";"CABEZAS BAEZA, YASMIN ESTEPHANI";"Quimico Farmaceutico";"44 Hrs.";"QUIMICO FARMACEUTICO";"Región Metropolitana de Santiago";"(01)";"$ 1.878.546";"$ 1.514.059";"$ 0";-;"No";"No tiene";"No tiene";"No tiene";"10/03/2025";"31/07/2025";"No informa";"Sin observaciones";
"2025";"Mayo";"Administrativo";"CABEZAS CUBILLOS, PEDRO ANGEL";"Apoyo Administrativo";"16";"ADMINISTRATIVO";"Región Metropolitana de Santiago";"(186)";"$ 1.073.160";"$ 928.761";"$ 0";-;"Sí";"$ 140.142 : 30,00 hrs";"$ 112.113 : 20,00 hrs";"No tiene";"01/01/2025";"31/12/2025";"No informa";"Sin observaciones";
"2025";"Mayo";"Administrativo";"CABRERA CANALES, FELIPE SEGUNDO";"APOYO ADMINISTRATIVO";"22";"ADMINISTRATIVO";"Región Metropolitana de Santiago";"(186)";"$ 874.286";"$ 745.295";"$ 0";"$ 0";"Sí";"$ 92.119 : 27,00 hrs";"$ 110.543 : 27,00 hrs";"No tiene";"01/01/2025";"31/12/2025";"No informa";"REMUNERACION MAY.2025+PAGO BONO MENSUAL";
"2025";"Mayo";"Auxiliar";"CACERES CONTRERAS, TERESITA";"Apoyo Administrativo";"17";"AUXILIAR";"Región Metropolitana de Santiago";"(186)";"$ 950.319";"$ 803.577";"$ 0";-;"Sí";"$ 154.540 : 34,00 hrs";"No tiene";"No tiene";"01/01/2025";"31/12/2025";"No informa";"Sin observaciones";
"2025";"Mayo";"Administrativo";"CACERES GONGORA, ELENA ISABEL";"Atencion Clinica";"22";"ADMINISTRATIVO";"Región Metropolitana de Santiago";"(01)";"$ 697.885";"$ 582.909";"$ 0";-;"Sí";"No tiene";"$ 43.865 : 11,00 hrs";"No tiene";"01/01/2025";"31/05/2025";"No informa";"CONTRATO POR REEMPLAZO";
"2025";"Mayo";"Profesional";"CACERES ISLA, ROBERTO ANGEL";"Referente Salud Digital";"12";"ENFERMERA (O)";"Región Metropolitana de Santiago";"(01)";"$ 1.893.964";"$ 1.520.159";"$ 0";-;"No";"No tiene";"No tiene";"No tiene";"01/01/2025";"31/07/2025";"No informa";"Sin observaciones";
"2025";"Mayo";"Profesional";"CACERES SERRANO, LUIS FELIPE";"Apoyo Administrativo";"11";"INGENIERO (A) ELECTRICO";"Región Metropolitana de Santiago";"(186)";"$ 2.897.764";"$ 2.437.101";"$ 0";-;"Sí";"$ 270.707 : 24,00 hrs";"$ 554.948 : 41,00 hrs";"No tiene";"01/01/2025";"31/12/2025";"No informa";"Sin observaciones";
"2025";"Mayo";"Profesional";"CACHANA ALVARADO, JOSE";"Apoyo Administrativo";"5";"INGENIERO (A) EN INFORMATICA";"Región Metropolitana de Santiago";"(186)";"$ 3.615.886";"$ 2.861.352";"$ 0";-;"No";"No tiene";"No tiene";"No tiene";"01/01/2025";"31/12/2025";"No informa";"REMUNERACION DEL MES + BIENIO 01-03-2025 AL 31-03-2025";
"2025";"Mayo";"Administrativo";"CADENA ARAYA, KAREN YANINA";"Apoyo Administrativo";"21";"ADMINISTRATIVO";"Región Metropolitana de Santiago";"(01)";"$ 692.691";"$ 564.958";"$ 0";-;"No";"No tiene";"No tiene";"No tiene";"01/01/2025";"31/12/2025";"No informa";"Sin observaciones";
"2025";"Mayo";"Profesional";"CADIZ QUEZADA, SANDRA MARGARITA";"Apoyo Administrativo";"8";"ARQUITECTO";"Región Metropolitana de Santiago";"(186)";"$ 2.792.531";"$ 2.219.197";"$ 0";-;"No";"No tiene";"No tiene";"No tiene";"01/01/2025";"31/12/2025";"No informa";"Sin observaciones";
"2025";"Mayo";"Administrativo";"CALDERON BUENO, GEORGINA DE LA ROSA";"Apoyo Administrativo";"16";"INGENIERO (A) EJECUCION ADMINISTRACION DE EMPRESAS";"Región Metropolitana de Santiago";"(186)";"$ 1.317.680";"$ 1.068.781";"$ 0";-;"No";"No tiene";"No tiene";"No tiene";"01/01/2025";"31/12/2025";"No informa";"Sin observaciones";
"2025";"Mayo";"Técnico";"CALDERON CASTRO, TRINIDAD DEL CARMEN";"Atencion Clinica";"22";"TECNICO NIVEL SUPERIOR ENFERMERIA";"Región Metropolitana de Santiago";"(186)";"$ 706.933";"$ 578.553";"$ 0";-;"No";"No tiene";"No tiene";"No tiene";"01/01/2025";"31/12/2025";"No informa";"Sin observaciones";
"2025";"Mayo";"Técnico";"CALDERON CATALAN, KAMILA FRANCISCA POLLETT";"Atencion Clinica";"22";"TECNICO NIVEL SUPERIOR ENFERMERIA";"Región Metropolitana de Santiago";"(186)";"$ 705.649";"$ 581.595";"$ 0";-;"No";"No tiene";"No tiene";"No tiene";"01/01/2025";"31/12/2025";"No informa";"Sin observaciones";
"2025";"Mayo";"Auxiliar";"CALDERON PELLISSA, MAURICIO ANTONIO";"CONDUCTOR";"22";"AUXILIAR";"Región Metropolitana de Santiago";"(205)(202)(204)";"$ 1.051.318";"$ 446.868";"$ 0";"$ 0";"No";"No tiene";"No tiene";"No tiene";"01/01/2025";"31/12/2025";"No informa";"REMUNERACION MAY.2025";
"2025";"Mayo";"Profesional";"CALDERON PIZARRO, LESLY BELEN";"Atencion Clinica";"12";"ENFERMERA (O)";"Región Metropolitana de Santiago";"(01)";"$ 1.893.964";"$ 1.535.684";"$ 0";-;"No";"No tiene";"No tiene";"No tiene";"01/01/2025";"31/12/2025";"No informa";"Sin observaciones";
"2025";"Mayo";"Profesional";"CALDERON QUIJADA, CONSTANZA ANDREA";"Apoyo Administrativo";"12";"ADMINISTRADOR (A) PUBLICO";"Región Metropolitana de Santiago";"(01)";"$ 1.945.413";"$ 1.587.370";"$ 0";-;"Sí";"$ 51.449 : 5,00 hrs";"No tiene";"No tiene";"01/01/2025";"31/12/2025";"No informa";"Sin observaciones";
"2025";"Mayo";"Técnico";"CALDERON VASQUEZ, JESVANA ARLY";"Atencion Clinica";"21";"TECNICO NIVEL SUPERIOR ENFERMERIA";"Región Metropolitana de Santiago";"(186)";"$ 706.135";"$ 577.901";"$ 0";-;"No";"No tiene";"No tiene";"No tiene";"01/01/2025";"31/12/2025";"No informa";"Sin observaciones";
"2025";"Mayo";"Profesional";"CALFULEO CORNEJO, PAULINA ISABEL";"Atencion Clinica";"15";"MATRON (A)";"Región Metropolitana de Santiago";"(01)";"$ 1.453.153";"$ 1.177.225";"$ 0";-;"No";"No tiene";"No tiene";"No tiene";"01/01/2025";"31/12/2025";"No informa";"Sin observaciones";
"2025";"Mayo";"Técnico";"CALVO GALLARDO, PATRICIA IVONNE";"Atencion Clinica";"21";"TECNICO NIVEL SUPERIOR RECURSOS HUMANOS";"Región Metropolitana de Santiago";"(186)";"$ 707.688";"$ 577.190";"$ 0";-;"No";"No tiene";"No tiene";"No tiene";"01/01/2025";"31/12/2025";"No informa";"Sin observaciones";
"2025";"Mayo";"Profesional";"CAMARADA SOTO, NATTALY ALEJANDRA";"Atencion Clinica";"15";"MATRON (A)";"Región Metropolitana de Santiago";"(220)(186)";"$ 1.623.667";"$ 1.312.726";"$ 0";-;"No";"No tiene";"No tiene";"No tiene";"01/01/2025";"31/12/2025";"No informa";"Sin observaciones";
"2025";"Mayo";"Médicos cirujanos, farmacéuticos, químico-farmacéuticos, bioquímicos, cirujano-dentistas";"CAMEJO HENRIQUEZ, JORGE LUIS";"Medicina Familiar";"44 Hrs.";"MEDICO CIRUJANO";"Región Metropolitana de Santiago";"(188)(86)(186)";"$ 6.680.308";"$ 5.703.792";"$ 0";-;"No";"No tiene";"No tiene";"No tiene";"01/01/2025";"31/12/2025";"No informa";"Sin observaciones";
"2025";"Mayo";"Profesional";"CAMIROAGA PEÑA, PIA IGNACIA";"Atencion Clinica";"16";"ENFERMERA (O)";"Región Metropolitana de Santiago";"(01)";"$ 1.334.152";"$ 1.081.740";"$ 0";-;"No";"No tiene";"No tiene";"No tiene";"01/01/2025";"31/12/2025";"No informa";"Sin observaciones";
"2025";"Mayo";"Administrativo";"CAMPBELL ALFARO, MILTON ALEXIS";"Apoyo Administrativo";"22";"ADMINISTRATIVO";"Región Metropolitana de Santiago";"(186)";"$ 667.505";"$ 544.417";"$ 0";-;"No";"No tiene";"No tiene";"No tiene";"01/01/2025";"31/12/2025";"No informa";"Sin observaciones";
"2025";"Mayo";"Profesional";"CAMPOS ALARCON, CATALINA DE LOS ANGELES";"Atencion Clinica";"15";"TERAPEUTA OCUPACIONAL";"Región Metropolitana de Santiago";"(01)";"$ 1.644.131";"$ 1.362.734";"$ 0";-;"Sí";"$ 190.978 : 24,00 hrs";"No tiene";"No tiene";"01/01/2025";"31/12/2025";"No informa";"Sin observaciones";
"2025";"Mayo";"Administrativo";"CAMPOS BUSTAMANTE, JUDITH";"Apoyo Administrativo";"13";"ADMINISTRATIVO";"Región Metropolitana de Santiago";"(186)";"$ 1.015.225";"$ 828.017";"$ 0";-;"No";"No tiene";"No tiene";"No tiene";"01/01/2025";"31/12/2025";"No informa";"Sin observaciones";
"2025";"Mayo";"Administrativo";"CAMPOS CAMPOS, ANDRES DAVID";"Apoyo Administrativo";"13";"ADMINISTRATIVO";"Región Metropolitana de Santiago";"(186)";"$ 1.169.395";"$ 982.125";"$ 0";-;"Sí";"$ 116.436 : 20,00 hrs";"$ 27.945 : 4,00 hrs";"No tiene";"01/01/2025";"31/12/2025";"No informa";"Sin observaciones";
"2025";"Mayo";"Profesional";"CAMPOS CONTRERAS, CINDY MACARENA";"Atencion Clinica";"15";"ENFERMERA (O)";"Región Metropolitana de Santiago";"(186)";"$ 1.461.545";"$ 1.186.826";"$ 0";-;"No";"No tiene";"No tiene";"No tiene";"01/01/2025";"31/12/2025";"No informa";"Sin observaciones";
"2025";"Mayo";"Profesional";"CAMPOS MARAMBIO, RODRIGO FERNANDO";"Atencion Clinica";"15";"KINESIOLOGO (A)";"Región Metropolitana de Santiago";"(01)";"$ 1.453.153";"$ 1.186.851";"$ 0";-;"No";"No tiene";"No tiene";"No tiene";"01/01/2025";"31/12/2025";"No informa";"Sin observaciones";
"2025";"Mayo";"Profesional";"CAMPOS SANDOVAL, ROMINA MABEL";"Atencion Clinica";"14";"ENFERMERA (O)";"Región Metropolitana de Santiago";"(186)";"$ 3.058.882";"$ 2.657.764";"$ 0";-;"Sí";"$ 309.422 : 35,00 hrs";"$ 1.050.265 : 99,00 hrs";"No tiene";"01/01/2025";"31/12/2025";"No informa";"Sin observaciones";
"2025";"Mayo";"Administrativo";"CAMPOS SEREY, ANTONIETA JANETT";"Apoyo Administrativo";"22";"ADMINISTRATIVO";"Región Metropolitana de Santiago";"(186)";"$ 667.505";"$ 545.552";"$ 0";-;"No";"No tiene";"No tiene";"No tiene";"01/01/2025";"31/12/2025";"No informa";"Sin observaciones";
"2025";"Mayo";"Profesional";"CAMPOS VILLALOBOS, LEDA CHANEL";"Apoyo Administrativo";"10";"ADMINISTRADOR (A) PUBLICO";"Región Metropolitana de Santiago";"(01)";"$ 2.242.174";"$ 1.793.094";"$ 0";-;"No";"No tiene";"No tiene";"No tiene";"01/01/2025";"31/12/2025";"No informa";"Sin observaciones";
"2025";"Mayo";"Médicos cirujanos, farmacéuticos, químico-farmacéuticos, bioquímicos, cirujano-dentistas";"CAMPUSANO BORGES, ESTEFANIA ANDREA";"Atencion Clinica Medica";"44 Hrs.";"MEDICO CIRUJANO";"Región Metropolitana de Santiago";"(86)(186)";"$ 4.678.219";"$ 3.844.686";"$ 0";-;"Sí";"$ 231.660 : 20,00 hrs";"$ 1.056.324 : 76,00 hrs";"No tiene";"01/01/2025";"31/12/2025";"No informa";"Sin observaciones";
"2025";"Mayo";"Profesional";"CANALES SAAVEDRA, PAOLA ANDREA";"Atencion Clinica";"15";"MATRON (A)";"Región Metropolitana de Santiago";"(186)";"$ 1.829.291";"$ 1.518.683";"$ 0";-;"Sí";"$ 192.150 : 24,00 hrs";"$ 86.467 : 9,00 hrs";"No tiene";"01/01/2025";"31/12/2025";"No informa";"Sin observaciones";
"2025";"Mayo";"Médicos cirujanos, farmacéuticos, químico-farmacéuticos, bioquímicos, cirujano-dentistas";"CANALES SAEZ, NICOLAS EDUARDO";"Atencion Odontologica";"44 Hrs.";"CIRUJANO DENTISTA";"Región Metropolitana de Santiago";"(186)";"$ 4.033.160";"$ 3.255.088";"$ 0";-;"No";"No tiene";"No tiene";"No tiene";"01/01/2025";"31/12/2025";"No informa";"Sin observaciones";
"2025";"Mayo";"Técnico";"CANALES SALAZAR, TAMARA ALEJANDRA";"Atencion Clinica";"21";"TECNICO NIVEL SUPERIOR ENFERMERIA";"Región Metropolitana de Santiago";"(186)";"$ 820.065";"$ 691.548";"$ 0";-;"Sí";"$ 72.971 : 20,00 hrs";"$ 39.405 : 9,00 hrs";"No tiene";"01/01/2025";"31/12/2025";"No informa";"Sin observaciones";
"2025";"Mayo";"Profesional";"CANALES URRIOLA, CLAUDIA ANGELICA";"Atencion Clinica";"12";"ASISTENTE SOCIAL";"Región Metropolitana de Santiago";"(186)";"$ 2.193.957";"$ 1.788.033";"$ 0";-;"Sí";"$ 42.144 : 4,00 hrs";"$ 126.432 : 10,00 hrs";"No tiene";"01/01/2025";"31/12/2025";"No informa";"Sin observaciones";
"2025";"Mayo";"Profesional";"CANDIA MILLAR, TAMARA ANDREA";"Atencion Clinica";"15";"ASISTENTE SOCIAL";"Región Metropolitana de Santiago";"(220)(186)";"$ 1.640.449";"$ 1.337.582";"$ 0";-;"No";"No tiene";"No tiene";"No tiene";"01/01/2025";"31/12/2025";"No informa";"Sin observaciones";
"2025";"Mayo";"Técnico";"CANDIA VALENZUELA, NADIA SOLEDAD";"Atencion Clinica";"20";"ENFERMERA (O)";"Región Metropolitana de Santiago";"(186)";"$ 963.688";"$ 794.272";"$ 0";-;"No";"No tiene";"No tiene";"No tiene";"01/01/2025";"31/12/2025";"No informa";"Sin observaciones";
"2025";"Mayo";"Médicos cirujanos, farmacéuticos, químico-farmacéuticos, bioquímicos, cirujano-dentistas";"CANIUMILLA ADONIS, ERIK ESTEBAN";"Atencion Clinica Medica";"44 Hrs.";"MEDICO CIRUJANO";"Región Metropolitana de Santiago";"(86)(186)";"$ 3.376.336";"$ 2.679.962";"$ 0";-;"No";"No tiene";"No tiene";"No tiene";"01/01/2025";"31/12/2025";"No informa";"Sin observaciones";
"2025";"Mayo";"Profesional";"CANO DELGADO, CARLOS";"Atencion Clinica";"14";"PSICOLOGO (A)";"Región Metropolitana de Santiago";"(186)";"$ 795.972";"$ 636.379";"$ 0";-;"No";"No tiene";"No tiene";"No tiene";"01/01/2025";"31/12/2025";"No informa";"Sin observaciones";
"2025";"Mayo";"Profesional";"CANO DELGADO, CARLOS";"Atencion Clinica";"14";"PSICOLOGO (A)";"Región Metropolitana de Santiago";"(186)";"$ 795.972";"$ 651.423";"$ 0";-;"No";"No tiene";"No tiene";"No tiene";"01/01/2025";"31/12/2025";"No informa";"Sin observaciones";
"2025";"Mayo";"Médicos cirujanos, farmacéuticos, químico-farmacéuticos, bioquímicos, cirujano-dentistas";"CANQUIL MATUS, IGNACIO ISMAEL";"Atencion Clinica Medica";"44 Hrs.";"MEDICO CIRUJANO";"Región Metropolitana de Santiago";"(86)";"$ 2.929.627";"$ 2.340.878";"$ 0";-;"No";"No tiene";"No tiene";"No tiene";"01/01/2025";"31/12/2025";"No informa";"Sin observaciones";
"2025";"Mayo";"Administrativo";"CARCAMO OYARCE, CINDY ANDREA";"Apoyo Administrativo";"21";"ADMINISTRATIVO";"Región Metropolitana de Santiago";"(01)";"$ 692.691";"$ 570.916";"$ 0";-;"No";"No tiene";"No tiene";"No tiene";"01/01/2025";"31/12/2025";"No informa";"Sin observaciones";
"2025";"Mayo";"Técnico";"CARCAMO PEREZ, ANDREA DANITZA";"Atencion Clinica";"22";"TECNICO EN FARMACIA";"Región Metropolitana de Santiago";"(186)";"$ 705.649";"$ 576.727";"$ 0";-;"No";"No tiene";"No tiene";"No tiene";"01/01/2025";"31/12/2025";"No informa";"Sin observaciones";
"2025";"Mayo";"Profesional";"CARDENAS LAZCANO, CONSUELO BEATRIZ";"Apoyo Administrativo";"8";"MATRON (A)";"Región Metropolitana de Santiago";"(01)";"$ 2.660.255";"$ 2.136.928";"$ 0";-;"No";"No tiene";"No tiene";"No tiene";"01/01/2025";"31/12/2025";"No informa";"Sin observaciones";
"2025";"Mayo";"Administrativo";"CARDENAS MATAMALA, ADA MARGOTH";"Apoyo Administrativo";"22";"ADMINISTRATIVO";"Región Metropolitana de Santiago";"(186)";"$ 658.515";"$ 537.019";"$ 0";-;"No";"No tiene";"No tiene";"No tiene";"01/01/2025";"31/12/2025";"No informa";"Sin observaciones";
"2025";"Mayo";"Técnico";"CARDENAS MATAMALA, ELIZABETH TERESA";"Atencion Clinica";"22";"TECNICO NIVEL SUPERIOR ENFERMERIA";"Región Metropolitana de Santiago";"(186)";"$ 705.649";"$ 576.727";"$ 0";-;"No";"No tiene";"No tiene";"No tiene";"01/01/2025";"31/12/2025";"No informa";"Sin observaciones";
"2025";"Mayo";"Técnico";"CARDENAS MONTECINOS, PATRICIA ALEJANDRA";"ATENCION CLINICA";"22";"TECNICO NIVEL SUPERIOR ENFERMERIA";"Región Metropolitana de Santiago";"(203)(204)(186)";"$ 883.237";"$ 556.930";"$ 0";"$ 0";"No";"No tiene";"No tiene";"No tiene";"01/01/2025";"31/12/2025";"No informa";"REMUNERACION MAY.2025";
"2025";"Mayo";"Auxiliar";"CARDENAS PALMA, ALEX RODRIGO";"CONDUCTOR";"22";"AUXILIAR";"Región Metropolitana de Santiago";"(205)(202)(204)";"$ 1.051.318";"$ 734.545";"$ 0";"$ 0";"No";"No tiene";"No tiene";"No tiene";"01/01/2025";"31/12/2025";"No informa";"REMUNERACION MAY.2025";
"2025";"Mayo";"Administrativo";"CARES SANDOVAL, NINOSKA XIMENA";"Secretaria";"16";"ADMINISTRATIVO";"Región Metropolitana de Santiago";"(01)";"$ 1.309.912";"$ 1.073.515";"$ 0";-;"No";"No tiene";"No tiene";"No tiene";"01/01/2025";"31/12/2025";"No informa";"Sin observaciones";
"2025";"Mayo";"Técnico";"CARO HERRERA, PATRICIO IGNACIO";"ATENCION CLINICA";"22";"TECNICO NIVEL SUPERIOR ENFERMERIA";"Región Metropolitana de Santiago";"(202)(204)(186)";"$ 1.149.665";"$ 943.243";"$ 0";"$ 0";"Sí";"$ 46.937 : 14,00 hrs";"$ 84.487 : 21,00 hrs";"No tiene";"01/01/2025";"31/12/2025";"No informa";"REMUNERACION MAY.2025";
"2025";"Mayo";"Técnico";"CARO JORQUERA, EVELYN MARGARITA";"Atencion Clinica";"22";"TECNICO NIVEL SUPERIOR ENFERMERIA";"Región Metropolitana de Santiago";"(01)";"$ 704.365";"$ 576.451";"$ 0";-;"No";"No tiene";"No tiene";"No tiene";"01/01/2025";"31/07/2025";"No informa";"Sin observaciones";
"2025";"Mayo";"Profesional";"CARO OLIVARES, GERSON ARIEL";"ATENCION CLINICA";"13";"ENFERMERA (O)";"Región Metropolitana de Santiago";"(203)(204)(186)";"$ 2.945.040";"$ 2.368.254";"$ 0";"$ 0";"Sí";"$ 28.768 : 3,00 hrs";"$ 517.822 : 45,00 hrs";"No tiene";"01/01/2025";"31/12/2025";"No informa";"REMUNERACION MAY.2025";
"2025";"Mayo";"Técnico";"CARO PINO, NICOLE LISSETTE";"Atencion Clinica";"22";"TECNICO NIVEL SUPERIOR ENFERMERIA";"Región Metropolitana de Santiago";"(186)";"$ 735.823";"$ 607.676";"$ 0";-;"Sí";"$ 30.174 : 9,00 hrs";"No tiene";"No tiene";"01/01/2025";"31/12/2025";"No informa";"Sin observaciones";
"2025";"Mayo";"Auxiliar";"CAROCA MADARIAGA, NIBALDO ALEXANDER";"CONDUCTOR";"22";"AUXILIAR";"Región Metropolitana de Santiago";"(205)(202)(204)";"$ 1.224.119";"$ 817.373";"$ 0";"$ 0";"Sí";"$ 93.047 : 28,00 hrs";"$ 79.754 : 20,00 hrs";"No tiene";"01/01/2025";"30/06/2025";"No informa";"REMUNERACION MAY.2025";
"2025";"Mayo";"Profesional";"CARRASCO CORNEJO, JUAN CARLOS";"Apoyo Administrativo";"8";"INGENIERO (A) COMERCIAL";"Región Metropolitana de Santiago";"(186)";"$ 2.821.297";"$ 2.240.826";"$ 0";-;"No";"No tiene";"No tiene";"No tiene";"01/01/2025";"31/12/2025";"No informa";"Sin observaciones";
"2025";"Mayo";"Técnico";"CARRASCO DONOSO, CRISTIAN ELIAS ALBERTO";"ATENCION CLINICA";"22";"TECNICO NIVEL SUPERIOR ENFERMERIA";"Región Metropolitana de Santiago";"(202)(204)(186)";"$ 1.480.305";"$ 918.830";"$ 0";"$ 0";"Sí";"$ 187.650 : 55,00 hrs";"$ 253.839 : 62,00 hrs";"No tiene";"01/01/2025";"31/12/2025";"No informa";"REMUNERACION MAY.2025+REGULARIZA PAGO HORAS EXTRAS FEB.2025 (15D - 32F)";
"2025";"Mayo";"Profesional";"CARRASCO FUENZALIDA, VANIA MARCELA";"Atencion Clinica";"16";"PSICOLOGO (A)";"Región Metropolitana de Santiago";"(01)";"$ 1.334.152";"$ 1.085.265";"$ 0";-;"No";"No tiene";"No tiene";"No tiene";"01/01/2025";"31/12/2025";"No informa";"Sin observaciones";
"2025";"Mayo";"Administrativo";"CARRASCO GOMEZ, MARIBEL DAISY";"Apoyo Administrativo";"13";"ADMINISTRATIVO";"Región Metropolitana de Santiago";"(186)";"$ 1.129.807";"$ 941.905";"$ 0";-;"Sí";"$ 104.793 : 18,00 hrs";"No tiene";"No tiene";"01/01/2025";"31/12/2025";"No informa";"Sin observaciones";
"2025";"Mayo";"Profesional";"CARRASCO NAVAS, CAROL CRISTINA";"ATENCION CLINICA";"13";"ENFERMERA (O)";"Región Metropolitana de Santiago";"(203)(204)(186)";"$ 2.532.701";"$ 1.951.943";"$ 0";"$ 0";"Sí";"$ 19.179 : 2,00 hrs";"$ 115.072 : 10,00 hrs";"No tiene";"01/01/2025";"31/12/2025";"No informa";"REMUNERACION MAY.2025";
"2025";"Mayo";"Profesional";"CARRASCO POBLETE, TAMARA FRANCISCA";"Atencion Clinica";"16";"NUTRICIONISTA";"Región Metropolitana de Santiago";"(01)";"$ 1.156.266";"$ 952.943";"$ 0";-;"No";"No tiene";"No tiene";"No tiene";"05/05/2025";"30/05/2025";"No informa";"CONTRATO POR REEMPLAZO";
"2025";"Mayo";"Médicos cirujanos, farmacéuticos, químico-farmacéuticos, bioquímicos, cirujano-dentistas";"CARRASCO VALENZUELA, SOLEDAD ALEJANDRA";"Atencion Odontologica";"44 Hrs.";"CIRUJANO DENTISTA";"Región Metropolitana de Santiago";"(86)(186)";"$ 5.478.497";"$ 4.517.410";"$ 0";-;"No";"No tiene";"No tiene";"No tiene";"01/01/2025";"31/12/2025";"No informa";"Sin observaciones";
"2025";"Mayo";"Administrativo";"CARREÑO BUSTAMANTE, CRISTIAN ANDRES";"APOYO ADMINISTRATIVO";"16";"ADMINISTRATIVO";"Región Metropolitana de Santiago";"(186)";"$ 860.251";"$ 681.877";"$ 0";"$ 0";"Sí";"$ 23.809 : 5,00 hrs";"No tiene";"No tiene";"01/01/2025";"31/12/2025";"No informa";"REMUNERACION MAY.2025";
"2025";"Mayo";"Profesional";"CARREÑO CARO, MARIA GABRIELA";"Apoyo Administrativo";"15";"INGENIERO (A) EJECUCION CONTROL DE GESTION";"Región Metropolitana de Santiago";"(186)";"$ 1.534.377";"$ 1.249.716";"$ 0";-;"Sí";"$ 64.441 : 8,00 hrs";"No tiene";"No tiene";"01/01/2025";"31/12/2025";"No informa";"Sin observaciones";
"2025";"Mayo";"Profesional";"CARREÑO GAIBISSO, KARINA PAOLA";"Atencion Clinica";"12";"ENFERMERA (O)";"Región Metropolitana de Santiago";"(01)";"$ 2.302.079";"$ 1.896.010";"$ 0";-;"Sí";"$ 257.247 : 25,00 hrs";"$ 61.739 : 5,00 hrs";"No tiene";"01/01/2025";"31/12/2025";"No informa";"Sin observaciones";
"2025";"Mayo";"Profesional";"CARRERA AZOCAR, KAREN ALEJANDRA";"Atencion Clinica";"15";"PSICOLOGO (A)";"Región Metropolitana de Santiago";"(186)";"$ 1.461.545";"$ 1.189.351";"$ 0";-;"No";"No tiene";"No tiene";"No tiene";"01/01/2025";"31/12/2025";"No informa";"Sin observaciones";
"2025";"Mayo";"Profesional";"CARRIEL CAÑUTA, YESENIA JOSELYN ORIETA";"Atencion Clinica";"15";"ENFERMERA (O)";"Región Metropolitana de Santiago";"(186)";"$ 1.559.065";"$ 1.270.651";"$ 0";-;"No";"No tiene";"No tiene";"No tiene";"01/01/2025";"31/12/2025";"No informa";"Sin observaciones";
"2025";"Mayo";"Médicos cirujanos, farmacéuticos, químico-farmacéuticos, bioquímicos, cirujano-dentistas";"CARRILLO ARISMENDI, DIANA ESPERANZA";"Atencion Clinica Medica";"33 Hrs.";"MEDICO CIRUJANO";"Región Metropolitana de Santiago";"(188)(186)";"$ 3.236.542";"$ 2.553.055";"$ 0";-;"No";"No tiene";"No tiene";"No tiene";"01/01/2025";"31/12/2025";"No informa";"Sin observaciones";
"2025";"Mayo";"Profesional";"CARRION BUBNIAK, SUSAN CAROLINA";"Apoyo Administrativo";"11";"INGENIERO (A) EJECUCION ADMINISTRACION DE EMPRESAS";"Región Metropolitana de Santiago";"(01)";"$ 2.060.691";"$ 1.653.905";"$ 0";-;"No";"No tiene";"No tiene";"No tiene";"01/01/2025";"31/12/2025";"No informa";"Sin observaciones";
"2025";"Mayo";"Profesional";"CARRION GONZALEZ, ALEXIS ALBERTO";"JEFE DE DEPARTAMENTO";"10";"TRABAJADOR (A) SOCIAL";"Región Metropolitana de Santiago";"(186)(186)";"$ 2.279.166";"$ 1.504.974";"$ 0";"$ 0";"No";"No tiene";"No tiene";"No tiene";"01/01/2025";"31/12/2025";"No informa";"REMUNERACION MAY.2025+PAGO DIF. BIENIOS ABR.2025";
"2025";"Mayo";"Médicos cirujanos, farmacéuticos, químico-farmacéuticos, bioquímicos, cirujano-dentistas";"CARTAGENA GIL, DANIELA PAZ";"Medico Becario Primario";"44 Hrs.";"MEDICO CIRUJANO";"Región Metropolitana de Santiago";"(01)";"$ 2.801.656";"$ 2.311.646";"$ 0";-;"No";"No tiene";"No tiene";"No tiene";"06/05/2024";"05/05/2026";"No informa";"Sin observaciones";
"2025";"Mayo";"Técnico";"CARTES GAETE, PAULA ANDREA";"Atencion Clinica";"20";"TECNICO NIVEL SUPERIOR ENFERMERIA";"Región Metropolitana de Santiago";"(01)";"$ 714.654";"$ 589.019";"$ 0";-;"No";"No tiene";"No tiene";"No tiene";"01/01/2025";"31/12/2025";"No informa";"Sin observaciones";
"2025";"Mayo";"Técnico";"CARVACHO LOBELUZ, VALERY MAKARENA";"Atencion Clinica";"22";"TECNICO NIVEL SUPER ENFERMERIA";"Región Metropolitana de Santiago";"(01)";"$ 704.365";"$ 575.677";"$ 0";-;"No";"No tiene";"No tiene";"No tiene";"01/01/2025";"31/07/2025";"No informa";"Sin observaciones";
"2025";"Mayo";"Profesional";"CARVACHO SAEZ, RUBEN ALEJANDRO";"Jefe Unidad de Apoyo";"6";"ABOGADO (A)";"Región Metropolitana de Santiago";"(186)";"$ 3.290.602";"$ 2.589.399";"$ 0";-;"No";"No tiene";"No tiene";"No tiene";"01/01/2025";"31/12/2025";"No informa";"Sin observaciones";
"2025";"Mayo";"Profesional";"CARVALLO GUTIERREZ, ANA MARIA";"Atencion Clinica";"16";"NUTRICIONISTA";"Región Metropolitana de Santiago";"(01)";"$ 1.334.152";"$ 1.083.856";"$ 0";-;"No";"No tiene";"No tiene";"No tiene";"01/01/2025";"31/12/2025";"No informa";"Sin observaciones";
"2025";"Mayo";"Médicos cirujanos, farmacéuticos, químico-farmacéuticos, bioquímicos, cirujano-dentistas";"CARVALLO MATURANA, JAVIER IGNACIO";"Medico Becario Primario";"44 Hrs.";"MEDICO CIRUJANO";"Región Metropolitana de Santiago";"(01)";"$ 2.801.656";"$ 2.309.124";"$ 0";-;"No";"No tiene";"No tiene";"No tiene";"08/05/2024";"07/05/2026";"No informa";"Sin observaciones";
"2025";"Mayo";"Técnico";"CASTAÑEDA ESPINOZA, FLORENCIA DE LAS NIEVES";"ATENCION CLINICA";"22";"TECNICO NIVEL SUPERIOR ENFERMERIA";"Región Metropolitana de Santiago";"(203)(204)(186)";"$ 1.060.352";"$ 578.190";"$ 0";"$ 0";"Sí";"$ 54.116 : 16,00 hrs";"$ 129.878 : 32,00 hrs";"No tiene";"01/01/2025";"31/12/2025";"No informa";"REMUNERACION MAY.2025";
"2025";"Mayo";"Técnico";"CASTAÑEDA HOLTMANN, IGNACIO ALEXIS";"ATENCION CLINICA";"22";"TECNICO NIVEL SUPERIOR ENFERMERIA";"Región Metropolitana de Santiago";"(203)(204)(186)";"$ 885.998";"$ 429.452";"$ 0";"$ 0";"No";"No tiene";"No tiene";"No tiene";"01/01/2025";"31/12/2025";"No informa";"REMUNERACION MAY.2025";
"2025";"Mayo";"Técnico";"CASTAÑEDA MUÑOZ, KARYN MARION";"ATENCION CLINICA";"22";"FONOAUDIOLOGO (A)";"Región Metropolitana de Santiago";"(203)(204)(186)";"$ 1.135.322";"$ 685.324";"$ 0";"$ 0";"No";"No tiene";"No tiene";"No tiene";"01/01/2025";"31/12/2025";"No informa";"REMUNERACION MAY.2025";
"2025";"Mayo";"Médicos cirujanos, farmacéuticos, químico-farmacéuticos, bioquímicos, cirujano-dentistas";"CASTILLO ARAYA, ANA MARCELA";"Atencion Clinica Medica";"44 Hrs.";"MEDICO CIRUJANO";"Región Metropolitana de Santiago";"(188)(186)";"$ 5.058.066";"$ 4.139.683";"$ 0";-;"No";"No tiene";"No tiene";"No tiene";"01/01/2025";"31/12/2025";"No informa";"Sin observaciones";
"2025";"Mayo";"Médicos cirujanos, farmacéuticos, químico-farmacéuticos, bioquímicos, cirujano-dentistas";"CASTILLO ARIAS, KARINA ELIZABETH";"Quimico Farmaceutico";"44 Hrs.";"QUIMICO FARMACEUTICO";"Región Metropolitana de Santiago";"(86)(186)";"$ 6.004.037";"$ 4.926.794";"$ 0";-;"No";"No tiene";"No tiene";"No tiene";"01/01/2025";"31/12/2025";"No informa";"Sin observaciones";
"2025";"Mayo";"Profesional";"CASTILLO BUDIN, MARUZELLA SOLANGE";"Coordinador";"9";"INGENIERO (A) EJECUCION ADMINISTRACION";"Región Metropolitana de Santiago";"(01)";"$ 2.533.437";"$ 2.020.417";"$ 0";-;"No";"No tiene";"No tiene";"No tiene";"01/01/2025";"31/12/2025";"No informa";"Sin observaciones";
"2025";"Mayo";"Profesional";"CASTILLO CARRASCO, JESSICA MADELAINE";"Apoyo Administrativo";"13";"PSICOLOGO (A)";"Región Metropolitana de Santiago";"(01)";"$ 1.724.492";"$ 1.401.544";"$ 0";-;"No";"No tiene";"No tiene";"No tiene";"01/01/2025";"31/12/2025";"No informa";"Sin observaciones";
"2025";"Mayo";"Técnico";"CASTILLO CASTRO, LISSETTE LIBEGNA";"ATENCION CLINICA";"22";"TECNICO NIVEL SUPERIOR ENFERMERIA";"Región Metropolitana de Santiago";"(203)(204)(186)";"$ 1.273.044";"$ 1.010.180";"$ 0";"$ 0";"Sí";"$ 134.107 : 40,00 hrs";"$ 273.578 : 68,00 hrs";"No tiene";"01/01/2025";"31/12/2025";"No informa";"REMUNERACION MAY.2025";
"2025";"Mayo";"Profesional";"CASTILLO CHACON, CONSTANZA FERNANDA";"Apoyo Logistico";"15";"INGENIERO (A) COMERCIAL";"Región Metropolitana de Santiago";"(186)";"$ 1.692.125";"$ 1.416.360";"$ 0";-;"Sí";"$ 96.075 : 12,00 hrs";"$ 134.505 : 14,00 hrs";"No tiene";"01/01/2025";"30/06/2025";"No informa";"Sin observaciones";
"2025";"Mayo";"Administrativo";"CASTILLO CURUMILLA, OSCAR";"Apoyo Administrativo";"16";"ADMINISTRATIVO";"Región Metropolitana de Santiago";"(186)";"$ 1.180.181";"$ 1.017.888";"$ 0";-;"Sí";"$ 195.129 : 40,00 hrs";"$ 117.538 : 20,00 hrs";"No tiene";"01/01/2025";"31/12/2025";"No informa";"REMUNERACION DEL MES + BIENIO 01-01-2025 AL 31-03-2025";
"2025";"Mayo";"Profesional";"CASTILLO HENRIQUEZ, JORGE IGNACIO";"Atencion Clinica";"14";"KINESIOLOGO (A)";"Región Metropolitana de Santiago";"(186)";"$ 1.707.275";"$ 1.381.207";"$ 0";-;"Sí";"$ 26.205 : 3,00 hrs";"No tiene";"No tiene";"01/01/2025";"31/12/2025";"No informa";"Sin observaciones";
"2025";"Mayo";"Administrativo";"CASTILLO RIVAS, NESTOR FRANCISCO";"APOYO ADMINISTRATIVO";"22";"KINESIOLOGO (A)";"Región Metropolitana de Santiago";"(203)(204)(186)";"$ 1.124.324";"$ 773.248";"$ 0";"$ 0";"No";"No tiene";"No tiene";"No tiene";"01/01/2025";"31/12/2025";"No informa";"REMUNERACION MAY.2025";
"2025";"Mayo";"Administrativo";"CASTILLO ROCCO, ALEX CHRISTIAN";"Apoyo Administrativo";"21";"ADMINISTRATIVO";"Región Metropolitana de Santiago";"(186)";"$ 697.280";"$ 568.701";"$ 0";-;"No";"No tiene";"No tiene";"No tiene";"01/01/2025";"31/12/2025";"No informa";"Sin observaciones";
"2025";"Mayo";"Médicos cirujanos, farmacéuticos, químico-farmacéuticos, bioquímicos, cirujano-dentistas";"CASTILLO SAEZ, PAOLA ANGELICA";"Atencion Odontologica";"22 Hrs.";"ODONTOLOGO";"Región Metropolitana de Santiago";"(86)(186)";"$ 2.515.896";"$ 2.198.651";"$ 0";-;"No";"No tiene";"No tiene";"No tiene";"01/01/2025";"31/12/2025";"No informa";"Sin observaciones";
"2025";"Mayo";"Médicos cirujanos, farmacéuticos, químico-farmacéuticos, bioquímicos, cirujano-dentistas";"CASTILLO SAEZ, PAOLA ANGELICA";"Atencion Odontologica";"22 Hrs.";"ODONTOLOGO";"Región Metropolitana de Santiago";"(86)(186)";"$ 2.515.896";"$ 1.913.245";"$ 0";-;"No";"No tiene";"No tiene";"No tiene";"01/01/2025";"31/12/2025";"No informa";"Sin observaciones";
"2025";"Mayo";"Médicos cirujanos, farmacéuticos, químico-farmacéuticos, bioquímicos, cirujano-dentistas";"CASTILLO SAEZ, RODRIGO ERIC";"Atencion Odontologica";"22 Hrs.";"CIRUJANO DENTISTA";"Región Metropolitana de Santiago";"(188)(186)";"$ 2.154.587";"$ 1.671.164";"$ 0";-;"No";"No tiene";"No tiene";"No tiene";"01/01/2025";"31/12/2025";"No informa";"Sin observaciones";
"2025";"Mayo";"Médicos cirujanos, farmacéuticos, químico-farmacéuticos, bioquímicos, cirujano-dentistas";"CASTILLO SAEZ, RODRIGO ERIC";"Atencion Odontologica";"11 Hrs.";"CIRUJANO DENTISTA";"Región Metropolitana de Santiago";"(188)(186)";"$ 1.077.293";"$ 881.656";"$ 0";-;"No";"No tiene";"No tiene";"No tiene";"01/01/2025";"31/12/2025";"No informa";"Sin observaciones";
"2025";"Mayo";"Profesional";"CASTILLO SEPULVEDA, AGUEDA";"Atencion Clinica";"15";"TERAPEUTA OCUPACIONAL";"Región Metropolitana de Santiago";"(186)";"$ 1.559.065";"$ 1.260.324";"$ 0";-;"No";"No tiene";"No tiene";"No tiene";"01/01/2025";"31/12/2025";"No informa";"Sin observaciones";
"2025";"Mayo";"Profesional";"CASTILLO VELOSO, NATALIA SOFIA";"Atencion Clinica";"14";"KINESIOLOGO (A)";"Región Metropolitana de Santiago";"(186)";"$ 1.874.959";"$ 1.559.056";"$ 0";-;"Sí";"$ 209.644 : 24,00 hrs";"$ 73.375 : 7,00 hrs";"No tiene";"01/01/2025";"31/12/2025";"No informa";"Sin observaciones";
"2025";"Mayo";"Administrativo";"CASTILLO VENEGAS, CLAUDIA MARIOLY";"APOYO ADMINISTRATIVO";"22";"ADMINISTRATIVO";"Región Metropolitana de Santiago";"(01)";"$ 1.066.236";"$ 916.784";"$ 0";"$ 0";"Sí";"$ 79.754 : 24,00 hrs";"$ 142.229 : 71,00 hrs";"No tiene";"01/05/2025";"26/05/2025";"No informa";"REEMPLAZO ABR.2025 (17-30)+REEMPLAZO MAY.2025 (01-26)+PAGO BONO MENSUAL";
"2025";"Mayo";"Médicos cirujanos, farmacéuticos, químico-farmacéuticos, bioquímicos, cirujano-dentistas";"CASTRO ARENAS, JAVIERA CAROLINA";"Atencion Clinica Medica";"44 Hrs.";"MEDICO CIRUJANO";"Región Metropolitana de Santiago";"(86)";"$ 2.929.627";"$ 2.328.108";"$ 0";-;"No";"No tiene";"No tiene";"No tiene";"01/01/2025";"31/12/2025";"No informa";"Sin observaciones";
"2025";"Mayo";"Profesional";"CASTRO DELGADO, ROCIO ALONDRA";"Atencion Clinica";"12";"TERAPEUTA OCUPACIONAL";"Región Metropolitana de Santiago";"(186)";"$ 1.904.537";"$ 1.533.395";"$ 0";-;"No";"No tiene";"No tiene";"No tiene";"01/01/2025";"31/12/2025";"No informa";"Sin observaciones";
"2025";"Mayo";"Auxiliar";"CASTRO MENA, AMELIA ROSA";"Apoyo Administrativo";"21";"AUXILIAR";"Región Metropolitana de Santiago";"(186)";"$ 928.763";"$ 800.184";"$ 0";-;"Sí";"$ 144.678 : 40,00 hrs";"$ 86.806 : 20,00 hrs";"No tiene";"01/01/2025";"31/12/2025";"No informa";"Sin observaciones";
"2025";"Mayo";"Médicos cirujanos, farmacéuticos, químico-farmacéuticos, bioquímicos, cirujano-dentistas";"CASTRO MOROCHO, LUIS VLADIMIR";"Medicina Familiar";"11 Hrs.";"MEDICO CIRUJANO";"Región Metropolitana de Santiago";"(188)(86)(186)";"$ 1.474.733";"$ 1.316.111";"$ 0";-;"No";"No tiene";"No tiene";"No tiene";"01/01/2025";"31/12/2025";"No informa";"Sin observaciones";
"2025";"Mayo";"Médicos cirujanos, farmacéuticos, químico-farmacéuticos, bioquímicos, cirujano-dentistas";"CASTRO MOROCHO, LUIS VLADIMIR";"Medicina Familiar";"22 Hrs.";"MEDICO CIRUJANO";"Región Metropolitana de Santiago";"(188)(86)(186)";"$ 2.949.468";"$ 2.186.139";"$ 0";-;"No";"No tiene";"No tiene";"No tiene";"01/01/2025";"31/12/2025";"No informa";"Sin observaciones";
"2025";"Mayo";"Auxiliar";"CASTRO MUÑOZ, CLAUDIO";"CONDUCTOR";"24";"AUXILIAR";"Región Metropolitana de Santiago";"(01)";"$ 871.436";"$ 751.745";"$ 0";"$ 0";"Sí";"No tiene";"$ 277.729 : 156,00 hrs";"No tiene";"30/01/2025";"31/05/2025";"No informa";"REMUNERACION MAY.2025+PAGO BONO MENSUAL";
"2025";"Mayo";"Técnico";"CASTRO ORTEGA, LORENA SOLEDAD";"Apoyo Administrativo";"21";"TECNICO AMBIENTAL";"Región Metropolitana de Santiago";"(01)";"$ 692.691";"$ 564.958";"$ 0";-;"No";"No tiene";"No tiene";"No tiene";"01/01/2025";"30/06/2025";"No informa";"Sin observaciones";
"2025";"Mayo";"Administrativo";"CASTRO PRADO, VICTORIA DE LA LUZ";"APOYO ADMINISTRATIVO";"15";"INGENIERO (A) ADMINISTRACION DE EMPRESAS";"Región Metropolitana de Santiago";"(186)";"$ 1.451.561";"$ 1.097.294";"$ 0";"$ 0";"No";"No tiene";"No tiene";"No tiene";"01/01/2025";"31/05/2025";"No informa";"REMUNERACION MAY.2025";
"2025";"Mayo";"Profesional";"CASTRO ROBLES, LYSSA FRANCESCA";"Atencion Clinica";"15";"NUTRICIONISTA";"Región Metropolitana de Santiago";"(186)";"$ 1.575.848";"$ 1.273.493";"$ 0";-;"No";"No tiene";"No tiene";"No tiene";"01/01/2025";"31/12/2025";"No informa";"Sin observaciones";
"2025";"Mayo";"Profesional";"CASTRUCCIO ALVAREZ, CAROLINA PAZ";"Jefe Subdepto Salud Mental";"6";"PSICOLOGO (A)";"Región Metropolitana de Santiago";"(01)";"$ 3.184.619";"$ 2.508.740";"$ 0";-;"No";"No tiene";"No tiene";"No tiene";"01/01/2025";"31/12/2025";"No informa";"Sin observaciones";
"2025";"Mayo";"Técnico";"CATALAN GONZALEZ, GABRIELA VALENTINA";"Atencion Clinica";"21";"TECNICO NIVEL SUPERIOR ODONTOLOGIA";"Región Metropolitana de Santiago";"(01)";"$ 704.582";"$ 576.630";"$ 0";-;"No";"No tiene";"No tiene";"No tiene";"01/01/2025";"31/12/2025";"No informa";"Sin observaciones";
"2025";"Mayo";"Médicos cirujanos, farmacéuticos, químico-farmacéuticos, bioquímicos, cirujano-dentistas";"CATALAN PEREZ, CLAUDIO RODRIGO";"Imagenologia Oral y Maxilofacial";"22 Hrs.";"CIRUJANO DENTISTA";"Región Metropolitana de Santiago";"(188)(86)(186)";"$ 2.712.973";"$ 2.159.375";"$ 0";-;"No";"No tiene";"No tiene";"No tiene";"01/01/2025";"31/12/2025";"No informa";"Sin observaciones";
"2025";"Mayo";"Administrativo";"CATALDO JARA, JOSEFA CONSTANZA";"Atencion Clinica";"22";"ADMINISTRATIVO";"Región Metropolitana de Santiago";"(01)";"$ 109.002";"$ 89.839";"$ 0";-;"No";"No tiene";"No tiene";"No tiene";"16/04/2025";"05/05/2025";"No informa";"CONTRATO POR REEMPLAZO";
"2025";"Mayo";"Profesional";"CATRIPIL CARIQUEO, RODRIGO";"Apoyo Administrativo";"12";"ADMINISTRADOR (A) PUBLICO";"Región Metropolitana de Santiago";"(186)";"$ 2.025.381";"$ 1.628.833";"$ 0";-;"No";"No tiene";"No tiene";"No tiene";"01/01/2025";"31/12/2025";"No informa";"Sin observaciones";
"2025";"Mayo";"Profesional";"CAVIERES PEREZ, RODRIGO ANDRES";"APOYO ADMINISTRATIVO";"9";"INGENIERO (A) EN ADMINISTRACION DE RECURSOS HUMANOS";"Región Metropolitana de Santiago";"(186)";"$ 2.573.384";"$ 1.752.311";"$ 0";"$ 0";"No";"No tiene";"No tiene";"No tiene";"01/01/2025";"31/12/2025";"No informa";"REMUNERACION MAY.2025";
"2025";"Mayo";"Administrativo";"CAVIERES SAGREDO, DANIELA ALEJANDRA";"Apoyo Administrativo";"22";"ADMINISTRATIVO";"Región Metropolitana de Santiago";"(186)";"$ 658.515";"$ 542.748";"$ 0";-;"No";"No tiene";"No tiene";"No tiene";"01/01/2025";"31/12/2025";"No informa";"Sin observaciones";
"2025";"Mayo";"Médicos cirujanos, farmacéuticos, químico-farmacéuticos, bioquímicos, cirujano-dentistas";"CEA VILLANUEVA, MICHELLE";"Medico Becario Primario";"44 Hrs.";"MEDICO CIRUJANO";"Región Metropolitana de Santiago";"(01)";"$ 2.801.656";"$ 2.292.875";"$ 0";-;"No";"No tiene";"No tiene";"No tiene";"06/05/2024";"05/05/2026";"No informa";"Sin observaciones";
"2025";"Mayo";"Médicos cirujanos, farmacéuticos, químico-farmacéuticos, bioquímicos, cirujano-dentistas";"CELEDON AGUERO, NATALIA VANESA";"Atencion Clinica Medica";"22 Hrs.";"MEDICO CIRUJANO";"Región Metropolitana de Santiago";"(188)(186)";"$ 1.254.567";"$ 1.025.357";"$ 0";-;"No";"No tiene";"No tiene";"No tiene";"01/01/2025";"31/12/2025";"No informa";"Sin observaciones";
"2025";"Mayo";"Médicos cirujanos, farmacéuticos, químico-farmacéuticos, bioquímicos, cirujano-dentistas";"CELEDON AGUERO, NATALIA VANESA";"Atencion Clinica Medica";"22 Hrs.";"MEDICO CIRUJANO";"Región Metropolitana de Santiago";"(188)(186)";"$ 1.254.567";"$ 980.398";"$ 0";-;"No";"No tiene";"No tiene";"No tiene";"01/01/2025";"31/12/2025";"No informa";"Sin observaciones";
"2025";"Mayo";"Técnico";"CELIS ALLENDE, ALISSON KILLY";"Atencion Clinica";"22";"TECNICO DE NIVEL MEDIO EN ATENCION DE PARVULOS";"Región Metropolitana de Santiago";"(01)";"$ 599.674";"$ 479.427";"$ 0";-;"No";"No tiene";"No tiene";"No tiene";"14/03/2025";"26/05/2025";"No informa";"CONTRATO POR REEMPLAZO";
"2025";"Mayo";"Profesional";"CELIS SANCHEZ, GUSTAVO ENRIQUE";"Atencion Clinica";"16";"MATRON (A)";"Región Metropolitana de Santiago";"(01)";"$ 1.412.920";"$ 1.168.311";"$ 0";-;"Sí";"No tiene";"$ 78.768 : 9,00 hrs";"No tiene";"13/01/2025";"24/06/2025";"No informa";"CONTRATO POR REEMPLAZO";
"2025";"Mayo";"Profesional";"CERDA MUÑOZ, MAURICIO ANGELO";"Apoyo Administrativo";"11";"CONTADOR (A) AUDITOR (A)";"Región Metropolitana de Santiago";"(186)";"$ 2.072.109";"$ 1.659.481";"$ 0";-;"No";"No tiene";"No tiene";"No tiene";"01/01/2025";"31/12/2025";"No informa";"Sin observaciones";
"2025";"Mayo";"Profesional";"CERNA GARCIA, CYNTHYA PAMELA";"Apoyo Administrativo";"12";"FONOAUDIOLOGO (A)";"Región Metropolitana de Santiago";"(186)";"$ 1.904.537";"$ 1.530.797";"$ 0";-;"No";"No tiene";"No tiene";"No tiene";"01/01/2025";"31/12/2025";"No informa";"Sin observaciones";
"2025";"Mayo";"Administrativo";"CHARRIE CHAPA, CAMILA FERNANDA";"Apoyo Logistico";"22";"ADMINISTRATIVO";"Región Metropolitana de Santiago";"(186)";"$ 766.471";"$ 650.704";"$ 0";-;"Sí";"$ 43.585 : 13,00 hrs";"$ 64.371 : 16,00 hrs";"No tiene";"01/01/2025";"30/06/2025";"No informa";"Sin observaciones";
"2025";"Mayo";"Médicos cirujanos, farmacéuticos, químico-farmacéuticos, bioquímicos, cirujano-dentistas";"CHAVEZ GARATE, TOMAS IGNACIO";"Quimico Farmaceutico";"44 Hrs.";"QUIMICO FARMACEUTICO";"Región Metropolitana de Santiago";"(186)";"$ 4.033.261";"$ 3.255.181";"$ 0";-;"No";"No tiene";"No tiene";"No tiene";"01/01/2025";"31/12/2025";"No informa";"Sin observaciones";
"2025";"Mayo";"Profesional";"CHAVEZ RAMIREZ, PABLO ANDRES";"Apoyo Administrativo";"12";"ASISTENTE SOCIAL";"Región Metropolitana de Santiago";"(01)";"$ 1.893.964";"$ 1.535.636";"$ 0";-;"No";"No tiene";"No tiene";"No tiene";"01/01/2025";"31/12/2025";"No informa";"Sin observaciones";
"2025";"Mayo";"Técnico";"CHERY SIN APELLIDO, WILMENE";"Atencion Clinica";"22";"TECNICO NIVEL SUPERIOR ENFERMERIA";"Región Metropolitana de Santiago";"(186)";"$ 705.649";"$ 577.502";"$ 0";-;"No";"No tiene";"No tiene";"No tiene";"01/01/2025";"31/12/2025";"No informa";"Sin observaciones";
"2025";"Mayo";"Médicos cirujanos, farmacéuticos, químico-farmacéuticos, bioquímicos, cirujano-dentistas";"CHIANG CONTRERAS, SEBASTIAN PEDRO ANDRES";"Atencion Clinica Medica";"44 Hrs.";"MEDICO CIRUJANO";"Región Metropolitana de Santiago";"(186)(86)(186)";"$ 4.855.984";"$ 3.985.419";"$ 0";-;"Sí";"$ 432.004 : 34,00 hrs";"$ 914.820 : 60,00 hrs";"No tiene";"01/01/2025";"31/05/2025";"No informa";"Sin observaciones";
"2025";"Mayo";"Profesional";"CHIAPPE VASQUEZ, NELLY ANDREA";"Atencion Clinica";"12";"ENFERMERA (O)";"Región Metropolitana de Santiago";"(01)";"$ 2.230.050";"$ 1.843.235";"$ 0";-;"Sí";"$ 185.218 : 18,00 hrs";"$ 61.739 : 5,00 hrs";"No tiene";"01/01/2025";"31/12/2025";"No informa";"Sin observaciones";
"2025";"Mayo";"Auxiliar";"CHIPLE CABELLO, JUAN EVARISTO";"CONDUCTOR";"24";"AUXILIAR";"Región Metropolitana de Santiago";"(205)(202)(204)(186)";"$ 1.155.538";"$ 847.069";"$ 0";"$ 0";"Sí";"$ 74.135 : 26,00 hrs";"$ 150.551 : 44,00 hrs";"No tiene";"01/01/2025";"31/12/2025";"No informa";"REMUNERACION MAY.2025";
"2025";"Mayo";"Profesional";"CID ARCE, JOSE BENICIO";"Apoyo Administrativo";"7";"INGENIERO (A) COMERCIAL";"Región Metropolitana de Santiago";"(186)";"$ 2.936.014";"$ 2.329.811";"$ 0";-;"No";"No tiene";"No tiene";"No tiene";"01/01/2025";"31/12/2025";"No informa";"Sin observaciones";
"2025";"Mayo";"Profesional";"CID ASTUDILLO, TIMOTEO ESTEBAN";"Apoyo Administrativo";"8";"KINESIOLOGO (A)";"Región Metropolitana de Santiago";"(186)";"$ 2.717.786";"$ 2.167.043";"$ 0";-;"No";"No tiene";"No tiene";"No tiene";"01/01/2025";"31/12/2025";"No informa";"Sin observaciones";
"2025";"Mayo";"Profesional";"CID CIFUENTES, GONZALO ANDRES";"Atencion Clinica";"15";"KINESIOLOGO (A)";"Región Metropolitana de Santiago";"(186)";"$ 1.575.848";"$ 1.272.386";"$ 0";-;"No";"No tiene";"No tiene";"No tiene";"01/01/2025";"31/12/2025";"No informa";"Sin observaciones";
"2025";"Mayo";"Profesional";"CIFUENTES BOYD, MARIO ANTONIO";"ATENCION CLINICA";"9";"KINESIOLOGO (A)";"Región Metropolitana de Santiago";"(203)(201)(204)(186)";"$ 3.639.206";"$ 2.573.326";"$ 0";"$ 0";"No";"No tiene";"No tiene";"No tiene";"01/01/2025";"31/12/2025";"No informa";"REMUNERACION MAY.2025";
"2025";"Mayo";"Médicos cirujanos, farmacéuticos, químico-farmacéuticos, bioquímicos, cirujano-dentistas";"CISTERNA CORTES, MATIAS IGNACIO";"Medico Becario Primario";"44 Hrs.";"MEDICO CIRUJANO";"Región Metropolitana de Santiago";"(01)";"$ 2.801.656";"$ 2.311.646";"$ 0";-;"No";"No tiene";"No tiene";"No tiene";"07/04/2025";"06/04/2026";"No informa";"Sin observaciones";
"2025";"Mayo";"Profesional";"CISTERNA MATAMALA, DANIELA IVANIA";"Atencion Clinica";"15";"TERAPEUTA OCUPACIONAL";"Región Metropolitana de Santiago";"(186)";"$ 1.658.499";"$ 1.383.829";"$ 0";-;"Sí";"$ 120.094 : 15,00 hrs";"$ 76.860 : 8,00 hrs";"No tiene";"01/01/2025";"31/12/2025";"No informa";"Sin observaciones";
"2025";"Mayo";"Técnico";"CISTERNA RIVERA, CAROLINA AYESHA";"ATENCION CLINICA";"22";"TECNICO NIVEL SUPER ENFERMERIA";"Región Metropolitana de Santiago";"(01)";"$ 955.587";"$ 841.549";"$ 0";"$ 0";"Sí";"$ 16.615 : 5,00 hrs";"$ 458.588 : 159,00 hrs";"No tiene";"01/05/2025";"19/05/2025";"No informa";"REEMPLAZO ABR.2025 (29-30)+REEMPLAZO MAY.2025 (01-19)+PAGO BONO MENSUAL";
"2025";"Mayo";"Profesional";"CISTERNAS ESPINOZA, CLAUDIA MARINA";"Apoyo Administrativo";"11";"ASISTENTE SOCIAL";"Región Metropolitana de Santiago";"(186)";"$ 2.161.238";"$ 1.747.110";"$ 0";-;"No";"No tiene";"No tiene";"No tiene";"01/01/2025";"31/12/2025";"No informa";"Sin observaciones";
"2025";"Mayo";"Administrativo";"CISTERNAS SANCHEZ, NATALIE ANDREA";"Apoyo Administrativo";"22";"ADMINISTRATIVO";"Región Metropolitana de Santiago";"(186)";"$ 685.928";"$ 562.773";"$ 0";-;"Sí";"$ 10.236 : 3,00 hrs";"$ 8.188 : 2,00 hrs";"No tiene";"01/01/2025";"31/12/2025";"No informa";"Sin observaciones";
"2025";"Mayo";"Médicos cirujanos, farmacéuticos, químico-farmacéuticos, bioquímicos, cirujano-dentistas";"CISTERNAS VENTURELLI, KARLA ANDREA";"Medico Becario Primario";"44 Hrs.";"MEDICO CIRUJANO";"Región Metropolitana de Santiago";"(01)";"$ 3.458.581";"$ 2.856.780";"$ 0";-;"No";"No tiene";"No tiene";"No tiene";"01/06/2024";"31/05/2025";"No informa";"Sin observaciones";
"2025";"Mayo";"Administrativo";"COFRE ALVAREZ, NADIA ANDREA";"Apoyo Administrativo";"21";"ADMINISTRATIVO";"Región Metropolitana de Santiago";"(186)";"$ 751.534";"$ 628.952";"$ 0";-;"Sí";"$ 54.254 : 15,00 hrs";"No tiene";"No tiene";"01/01/2025";"31/12/2025";"No informa";"Sin observaciones";
"2025";"Mayo";"Auxiliar";"COFRE ROJAS, RENE ALEJANDRO";"CONDUCTOR";"22";"TECNICO NIVEL SUPERIOR ENFERMERIA";"Región Metropolitana de Santiago";"(205)(202)(204)";"$ 1.086.437";"$ 851.518";"$ 0";"$ 0";"No";"No tiene";"No tiene";"No tiene";"01/01/2025";"31/12/2025";"No informa";"REMUNERACION MAY.2025";
"2025";"Mayo";"Profesional";"COLLANTES ESCUDERO, PABLO ANDRES";"Atencion Clinica";"15";"KINESIOLOGO (A)";"Región Metropolitana de Santiago";"(01)";"$ 1.636.173";"$ 1.354.459";"$ 0";-;"Sí";"$ 183.020 : 23,00 hrs";"No tiene";"No tiene";"01/01/2025";"31/12/2025";"No informa";"Sin observaciones";
"2025";"Mayo";"Médicos cirujanos, farmacéuticos, químico-farmacéuticos, bioquímicos, cirujano-dentistas";"COLLAO CHAVEZ, JAVIERA ANDREA";"Atencion Clinica Medica";"44 Hrs.";"MEDICO CIRUJANO";"Región Metropolitana de Santiago";"(86)(86)";"$ 2.929.627";"$ 2.168.482";"$ 0";-;"No";"No tiene";"No tiene";"No tiene";"07/04/2025";"31/12/2025";"No informa";"Sin observaciones";
"2025";"Mayo";"Profesional";"COLLAO COLLAO, JOSE GABRIEL";"ATENCION CLINICA";"13";"ENFERMERA (O)";"Región Metropolitana de Santiago";"(203)(204)(186)";"$ 3.042.568";"$ 1.980.246";"$ 0";"$ 0";"Sí";"$ 376.204 : 39,00 hrs";"$ 254.662 : 22,00 hrs";"No tiene";"01/01/2025";"31/12/2025";"No informa";"REMUNERACION MAY.2025";
"2025";"Mayo";"Técnico";"CONCHA HERNANDEZ, DANIELA VIVIANA";"Atencion Clinica";"20";"TECNICO NIVEL SUPERIOR ENFERMERIA";"Región Metropolitana de Santiago";"(01)";"$ 714.654";"$ 584.088";"$ 0";-;"No";"No tiene";"No tiene";"No tiene";"01/01/2025";"31/12/2025";"No informa";"Sin observaciones";
"2025";"Mayo";"Profesional";"CONCHA HERRERA, MYRIAM ANDREA";"Jefe de Unidad";"6";"ADMINISTRADOR (A) PUBLICO";"Región Metropolitana de Santiago";"(186)";"$ 3.235.179";"$ 2.553.181";"$ 0";-;"No";"No tiene";"No tiene";"No tiene";"01/01/2025";"31/12/2025";"No informa";"Sin observaciones";
"2025";"Mayo";"Administrativo";"CONCHA VALLEJOS, MARIA TERESA";"Apoyo Administrativo";"22";"ADMINISTRATIVO";"Región Metropolitana de Santiago";"(186)";"$ 667.505";"$ 545.552";"$ 0";-;"No";"No tiene";"No tiene";"No tiene";"01/01/2025";"31/12/2025";"No informa";"Sin observaciones";
"2025";"Mayo";"Profesional";"CONCHA VEGA, MAURICIO ALEXIS";"ATENCION CLINICA";"12";"ENFERMERA (O)";"Región Metropolitana de Santiago";"(203)(204)";"$ 4.023.292";"$ 2.778.774";"$ 0";"$ 0";"Sí";"$ 246.957 : 24,00 hrs";"$ 1.185.394 : 96,00 hrs";"No tiene";"01/01/2025";"31/12/2025";"No informa";"REMUNERACION MAY.2025";
"2025";"Mayo";"Médicos cirujanos, farmacéuticos, químico-farmacéuticos, bioquímicos, cirujano-dentistas";"CONEJEROS DE LA CRUZ, MELINCKA ISIDORA";"Atencion Odontologica";"22 Hrs.";"CIRUJANO DENTISTA";"Región Metropolitana de Santiago";"(188)(186)";"$ 1.293.982";"$ 1.060.910";"$ 0";-;"No";"No tiene";"No tiene";"No tiene";"01/01/2025";"31/12/2025";"No informa";"Sin observaciones";
"2025";"Mayo";"Médicos cirujanos, farmacéuticos, químico-farmacéuticos, bioquímicos, cirujano-dentistas";"CONEJEROS ZAPATA, MARCELO ESTEBAN";"Atencion Clinica Medica";"44 Hrs.";"MEDICO CIRUJANO";"Región Metropolitana de Santiago";"(86)(186)";"$ 3.556.152";"$ 2.807.377";"$ 0";-;"No";"No tiene";"No tiene";"No tiene";"01/01/2025";"31/12/2025";"No informa";"Sin observaciones";
"2025";"Mayo";"Técnico";"COÑOPAN PARRA, ANDREA PATRICIA";"Atencion Clinica";"22";"TECNICO NIVEL SUPERIOR ENFERMERIA";"Región Metropolitana de Santiago";"(186)";"$ 755.939";"$ 625.817";"$ 0";-;"Sí";"$ 50.290 : 15,00 hrs";"No tiene";"No tiene";"01/01/2025";"31/12/2025";"No informa";"Sin observaciones";
"2025";"Mayo";"Médicos cirujanos, farmacéuticos, químico-farmacéuticos, bioquímicos, cirujano-dentistas";"CONTADOR GALVEZ, IVAN DARIO";"Atencion Clinica Medica";"22 Hrs.";"MEDICO CIRUJANO";"Región Metropolitana de Santiago";"(01)";"$ 939.274";"$ 774.150";"$ 0";-;"No";"No tiene";"No tiene";"No tiene";"01/04/2025";"30/06/2025";"No informa";"Sin observaciones";
"2025";"Mayo";"Profesional";"CONTRERAS AGUILERA, DEYANIRA MARIBEL";"Atencion Clinica";"14";"NUTRICIONISTA";"Región Metropolitana de Santiago";"(01)";"$ 1.582.879";"$ 1.280.681";"$ 0";-;"No";"No tiene";"No tiene";"No tiene";"01/01/2025";"31/12/2025";"No informa";"Sin observaciones";
"2025";"Mayo";"Profesional";"CONTRERAS ARREDONDO, MACARENA ANDREA";"Atencion Clinica";"16";"TERAPEUTA OCUPACIONAL";"Región Metropolitana de Santiago";"(01)";"$ 1.727.991";"$ 1.470.779";"$ 0";-;"Sí";"$ 218.799 : 30,00 hrs";"$ 175.040 : 20,00 hrs";"No tiene";"01/01/2025";"30/06/2025";"No informa";"Sin observaciones";
"2025";"Mayo";"Técnico";"CONTRERAS BASCUÑAN, NICOLE MONSERRAT";"Atencion Clinica";"20";"TECNICO NIVEL SUPERIOR ENFERMERIA";"Región Metropolitana de Santiago";"(01)";"$ 714.654";"$ 589.662";"$ 0";-;"No";"No tiene";"No tiene";"No tiene";"01/01/2025";"31/12/2025";"No informa";"Sin observaciones";
"2025";"Mayo";"Técnico";"CONTRERAS CIFUENTES, DIANA VALERIA";"Atencion Clinica";"21";"TECNICO NIVEL SUPERIOR ENFERMERIA";"Región Metropolitana de Santiago";"(01)";"$ 704.582";"$ 574.586";"$ 0";-;"No";"No tiene";"No tiene";"No tiene";"01/01/2025";"31/12/2025";"No informa";"Sin observaciones";
"2025";"Mayo";"Técnico";"CONTRERAS DIAZ, ROCIO CONCEPCION";"Atencion Clinica";"21";"TECNICO NIVEL SUPERIOR ENFERMERIA";"Región Metropolitana de Santiago";"(186)";"$ 707.688";"$ 579.171";"$ 0";-;"No";"No tiene";"No tiene";"No tiene";"01/01/2025";"31/12/2025";"No informa";"Sin observaciones";
"2025";"Mayo";"Profesional";"CONTRERAS ESCANILLA, PATRICIA ISABEL MARGARITA";"Atencion Clinica";"16";"PSICOLOGO (A)";"Región Metropolitana de Santiago";"(01)";"$ 1.334.152";"$ 1.086.361";"$ 0";-;"No";"No tiene";"No tiene";"No tiene";"01/01/2025";"31/05/2025";"No informa";"Sin observaciones";
"2025";"Mayo";"Técnico";"CONTRERAS GONZALEZ, CAMILA ANDREA";"Atencion Clinica";"21";"TECNICO NIVEL SUPERIOR ENFERMERIA";"Región Metropolitana de Santiago";"(186)";"$ 706.135";"$ 577.901";"$ 0";-;"No";"No tiene";"No tiene";"No tiene";"01/01/2025";"31/12/2025";"No informa";"Sin observaciones";
"2025";"Mayo";"Profesional";"CONTRERAS GONZALEZ, PEDRO IGNACIO";"APOYO ADMINISTRATIVO";"8";"ADMINISTRADOR (A) PUBLICO";"Región Metropolitana de Santiago";"(186)";"$ 2.778.149";"$ 2.154.259";"$ 0";"$ 0";"No";"No tiene";"No tiene";"No tiene";"01/01/2025";"31/12/2025";"No informa";"REMUNERACION MAY.2025";
"2025";"Mayo";"Técnico";"CONTRERAS GUAJARDO, DANIELA CAROLINA";"ATENCION CLINICA";"22";"TECNICO NIVEL SUPERIOR ENFERMERIA";"Región Metropolitana de Santiago";"(203)(204)(186)";"$ 1.050.522";"$ 882.531";"$ 0";"$ 0";"Sí";"$ 60.348 : 18,00 hrs";"$ 120.696 : 30,00 hrs";"No tiene";"01/01/2025";"31/12/2025";"No informa";"REMUNERACION MAY.2025";
"2025";"Mayo";"Auxiliar";"CONTRERAS GUZMAN, FERNANDO PATRICIO";"CONDUCTOR";"24";"AUXILIAR";"Región Metropolitana de Santiago";"(203)(186)(205)(203)(204)(186)";"$ 998.784";"$ 680.184";"$ 0";"$ 0";"Sí";"$ 77.684 : 27,00 hrs";"$ 110.483 : 32,00 hrs";"No tiene";"01/01/2025";"31/12/2025";"No informa";"REMUNERACION MAY.2025+PAGO DIF. BIENIOS ABR.2025";
"2025";"Mayo";"Administrativo";"CONTRERAS LOPEZ, GLADYS VIOLETA";"Apoyo Administrativo";"15";"ADMINISTRATIVO";"Región Metropolitana de Santiago";"(186)";"$ 926.999";"$ 758.656";"$ 0";-;"No";"No tiene";"No tiene";"No tiene";"01/01/2025";"31/12/2025";"No informa";"Sin observaciones";
"2025";"Mayo";"Médicos cirujanos, farmacéuticos, químico-farmacéuticos, bioquímicos, cirujano-dentistas";"CONTRERAS MARAMBIO, JULIO CESAR ENRIQUE";"Atencion Clinica Medica";"44 Hrs.";"MEDICO CIRUJANO";"Región Metropolitana de Santiago";"(86)";"$ 2.929.627";"$ 2.343.304";"$ 0";-;"No";"No tiene";"No tiene";"No tiene";"01/01/2025";"31/12/2025";"No informa";"Sin observaciones";
"2025";"Mayo";"Médicos cirujanos, farmacéuticos, químico-farmacéuticos, bioquímicos, cirujano-dentistas";"CONTRERAS MORGADO, CATALINA ANDREA";"Atencion Clinica Medica";"44 Hrs.";"MEDICO CIRUJANO";"Región Metropolitana de Santiago";"(86)(186)";"$ 3.707.580";"$ 2.973.915";"$ 0";-;"Sí";"$ 151.428 : 12,00 hrs";"No tiene";"No tiene";"01/01/2025";"31/12/2025";"No informa";"Sin observaciones";
"2025";"Mayo";"Auxiliar";"CONTRERAS MUÑOZ, PEDRO CRISTIAN";"CONDUCTOR";"22";"TECNICO NIVEL SUPERIOR ENFERMERIA";"Región Metropolitana de Santiago";"(205)(202)(204)";"$ 1.450.649";"$ 1.197.025";"$ 0";"$ 0";"Sí";"$ 53.170 : 16,00 hrs";"$ 311.042 : 78,00 hrs";"No tiene";"01/01/2025";"31/12/2025";"No informa";"REMUNERACION MAY.2025";
"2025";"Mayo";"Técnico";"CONTRERAS PEÑA, GLORIA CAROLINA";"Atencion Clinica";"22";"TECNICO NIVEL SUPERIOR ENFERMERIA";"Región Metropolitana de Santiago";"(186)";"$ 706.933";"$ 578.553";"$ 0";-;"No";"No tiene";"No tiene";"No tiene";"01/01/2025";"31/12/2025";"No informa";"Sin observaciones";
"2025";"Mayo";"Administrativo";"CONTRERAS PEÑALOZA, PAOLA ALEJANDRA";"ADMINISTRATIVO";"21";"ADMINISTRATIVO";"Región Metropolitana de Santiago";"(01)";"$ 692.691";"$ 570.916";"$ 0";-;"No";"No tiene";"No tiene";"No tiene";"01/01/2025";"31/12/2025";"No informa";"Sin observaciones";
"2025";"Mayo";"Profesional";"CONTRERAS PINO, TAMARA ELIZABETH";"Atencion Clinica";"15";"ENFERMERA (O)";"Región Metropolitana de Santiago";"(01)";"$ 1.453.153";"$ 1.186.851";"$ 0";-;"No";"No tiene";"No tiene";"No tiene";"01/01/2025";"31/12/2025";"No informa";"Sin observaciones";
"2025";"Mayo";"Médicos cirujanos, farmacéuticos, químico-farmacéuticos, bioquímicos, cirujano-dentistas";"CONTRERAS SALDAÑA, GERARDO ANDRES";"Atencion Odontologica";"44 Hrs.";"CIRUJANO DENTISTA";"Región Metropolitana de Santiago";"(186)(188)(186)";"$ 4.381.986";"$ 3.544.418";"$ 0";-;"No";"No tiene";"No tiene";"No tiene";"01/01/2025";"31/12/2025";"No informa";"Sin observaciones";
"2025";"Mayo";"Profesional";"CONTRERAS SANTA MARIA, NICOLE ELIZABETH";"Atencion Clinica";"15";"ENFERMERA (O)";"Región Metropolitana de Santiago";"(186)";"$ 1.461.545";"$ 1.181.284";"$ 0";-;"No";"No tiene";"No tiene";"No tiene";"01/01/2025";"31/12/2025";"No informa";"Sin observaciones";
"2025";"Mayo";"Médicos cirujanos, farmacéuticos, químico-farmacéuticos, bioquímicos, cirujano-dentistas";"CONTRERAS VERA, PABLO RENAN";"Atencion Odontologica";"11 Hrs.";"CIRUJANO DENTISTA";"Región Metropolitana de Santiago";"(86)(186)";"$ 1.573.272";"$ 1.416.111";"$ 0";-;"No";"No tiene";"No tiene";"No tiene";"01/01/2025";"31/12/2025";"No informa";"Sin observaciones";
"2025";"Mayo";"Profesional";"CORDERO ACEVEDO, NATALIA IRINA";"Atencion Clinica";"13";"NUTRICIONISTA";"Región Metropolitana de Santiago";"(01)";"$ 1.724.492";"$ 1.401.544";"$ 0";-;"No";"No tiene";"No tiene";"No tiene";"01/01/2025";"31/12/2025";"No informa";"Sin observaciones";
"2025";"Mayo";"Administrativo";"CORDERO MORALES, JOAQUIN OSVALDO";"APOYO ADMINISTRATIVO";"22";"ADMINISTRATIVO";"Región Metropolitana de Santiago";"(186)";"$ 706.979";"$ 547.704";"$ 0";"$ 0";"Sí";"$ 43.969 : 13,00 hrs";"No tiene";"No tiene";"01/01/2025";"31/12/2025";"No informa";"REMUNERACION MAY.2025+PAGO BONO MENSUAL";
"2025";"Mayo";"Profesional";"CORDOVA DIAZ, HORTENSIA ISOLINA";"Atencion Clinica";"15";"KINESIOLOGO (A)";"Región Metropolitana de Santiago";"(186)";"$ 2.037.483";"$ 1.715.576";"$ 0";-;"Sí";"$ 275.533 : 34,00 hrs";"$ 194.494 : 20,00 hrs";"No tiene";"01/01/2025";"31/12/2025";"No informa";"Sin observaciones";
"2025";"Mayo";"Profesional";"CORDOVA FARIAS, CAROLINE ANDREA";"Atencion Clinica";"15";"KINESIOLOGO (A)";"Región Metropolitana de Santiago";"(186)";"$ 1.575.175";"$ 1.278.077";"$ 0";-;"Sí";"$ 16.110 : 2,00 hrs";"No tiene";"No tiene";"01/01/2025";"31/12/2025";"No informa";"Sin observaciones";
"2025";"Mayo";"Técnico";"CORDOVEZ URREJOLA, ROXANA JOSELYNNE";"ATENCION CLINICA";"21";"TECNICO NIVEL SUPERIOR ENFERMERIA";"Región Metropolitana de Santiago";"(203)(204)(186)";"$ 1.482.425";"$ 1.019.375";"$ 0";"$ 0";"Sí";"$ 147.209 : 40,00 hrs";"$ 384.214 : 87,00 hrs";"No tiene";"01/01/2025";"31/12/2025";"No informa";"REMUNERACION MAY.2025";
"2025";"Mayo";"Profesional";"CORNEJO MORAGA, KAREN ALEJANDRA";"Atencion Clinica";"13";"NUTRICIONISTA";"Región Metropolitana de Santiago";"(186)";"$ 1.744.068";"$ 1.405.479";"$ 0";-;"No";"No tiene";"No tiene";"No tiene";"01/01/2025";"31/12/2025";"No informa";"Sin observaciones";
"2025";"Mayo";"Profesional";"CORNEJO ROJAS, JOCELYN DANIELA";"Atencion Clinica";"16";"ENFERMERA (O)";"Región Metropolitana de Santiago";"(01)";"$ 1.334.152";"$ 1.092.694";"$ 0";-;"No";"No tiene";"No tiene";"No tiene";"01/01/2025";"03/06/2025";"No informa";"CONTRATO POR REEMPLAZO";
"2025";"Mayo";"Técnico";"CORONA OBANDO, TATIANA IGNACIA";"Atencion Clinica";"22";"TECNICO NIVEL SUPERIOR ENFERMERIA";"Región Metropolitana de Santiago";"(186)";"$ 705.649";"$ 570.695";"$ 0";-;"No";"No tiene";"No tiene";"No tiene";"01/01/2025";"31/12/2025";"No informa";"Sin observaciones";
"2025";"Mayo";"Técnico";"CORONADO ALARCON, CRISTIAN ALFREDO";"ATENCION CLINICA";"22";"TECNICO NIVEL SUPERIOR ENFERMERIA";"Región Metropolitana de Santiago";"(202)(186)(202)(204)(186)";"$ 1.228.939";"$ 904.908";"$ 0";"$ 0";"Sí";"$ 95.797 : 28,00 hrs";"$ 81.991 : 20,00 hrs";"No tiene";"01/01/2025";"31/12/2025";"No informa";"REMUNERACION MAY.2025+PAGO DIF. BIENIOS ENE-FEB.2025";
"2025";"Mayo";"Administrativo";"CORREA CORTEZ, STEPHANIE ESPERANZA";"Apoyo Administrativo";"18";"RELACIONADOR (A) PUBLICO";"Región Metropolitana de Santiago";"(01)";"$ 1.122.365";"$ 918.362";"$ 0";-;"Sí";"$ 5.767 : 1,00 hrs";"No tiene";"No tiene";"01/01/2025";"31/05/2025";"No informa";"Sin observaciones";
"2025";"Mayo";"Técnico";"CORREA DONOSO, PIA DANIELA";"Atencion Clinica";"22";"TECNICO NIVEL SUPERIOR ENFERMERIA";"Región Metropolitana de Santiago";"(186)";"$ 798.254";"$ 673.975";"$ 0";-;"Sí";"$ 91.321 : 27,00 hrs";"No tiene";"No tiene";"01/01/2025";"31/12/2025";"No informa";"Sin observaciones";
"2025";"Mayo";"Administrativo";"CORREA PAREDES, DANITZA JAVIERA";"Apoyo Administrativo";"22";"ADMINISTRATIVO";"Región Metropolitana de Santiago";"(01)";"$ 654.020";"$ 534.531";"$ 0";-;"No";"No tiene";"No tiene";"No tiene";"01/01/2025";"30/06/2025";"No informa";"Sin observaciones";
"2025";"Mayo";"Técnico";"CORREA SOBELL, JAVIERA SCARLETTE";"Atencion Clinica";"21";"TECNICO NIVEL MEDIO ENFERMERIA";"Región Metropolitana de Santiago";"(01)";"$ 704.582";"$ 570.506";"$ 0";-;"No";"No tiene";"No tiene";"No tiene";"01/01/2025";"31/12/2025";"No informa";"Sin observaciones";
"2025";"Mayo";"Profesional";"CORTES BRAVO, CLAUDIA MELINA";"ATENCION CLINICA";"11";"ENFERMERA (O)";"Región Metropolitana de Santiago";"(203)(204)(186)";"$ 3.722.338";"$ 2.616.937";"$ 0";"$ 0";"Sí";"$ 415.628 : 36,00 hrs";"$ 415.628 : 30,00 hrs";"No tiene";"01/01/2025";"31/12/2025";"No informa";"REMUNERACION MAY.2025";
"2025";"Mayo";"Profesional";"CORTES CORTES, SOFIA ESMERALDA";"JEFE DE DEPARTAMENTO";"10";"ENFERMERA (O)";"Región Metropolitana de Santiago";"(203)(204)(186)";"$ 4.141.149";"$ 2.572.136";"$ 0";"$ 0";"Sí";"$ 497.398 : 40,00 hrs";"$ 537.190 : 36,00 hrs";"No tiene";"01/01/2025";"31/12/2025";"No informa";"REMUNERACION MAY.2025";
"2025";"Mayo";"Profesional";"CORTES JARA, FELIPE ANDRES";"Jefe de Departamento";"6";"PSICOLOGO (A)";"Región Metropolitana de Santiago";"(186)";"$ 3.201.473";"$ 2.523.020";"$ 0";-;"No";"No tiene";"No tiene";"No tiene";"01/01/2025";"31/12/2025";"No informa";"Sin observaciones";
"2025";"Mayo";"Técnico";"CORTES MEZA, PAULA CRISTINA";"ATENCION CLINICA";"22";"TECNICO NIVEL SUPERIOR ENFERMERIA";"Región Metropolitana de Santiago";"(202)(204)(186)";"$ 1.334.158";"$ 971.012";"$ 0";"$ 0";"Sí";"$ 50.290 : 15,00 hrs";"$ 261.508 : 65,00 hrs";"No tiene";"01/01/2025";"31/12/2025";"No informa";"REMUNERACION MAY.2025";
"2025";"Mayo";"Médicos cirujanos, farmacéuticos, químico-farmacéuticos, bioquímicos, cirujano-dentistas";"CORTES PICAZO, PATRICIO ALEJANDRO";"MEDICO CIRUJANO CON ESPECIALIDAD EN MEDICINA DE URGENCIA";"22 Hrs.";"MEDICO CIRUJANO CON ESPECIALIDAD EN MEDICINA DE URGENCIA";"Región Metropolitana de Santiago";"(186)";"$ 2.686.697";"$ 2.317.637";"$ 0";"$ 0";"No";"No tiene";"No tiene";"No tiene";"01/01/2025";"31/12/2025";"No informa";"REMUNERACION MAY.2025";
"2025";"Mayo";"Administrativo";"CORTES SAEZ, VIVIANA JACQUELINE";"Secretaria";"13";"ADMINISTRATIVO";"Región Metropolitana de Santiago";"(186)";"$ 1.015.225";"$ 829.743";"$ 0";-;"No";"No tiene";"No tiene";"No tiene";"01/01/2025";"31/12/2025";"No informa";"Sin observaciones";
"2025";"Mayo";"Médicos cirujanos, farmacéuticos, químico-farmacéuticos, bioquímicos, cirujano-dentistas";"CORVALAN DAVILA, JOSE MANUEL";"Atencion Clinica Medica";"44 Hrs.";"MEDICO CIRUJANO";"Región Metropolitana de Santiago";"(86)(186)";"$ 4.717.703";"$ 3.491.779";"$ 0";-;"Sí";"$ 416.427 : 33,00 hrs";"$ 605.720 : 40,00 hrs";"No tiene";"01/01/2025";"31/12/2025";"No informa";"Sin observaciones";
"2025";"Mayo";"Profesional";"CORVALAN GALLARDO, LORNA DANIELA";"Atencion Clinica";"16";"NUTRICIONISTA";"Región Metropolitana de Santiago";"(01)";"$ 1.334.152";"$ 1.081.679";"$ 0";-;"No";"No tiene";"No tiene";"No tiene";"03/04/2025";"31/05/2025";"No informa";"CONTRATO POR REEMPLAZO";
"2025";"Mayo";"Administrativo";"CORVALAN GUAJARDO, MARIA JOSE";"Atencion Clinica";"22";"ADMINISTRATIVO";"Región Metropolitana de Santiago";"(01)";"$ 673.838";"$ 673.838";"$ 0";-;"No";"No tiene";"No tiene";"No tiene";"15/01/2025";"07/06/2025";"No informa";"CONTRATO POR REEMPLAZO";
"2025";"Mayo";"Profesional";"CORVALAN VILLARROEL, CLAUDIO ALEJANDRO";"Apoyo Administrativo";"15";"ASISTENTE SOCIAL";"Región Metropolitana de Santiago";"(01)";"$ 1.453.153";"$ 1.174.854";"$ 0";-;"No";"No tiene";"No tiene";"No tiene";"01/01/2025";"31/12/2025";"No informa";"Sin observaciones";
"2025";"Mayo";"Técnico";"COSTE HERNANDEZ, KARLA ANDREA";"ATENCION CLINICA";"22";"TECNICO NIVEL SUPERIOR ENFERMERIA";"Región Metropolitana de Santiago";"(203)(204)(186)";"$ 1.216.719";"$ 955.386";"$ 0";"$ 0";"Sí";"$ 134.107 : 40,00 hrs";"$ 217.253 : 54,00 hrs";"No tiene";"01/01/2025";"31/12/2025";"No informa";"REMUNERACION MAY.2025";
"2025";"Mayo";"Profesional";"CRISOSTOMO NARANJO, PABLO ANDRES";"COORDINADOR RAD";"8";"INGENIERO (A) CIVIL INDUSTRIAL";"Región Metropolitana de Santiago";"(01)";"$ 2.660.255";"$ 2.124.723";"$ 0";-;"No";"No tiene";"No tiene";"No tiene";"01/01/2025";"31/12/2025";"No informa";"Sin observaciones";
"2025";"Mayo";"Profesional";"CRUZ ORTIZ, ROCIO PAULINA";"Atencion Clinica";"12";"ENFERMERA (O)";"Región Metropolitana de Santiago";"(01)";"$ 2.270.574";"$ 1.898.818";"$ 0";-;"Sí";"$ 277.827 : 27,00 hrs";"$ 98.783 : 8,00 hrs";"No tiene";"01/01/2025";"31/12/2025";"No informa";"Sin observaciones";
"2025";"Mayo";"Médicos cirujanos, farmacéuticos, químico-farmacéuticos, bioquímicos, cirujano-dentistas";"CRUZ VERA, GISELLA BERTILDA";"Atencion Clinica Medica";"22 Hrs.";"MEDICO CIRUJANO";"Región Metropolitana de Santiago";"(188)(186)";"$ 2.226.849";"$ 1.704.375";"$ 0";-;"No";"No tiene";"No tiene";"No tiene";"01/01/2025";"31/12/2025";"No informa";"Sin observaciones";
"2025";"Mayo";"Médicos cirujanos, farmacéuticos, químico-farmacéuticos, bioquímicos, cirujano-dentistas";"CRUZ VERA, GISELLA BERTILDA";"Atencion Clinica Medica";"22 Hrs.";"MEDICO CIRUJANO";"Región Metropolitana de Santiago";"(188)(186)";"$ 2.226.849";"$ 1.912.528";"$ 0";-;"No";"No tiene";"No tiene";"No tiene";"01/01/2025";"31/12/2025";"No informa";"Sin observaciones";
"2025";"Mayo";"Administrativo";"CUADROS GARCIA, MARCELO ALEJANDRO";"Apoyo Administrativo";"16";"ADMINISTRATIVO";"Región Metropolitana de Santiago";"(186)";"$ 951.704";"$ 800.247";"$ 0";-;"Sí";"$ 130.799 : 28,00 hrs";"No tiene";"No tiene";"01/01/2025";"31/12/2025";"No informa";"Sin observaciones";
"2025";"Mayo";"Administrativo";"CUBILLOS MORAGA, JOAN FELIPE";"APOYO ADMINISTRATIVO";"22";"KINESIOLOGO (A)";"Región Metropolitana de Santiago";"(203)(204)(186)";"$ 1.405.180";"$ 1.167.791";"$ 0";"$ 0";"Sí";"$ 147.819 : 40,00 hrs";"$ 133.037 : 30,00 hrs";"No tiene";"01/01/2025";"31/12/2025";"No informa";"REMUNERACION MAY.2025";
"2025";"Mayo";"Médicos cirujanos, farmacéuticos, químico-farmacéuticos, bioquímicos, cirujano-dentistas";"CUEVAS GUERRERO, EDUARDO ANDRES";"Atencion Odontologica";"11 Hrs.";"CIRUJANO DENTISTA";"Región Metropolitana de Santiago";"(188)(186)";"$ 1.241.677";"$ 1.033.286";"$ 0";-;"No";"No tiene";"No tiene";"No tiene";"01/01/2025";"31/12/2025";"No informa";"Sin observaciones";
"2025";"Mayo";"Médicos cirujanos, farmacéuticos, químico-farmacéuticos, bioquímicos, cirujano-dentistas";"CUEVAS GUERRERO, EDUARDO ANDRES";"Atencion Odontologica";"22 Hrs.";"CIRUJANO DENTISTA";"Región Metropolitana de Santiago";"(188)(86)(186)";"$ 2.504.012";"$ 1.953.847";"$ 0";-;"No";"No tiene";"No tiene";"No tiene";"01/01/2025";"31/12/2025";"No informa";"Sin observaciones";
"2025";"Mayo";"Administrativo";"CUEVAS LOBOS, EVA LUISA";"APOYO ADMINISTRATIVO";"22";"ADMINISTRATIVO";"Región Metropolitana de Santiago";"(203)(204)(186)";"$ 849.477";"$ 686.047";"$ 0";"$ 0";"No";"No tiene";"No tiene";"No tiene";"01/01/2025";"31/12/2025";"No informa";"REMUNERACION MAY.2025";
"2025";"Mayo";"Profesional";"CUEVAS MARTINEZ, GONZALO ANDRES";"Coordinador";"11";"INGENIERO (A) EN GESTION DE RECURSOS HUMANOS";"Región Metropolitana de Santiago";"(01)";"$ 2.432.962";"$ 2.025.390";"$ 0";-;"Sí";"$ 156.982 : 14,00 hrs";"$ 215.289 : 16,00 hrs";"No tiene";"01/01/2025";"31/12/2025";"No informa";"Sin observaciones";
"2025";"Mayo";"Médicos cirujanos, farmacéuticos, químico-farmacéuticos, bioquímicos, cirujano-dentistas";"CURRIN ANTIL, VIVIANA ALEJANDRA";"Atencion Odontologica";"22 Hrs.";"CIRUJANO DENTISTA";"Región Metropolitana de Santiago";"(188)(86)(186)";"$ 2.686.696";"$ 2.135.415";"$ 0";-;"No";"No tiene";"No tiene";"No tiene";"01/01/2025";"30/06/2025";"No informa";"Sin observaciones";
"2025";"Mayo";"Profesional";"DAMES VERGARA, VICTOR HUGO";"ATENCION CLINICA";"12";"ENFERMERA (O)";"Región Metropolitana de Santiago";"(203)(204)(186)";"$ 2.662.504";"$ 1.926.325";"$ 0";"$ 0";"No";"No tiene";"No tiene";"No tiene";"01/01/2025";"31/12/2025";"No informa";"REMUNERACION MAY.2025";
"2025";"Mayo";"Técnico";"DANIELS MUÑOZ, MONICA ALEJANDRA";"Apoyo Administrativo";"14";"TECNICO EN COMPUTACION";"Región Metropolitana de Santiago";"(186)";"$ 1.173.402";"$ 993.641";"$ 0";-;"Sí";"$ 115.054 : 21,00 hrs";"$ 98.618 : 15,00 hrs";"No tiene";"01/01/2025";"31/12/2025";"No informa";"Sin observaciones";
"2025";"Mayo";"Técnico";"DAZA OJEDA, MARIA JOSE";"ATENCION CLINICA";"21";"TECNICO NIVEL SUPERIOR ENFERMERIA";"Región Metropolitana de Santiago";"(203)(204)(186)";"$ 163.254";"$ 123.113";"$ 0";"$ 0";"No";"No tiene";"No tiene";"No tiene";"01/01/2025";"05/05/2025";"No informa";"REMUNERACION MAY.2025+PAGO BONO MENSUAL";
"2025";"Mayo";"Médicos cirujanos, farmacéuticos, químico-farmacéuticos, bioquímicos, cirujano-dentistas";"DE LA FUENTE BASTIAS, OSCAR BALDEMAR";"Atencion Clinica Medica";"44 Hrs.";"MEDICO CIRUJANO";"Región Metropolitana de Santiago";"(188)(186)";"$ 4.979.235";"$ 4.071.494";"$ 0";-;"No";"No tiene";"No tiene";"No tiene";"01/01/2025";"31/12/2025";"No informa";"Sin observaciones";
"2025";"Mayo";"Auxiliar";"DE LA FUENTE NUÑEZ, ISRAEL ISAIAS";"Apoyo Logistico";"23";"AUXILIAR";"Región Metropolitana de Santiago";"(186)";"$ 619.769";"$ 514.657";"$ 0";-;"Sí";"No tiene";"$ 21.861 : 6,00 hrs";"No tiene";"01/01/2025";"31/12/2025";"No informa";"Sin observaciones";
"2025";"Mayo";"Médicos cirujanos, farmacéuticos, químico-farmacéuticos, bioquímicos, cirujano-dentistas";"DE LA VEGA CONTRERAS, MICHELLE CECILIA";"Atencion Odontologica";"22 Hrs.";"CIRUJANO DENTISTA";"Región Metropolitana de Santiago";"(186)";"$ 2.299.110";"$ 1.836.997";"$ 0";-;"No";"No tiene";"No tiene";"No tiene";"01/01/2025";"31/05/2025";"No informa";"Sin observaciones";
"2025";"Mayo";"Médicos cirujanos, farmacéuticos, químico-farmacéuticos, bioquímicos, cirujano-dentistas";"DELGADO DIOCARES, PAOLA VANESSA";"Atencion Odontologica";"44 Hrs.";"CIRUJANO DENTISTA";"Región Metropolitana de Santiago";"(188)(186)";"$ 4.992.373";"$ 4.082.859";"$ 0";-;"No";"No tiene";"No tiene";"No tiene";"01/01/2025";"31/12/2025";"No informa";"Sin observaciones";
"2025";"Mayo";"Médicos cirujanos, farmacéuticos, químico-farmacéuticos, bioquímicos, cirujano-dentistas";"DELGADO FLORES, JOSE MANUEL";"Medico Becario Primario";"44 Hrs.";"MEDICO CIRUJANO";"Región Metropolitana de Santiago";"(01)";"$ 2.801.656";"$ 2.309.124";"$ 0";-;"No";"No tiene";"No tiene";"No tiene";"06/05/2024";"05/05/2026";"No informa";"Sin observaciones";
"2025";"Mayo";"Técnico";"DEL RIO PARRA, CRISTIAN JAVIER";"ATENCION CLINICA";"22";"TECNICO NIVEL SUPERIOR ENFERMERIA";"Región Metropolitana de Santiago";"(202)(204)(186)";"$ 1.026.470";"$ 628.870";"$ 0";"$ 0";"No";"No tiene";"No tiene";"No tiene";"01/01/2025";"31/12/2025";"No informa";"REMUNERACION MAY.2025";
"2025";"Mayo";"Administrativo";"DELZO REYES, FRANCO ALEJANDRO";"APOYO ADMINISTRATIVO";"15";"ADMINISTRATIVO";"Región Metropolitana de Santiago";"(186)";"$ 884.889";"$ 617.261";"$ 0";"$ 0";"No";"No tiene";"No tiene";"No tiene";"01/01/2025";"31/12/2025";"No informa";"REMUNERACION MAY.2025";
"2025";"Mayo";"Profesional";"DIAZ ARAOS, FELIPE ANDRES";"Apoyo Administrativo";"6";"INGENIERO (A) EJECUCION ADMINISTRACION DE EMPRESAS";"Región Metropolitana de Santiago";"(186)";"$ 3.307.455";"$ 2.628.112";"$ 0";-;"No";"No tiene";"No tiene";"No tiene";"01/01/2025";"31/12/2025";"No informa";"Sin observaciones";
"2025";"Mayo";"Profesional";"DIAZ ARENAS, ROBERT DAVID";"Apoyo Administrativo";"9";"INGENIERO (A) COMERCIAL";"Región Metropolitana de Santiago";"(01)";"$ 2.444.308";"$ 1.950.670";"$ 0";-;"No";"No tiene";"No tiene";"No tiene";"01/01/2025";"31/12/2025";"No informa";"Sin observaciones";
"2025";"Mayo";"Profesional";"DIAZ BRICEÑO, JOSE GONZALO";"Atencion Clinica";"16";"ENFERMERA (O)";"Región Metropolitana de Santiago";"(01)";"$ 1.334.152";"$ 1.092.694";"$ 0";-;"No";"No tiene";"No tiene";"No tiene";"01/01/2025";"31/07/2025";"No informa";"Sin observaciones";
"2025";"Mayo";"Profesional";"DIAZ CONTRERAS, MARIA BELEN";"Atencion Clinica";"15";"ENFERMERA (O)";"Región Metropolitana de Santiago";"(186)";"$ 1.550.674";"$ 1.251.211";"$ 0";-;"No";"No tiene";"No tiene";"No tiene";"01/01/2025";"31/12/2025";"No informa";"Sin observaciones";
"2025";"Mayo";"Profesional";"DIAZ DENECKEN, OSCAR ANTONIO";"APOYO LOGISTICO";"12";"INGENIERO (A) EJECUCION MECANICA AUTOMOTRIZ";"Región Metropolitana de Santiago";"(01)";"$ 1.965.993";"$ 1.577.941";"$ 0";"$ 0";"Sí";"$ 72.029 : 7,00 hrs";"No tiene";"No tiene";"01/01/2025";"31/12/2025";"No informa";"REMUNERACION MAY.2025";
"2025";"Mayo";"Administrativo";"DIAZ FARIAS, ALEJANDRA";"Apoyo Administrativo";"15";"ADMINISTRATIVO";"Región Metropolitana de Santiago";"(186)";"$ 1.042.150";"$ 877.312";"$ 0";-;"Sí";"$ 60.936 : 12,00 hrs";"No tiene";"No tiene";"01/01/2025";"31/12/2025";"No informa";"REMUNERACION DEL MES + BONO ESCOLAR";
"2025";"Mayo";"Profesional";"DIAZ FONSECA, CATHERINE VALENTINA";"Atencion Clinica";"15";"FONOAUDIOLOGO (A)";"Región Metropolitana de Santiago";"(01)";"$ 1.453.153";"$ 1.186.851";"$ 0";-;"No";"No tiene";"No tiene";"No tiene";"01/02/2025";"31/12/2025";"No informa";"Sin observaciones";
"2025";"Mayo";"Profesional";"DIAZ GOMEZ, JOAN JARNETT";"Atencion Clinica";"15";"MATRON (A)";"Región Metropolitana de Santiago";"(186)";"$ 1.567.456";"$ 1.272.524";"$ 0";-;"No";"No tiene";"No tiene";"No tiene";"01/01/2025";"31/12/2025";"No informa";"Sin observaciones";
"2025";"Mayo";"Técnico";"DIAZ GUTIERREZ, RUTH ELIANA";"Atencion Clinica";"18";"TECNICO NIVEL SUPERIOR ENFERMERIA";"Región Metropolitana de Santiago";"(186)";"$ 805.502";"$ 658.337";"$ 0";-;"No";"No tiene";"No tiene";"No tiene";"01/01/2025";"31/12/2025";"No informa";"REMUNERACION DEL MES + BIENIO 01-03-2025 AL 31-03-2025";
"2025";"Mayo";"Profesional";"DIAZ GUZMAN, EDUARDO ALBERTO";"ENCARGADO";"9";"INGENIERO (A) COMERCIAL";"Región Metropolitana de Santiago";"(186)";"$ 2.573.384";"$ 1.956.988";"$ 0";"$ 0";"No";"No tiene";"No tiene";"No tiene";"01/01/2025";"31/12/2025";"No informa";"REMUNERACION MAY.2025";
"2025";"Mayo";"Profesional";"DIAZ JARAQUEMADA, ISABEL MARGARITA";"Atencion Clinica";"15";"PROFESOR (A)";"Región Metropolitana de Santiago";"(186)";"$ 1.559.065";"$ 1.261.762";"$ 0";-;"No";"No tiene";"No tiene";"No tiene";"01/01/2025";"31/12/2025";"No informa";"Sin observaciones";
"2025";"Mayo";"Profesional";"DIAZ LOPEZ, PABLO ANTONIO";"ATENCION CLINICA";"13";"ENFERMERA (O)";"Región Metropolitana de Santiago";"(203)(186)";"$ 13.253";"$ 10.855";"$ 0";"$ 0";"No";"No tiene";"No tiene";"No tiene";"01/01/2025";"31/12/2025";"No informa";"REMUNERACION MAY.2025+PAGO DIF. BIENIOS ABR.2025";
"2025";"Mayo";"Profesional";"DIAZ MOLINA, MANUEL ULISES";"Apoyo Administrativo";"8";"INGENIERO (A) AGRONOMO";"Región Metropolitana de Santiago";"(186)";"$ 2.763.766";"$ 2.200.363";"$ 0";-;"No";"No tiene";"No tiene";"No tiene";"01/01/2025";"31/12/2025";"No informa";"Sin observaciones";
"2025";"Mayo";"Técnico";"DIAZ ORTIZ, NAYARETH PAOLA";"Atencion Clinica";"22";"TECNICO NIVEL SUPERIOR ODONTOLOGIA";"Región Metropolitana de Santiago";"(186)";"$ 745.881";"$ 621.827";"$ 0";-;"Sí";"$ 40.232 : 12,00 hrs";"No tiene";"No tiene";"01/01/2025";"31/12/2025";"No informa";"Sin observaciones";
"2025";"Mayo";"Administrativo";"DIAZ ORTIZ, NICOLAS IGNACIO";"Apoyo Administrativo";"22";"ADMINISTRATIVO";"Región Metropolitana de Santiago";"(01)";"$ 740.420";"$ 625.444";"$ 0";-;"Sí";"$ 46.524 : 14,00 hrs";"$ 39.877 : 10,00 hrs";"No tiene";"01/01/2025";"30/06/2025";"No informa";"Sin observaciones";
"2025";"Mayo";"Profesional";"DIAZ PERALTA, KATHERINE ANDREA";"Atencion Clinica";"15";"KINESIOLOGO (A)";"Región Metropolitana de Santiago";"(186)";"$ 1.575.848";"$ 1.273.493";"$ 0";-;"No";"No tiene";"No tiene";"No tiene";"01/01/2025";"31/12/2025";"No informa";"Sin observaciones";
"2025";"Mayo";"Profesional";"DIAZ SALGADO, KAROL ANDREA";"Apoyo Administrativo";"8";"ENFERMERA (O)";"Región Metropolitana de Santiago";"(186)";"$ 2.674.637";"$ 2.130.657";"$ 0";-;"No";"No tiene";"No tiene";"No tiene";"01/01/2025";"31/12/2025";"No informa";"Sin observaciones";
"2025";"Mayo";"Médicos cirujanos, farmacéuticos, químico-farmacéuticos, bioquímicos, cirujano-dentistas";"DIAZ VALDIVIA, FRANCISCO IGNACIO";"Atencion Clinica Medica";"44 Hrs.";"MEDICO CIRUJANO";"Región Metropolitana de Santiago";"(86)(186)";"$ 3.376.336";"$ 2.658.168";"$ 0";-;"No";"No tiene";"No tiene";"No tiene";"01/01/2025";"31/12/2025";"No informa";"Sin observaciones";
"2025";"Mayo";"Técnico";"DIAZ VASQUEZ, VICTOR RICARDO";"ATENCION CLINICA";"22";"TECNICO NIVEL SUPERIOR ENFERMERIA";"Región Metropolitana de Santiago";"(202)(204)(186)";"$ 1.042.926";"$ 684.326";"$ 0";"$ 0";"No";"No tiene";"No tiene";"No tiene";"01/01/2025";"31/12/2025";"No informa";"REMUNERACION MAY.2025";
"2025";"Mayo";"Técnico";"DIAZ VERGARA, CARLOS MAURICIO";"Apoyo Administrativo";"12";"TECNICO AUDITOR";"Región Metropolitana de Santiago";"(186)";"$ 1.474.551";"$ 1.260.947";"$ 0";-;"Sí";"$ 245.179 : 40,00 hrs";"$ 147.107 : 20,00 hrs";"No tiene";"01/01/2025";"31/12/2025";"No informa";"Sin observaciones";
"2025";"Mayo";"Administrativo";"DIETZOLD PINO, MURIEL CAROLINA";"APOYO ADMINISTRATIVO";"22";"ADMINISTRATIVO";"Región Metropolitana de Santiago";"(203)(204)(186)";"$ 853.596";"$ 572.697";"$ 0";"$ 0";"No";"No tiene";"No tiene";"No tiene";"01/01/2025";"31/12/2025";"No informa";"REMUNERACION MAY.2025";
"2025";"Mayo";"Técnico";"DINAMARCA DEL POZO, LORETO HORTENCIA";"Atencion Clinica";"22";"TECNICO NIVEL SUPERIOR ENFERMERIA";"Región Metropolitana de Santiago";"(01)";"$ 704.365";"$ 704.365";"$ 0";-;"No";"No tiene";"No tiene";"No tiene";"01/01/2025";"05/06/2025";"No informa";"CONTRATO POR REEMPLAZO";
"2025";"Mayo";"Profesional";"DINAMARCA PARADA, NATALIA LORETTO";"Subdirector";"7";"NUTRICIONISTA";"Región Metropolitana de Santiago";"(01)";"$ 2.920.480";"$ 2.315.403";"$ 0";-;"No";"No tiene";"No tiene";"No tiene";"01/01/2025";"31/05/2025";"No informa";"Sin observaciones";
"2025";"Mayo";"Médicos cirujanos, farmacéuticos, químico-farmacéuticos, bioquímicos, cirujano-dentistas";"DISI SALAZAR, CESAR ENRIQUE";"Atencion Odontologica";"22 Hrs.";"CIRUJANO DENTISTA";"Región Metropolitana de Santiago";"(188)(186)";"$ 2.464.052";"$ 1.987.259";"$ 0";-;"No";"No tiene";"No tiene";"No tiene";"01/01/2025";"31/12/2025";"No informa";"Sin observaciones";
"2025";"Mayo";"Profesional";"DOCMAC WALKOWIAK, DOMINIQUE MARIE";"ATENCION CLINICA";"13";"ENFERMERA (O)";"Región Metropolitana de Santiago";"(203)(204)(186)";"$ 2.499.587";"$ 1.967.052";"$ 0";"$ 0";"Sí";"$ 114.388 : 12,00 hrs";"No tiene";"No tiene";"01/01/2025";"31/12/2025";"No informa";"REMUNERACION MAY.2025";
"2025";"Mayo";"Profesional";"DOMINGUEZ ESPINOSA, MARIA JOSE";"Apoyo Administrativo";"8";"INGENIERO (A) CIVIL BIOMEDICO";"Región Metropolitana de Santiago";"(186)";"$ 2.674.637";"$ 2.150.882";"$ 0";-;"No";"No tiene";"No tiene";"No tiene";"01/01/2025";"31/12/2025";"No informa";"Sin observaciones";
"2025";"Mayo";"Médicos cirujanos, farmacéuticos, químico-farmacéuticos, bioquímicos, cirujano-dentistas";"DONAIRE VERA, EUGENIO ANDRES";"MEDICO CIRUJANO CON ESPECIALIDAD EN MEDICINA DE URGENCIA";"22 Hrs.";"MEDICO CIRUJANO CON ESPECIALIDAD EN MEDICINA DE URGENCIA";"Región Metropolitana de Santiago";"(186)(86)(186)";"$ 2.677.725";"$ 2.324.809";"$ 0";"$ 0";"No";"No tiene";"No tiene";"No tiene";"01/01/2025";"31/12/2025";"No informa";"REMUNERACION MAY.2025+PAGO DIF. TRIENIOS OCT-24 A MAR-25";
"2025";"Mayo";"Técnico";"DONOSO GONZALEZ, ARACELI DEL SAGRADO CORAZON";"Atencion Clinica";"21";"TECNICO NIVEL SUPERIOR ENFERMERIA";"Región Metropolitana de Santiago";"(186)";"$ 707.688";"$ 577.190";"$ 0";-;"No";"No tiene";"No tiene";"No tiene";"01/01/2025";"31/12/2025";"No informa";"Sin observaciones";
"2025";"Mayo";"Profesional";"DONOSO NILO, WILLIAMS ENRIQUE";"Atencion Clinica";"9";"KINESIOLOGO (A)";"Región Metropolitana de Santiago";"(01)";"$ 2.444.308";"$ 1.950.670";"$ 0";-;"No";"No tiene";"No tiene";"No tiene";"01/01/2025";"31/12/2025";"No informa";"Sin observaciones";
"2025";"Mayo";"Médicos cirujanos, farmacéuticos, químico-farmacéuticos, bioquímicos, cirujano-dentistas";"DOREN ALARCON, SOLANGE FRANCISCA";"Atencion Odontologica";"22 Hrs.";"CIRUJANO DENTISTA";"Región Metropolitana de Santiago";"(188)(186)";"$ 2.423.927";"$ 2.106.682";"$ 0";-;"No";"No tiene";"No tiene";"No tiene";"01/01/2025";"31/12/2025";"No informa";"Sin observaciones";
"2025";"Mayo";"Médicos cirujanos, farmacéuticos, químico-farmacéuticos, bioquímicos, cirujano-dentistas";"DOREN ALARCON, SOLANGE FRANCISCA";"Atencion Odontologica";"22 Hrs.";"CIRUJANO DENTISTA";"Región Metropolitana de Santiago";"(188)(186)";"$ 2.423.927";"$ 1.846.107";"$ 0";-;"No";"No tiene";"No tiene";"No tiene";"01/01/2025";"31/12/2025";"No informa";"Sin observaciones";
"2025";"Mayo";"Profesional";"DREYER SARRIA, FRANCY MELANIE";"Apoyo Administrativo";"9";"INGENIERO (A) CIVIL INDUSTRIAL";"Región Metropolitana de Santiago";"(186)";"$ 2.457.624";"$ 1.964.083";"$ 0";-;"No";"No tiene";"No tiene";"No tiene";"01/01/2025";"31/12/2025";"No informa";"Sin observaciones";
"2025";"Mayo";"Profesional";"DROGUETT ARIAS, JULISSA ALEJANDRA";"Apoyo Administrativo";"15";"INGENIERO (A) EJECUCION ADMINISTRACION DE NEGOCIOS";"Región Metropolitana de Santiago";"(01)";"$ 1.916.274";"$ 1.621.822";"$ 0";-;"Sí";"$ 310.339 : 39,00 hrs";"$ 152.782 : 16,00 hrs";"No tiene";"01/01/2025";"31/12/2025";"No informa";"Sin observaciones";
"2025";"Mayo";"Profesional";"DROGUETT OYARZUN, CLAUDIA FRANCISCA";"Atencion Clinica";"12";"PSICOLOGO (A)";"Región Metropolitana de Santiago";"(186)";"$ 1.904.537";"$ 1.544.000";"$ 0";-;"No";"No tiene";"No tiene";"No tiene";"01/01/2025";"31/12/2025";"No informa";"Sin observaciones";
"2025";"Mayo";"Profesional";"DROGUETT RODRIGUEZ, CATALINA CONSTANZA";"Atencion Clinica";"16";"TRABAJADOR (A) SOCIAL";"Región Metropolitana de Santiago";"(01)";"$ 1.377.912";"$ 1.125.865";"$ 0";-;"Sí";"$ 43.760 : 6,00 hrs";"No tiene";"No tiene";"01/01/2025";"31/05/2025";"No informa";"Sin observaciones";
"2025";"Mayo";"Administrativo";"DUARTE ARCE, MARIA ELIANA";"Apoyo Administrativo";"13";"ADMINISTRATIVO";"Región Metropolitana de Santiago";"(186)";"$ 1.235.443";"$ 1.045.032";"$ 0";-;"Sí";"$ 178.711 : 31,00 hrs";"$ 41.507 : 6,00 hrs";"No tiene";"01/01/2025";"31/12/2025";"No informa";"Sin observaciones";
"2025";"Mayo";"Auxiliar";"DUARTE ARRIAZA, GABRIEL MICHEL";"CONDUCTOR";"22";"AUXILIAR";"Región Metropolitana de Santiago";"(205)(202)(204)";"$ 1.656.122";"$ 1.275.500";"$ 0";"$ 0";"Sí";"$ 166.155 : 50,00 hrs";"$ 438.649 : 110,00 hrs";"No tiene";"01/01/2025";"31/12/2025";"No informa";"REMUNERACION MAY.2025+REGULARIZA PAGO HORAS EXTRAS ABR.2025 (10D - 0F)";
"2025";"Mayo";"Profesional";"DUARTE PARRA, LAURA VICTORIA";"Atencion Clinica";"13";"ASISTENTE SOCIAL";"Región Metropolitana de Santiago";"(01)";"$ 1.733.967";"$ 1.399.217";"$ 0";-;"Sí";"$ 9.475 : 1,00 hrs";"No tiene";"No tiene";"01/01/2025";"31/12/2025";"No informa";"Sin observaciones";
"2025";"Mayo";"Técnico";"DUARTE SALGADO, FRANCISCA ANDREA";"Atencion Clinica";"20";"TECNICO NIVEL SUPERIOR ODONTOLOGIA";"Región Metropolitana de Santiago";"(186)";"$ 716.315";"$ 590.388";"$ 0";-;"No";"No tiene";"No tiene";"No tiene";"01/01/2025";"31/12/2025";"No informa";"Sin observaciones";
"2025";"Mayo";"Profesional";"DUK DIAZ, ANDREA MARGARITA";"ATENCION CLINICA";"9";"ENFERMERA (O)";"Región Metropolitana de Santiago";"(203)(204)(186)";"$ 4.574.886";"$ 2.927.975";"$ 0";"$ 0";"Sí";"$ 536.984 : 40,00 hrs";"$ 692.710 : 43,00 hrs";"No tiene";"01/01/2025";"31/12/2025";"No informa";"REMUNERACION MAY.2025";
"2025";"Mayo";"Profesional";"DURAN BARAHONA, ROSSANA ESTER";"Apoyo Administrativo";"10";"ASISTENTE SOCIAL";"Región Metropolitana de Santiago";"(186)";"$ 2.380.624";"$ 1.905.917";"$ 0";-;"No";"No tiene";"No tiene";"No tiene";"01/01/2025";"31/12/2025";"No informa";"Sin observaciones";
"2025";"Mayo";"Profesional";"DURAN MELLADO, SUSANA MELISSA";"APOYO ADMINISTRATIVO";"15";"INGENIERO (A) COMERCIAL";"Región Metropolitana de Santiago";"(01)";"$ 1.453.153";"$ 1.151.453";"$ 0";"$ 0";"No";"No tiene";"No tiene";"No tiene";"01/05/2025";"31/05/2025";"No informa";"REEMPLAZO MAY.2025 (01-31)";
"2025";"Mayo";"Profesional";"ECHANIZ FARIAS, CATALINA MAGDALENA";"Atencion Clinica";"15";"ENFERMERA (O)";"Región Metropolitana de Santiago";"(01)";"$ 1.453.153";"$ 1.177.225";"$ 0";-;"No";"No tiene";"No tiene";"No tiene";"01/01/2025";"31/12/2025";"No informa";"Sin observaciones";
"2025";"Mayo";"Administrativo";"ECHEVERRIA GUZMAN, CLAUDIA PATRICIA";"SECRETARIA";"21";"ADMINISTRATIVO";"Región Metropolitana de Santiago";"(186)";"$ 809.672";"$ 655.565";"$ 0";"$ 0";"Sí";"$ 81.661 : 22,00 hrs";"No tiene";"No tiene";"01/01/2025";"31/12/2025";"No informa";"REMUNERACION MAY.2025+PAGO BONO MENSUAL";
"2025";"Mayo";"Técnico";"ELGUETA JARA, PATRICIA ELIANA";"SECRETARIA";"22";"TECNICO NIVEL SUPERIOR EN TRABAJO SOCIAL";"Región Metropolitana de Santiago";"(01)";"$ 925.621";"$ 868.572";"$ 0";"$ 0";"Sí";"$ 132.924 : 40,00 hrs";"$ 87.730 : 22,00 hrs";"No tiene";"01/01/2025";"31/05/2025";"No informa";"REMUNERACION MAY.2025+PAGO BONO MENSUAL";
"2025";"Mayo";"Profesional";"ELGUETA RODRIGUEZ, ELIZABETH JOVANNA";"COORDINADOR DE LA RED ONCOLOGICA";"8";"ENFERMERA (O)";"Región Metropolitana de Santiago";"(01)";"$ 2.703.371";"$ 2.179.739";"$ 0";-;"No";"No tiene";"No tiene";"No tiene";"01/01/2025";"31/12/2025";"No informa";"REMUNERACION DEL MES + BONO ESCOLAR";
"2025";"Mayo";"Profesional";"ELLIOTT FELIU, SOPHIA CATALINA";"Atencion Clinica";"16";"PSICOLOGO (A)";"Región Metropolitana de Santiago";"(01)";"$ 1.334.152";"$ 1.334.152";"$ 0";-;"No";"No tiene";"No tiene";"No tiene";"21/04/2025";"04/06/2025";"No informa";"CONTRATO POR REEMPLAZO";
"2025";"Mayo";"Profesional";"ENRIQUEZ LOPEZ, SERGIO ANTONIO";"APOYO ADMINISTRATIVO";"7";"KINESIOLOGO (A)";"Región Metropolitana de Santiago";"(186)";"$ 2.967.083";"$ 1.850.961";"$ 0";"$ 0";"No";"No tiene";"No tiene";"No tiene";"01/01/2025";"31/12/2025";"No informa";"REMUNERACION MAY.2025";
"2025";"Mayo";"Auxiliar";"ESCALANTE PEÑAILILLO, DAVID JACOB";"CONDUCTOR";"21";"AUXILIAR";"Región Metropolitana de Santiago";"(205)(202)(204)";"$ 1.530.782";"$ 1.140.738";"$ 0";"$ 0";"Sí";"$ 100.388 : 28,00 hrs";"$ 292.560 : 68,00 hrs";"No tiene";"01/01/2025";"31/12/2025";"No informa";"REMUNERACION MAY.2025";
"2025";"Mayo";"Auxiliar";"ESCALANTE SALAMANCA, JUAN FRANCISCO";"CONDUCTOR";"22";"AUXILIAR";"Región Metropolitana de Santiago";"(205)(202)(204)";"$ 1.476.010";"$ 1.241.476";"$ 0";"$ 0";"Sí";"$ 3.323 : 1,00 hrs";"$ 421.369 : 153,00 hrs";"No tiene";"01/01/2025";"30/06/2025";"No informa";"REMUNERACION MAY.2025";
"2025";"Mayo";"Médicos cirujanos, farmacéuticos, químico-farmacéuticos, bioquímicos, cirujano-dentistas";"ESCALANTE TAPIA, DIEGO ANTONIO";"Atencion Clinica Medica";"44 Hrs.";"MEDICO CIRUJANO";"Región Metropolitana de Santiago";"(86)(186)";"$ 5.442.595";"$ 4.471.484";"$ 0";-;"Sí";"$ 378.570 : 30,00 hrs";"$ 1.408.299 : 93,00 hrs";"No tiene";"01/01/2025";"31/12/2025";"No informa";"Sin observaciones";
"2025";"Mayo";"Técnico";"ESCAMILLA ROJAS, ANDREA ALEJANDRA";"Atencion Clinica";"21";"TECNICO NIVEL SUPERIOR ENFERMERIA";"Región Metropolitana de Santiago";"(186)";"$ 933.480";"$ 762.933";"$ 0";-;"No";"No tiene";"No tiene";"No tiene";"01/01/2025";"31/12/2025";"No informa";"Sin observaciones";
"2025";"Mayo";"Administrativo";"ESCARATE FIGUEROA, PEDRO ALFONSO";"Apoyo Administrativo";"22";"ADMINISTRATIVO";"Región Metropolitana de Santiago";"(186)";"$ 663.010";"$ 541.878";"$ 0";-;"No";"No tiene";"No tiene";"No tiene";"01/01/2025";"31/12/2025";"No informa";"Sin observaciones";
"2025";"Mayo";"Técnico";"ESCOBAR FIGUEROA, VANESA BEATRIZ";"Atencion Clinica";"20";"TECNICO PARAMEDICO";"Región Metropolitana de Santiago";"(01)";"$ 245.093";"$ 127.582";"$ 0";-;"No";"No tiene";"No tiene";"No tiene";"01/01/2025";"11/05/2025";"No informa";"Sin observaciones";
"2025";"Mayo";"Profesional";"ESCOBAR PEÑALOZA, MARIA BELEN";"ATENCION CLINICA";"13";"ENFERMERA (O)";"Región Metropolitana de Santiago";"(203)(204)(186)";"$ 2.411.702";"$ 1.856.624";"$ 0";"$ 0";"No";"No tiene";"No tiene";"No tiene";"01/01/2025";"31/12/2025";"No informa";"REMUNERACION MAY.2025";
"2025";"Mayo";"Profesional";"ESCOBAR REYES, CRISTIAN ANDRES";"Atencion Clinica";"16";"TRABAJADOR (A) SOCIAL";"Región Metropolitana de Santiago";"(01)";"$ 889.434";"$ 647.827";"$ 0";-;"No";"No tiene";"No tiene";"No tiene";"21/02/2025";"20/05/2025";"No informa";"CONTRATO POR REEMPLAZO";
"2025";"Mayo";"Técnico";"ESCOBAR VILLAGRA, JOSE LUIS";"Atencion Clinica";"22";"TECNICO NIVEL SUPERIOR ENFERMERIA";"Región Metropolitana de Santiago";"(01)";"$ 704.365";"$ 575.677";"$ 0";-;"No";"No tiene";"No tiene";"No tiene";"01/01/2025";"30/06/2025";"No informa";"Sin observaciones";
"2025";"Mayo";"Administrativo";"ESCORZA BARRIGA, FRANCISCA";"Apoyo Administrativo";"21";"ADMINISTRATIVO";"Región Metropolitana de Santiago";"(01)";"$ 885.951";"$ 722.581";"$ 0";-;"No";"No tiene";"No tiene";"No tiene";"01/01/2025";"31/12/2025";"No informa";"Sin observaciones";
"2025";"Mayo";"Auxiliar";"ESCORZA PIZARRO, LUIS HERNAN";"CONDUCTOR";"24";"AUXILIAR";"Región Metropolitana de Santiago";"(205)(202)(204)(186)";"$ 922.614";"$ 506.648";"$ 0";"$ 0";"No";"No tiene";"No tiene";"No tiene";"01/01/2025";"31/12/2025";"No informa";"REMUNERACION MAY.2025";
"2025";"Mayo";"Profesional";"ESPINOSA ROMERO, ANTONIO ALEJANDRO";"ATENCION CLINICA";"13";"ENFERMERA (O)";"Región Metropolitana de Santiago";"(203)(204)(186)";"$ 3.127.237";"$ 2.247.388";"$ 0";"$ 0";"Sí";"$ 383.572 : 40,00 hrs";"$ 345.215 : 30,00 hrs";"No tiene";"01/01/2025";"31/12/2025";"No informa";"REMUNERACION MAY.2025";
"2025";"Mayo";"Técnico";"ESPINOSA VALENZUELA, GUILLERMO MOISES";"ATENCION CLINICA";"21";"TECNICO NIVEL SUPERIOR ENFERMERIA";"Región Metropolitana de Santiago";"(203)(204)(186)";"$ 955.121";"$ 772.157";"$ 0";"$ 0";"No";"No tiene";"No tiene";"No tiene";"01/01/2025";"31/12/2025";"No informa";"REMUNERACION MAY.2025";
"2025";"Mayo";"Profesional";"ESPINOZA ACUÑA, MARIA JOSE";"Atencion Clinica";"14";"MATRON (A)";"Región Metropolitana de Santiago";"(186)";"$ 1.681.070";"$ 1.361.846";"$ 0";-;"No";"No tiene";"No tiene";"No tiene";"01/01/2025";"31/12/2025";"No informa";"Sin observaciones";
"2025";"Mayo";"Médicos cirujanos, farmacéuticos, químico-farmacéuticos, bioquímicos, cirujano-dentistas";"ESPINOZA CALLEJAS, HUGO FERNANDO";"Atencion Odontologica";"22 Hrs.";"CIRUJANO DENTISTA";"Región Metropolitana de Santiago";"(188)(186)";"$ 2.430.495";"$ 1.940.187";"$ 0";-;"No";"No tiene";"No tiene";"No tiene";"01/01/2025";"31/12/2025";"No informa";"Sin observaciones";
"2025";"Mayo";"Administrativo";"ESPINOZA CORDOVA, MARTINA RAFAELA";"Apoyo Administrativo";"22";"ADMINISTRATIVO";"Región Metropolitana de Santiago";"(01)";"$ 523.216";"$ 431.707";"$ 0";-;"No";"No tiene";"No tiene";"No tiene";"08/05/2025";"02/06/2025";"No informa";"CONTRATO POR REEMPLAZO";
"2025";"Mayo";"Médicos cirujanos, farmacéuticos, químico-farmacéuticos, bioquímicos, cirujano-dentistas";"ESPINOZA DIAZ, NATALIA BELEN";"Atencion Clinica Medica";"44 Hrs.";"MEDICO CIRUJANO";"Región Metropolitana de Santiago";"(86)";"$ 2.929.627";"$ 2.340.878";"$ 0";-;"No";"No tiene";"No tiene";"No tiene";"01/01/2025";"31/12/2025";"No informa";"Sin observaciones";
"2025";"Mayo";"Médicos cirujanos, farmacéuticos, químico-farmacéuticos, bioquímicos, cirujano-dentistas";"ESPINOZA FARIAS, RODRIGO ANDRES";"Medicina Interna";"44 Hrs.";"MEDICO CIRUJANO";"Región Metropolitana de Santiago";"(86)(186)";"$ 5.649.298";"$ 4.626.142";"$ 0";-;"No";"No tiene";"No tiene";"No tiene";"01/01/2025";"31/12/2025";"No informa";"Sin observaciones";
"2025";"Mayo";"Técnico";"ESPINOZA FUENZALIDA, PRISCILLA ANDREA";"Atencion Clinica";"21";"TECNICO NIVEL SUPERIOR DE PARVULO";"Región Metropolitana de Santiago";"(01)";"$ 692.691";"$ 564.889";"$ 0";-;"No";"No tiene";"No tiene";"No tiene";"01/01/2025";"31/12/2025";"No informa";"Sin observaciones";
"2025";"Mayo";"Profesional";"ESPINOZA GONZALEZ, SERGIO EMANUEL";"ATENCION CLINICA";"13";"ENFERMERA (O)";"Región Metropolitana de Santiago";"(203)(204)(186)";"$ 2.398.450";"$ 1.850.280";"$ 0";"$ 0";"No";"No tiene";"No tiene";"No tiene";"01/01/2025";"31/12/2025";"No informa";"REMUNERACION MAY.2025";
"2025";"Mayo";"Auxiliar";"ESPINOZA LOPEZ, ALEX QUINTO";"Apoyo Administrativo";"23";"AUXILIAR";"Región Metropolitana de Santiago";"(01)";"$ 593.707";"$ 485.237";"$ 0";-;"No";"No tiene";"No tiene";"No tiene";"01/01/2025";"31/12/2025";"No informa";"Sin observaciones";
"2025";"Mayo";"Técnico";"ESPINOZA LOPEZ, VICTOR HILARIO";"Apoyo Administrativo";"12";"INGENIERO (A) EN RECURSOS HUMANOS";"Región Metropolitana de Santiago";"(186)";"$ 2.296.954";"$ 1.904.025";"$ 0";-;"Sí";"$ 264.739 : 26,00 hrs";"$ 122.187 : 10,00 hrs";"No tiene";"01/01/2025";"31/12/2025";"No informa";"Sin observaciones";
"2025";"Mayo";"Médicos cirujanos, farmacéuticos, químico-farmacéuticos, bioquímicos, cirujano-dentistas";"ESPINOZA MALDONADO, RAUL ENRIQUE";"Atencion Clinica Medica";"44 Hrs.";"MEDICO CIRUJANO";"Región Metropolitana de Santiago";"(188)(186)";"$ 4.611.383";"$ 3.763.883";"$ 0";-;"No";"No tiene";"No tiene";"No tiene";"01/01/2025";"31/12/2025";"No informa";"Sin observaciones";
"2025";"Mayo";"Médicos cirujanos, farmacéuticos, químico-farmacéuticos, bioquímicos, cirujano-dentistas";"ESPINOZA MORALES, DEYANIRA FERNANDA";"Medico Becario Primario";"44 Hrs.";"MEDICO CIRUJANO";"Región Metropolitana de Santiago";"(01)";"$ 3.458.581";"$ 2.833.726";"$ 0";-;"No";"No tiene";"No tiene";"No tiene";"01/06/2024";"31/05/2025";"No informa";"Sin observaciones";
"2025";"Mayo";"Profesional";"ESPINOZA PARRAGUEZ, LAURA ADRIANA";"Apoyo Administrativo";"5";"MATRON (A)";"Región Metropolitana de Santiago";"(186)";"$ 3.580.156";"$ 2.829.461";"$ 0";-;"No";"No tiene";"No tiene";"No tiene";"01/01/2025";"31/12/2025";"No informa";"Sin observaciones";
"2025";"Mayo";"Administrativo";"ESPINOZA PARRAO, FRESIA";"Secretaria";"13";"ADMINISTRATIVO";"Región Metropolitana de Santiago";"(186)";"$ 1.122.810";"$ 926.598";"$ 0";-;"Sí";"$ 48.853 : 8,00 hrs";"No tiene";"No tiene";"01/01/2025";"31/12/2025";"No informa";"Sin observaciones";
"2025";"Mayo";"Médicos cirujanos, farmacéuticos, químico-farmacéuticos, bioquímicos, cirujano-dentistas";"ESPINOZA POOL, CAROLINA HEIDY";"Atencion Clinica Medica";"22 Hrs.";"MEDICO CIRUJANO";"Región Metropolitana de Santiago";"(188)(86)(186)";"$ 2.673.558";"$ 2.339.994";"$ 0";-;"No";"No tiene";"No tiene";"No tiene";"01/01/2025";"31/12/2025";"No informa";"Sin observaciones";
"2025";"Mayo";"Profesional";"ESPINOZA RETAMAL, GERARDO IGNACIO";"ATENCION CLINICA";"13";"ENFERMERA (O)";"Región Metropolitana de Santiago";"(203)(204)(186)";"$ 2.499.587";"$ 1.973.802";"$ 0";"$ 0";"Sí";"$ 114.388 : 12,00 hrs";"No tiene";"No tiene";"01/01/2025";"31/12/2025";"No informa";"REMUNERACION MAY.2025";
"2025";"Mayo";"Profesional";"ESPINOZA VERGARA, EVELYN VALESKA";"APOYO ADMINISTRATIVO";"13";"ADMINISTRADOR (A) PUBLICO";"Región Metropolitana de Santiago";"(186)";"$ 1.842.986";"$ 1.272.565";"$ 0";"$ 0";"No";"No tiene";"No tiene";"No tiene";"01/01/2025";"31/12/2025";"No informa";"REMUNERACION MAY.2025";
"2025";"Mayo";"Profesional";"EYZAGUIRRE ARZOLAS, LUIS HUMBERTO";"ATENCION CLINICA";"11";"KINESIOLOGO (A)";"Región Metropolitana de Santiago";"(203)(201)(204)(186)";"$ 4.314.193";"$ 3.398.911";"$ 0";"$ 0";"Sí";"$ 461.809 : 40,00 hrs";"$ 817.402 : 59,00 hrs";"No tiene";"01/01/2025";"31/12/2025";"No informa";"REMUNERACION MAY.2025";
"2025";"Mayo";"Auxiliar";"FALCON VISCARRA, JUAN ANDRES";"CONDUCTOR";"21";"AUXILIAR";"Región Metropolitana de Santiago";"(205)(202)(204)";"$ 1.529.882";"$ 1.174.125";"$ 0";"$ 0";"Sí";"$ 103.974 : 29,00 hrs";"$ 283.955 : 66,00 hrs";"No tiene";"01/01/2025";"31/12/2025";"No informa";"REMUNERACION MAY.2025";
"2025";"Mayo";"Profesional";"FARFAN TORRES, KAREN PATRICIA";"Apoyo Administrativo";"5";"ENFERMERA (O)";"Región Metropolitana de Santiago";"(186)";"$ 3.401.697";"$ 2.699.050";"$ 0";-;"No";"No tiene";"No tiene";"No tiene";"01/01/2025";"31/12/2025";"No informa";"Sin observaciones";
"2025";"Mayo";"Técnico";"FARIAS ALCAINO, MAIRA FRANCISCA";"Atencion Clinica";"22";"TECNICO NIVEL SUPERIOR ENFERMERIA";"Región Metropolitana de Santiago";"(186)";"$ 706.933";"$ 571.754";"$ 0";-;"No";"No tiene";"No tiene";"No tiene";"01/01/2025";"31/12/2025";"No informa";"Sin observaciones";
"2025";"Mayo";"Profesional";"FARIAS LOPEZ, MARJORIE NICOLE";"Atencion Clinica";"16";"ENFERMERA (O)";"Región Metropolitana de Santiago";"(01)";"$ 1.334.152";"$ 1.092.694";"$ 0";-;"No";"No tiene";"No tiene";"No tiene";"01/03/2025";"31/07/2025";"No informa";"Sin observaciones";
"2025";"Mayo";"Administrativo";"FAUNDEZ MARTINEZ, MARISOL";"Apoyo Administrativo";"13";"ADMINISTRATIVO";"Región Metropolitana de Santiago";"(186)";"$ 1.025.014";"$ 836.002";"$ 0";-;"No";"No tiene";"No tiene";"No tiene";"01/01/2025";"31/12/2025";"No informa";"Sin observaciones";
"2025";"Mayo";"Médicos cirujanos, farmacéuticos, químico-farmacéuticos, bioquímicos, cirujano-dentistas";"FAUNDEZ TORO, FRANCISCA SOLEDAD";"Atencion Clinica Medica";"44 Hrs.";"MEDICO CIRUJANO";"Región Metropolitana de Santiago";"(86)(186)";"$ 3.376.336";"$ 2.682.396";"$ 0";-;"No";"No tiene";"No tiene";"No tiene";"01/01/2025";"31/12/2025";"No informa";"Sin observaciones";
"2025";"Mayo";"Médicos cirujanos, farmacéuticos, químico-farmacéuticos, bioquímicos, cirujano-dentistas";"FERJ POLANCO, CAMILA IGNACIA";"Atencion Odontologica";"22 Hrs.";"CIRUJANO DENTISTA";"Región Metropolitana de Santiago";"(01)";"$ 939.274";"$ 774.996";"$ 0";-;"No";"No tiene";"No tiene";"No tiene";"10/02/2025";"31/07/2025";"No informa";"CONTRATO POR REEMPLAZO";
"2025";"Mayo";"Médicos cirujanos, farmacéuticos, químico-farmacéuticos, bioquímicos, cirujano-dentistas";"FERMIN ESCARAY, YARAESY DEYANIRA";"Atencion Clinica Medica";"44 Hrs.";"MEDICO CIRUJANO";"Región Metropolitana de Santiago";"(188)(186)";"$ 2.640.514";"$ 2.104.892";"$ 0";-;"No";"No tiene";"No tiene";"No tiene";"01/01/2025";"31/12/2025";"No informa";"Sin observaciones";
"2025";"Mayo";"Auxiliar";"FERNANDEZ CASTRO, GUILLERMO VICTOR";"CONDUCTOR";"22";"AUXILIAR";"Región Metropolitana de Santiago";"(205)(202)(204)";"$ 1.051.318";"$ 644.571";"$ 0";"$ 0";"No";"No tiene";"No tiene";"No tiene";"01/01/2025";"31/12/2025";"No informa";"REMUNERACION MAY.2025";
"2025";"Mayo";"Médicos cirujanos, farmacéuticos, químico-farmacéuticos, bioquímicos, cirujano-dentistas";"FERNANDEZ FLORES, ESTEBAN NICOLAS";"Medico Becario Primario";"44 Hrs.";"MEDICO CIRUJANO";"Región Metropolitana de Santiago";"(01)";"$ 3.458.581";"$ 2.856.780";"$ 0";-;"No";"No tiene";"No tiene";"No tiene";"01/06/2024";"31/05/2025";"No informa";"Sin observaciones";
"2025";"Mayo";"Profesional";"FERNANDEZ FUENTES, PAOLA JACQUELINE";"Atencion Clinica";"7";"KINESIOLOGO (A)";"Región Metropolitana de Santiago";"(01)";"$ 3.009.609";"$ 2.382.420";"$ 0";-;"No";"No tiene";"No tiene";"No tiene";"01/01/2025";"31/12/2025";"No informa";"Sin observaciones";
"2025";"Mayo";"Profesional";"FERNANDEZ GUTIERREZ, ALVARO ORLANDO";"ATENCION CLINICA";"12";"ENFERMERA (O)";"Región Metropolitana de Santiago";"(203)(204)(186)";"$ 2.648.191";"$ 1.773.235";"$ 0";"$ 0";"No";"No tiene";"No tiene";"No tiene";"01/01/2025";"31/12/2025";"No informa";"REMUNERACION MAY.2025";
"2025";"Mayo";"Médicos cirujanos, farmacéuticos, químico-farmacéuticos, bioquímicos, cirujano-dentistas";"FERNANDEZ MORENO, DANIELA DEL CARMEN";"Atencion Clinica Medica";"44 Hrs.";"MEDICO CIRUJANO";"Región Metropolitana de Santiago";"(86)";"$ 2.929.627";"$ 2.340.878";"$ 0";-;"No";"No tiene";"No tiene";"No tiene";"01/01/2025";"31/12/2025";"No informa";"Sin observaciones";
"2025";"Mayo";"Profesional";"FERNANDEZ NEIRA, ISAAC FERNANDO";"JEFE DE DEPARTAMENTO";"7";"CONTADOR (A) AUDITOR (A)";"Región Metropolitana de Santiago";"(186)";"$ 3.056.212";"$ 2.287.011";"$ 0";"$ 0";"No";"No tiene";"No tiene";"No tiene";"01/01/2025";"31/12/2025";"No informa";"REMUNERACION MAY.2025";
"2025";"Mayo";"Técnico";"FERNANDEZ SAN MARTIN, VERONICA SOLEDAD AUDOMIRA";"Atencion Clinica";"22";"TECNICO NIVEL SUPERIOR ENFERMERIA";"Región Metropolitana de Santiago";"(186)";"$ 708.217";"$ 578.825";"$ 0";-;"No";"No tiene";"No tiene";"No tiene";"01/01/2025";"31/12/2025";"No informa";"Sin observaciones";
"2025";"Mayo";"Médicos cirujanos, farmacéuticos, químico-farmacéuticos, bioquímicos, cirujano-dentistas";"FERNANDEZ DAVILA SEPULVEDA, PIA ALEJANDRA";"Atencion Odontologica";"44 Hrs.";"CIRUJANO DENTISTA";"Región Metropolitana de Santiago";"(86)(220)(186)";"$ 7.462.413";"$ 5.978.240";"$ 0";-;"No";"No tiene";"No tiene";"No tiene";"01/01/2025";"31/12/2025";"No informa";"Sin observaciones";
"2025";"Mayo";"Profesional";"FERRER HERNANDEZ, MARIA ESTHER";"Apoyo Administrativo";"8";"PSICOLOGO (A)";"Región Metropolitana de Santiago";"(186)";"$ 2.717.786";"$ 2.161.567";"$ 0";-;"No";"No tiene";"No tiene";"No tiene";"01/01/2025";"31/12/2025";"No informa";"Sin observaciones";
"2025";"Mayo";"Administrativo";"FICA CONTRERAS, YERTY NELLY";"Secretaria";"13";"ADMINISTRATIVO";"Región Metropolitana de Santiago";"(186)";"$ 1.054.418";"$ 872.513";"$ 0";-;"Sí";"$ 11.302 : 2,00 hrs";"$ 47.468 : 7,00 hrs";"No tiene";"01/01/2025";"31/12/2025";"No informa";"Sin observaciones";
"2025";"Mayo";"Médicos cirujanos, farmacéuticos, químico-farmacéuticos, bioquímicos, cirujano-dentistas";"FIERRO FUENTES, VALERY NATASHA";"Atencion Clinica Medica";"22 Hrs.";"MEDICO CIRUJANO";"Región Metropolitana de Santiago";"(188)";"$ 1.050.951";"$ 867.139";"$ 0";-;"No";"No tiene";"No tiene";"No tiene";"01/01/2025";"31/07/2025";"No informa";"Sin observaciones";
"2025";"Mayo";"Médicos cirujanos, farmacéuticos, químico-farmacéuticos, bioquímicos, cirujano-dentistas";"FIERRO FUENTES, VALERY NATASHA";"Atencion Clinica Medica";"22 Hrs.";"MEDICO CIRUJANO";"Región Metropolitana de Santiago";"(188)";"$ 1.050.951";"$ 834.838";"$ 0";-;"No";"No tiene";"No tiene";"No tiene";"01/01/2025";"31/07/2025";"No informa";"Sin observaciones";
"2025";"Mayo";"Profesional";"FIGUEREDO ALMARZA, JOSE LUIS";"Jefe de Departamento";"5";"ENFERMERA (O)";"Región Metropolitana de Santiago";"(186)";"$ 3.490.826";"$ 2.747.278";"$ 0";-;"No";"No tiene";"No tiene";"No tiene";"01/01/2025";"31/12/2025";"No informa";"Sin observaciones";
"2025";"Mayo";"Técnico";"FIGUEROA ESPINOZA, DAMARIS GISSELLE";"ATENCION CLINICA";"22";"TECNICO NIVEL SUPERIOR ENFERMERIA";"Región Metropolitana de Santiago";"(01)";"$ 438.905";"$ 367.089";"$ 0";"$ 0";"Sí";"No tiene";"$ 87.730 : 44,00 hrs";"No tiene";"01/05/2025";"07/05/2025";"No informa";"REEMPLAZO ABR.2025 (01) (23-30)+REEMPLAZO MAY.2025 (01-07)+PAGO BONO MENSUAL";
"2025";"Mayo";"Médicos cirujanos, farmacéuticos, químico-farmacéuticos, bioquímicos, cirujano-dentistas";"FIGUEROA GALLEGUILLOS, TOMAS ALEJANDRO";"Medico Becario Primario";"44 Hrs.";"MEDICO CIRUJANO";"Región Metropolitana de Santiago";"(01)";"$ 2.801.656";"$ 2.309.124";"$ 0";-;"No";"No tiene";"No tiene";"No tiene";"07/04/2025";"06/04/2026";"No informa";"Sin observaciones";
"2025";"Mayo";"Profesional";"FIGUEROA GODOY, DANNAHE ERIKA";"Atencion Clinica";"16";"PROFESIONAL";"Región Metropolitana de Santiago";"(01)";"$ 1.334.152";"$ 1.092.694";"$ 0";-;"No";"No tiene";"No tiene";"No tiene";"01/04/2025";"31/07/2025";"No informa";"Sin observaciones";
"2025";"Mayo";"Técnico";"FIGUEROA MIRANDA, CAMILA ALMENDRA";"Atencion Clinica";"22";"TECNICO NIVEL SUPERIOR ENFERMERIA";"Región Metropolitana de Santiago";"(01)";"$ 730.326";"$ 730.326";"$ 0";-;"Sí";"$ 19.939 : 6,00 hrs";"No tiene";"No tiene";"09/01/2025";"07/06/2025";"No informa";"CONTRATO POR REEMPLAZO";
"2025";"Mayo";"Médicos cirujanos, farmacéuticos, químico-farmacéuticos, bioquímicos, cirujano-dentistas";"FIGUEROA MONTENEGRO, CAMILA ANDREA";"Atencion Clinica Medica";"44 Hrs.";"MEDICO CIRUJANO";"Región Metropolitana de Santiago";"(86)(186)";"$ 4.089.829";"$ 3.333.111";"$ 0";-;"Sí";"$ 254.826 : 22,00 hrs";"$ 458.667 : 33,00 hrs";"No tiene";"01/01/2025";"31/12/2025";"No informa";"Sin observaciones";
"2025";"Mayo";"Profesional";"FIGUEROA OSSES, CLAUDIA ANDREA";"Apoyo Administrativo";"15";"ABOGADO (A)";"Región Metropolitana de Santiago";"(186)";"$ 1.520.281";"$ 1.229.894";"$ 0";-;"No";"No tiene";"No tiene";"No tiene";"01/01/2025";"31/12/2025";"No informa";"REMUNERACION DEL MES + BIENIO 01-02-2025 AL 31-03-2025";
"2025";"Mayo";"Técnico";"FIGUEROA SALAZAR, CAMILA NAHARA";"Atencion Clinica";"21";"TECNICO NIVEL SUPERIOR ENFERMERIA";"Región Metropolitana de Santiago";"(186)";"$ 707.688";"$ 583.277";"$ 0";-;"No";"No tiene";"No tiene";"No tiene";"01/01/2025";"31/12/2025";"No informa";"Sin observaciones";
"2025";"Mayo";"Técnico";"FIGUEROA VILLEGAS, SOLANGE CAROLINE";"Atencion Clinica";"21";"TECNICO NIVEL SUPERIOR ENFERMERIA";"Región Metropolitana de Santiago";"(01)";"$ 704.582";"$ 575.855";"$ 0";-;"No";"No tiene";"No tiene";"No tiene";"01/01/2025";"31/12/2025";"No informa";"Sin observaciones";
"2025";"Mayo";"Médicos cirujanos, farmacéuticos, químico-farmacéuticos, bioquímicos, cirujano-dentistas";"FLETE MEZA, JORGE LUIS";"Atencion Clinica Medica";"22 Hrs.";"MEDICO CIRUJANO";"Región Metropolitana de Santiago";"(01)";"$ 939.274";"$ 774.150";"$ 0";-;"No";"No tiene";"No tiene";"No tiene";"20/01/2025";"31/05/2025";"No informa";"Sin observaciones";
"2025";"Mayo";"Profesional";"FLORES ESCOBAR, NATALY YESSICA";"ASISTENTE SOCIAL";"10";"ASISTENTE SOCIAL";"Región Metropolitana de Santiago";"(186)";"$ 2.368.294";"$ 1.895.253";"$ 0";-;"No";"No tiene";"No tiene";"No tiene";"01/01/2025";"31/12/2025";"No informa";"Sin observaciones";
"2025";"Mayo";"Médicos cirujanos, farmacéuticos, químico-farmacéuticos, bioquímicos, cirujano-dentistas";"FLORES FERNANDEZ DAVILA, MARTIN ANDRES";"Atencion Odontologica";"44 Hrs.";"CIRUJANO DENTISTA";"Región Metropolitana de Santiago";"(86)";"$ 2.009.881";"$ 1.617.324";"$ 0";-;"No";"No tiene";"No tiene";"No tiene";"01/01/2025";"30/06/2025";"No informa";"CONTRATO POR REEMPLAZO";
"2025";"Mayo";"Auxiliar";"FLORES LEIVA, SEBASTIAN ADOLFO";"CONDUCTOR";"21";"AUXILIAR";"Región Metropolitana de Santiago";"(205)(202)(204)";"$ 1.137.834";"$ 881.273";"$ 0";"$ 0";"No";"No tiene";"No tiene";"No tiene";"01/01/2025";"31/12/2025";"No informa";"REMUNERACION MAY.2025";
"2025";"Mayo";"Médicos cirujanos, farmacéuticos, químico-farmacéuticos, bioquímicos, cirujano-dentistas";"FLORES MATURANA, ANDRES JAINS";"Atencion Clinica Medica";"44 Hrs.";"MEDICO CIRUJANO";"Región Metropolitana de Santiago";"(86)(186)";"$ 5.452.221";"$ 4.478.896";"$ 0";-;"No";"No tiene";"No tiene";"No tiene";"01/01/2025";"31/12/2025";"No informa";"Sin observaciones";
"2025";"Mayo";"Profesional";"FLORES PAULLETTS, ANGIE ESMERALDA";"Atencion Clinica";"14";"PSICOLOGO (A)";"Región Metropolitana de Santiago";"(186)";"$ 1.619.128";"$ 1.319.574";"$ 0";-;"No";"No tiene";"No tiene";"No tiene";"01/01/2025";"31/12/2025";"No informa";"Sin observaciones";
"2025";"Mayo";"Auxiliar";"FLORES PIZARRO, JOSE ANTONIO";"CONDUCTOR";"21";"AUXILIAR";"Región Metropolitana de Santiago";"(205)(202)(204)";"$ 1.422.507";"$ 995.748";"$ 0";"$ 0";"Sí";"$ 103.974 : 29,00 hrs";"$ 180.699 : 42,00 hrs";"No tiene";"01/01/2025";"31/12/2025";"No informa";"REMUNERACION MAY.2025";
"2025";"Mayo";"Profesional";"FLORES RUIZ, VALENTINA PAZ";"Apoyo Logistico";"13";"PSICOLOGO (A)";"Región Metropolitana de Santiago";"(01)";"$ 1.724.492";"$ 1.391.942";"$ 0";-;"No";"No tiene";"No tiene";"No tiene";"01/01/2025";"31/12/2025";"No informa";"Sin observaciones";
"2025";"Mayo";"Administrativo";"FLORES SILVA, YOCELYN POLETT";"Apoyo Administrativo";"22";"ADMINISTRATIVO";"Región Metropolitana de Santiago";"(186)";"$ 772.506";"$ 651.010";"$ 0";-;"Sí";"$ 113.991 : 34,00 hrs";"No tiene";"No tiene";"01/01/2025";"31/12/2025";"No informa";"Sin observaciones";
"2025";"Mayo";"Profesional";"FLORES VARGAS, CATALINA IGNACIA";"ATENCION CLINICA";"13";"ENFERMERA (O)";"Región Metropolitana de Santiago";"(01)";"$ 0";"$ 0";"$ 0";"$ 0";"No";"No tiene";"No tiene";"No tiene";"01/01/2025";"31/12/2025";"No informa";"PERMISO SIN GOCE DE SUELDO";
"2025";"Mayo";"Administrativo";"FOLCH MONTIEL, DARLING PAULETTE";"APOYO ADMINISTRATIVO";"17";"ADMINISTRATIVO";"Región Metropolitana de Santiago";"(01)";"$ 1.141.921";"$ 986.055";"$ 0";"$ 0";"Sí";"$ 176.789 : 40,00 hrs";"$ 190.932 : 36,00 hrs";"No tiene";"01/01/2025";"31/12/2025";"No informa";"REMUNERACION MAY.2025";
"2025";"Mayo";"Profesional";"FONT ORTEGA, MARIA FRANCISCA";"Atencion Clinica";"15";"KINESIOLOGO (A)";"Región Metropolitana de Santiago";"(186)";"$ 760.145";"$ 610.661";"$ 0";-;"No";"No tiene";"No tiene";"No tiene";"01/01/2025";"31/12/2025";"No informa";"Sin observaciones";
"2025";"Mayo";"Profesional";"FONT ORTEGA, MARIA FRANCISCA";"Atencion Clinica";"16";"KINESIOLOGO (A)";"Región Metropolitana de Santiago";"(186)";"$ 698.150";"$ 570.598";"$ 0";-;"No";"No tiene";"No tiene";"No tiene";"01/01/2025";"31/07/2025";"No informa";"Sin observaciones";
"2025";"Mayo";"Médicos cirujanos, farmacéuticos, químico-farmacéuticos, bioquímicos, cirujano-dentistas";"FRANCAVILA HORMAZABAL, CARLA ANTONELLA";"Atencion Odontologica";"11 Hrs.";"CIRUJANO DENTISTA";"Región Metropolitana de Santiago";"(188)(186)";"$ 1.108.817";"$ 950.579";"$ 0";-;"No";"No tiene";"No tiene";"No tiene";"01/01/2025";"31/12/2025";"No informa";"Sin observaciones";
"2025";"Mayo";"Médicos cirujanos, farmacéuticos, químico-farmacéuticos, bioquímicos, cirujano-dentistas";"FRANCAVILA HORMAZABAL, CARLA ANTONELLA";"Atencion Odontologica";"22 Hrs.";"CIRUJANO DENTISTA";"Región Metropolitana de Santiago";"(188)(186)";"$ 2.187.433";"$ 1.673.680";"$ 0";-;"No";"No tiene";"No tiene";"No tiene";"01/01/2025";"31/05/2025";"No informa";"Sin observaciones";
"2025";"Mayo";"Profesional";"FRANCO PEÑA, CATALINA ANDREA";"Jefe de Departamento";"5";"KINESIOLOGO (A)";"Región Metropolitana de Santiago";"(36)(186)";"$ 4.001.697";"$ 3.244.503";"$ 0";-;"No";"No tiene";"No tiene";"No tiene";"01/01/2025";"31/12/2025";"No informa";"Sin observaciones";
"2025";"Mayo";"Profesional";"FREZ CANELO, RENATO ORLANDO";"Subdirector";"7";"KINESIOLOGO (A)";"Región Metropolitana de Santiago";"(186)";"$ 3.025.143";"$ 2.396.429";"$ 0";-;"No";"No tiene";"No tiene";"No tiene";"01/01/2025";"31/05/2025";"No informa";"Sin observaciones";
"2025";"Mayo";"Administrativo";"FREZ CUADRA, CLAUDIA ELI";"Secretaria";"13";"ADMINISTRATIVO";"Región Metropolitana de Santiago";"(186)";"$ 1.177.770";"$ 979.366";"$ 0";-;"Sí";"$ 103.813 : 17,00 hrs";"No tiene";"No tiene";"01/01/2025";"31/12/2025";"No informa";"Sin observaciones";
"2025";"Mayo";"Médicos cirujanos, farmacéuticos, químico-farmacéuticos, bioquímicos, cirujano-dentistas";"FRIAS CUMSILLE, NATACHA PATRICIA";"Atencion Clinica Medica";"44 Hrs.";"MEDICO CIRUJANO";"Región Metropolitana de Santiago";"(86)(186)";"$ 3.376.336";"$ 2.682.396";"$ 0";-;"No";"No tiene";"No tiene";"No tiene";"01/01/2025";"31/12/2025";"No informa";"Sin observaciones";
"2025";"Mayo";"Técnico";"FRIAS GODOY, FABIAN NICOLAS";"ATENCION CLINICA";"22";"TECNICO NIVEL SUPERIOR ENFERMERIA";"Región Metropolitana de Santiago";"(202)(204)(186)";"$ 1.350.826";"$ 901.894";"$ 0";"$ 0";"Sí";"$ 46.937 : 14,00 hrs";"$ 285.648 : 71,00 hrs";"No tiene";"01/01/2025";"31/12/2025";"No informa";"REMUNERACION MAY.2025";
"2025";"Mayo";"Médicos cirujanos, farmacéuticos, químico-farmacéuticos, bioquímicos, cirujano-dentistas";"FUENTEALBA ARCOS, JOSE LUIS";"Quimico Farmaceutico";"44 Hrs.";"QUIMICO FARMACEUTICO";"Región Metropolitana de Santiago";"(86)(186)";"$ 4.847.850";"$ 3.957.846";"$ 0";-;"No";"No tiene";"No tiene";"No tiene";"01/01/2025";"31/12/2025";"No informa";"Sin observaciones";
"2025";"Mayo";"Médicos cirujanos, farmacéuticos, químico-farmacéuticos, bioquímicos, cirujano-dentistas";"FUENTES FLORES, JUAN DOMINGO";"Atencion Clinica Medica";"44 Hrs.";"MEDICO CIRUJANO";"Región Metropolitana de Santiago";"(86)(186)";"$ 3.376.336";"$ 2.682.758";"$ 0";-;"No";"No tiene";"No tiene";"No tiene";"01/01/2025";"31/12/2025";"No informa";"Sin observaciones";
"2025";"Mayo";"Administrativo";"FUENTES JUICA, MONICA SOLEDAD";"Apoyo Administrativo";"14";"ADMINISTRATIVO";"Región Metropolitana de Santiago";"(186)";"$ 1.336.668";"$ 1.147.173";"$ 0";-;"Sí";"$ 222.684 : 40,00 hrs";"$ 127.068 : 19,00 hrs";"No tiene";"01/01/2025";"31/12/2025";"No informa";"REMUNERACION DEL MES + BIENIO 01-01-2025 AL 31-03-2025";
"2025";"Mayo";"Auxiliar";"FUENTES LIZANA, MAURICIO SEBASTIAN";"CONDUCTOR";"22";"AUXILIAR";"Región Metropolitana de Santiago";"(205)(202)(204)";"$ 1.051.318";"$ 825.521";"$ 0";"$ 0";"No";"No tiene";"No tiene";"No tiene";"01/01/2025";"31/12/2025";"No informa";"REMUNERACION MAY.2025";
"2025";"Mayo";"Profesional";"FUENTES MARIVIL, NICOLAS ELIAS";"Apoyo Administrativo";"12";"ADMINISTRADOR (A) PUBLICO";"Región Metropolitana de Santiago";"(01)";"$ 1.893.964";"$ 1.535.636";"$ 0";-;"No";"No tiene";"No tiene";"No tiene";"01/03/2025";"31/05/2025";"No informa";"Sin observaciones";
"2025";"Mayo";"Médicos cirujanos, farmacéuticos, químico-farmacéuticos, bioquímicos, cirujano-dentistas";"FUENTES MONTECINOS, VALENTINA MARIA";"Atencion Odontologica";"33 Hrs.";"CIRUJANO DENTISTA";"Región Metropolitana de Santiago";"(01)";"$ 1.408.910";"$ 1.137.562";"$ 0";-;"No";"No tiene";"No tiene";"No tiene";"01/01/2025";"30/06/2025";"No informa";"Sin observaciones";
"2025";"Mayo";"Médicos cirujanos, farmacéuticos, químico-farmacéuticos, bioquímicos, cirujano-dentistas";"FUENTES MONTECINOS, VALENTINA MARIA";"Atencion Odontologica";"11 Hrs.";"CIRUJANO DENTISTA";"Región Metropolitana de Santiago";"(01)";"$ 469.637";"$ 387.497";"$ 0";-;"No";"No tiene";"No tiene";"No tiene";"01/01/2025";"30/06/2025";"No informa";"Sin observaciones";
"2025";"Mayo";"Administrativo";"FUENTES ORELLANA, VERONICA JACQUELINE";"Apoyo Administrativo";"16";"ADMINISTRATIVO";"Región Metropolitana de Santiago";"(186)";"$ 1.274.996";"$ 1.110.164";"$ 0";-;"Sí";"$ 192.280 : 40,00 hrs";"$ 230.737 : 40,00 hrs";"No tiene";"01/01/2025";"31/12/2025";"No informa";"Sin observaciones";
"2025";"Mayo";"Profesional";"FUENTES SOLAR, BARBARA ELISETTE";"Coordinador";"7";"MATRON (A)";"Región Metropolitana de Santiago";"(186)";"$ 3.040.678";"$ 2.401.850";"$ 0";-;"No";"No tiene";"No tiene";"No tiene";"01/01/2025";"31/12/2025";"No informa";"Sin observaciones";
"2025";"Mayo";"Profesional";"FUENZALIDA RAMIREZ, YERKA MARLENE";"Atencion Clinica";"12";"NUTRICIONISTA";"Región Metropolitana de Santiago";"(01)";"$ 1.893.964";"$ 1.523.440";"$ 0";-;"No";"No tiene";"No tiene";"No tiene";"01/01/2025";"30/06/2025";"No informa";"Sin observaciones";
"2025";"Mayo";"Técnico";"GABY CONTRERAS, BRIAN ARNALDO";"ATENCION CLINICA";"22";"TECNICO NIVEL SUPERIOR ENFERMERIA";"Región Metropolitana de Santiago";"(01)";"$ 1.235.396";"$ 952.349";"$ 0";"$ 0";"Sí";"$ 129.601 : 39,00 hrs";"$ 401.430 : 174,00 hrs";"No tiene";"01/05/2025";"31/05/2025";"No informa";"SUPLENCIA MAY.2025 (01-06)+REMUNERACION MAY.2025+PAGO BONO MENSUAL";
"2025";"Mayo";"Profesional";"GAC LABRA, MARCELO ESTEBAN";"Apoyo Administrativo";"5";"INGENIERO (A) COMERCIAL";"Región Metropolitana de Santiago";"(186)";"$ 3.490.826";"$ 2.747.278";"$ 0";-;"No";"No tiene";"No tiene";"No tiene";"01/01/2025";"31/12/2025";"No informa";"Sin observaciones";
"2025";"Mayo";"Auxiliar";"GAETE LUCO, MANUEL JULIO";"CONDUCTOR";"24";"AUXILIAR";"Región Metropolitana de Santiago";"(205)(203)(204)(186)";"$ 798.601";"$ 439.133";"$ 0";"$ 0";"No";"No tiene";"No tiene";"No tiene";"01/01/2025";"31/12/2025";"No informa";"REMUNERACION MAY.2025";
"2025";"Mayo";"Médicos cirujanos, farmacéuticos, químico-farmacéuticos, bioquímicos, cirujano-dentistas";"GAETE RIVERA, MARIA JOSE";"Quimico Farmaceutico";"44 Hrs.";"QUIMICO FARMACEUTICO";"Región Metropolitana de Santiago";"(186)";"$ 2.325.197";"$ 1.861.438";"$ 0";-;"No";"No tiene";"No tiene";"No tiene";"01/01/2025";"31/12/2025";"No informa";"Sin observaciones";
"2025";"Mayo";"Profesional";"GAETE YAÑEZ, CECILIA MARGARITA";"Apoyo Administrativo";"5";"ENFERMERO (A) MATRON (A)";"Región Metropolitana de Santiago";"(186)";"$ 3.508.692";"$ 2.771.714";"$ 0";-;"No";"No tiene";"No tiene";"No tiene";"01/01/2025";"31/12/2025";"No informa";"Sin observaciones";
"2025";"Mayo";"Técnico";"GAJARDO BOLADOS, AGUSTIN ENRIQUE";"ATENCION CLINICA";"21";"TECNICO NIVEL SUPERIOR ENFERMERIA";"Región Metropolitana de Santiago";"(203)(204)(186)";"$ 951.002";"$ 567.433";"$ 0";"$ 0";"No";"No tiene";"No tiene";"No tiene";"01/01/2025";"31/12/2025";"No informa";"REMUNERACION MAY.2025";
"2025";"Mayo";"Técnico";"GAJARDO VILCHES, PATRICIA DEL CARMEN";"Atencion Clinica";"22";"TECNICO NIVEL SUPERIOR ENFERMERIA";"Región Metropolitana de Santiago";"(186)";"$ 708.217";"$ 578.825";"$ 0";-;"No";"No tiene";"No tiene";"No tiene";"01/01/2025";"31/12/2025";"No informa";"Sin observaciones";
"2025";"Mayo";"Técnico";"GALARCE ABARCA, ANDREA CAROLINA";"Atencion Clinica";"20";"TECNICO NIVEL SUPERIOR ENFERMERIA";"Región Metropolitana de Santiago";"(01)";"$ 714.654";"$ 582.873";"$ 0";-;"No";"No tiene";"No tiene";"No tiene";"01/01/2025";"31/12/2025";"No informa";"Sin observaciones";
"2025";"Mayo";"Administrativo";"GALARCE DUCHENS, CARLA ANDREA";"Apoyo Administrativo";"22";"ADMINISTRATIVO";"Región Metropolitana de Santiago";"(186)";"$ 821.356";"$ 698.581";"$ 0";-;"Sí";"$ 79.152 : 23,00 hrs";"$ 70.204 : 17,00 hrs";"No tiene";"01/01/2025";"31/12/2025";"No informa";"Sin observaciones";
"2025";"Mayo";"Administrativo";"GALAZ LEIVA, DIANA PAULA";"ATENCION CLINICA";"22";"ADMINISTRATIVO";"Región Metropolitana de Santiago";"(203)(204)(186)";"$ 834.359";"$ 672.221";"$ 0";"$ 0";"No";"No tiene";"No tiene";"No tiene";"01/01/2025";"31/12/2025";"No informa";"REMUNERACION MAY.2025";
"2025";"Mayo";"Administrativo";"GALAZ LORCA, YBSEN";"APOYO ADMINISTRATIVO";"13";"INGENIERO (A) EN ADMINISTRACION DE RECURSOS HUMANOS";"Región Metropolitana de Santiago";"(186)";"$ 1.741.822";"$ 1.381.881";"$ 0";"$ 0";"No";"No tiene";"No tiene";"No tiene";"01/01/2025";"31/12/2025";"No informa";"REMUNERACION MAY.2025";
"2025";"Mayo";"Administrativo";"GALDAMES CALFUCURA, NINOSKA ALEJANDRA";"SECRETARIA";"22";"ADMINISTRATIVO";"Región Metropolitana de Santiago";"(01)";"$ 936.745";"$ 772.066";"$ 0";"$ 0";"No";"No tiene";"No tiene";"No tiene";"01/05/2025";"31/05/2025";"No informa";"REEMPLAZO ABR.2025 (23-30)+REEMPLAZO MAY.2025 (01-13)+REEMPLAZO MAY.2025 (14-31)+DIF. CONTRATO POR ASIG. PROF MAY.2025";
"2025";"Mayo";"Profesional";"GALDAMES PALMA, KATHERINE ODETTE";"ATENCION CLINICA";"9";"ENFERMERA (O)";"Región Metropolitana de Santiago";"(203)(204)(186)";"$ 4.106.396";"$ 3.019.239";"$ 0";"$ 0";"Sí";"$ 366.649 : 27,00 hrs";"$ 358.501 : 22,00 hrs";"No tiene";"01/01/2025";"31/12/2025";"No informa";"REMUNERACION MAY.2025";
"2025";"Mayo";"Profesional";"GALDAMES POLANCO, DANIELA ISABEL";"Apoyo Administrativo";"11";"INGENIERO (A) EJECUCION ADMINISTRACION DE EMPRESAS";"Región Metropolitana de Santiago";"(01)";"$ 2.464.359";"$ 2.053.370";"$ 0";-;"Sí";"No tiene";"$ 403.668 : 30,00 hrs";"No tiene";"01/01/2025";"31/12/2025";"No informa";"Sin observaciones";
"2025";"Mayo";"Técnico";"GALEAS MAULEN, TANIA ANDREA";"Atencion Clinica";"22";"TECNICO NIVEL SUPERIOR ENFERMERIA";"Región Metropolitana de Santiago";"(01)";"$ 704.365";"$ 575.677";"$ 0";-;"No";"No tiene";"No tiene";"No tiene";"01/01/2025";"30/06/2025";"No informa";"Sin observaciones";
"2025";"Mayo";"Administrativo";"GALINDO CASTRO, LEONOR ALEJANDRA";"Apoyo Administrativo";"16";"INGENIERO (A) EN RECURSOS HUMANOS";"Región Metropolitana de Santiago";"(186)";"$ 1.464.635";"$ 1.212.008";"$ 0";-;"Sí";"$ 146.955 : 21,00 hrs";"No tiene";"No tiene";"01/01/2025";"31/12/2025";"No informa";"Sin observaciones";
"2025";"Mayo";"Técnico";"GALINDO MADRID, CARLA DEL CARMEN";"Atencion Clinica";"22";"TECNICO NIVEL SUPERIOR ENFERMERIA";"Región Metropolitana de Santiago";"(186)";"$ 706.933";"$ 582.654";"$ 0";-;"No";"No tiene";"No tiene";"No tiene";"01/01/2025";"31/12/2025";"No informa";"Sin observaciones";
"2025";"Mayo";"Técnico";"GALINDO PAINEQUIR, ANGELO STEPHANO";"Atencion Clinica";"21";"TECNICO NIVEL SUPERIOR ODONTOLOGIA";"Región Metropolitana de Santiago";"(01)";"$ 704.582";"$ 580.717";"$ 0";-;"No";"No tiene";"No tiene";"No tiene";"01/01/2025";"31/12/2025";"No informa";"Sin observaciones";
"2025";"Mayo";"Profesional";"GALLARDO ALLENDE, RUBEN IGNACIO";"Atencion Clinica";"13";"TRABAJADOR (A) SOCIAL";"Región Metropolitana de Santiago";"(186)";"$ 1.823.410";"$ 1.469.657";"$ 0";-;"No";"No tiene";"No tiene";"No tiene";"01/01/2025";"31/12/2025";"No informa";"Sin observaciones";
"2025";"Mayo";"Técnico";"GALLARDO ARAYA, CONSTANZA MORIELL";"Apoyo Administrativo";"21";"TECNICO NIVEL SUPERIOR RECURSOS HUMANOS";"Región Metropolitana de Santiago";"(186)";"$ 720.498";"$ 591.060";"$ 0";-;"Sí";"$ 18.559 : 5,00 hrs";"No tiene";"No tiene";"01/01/2025";"31/12/2025";"No informa";"Sin observaciones";
"2025";"Mayo";"Médicos cirujanos, farmacéuticos, químico-farmacéuticos, bioquímicos, cirujano-dentistas";"GALLARDO BARRIA, ARTURO EFRAIN";"Atencion Clinica Medica";"44 Hrs.";"MEDICO CIRUJANO";"Región Metropolitana de Santiago";"(188)(186)";"$ 5.110.620";"$ 4.180.083";"$ 0";-;"No";"No tiene";"No tiene";"No tiene";"01/01/2025";"31/12/2025";"No informa";"Sin observaciones";
"2025";"Mayo";"Técnico";"GALLARDO FUENTES, JONATHAN ALEXANDER";"ATENCION CLINICA";"22";"TECNICO NIVEL SUPERIOR ENFERMERIA";"Región Metropolitana de Santiago";"(202)(204)(186)";"$ 1.192.580";"$ 943.633";"$ 0";"$ 0";"Sí";"$ 93.875 : 28,00 hrs";"$ 80.464 : 20,00 hrs";"No tiene";"01/01/2025";"31/12/2025";"No informa";"REMUNERACION MAY.2025";
"2025";"Mayo";"Médicos cirujanos, farmacéuticos, químico-farmacéuticos, bioquímicos, cirujano-dentistas";"GALLARDO LEON, DANIEL";"Atencion Clinica Medica";"44 Hrs.";"MEDICO CIRUJANO";"Región Metropolitana de Santiago";"(86)";"$ 2.929.627";"$ 2.345.016";"$ 0";-;"No";"No tiene";"No tiene";"No tiene";"01/01/2025";"31/12/2025";"No informa";"Sin observaciones";
"2025";"Mayo";"Administrativo";"GALLARDO MORA, CARMEN GLORIA";"Apoyo Administrativo";"21";"ADMINISTRATIVO";"Región Metropolitana de Santiago";"(186)";"$ 300.556";"$ 245.103";"$ 0";-;"No";"No tiene";"No tiene";"No tiene";"01/01/2025";"14/05/2025";"No informa";"Sin observaciones";
"2025";"Mayo";"Administrativo";"GALLARDO MUÑOZ, VANESSA ALEJANDRA";"Apoyo Administrativo";"22";"ADMINISTRATIVO";"Región Metropolitana de Santiago";"(186)";"$ 818.593";"$ 702.036";"$ 0";-;"Sí";"$ 135.290 : 40,00 hrs";"$ 20.293 : 5,00 hrs";"No tiene";"01/01/2025";"31/12/2025";"No informa";"Sin observaciones";
"2025";"Mayo";"Administrativo";"GALLMETZER GONZALEZ, HANS JACOBO";"Apoyo Administrativo";"21";"ADMINISTRATIVO";"Región Metropolitana de Santiago";"(186)";"$ 697.280";"$ 570.653";"$ 0";-;"No";"No tiene";"No tiene";"No tiene";"01/01/2025";"31/12/2025";"No informa";"Sin observaciones";
"2025";"Mayo";"Médicos cirujanos, farmacéuticos, químico-farmacéuticos, bioquímicos, cirujano-dentistas";"GALVEZ FLORES, JOAQUIN EDGARDO";"Medico Becario Primario";"44 Hrs.";"MEDICO CIRUJANO";"Región Metropolitana de Santiago";"(01)";"$ 2.801.656";"$ 2.311.646";"$ 0";-;"No";"No tiene";"No tiene";"No tiene";"07/04/2025";"06/04/2026";"No informa";"Sin observaciones";
"2025";"Mayo";"Profesional";"GALVEZ GONZALEZ, JUAN ANDRES";"Jefe de Departamento Proyectos HUAP";"5";"ABOGADO (A)";"Región Metropolitana de Santiago";"(36)(186)";"$ 3.955.295";"$ 3.179.970";"$ 0";-;"No";"No tiene";"No tiene";"No tiene";"01/01/2025";"31/12/2025";"No informa";"Sin observaciones";
"2025";"Mayo";"Profesional";"GALVEZ GONZALEZ, MARCELO ADOLFO";"Atencion Clinica";"15";"KINESIOLOGO (A)";"Región Metropolitana de Santiago";"(186)";"$ 1.461.545";"$ 1.183.154";"$ 0";-;"No";"No tiene";"No tiene";"No tiene";"01/01/2025";"31/12/2025";"No informa";"Sin observaciones";
"2025";"Mayo";"Profesional";"GALVEZ OROPEL, NICOLAS ANDRES";"Director Zonal";"5";"ENFERMERA (O)";"Región Metropolitana de Santiago";"(186)";"$ 3.508.692";"$ 2.727.460";"$ 0";-;"No";"No tiene";"No tiene";"No tiene";"01/01/2025";"31/12/2025";"No informa";"Sin observaciones";
"2025";"Mayo";"Profesional";"GALVEZ PEREZ, CLAUDIO MARCELO";"ATENCION CLINICA";"13";"ENFERMERA (O)";"Región Metropolitana de Santiago";"(203)(204)(186)";"$ 2.398.450";"$ 1.809.937";"$ 0";"$ 0";"No";"No tiene";"No tiene";"No tiene";"01/01/2025";"31/12/2025";"No informa";"REMUNERACION MAY.2025";
"2025";"Mayo";"Profesional";"GAMBOA ROJO, VALERIA ESPERANZA";"Atencion Clinica";"15";"ENFERMERA (O)";"Región Metropolitana de Santiago";"(01)";"$ 1.453.153";"$ 1.177.225";"$ 0";-;"No";"No tiene";"No tiene";"No tiene";"01/01/2025";"31/12/2025";"No informa";"Sin observaciones";
"2025";"Mayo";"Técnico";"GAMBOA VALENZUELA, ZUNILDA MARCELA";"ATENCION CLINICA";"22";"TECNICO NIVEL SUPERIOR ENFERMERIA";"Región Metropolitana de Santiago";"(203)(204)(186)";"$ 1.210.865";"$ 739.025";"$ 0";"$ 0";"Sí";"$ 110.124 : 32,00 hrs";"$ 214.743 : 52,00 hrs";"No tiene";"01/01/2025";"31/12/2025";"No informa";"REMUNERACION MAY.2025";
"2025";"Mayo";"Profesional";"GARCES LUCERO, OLGA ISABEL";"Apoyo Administrativo";"10";"TECNICO NIVEL SUPERIOR EN TRABAJO SOCIAL";"Región Metropolitana de Santiago";"(01)";"$ 2.242.174";"$ 1.798.666";"$ 0";-;"No";"No tiene";"No tiene";"No tiene";"17/03/2025";"17/06/2025";"No informa";"Sin observaciones";
"2025";"Mayo";"Profesional";"GARCES MIRANDA, MARIA ESPERANZA";"Atencion Clinica";"16";"NUTRICIONISTA";"Región Metropolitana de Santiago";"(01)";"$ 1.509.192";"$ 1.260.732";"$ 0";-;"Sí";"$ 175.040 : 24,00 hrs";"No tiene";"No tiene";"01/01/2025";"30/06/2025";"No informa";"Sin observaciones";
"2025";"Mayo";"Profesional";"GARCES VERGARA, CARLOS PATRICIO";"Atencion Clinica";"16";"PSICOLOGO (A)";"Región Metropolitana de Santiago";"(01)";"$ 1.378.624";"$ 1.378.624";"$ 0";-;"No";"No tiene";"No tiene";"No tiene";"18/03/2025";"07/06/2025";"No informa";"CONTRATO POR REEMPLAZO";
"2025";"Mayo";"Técnico";"GARCIA CABEZAS, MARCELA ISABEL";"Atencion Clinica";"22";"TECNICO NIVEL SUPERIOR ENFERMERIA";"Región Metropolitana de Santiago";"(01)";"$ 695.254";"$ 695.254";"$ 0";-;"Sí";"$ 3.323 : 1,00 hrs";"No tiene";"No tiene";"01/01/2025";"12/06/2025";"No informa";"CONTRATO POR REEMPLAZO";
"2025";"Mayo";"Profesional";"GARCIA DUARTE, RODOLFO CRISTIAN";"Jefe de Departamento";"8";"KINESIOLOGO (A)";"Región Metropolitana de Santiago";"(186)";"$ 2.792.531";"$ 2.217.450";"$ 0";-;"No";"No tiene";"No tiene";"No tiene";"01/01/2025";"31/12/2025";"No informa";"Sin observaciones";
"2025";"Mayo";"Profesional";"GARCIA NAVARRO, DANIELLA CONSTANZA";"Atencion Clinica";"15";"KINESIOLOGO (A)";"Región Metropolitana de Santiago";"(186)(186)";"$ 1.611.144";"$ 1.331.402";"$ 0";-;"Sí";"$ 63.659 : 8,00 hrs";"$ 85.940 : 9,00 hrs";"No tiene";"01/01/2025";"31/12/2025";"No informa";"Sin observaciones";
"2025";"Mayo";"Técnico";"GARCIA OLEA, VERONICA JAVIERA";"Atencion Clinica";"22";"TECNICO NIVEL SUPERIOR ENFERMERIA";"Región Metropolitana de Santiago";"(01)";"$ 704.365";"$ 574.479";"$ 0";-;"No";"No tiene";"No tiene";"No tiene";"01/02/2025";"31/05/2025";"No informa";"Sin observaciones";
"2025";"Mayo";"Profesional";"GARCIA SOTO, XIMENA BEATRIZ";"Apoyo Administrativo";"7";"INGENIERO (A) EJECUCION INDUSTRIAL";"Región Metropolitana de Santiago";"(186)";"$ 3.087.281";"$ 2.435.995";"$ 0";-;"No";"No tiene";"No tiene";"No tiene";"01/01/2025";"31/12/2025";"No informa";"Sin observaciones";
"2025";"Mayo";"Profesional";"GARCIA ULLOA, CONSTANZA NICOLE";"Apoyo Administrativo";"8";"ABOGADO (A)";"Región Metropolitana de Santiago";"(01)";"$ 2.660.255";"$ 2.124.275";"$ 0";-;"No";"No tiene";"No tiene";"No tiene";"01/01/2025";"31/12/2025";"No informa";"Sin observaciones";
"2025";"Mayo";"Técnico";"GARCIA WOLFF, JAVIER ARTURO";"ATENCION CLINICA";"22";"TECNICO NIVEL SUPERIOR ENFERMERIA";"Región Metropolitana de Santiago";"(202)(204)(186)";"$ 1.412.727";"$ 939.054";"$ 0";"$ 0";"Sí";"$ 136.473 : 40,00 hrs";"$ 241.557 : 59,00 hrs";"No tiene";"01/01/2025";"31/12/2025";"No informa";"REMUNERACION MAY.2025";
"2025";"Mayo";"Médicos cirujanos, farmacéuticos, químico-farmacéuticos, bioquímicos, cirujano-dentistas";"GARCIAS FRANCO, SARA MARIA";"Atencion Odontologica";"22 Hrs.";"CIRUJANO DENTISTA";"Región Metropolitana de Santiago";"(188)(186)";"$ 2.515.896";"$ 2.198.651";"$ 0";-;"No";"No tiene";"No tiene";"No tiene";"01/01/2025";"31/12/2025";"No informa";"Sin observaciones";
"2025";"Mayo";"Médicos cirujanos, farmacéuticos, químico-farmacéuticos, bioquímicos, cirujano-dentistas";"GARCIAS FRANCO, SARA MARIA";"Atencion Odontologica";"22 Hrs.";"CIRUJANO DENTISTA";"Región Metropolitana de Santiago";"(188)(186)";"$ 2.515.896";"$ 1.913.245";"$ 0";-;"No";"No tiene";"No tiene";"No tiene";"01/01/2025";"31/12/2025";"No informa";"Sin observaciones";
"2025";"Mayo";"Auxiliar";"GARRIDO ARAYA, DANIEL ALFREDO";"CONDUCTOR";"21";"AUXILIAR";"Región Metropolitana de Santiago";"(205)(203)(204)";"$ 978.463";"$ 746.084";"$ 0";"$ 0";"No";"No tiene";"No tiene";"No tiene";"01/01/2025";"31/12/2025";"No informa";"REMUNERACION MAY.2025";
"2025";"Mayo";"Profesional";"GARRIDO CASTRO, CRISTOPHER ABDON";"APOYO ADMINISTRATIVO";"11";"INGENIERO (A) ADMINISTRACION DE EMPRESAS";"Región Metropolitana de Santiago";"(186)(186)";"$ 2.184.074";"$ 1.291.058";"$ 0";"$ 0";"No";"No tiene";"No tiene";"No tiene";"01/01/2025";"31/12/2025";"No informa";"REMUNERACION MAY.2025+PAGO DIF. BIENIOS ABR.2025";
"2025";"Mayo";"Profesional";"GARRIDO CORDOVA, DANIELA PAZ";"Atencion Clinica";"16";"MATRON (A)";"Región Metropolitana de Santiago";"(186)";"$ 1.341.920";"$ 1.098.840";"$ 0";-;"No";"No tiene";"No tiene";"No tiene";"01/01/2025";"31/12/2025";"No informa";"Sin observaciones";
"2025";"Mayo";"Profesional";"GARRIDO GOMEZ, MARISOL EUGENIA";"Director Zonal";"8";"NUTRICIONISTA";"Región Metropolitana de Santiago";"(01)";"$ 2.749.384";"$ 2.206.744";"$ 0";-;"No";"No tiene";"No tiene";"No tiene";"01/01/2025";"31/12/2025";"No informa";"Sin observaciones";
"2025";"Mayo";"Administrativo";"GARRIDO JIMENEZ, MARIA ELENA";"Secretaria";"18";"ADMINISTRATIVO";"Región Metropolitana de Santiago";"(01)";"$ 741.201";"$ 604.450";"$ 0";-;"No";"No tiene";"No tiene";"No tiene";"01/01/2025";"31/12/2025";"No informa";"Sin observaciones";
"2025";"Mayo";"Administrativo";"GARRIDO MENDEZ, KEVIN CAMILO";"APOYO ADMINISTRATIVO";"22";"ADMINISTRATIVO";"Región Metropolitana de Santiago";"(203)(204)(186)";"$ 852.237";"$ 683.947";"$ 0";"$ 0";"No";"No tiene";"No tiene";"No tiene";"01/01/2025";"31/12/2025";"No informa";"REMUNERACION MAY.2025";
"2025";"Mayo";"Administrativo";"GARRIDO OLMEDO, XIMENA DEL ROSARIO";"Secretaria";"13";"ADMINISTRATIVO";"Región Metropolitana de Santiago";"(186)";"$ 1.165.111";"$ 984.239";"$ 0";-;"Sí";"$ 149.886 : 26,00 hrs";"No tiene";"No tiene";"01/01/2025";"31/12/2025";"No informa";"Sin observaciones";
"2025";"Mayo";"Técnico";"GARRIDO PALMA, CONSTANZA IRENE";"Atencion Clinica";"22";"TECNICO NIVEL SUPERIOR ENFERMERIA";"Región Metropolitana de Santiago";"(186)";"$ 838.415";"$ 714.361";"$ 0";-;"Sí";"$ 60.348 : 18,00 hrs";"$ 72.418 : 18,00 hrs";"No tiene";"01/01/2025";"31/12/2025";"No informa";"Sin observaciones";
"2025";"Mayo";"Técnico";"GATICA ARANGUIZ, PABLO CESAR";"ATENCION CLINICA";"21";"TECNICO NIVEL SUPERIOR ENFERMERIA";"Región Metropolitana de Santiago";"(203)(186)(203)(204)(186)";"$ 973.082";"$ 369.016";"$ 0";"$ 0";"No";"No tiene";"No tiene";"No tiene";"01/01/2025";"31/12/2025";"No informa";"REMUNERACION MAY.2025+PAGO DIF. BIENIOS ENE-FEB.2025";
"2025";"Mayo";"Profesional";"GATICA ARIAS, RICARDO MAURICIO";"Atencion Clinica";"15";"PSICOLOGO (A)";"Región Metropolitana de Santiago";"(186)";"$ 1.698.700";"$ 1.408.294";"$ 0";-;"Sí";"$ 112.771 : 14,00 hrs";"$ 115.993 : 12,00 hrs";"No tiene";"01/01/2025";"31/12/2025";"No informa";"Sin observaciones";
"2025";"Mayo";"Profesional";"GATICA HALVORSEN, FRANCISCA CONSTANZA";"Atencion Clinica";"16";"ENFERMERA (O)";"Región Metropolitana de Santiago";"(186)";"$ 1.540.060";"$ 1.277.847";"$ 0";-;"Sí";"$ 198.140 : 27,00 hrs";"No tiene";"No tiene";"01/01/2025";"31/12/2025";"No informa";"Sin observaciones";
"2025";"Mayo";"Profesional";"GATICA JIMENEZ, PATRICIO JAVIER";"ATENCION CLINICA";"13";"ENFERMERA (O)";"Región Metropolitana de Santiago";"(203)(204)(186)";"$ 2.411.702";"$ 1.711.733";"$ 0";"$ 0";"No";"No tiene";"No tiene";"No tiene";"01/01/2025";"31/12/2025";"No informa";"REMUNERACION MAY.2025";
"2025";"Mayo";"Profesional";"GEORGE TRONCOSO, PATRICIO GUILLERMO";"Apoyo Administrativo";"6";"INGENIERO (A) CIVIL ELECTRICISTA";"Región Metropolitana de Santiago";"(186)";"$ 3.201.473";"$ 2.521.680";"$ 0";-;"No";"No tiene";"No tiene";"No tiene";"01/01/2025";"31/12/2025";"No informa";"Sin observaciones";
"2025";"Mayo";"Administrativo";"GHREZ CONEJEROS, IVAN";"Apoyo Administrativo";"16";"ADMINISTRATIVO";"Región Metropolitana de Santiago";"(186)";"$ 1.218.644";"$ 1.052.185";"$ 0";-;"No";"No tiene";"$ 343.362 : 59,00 hrs";"No tiene";"01/01/2025";"31/12/2025";"No informa";"REMUNERACION DEL MES + BIENIO 01-01-2025 AL 31-03-2025";
"2025";"Mayo";"Profesional";"GILABERT NOVOA, ROSARIO DEL PILAR";"Apoyo Administrativo";"8";"ENFERMERA (O)";"Región Metropolitana de Santiago";"(01)";"$ 2.660.255";"$ 2.126.799";"$ 0";-;"No";"No tiene";"No tiene";"No tiene";"01/01/2025";"30/06/2025";"No informa";"Sin observaciones";
"2025";"Mayo";"Profesional";"GODOY CABELLO, LYA CAROL";"Atencion Clinica";"15";"ENFERMERO (A) MATRON (A)";"Región Metropolitana de Santiago";"(186)";"$ 1.550.674";"$ 1.253.741";"$ 0";-;"No";"No tiene";"No tiene";"No tiene";"01/01/2025";"31/12/2025";"No informa";"Sin observaciones";
"2025";"Mayo";"Profesional";"GODOY GALVEZ, MACARENA CATHERINA";"Apoyo Administrativo";"8";"NUTRICIONISTA";"Región Metropolitana de Santiago";"(01)";"$ 2.660.255";"$ 2.136.623";"$ 0";-;"No";"No tiene";"No tiene";"No tiene";"01/01/2025";"31/12/2025";"No informa";"Sin observaciones";
"2025";"Mayo";"Profesional";"GODOY GUIÑEZ, GONZALO ANDRES";"Atencion Clinica";"12";"PSICOLOGO (A)";"Región Metropolitana de Santiago";"(186)";"$ 1.915.108";"$ 1.543.203";"$ 0";-;"No";"No tiene";"No tiene";"No tiene";"01/01/2025";"31/12/2025";"No informa";"Sin observaciones";
"2025";"Mayo";"Profesional";"GODOY QUIRINO, PAMELA ALEJANDRA";"Atencion Clinica";"14";"NUTRICIONISTA";"Región Metropolitana de Santiago";"(186)";"$ 1.708.257";"$ 1.376.280";"$ 0";-;"No";"No tiene";"No tiene";"No tiene";"01/01/2025";"31/12/2025";"No informa";"Sin observaciones";
"2025";"Mayo";"Profesional";"GODOY SANCHEZ, ERNESTO";"Apoyo Administrativo";"15";"ABOGADO (A)";"Región Metropolitana de Santiago";"(186)";"$ 1.654.630";"$ 1.354.902";"$ 0";-;"Sí";"$ 125.954 : 15,00 hrs";"No tiene";"No tiene";"01/01/2025";"31/12/2025";"No informa";"Sin observaciones";
"2025";"Mayo";"Profesional";"GODOY TAPIA, MARIA JOSE";"Atencion Clinica";"15";"NUTRICIONISTA";"Región Metropolitana de Santiago";"(01)";"$ 1.668.003";"$ 1.381.110";"$ 0";-;"Sí";"$ 214.850 : 27,00 hrs";"No tiene";"No tiene";"01/01/2025";"31/12/2025";"No informa";"Sin observaciones";
"2025";"Mayo";"Profesional";"GOMEZ DIAZ, AGUSTIN IGNACIO";"Atencion Clinica";"15";"ENFERMERA (O)";"Región Metropolitana de Santiago";"(186)";"$ 1.550.674";"$ 1.253.741";"$ 0";-;"No";"No tiene";"No tiene";"No tiene";"01/01/2025";"31/12/2025";"No informa";"Sin observaciones";
"2025";"Mayo";"Médicos cirujanos, farmacéuticos, químico-farmacéuticos, bioquímicos, cirujano-dentistas";"GOMEZ OLIVEROS, CATALINA SUSANA";"Atencion Odontologica";"44 Hrs.";"CIRUJANO DENTISTA";"Región Metropolitana de Santiago";"(188)(86)(220)(186)";"$ 6.490.163";"$ 5.296.608";"$ 0";-;"No";"No tiene";"No tiene";"No tiene";"01/01/2025";"31/12/2025";"No informa";"Sin observaciones";
"2025";"Mayo";"Profesional";"GOMEZ PEREIRA, CLAUDIO ESTEBAN";"Desarrollo de Programas como Referente Intersectorial de SENAME";"12";"PSICOLOGO (A)";"Región Metropolitana de Santiago";"(01)";"$ 1.893.964";"$ 1.519.998";"$ 0";-;"No";"No tiene";"No tiene";"No tiene";"16/01/2025";"06/06/2025";"No informa";"REEMPLAZO";
"2025";"Mayo";"Médicos cirujanos, farmacéuticos, químico-farmacéuticos, bioquímicos, cirujano-dentistas";"GOMEZ PEREZ, SEBASTIAN ENMANUEL";"Atencion Clinica Medica";"44 Hrs.";"MEDICO CIRUJANO";"Región Metropolitana de Santiago";"(86)";"$ 2.929.627";"$ 2.325.245";"$ 0";-;"No";"No tiene";"No tiene";"No tiene";"01/01/2025";"31/12/2025";"No informa";"Sin observaciones";
"2025";"Mayo";"Médicos cirujanos, farmacéuticos, químico-farmacéuticos, bioquímicos, cirujano-dentistas";"GONZALEZ ABARZUA, DANIELA FERNANDA";"Atencion Clinica Medica";"44 Hrs.";"MEDICO";"Región Metropolitana de Santiago";"(86)";"$ 2.929.627";"$ 2.323.670";"$ 0";-;"No";"No tiene";"No tiene";"No tiene";"01/01/2025";"31/12/2025";"No informa";"Sin observaciones";
"2025";"Mayo";"Profesional";"GONZALEZ ARENAS, ESTEBAN";"Apoyo Administrativo";"16";"KINESIOLOGO (A)";"Región Metropolitana de Santiago";"(01)";"$ 667.077";"$ 549.805";"$ 0";-;"No";"No tiene";"No tiene";"No tiene";"01/01/2025";"30/05/2025";"No informa";"Sin observaciones";
"2025";"Mayo";"Profesional";"GONZALEZ BIZAMA, SOLANGE ALEJANDRA";"Atencion Clinica";"15";"TERAPEUTA OCUPACIONAL";"Región Metropolitana de Santiago";"(186)";"$ 1.461.545";"$ 1.183.809";"$ 0";-;"No";"No tiene";"No tiene";"No tiene";"01/01/2025";"31/12/2025";"No informa";"Sin observaciones";
"2025";"Mayo";"Administrativo";"GONZALEZ CABRERA, CAMILO IVAN";"Apoyo Administrativo";"22";"ADMINISTRATIVO";"Región Metropolitana de Santiago";"(186)";"$ 663.010";"$ 541.878";"$ 0";-;"No";"No tiene";"No tiene";"No tiene";"01/01/2025";"31/12/2025";"No informa";"Sin observaciones";
"2025";"Mayo";"Técnico";"GONZALEZ CASTRO, JAVIERA FRANCISCA";"Atencion Clinica";"22";"TECNICO NIVEL SUPERIOR ENFERMERIA";"Región Metropolitana de Santiago";"(01)";"$ 704.365";"$ 570.326";"$ 0";-;"No";"No tiene";"No tiene";"No tiene";"01/02/2025";"27/06/2025";"No informa";"Sin observaciones";
"2025";"Mayo";"Administrativo";"GONZALEZ CONTRERAS, DAYANA ANDREA";"Apoyo Administrativo";"21";"ADMINISTRATIVO";"Región Metropolitana de Santiago";"(01)";"$ 692.691";"$ 571.538";"$ 0";-;"No";"No tiene";"No tiene";"No tiene";"01/01/2025";"31/12/2025";"No informa";"Sin observaciones";
"2025";"Mayo";"Administrativo";"GONZALEZ GONZALEZ, ELIZABETH ANDREA";"APOYO ADMINISTRATIVO";"22";"ADMINISTRATIVO";"Región Metropolitana de Santiago";"(186)";"$ 689.082";"$ 559.727";"$ 0";"$ 0";"No";"No tiene";"No tiene";"No tiene";"01/01/2025";"31/12/2025";"No informa";"REMUNERACION MAY.2025+PAGO BONO MENSUAL";
"2025";"Mayo";"Profesional";"GONZALEZ GONZALEZ, PAOLA ARACELLI";"Apoyo Administrativo";"12";"INGENIERO (A) EJECUCION ADMINISTRACION DE EMPRESAS";"Región Metropolitana de Santiago";"(186)";"$ 2.004.237";"$ 1.609.609";"$ 0";-;"No";"No tiene";"No tiene";"No tiene";"01/01/2025";"31/12/2025";"No informa";"Sin observaciones";
"2025";"Mayo";"Profesional";"GONZALEZ GUIÑEZ, CLAUDIA ANDREA";"Apoyo Administrativo";"8";"PSICOLOGO (A)";"Región Metropolitana de Santiago";"(186)";"$ 2.717.786";"$ 2.180.247";"$ 0";-;"No";"No tiene";"No tiene";"No tiene";"01/01/2025";"31/12/2025";"No informa";"Sin observaciones";
"2025";"Mayo";"Técnico";"GONZALEZ GUTIERREZ, CAMILA MARGARITA";"Atencion Clinica";"21";"TECNICO NIVEL SUPERIOR ENFERMERIA";"Región Metropolitana de Santiago";"(186)";"$ 707.688";"$ 565.759";"$ 0";-;"No";"No tiene";"No tiene";"No tiene";"01/01/2025";"31/12/2025";"No informa";"Sin observaciones";
"2025";"Mayo";"Auxiliar";"GONZALEZ HUERTA, JONATHAN ISAIAS";"Chofer";"20";"AUXILIAR";"Región Metropolitana de Santiago";"(01)";"$ 760.264";"$ 630.115";"$ 0";-;"Sí";"No tiene";"$ 54.465 : 12,00 hrs";"No tiene";"01/01/2025";"27/05/2025";"No informa";"Sin observaciones";
"2025";"Mayo";"Técnico";"GONZALEZ LEIVA, RENEE FRANCISCA";"Atencion Clinica";"20";"TECNICO NIVEL SUPERIOR ENFERMERIA";"Región Metropolitana de Santiago";"(186)";"$ 716.315";"$ 590.388";"$ 0";-;"No";"No tiene";"No tiene";"No tiene";"01/01/2025";"31/12/2025";"No informa";"Sin observaciones";
"2025";"Mayo";"Profesional";"GONZALEZ LYON, KARINA ANDREA";"Atencion Clinica";"13";"ASISTENTE SOCIAL";"Región Metropolitana de Santiago";"(186)";"$ 1.823.410";"$ 1.467.732";"$ 0";-;"No";"No tiene";"No tiene";"No tiene";"01/01/2025";"31/12/2025";"No informa";"Sin observaciones";
"2025";"Mayo";"Profesional";"GONZALEZ MACHUCA, LORETO MARIANA";"Coordinador";"8";"QUIMICO FARMACEUTICO";"Región Metropolitana de Santiago";"(01)";"$ 2.660.255";"$ 2.115.574";"$ 0";-;"No";"No tiene";"No tiene";"No tiene";"01/01/2025";"31/12/2025";"No informa";"Sin observaciones";
"2025";"Mayo";"Médicos cirujanos, farmacéuticos, químico-farmacéuticos, bioquímicos, cirujano-dentistas";"GONZALEZ MADARIAGA, BENJAMIN IVAN";"Medico Becario Primario";"44 Hrs.";"MEDICO CIRUJANO";"Región Metropolitana de Santiago";"(01)";"$ 3.458.582";"$ 2.833.727";"$ 0";-;"No";"No tiene";"No tiene";"No tiene";"06/05/2024";"05/05/2026";"No informa";"Sin observaciones";
"2025";"Mayo";"Médicos cirujanos, farmacéuticos, químico-farmacéuticos, bioquímicos, cirujano-dentistas";"GONZALEZ MAITA, OSCAR ALEJANDRO";"Medico Becario Primario";"44 Hrs.";"MEDICO CIRUJANO";"Región Metropolitana de Santiago";"(01)";"$ 2.801.656";"$ 2.285.030";"$ 0";-;"No";"No tiene";"No tiene";"No tiene";"08/05/2024";"07/05/2025";"No informa";"Sin observaciones";
"2025";"Mayo";"Médicos cirujanos, farmacéuticos, químico-farmacéuticos, bioquímicos, cirujano-dentistas";"GONZALEZ MAITA, OSCAR ALEJANDRO";"Medico Becario Primario";"44 Hrs.";"MEDICO CIRUJANO";"Región Metropolitana de Santiago";"(01)";"$ 2.801.656";"$ 2.285.030";"$ 0";-;"No";"No tiene";"No tiene";"No tiene";"01/05/2025";"31/05/2025";"No informa";"Sin observaciones";
"2025";"Mayo";"Administrativo";"GONZALEZ MARTINEZ, ALEJANDRO ANDRES";"Apoyo Administrativo";"16";"ADMINISTRATIVO";"Región Metropolitana de Santiago";"(186)";"$ 834.919";"$ 683.544";"$ 0";-;"Sí";"$ 14.014 : 3,00 hrs";"No tiene";"No tiene";"01/01/2025";"31/12/2025";"No informa";"Sin observaciones";
"2025";"Mayo";"Técnico";"GONZALEZ NAVARRETE, NICOLE ANDREA";"Atencion Clinica";"22";"TECNICO NIVEL SUPERIOR ENFERMERIA";"Región Metropolitana de Santiago";"(186)";"$ 708.217";"$ 583.712";"$ 0";-;"No";"No tiene";"No tiene";"No tiene";"01/01/2025";"31/12/2025";"No informa";"Sin observaciones";
"2025";"Mayo";"Técnico";"GONZALEZ NUÑEZ, JULIO JOSE";"Atencion Clinica";"18";"TECNICO NIVEL SUPERIOR ENFERMERIA";"Región Metropolitana de Santiago";"(186)";"$ 1.060.950";"$ 918.652";"$ 0";-;"Sí";"$ 118.953 : 28,00 hrs";"$ 163.135 : 32,00 hrs";"No tiene";"01/01/2025";"31/12/2025";"No informa";"Sin observaciones";
"2025";"Mayo";"Profesional";"GONZALEZ OJEDA, XIMENA LORETO";"Atencion Clinica";"15";"PSICOLOGO (A)";"Región Metropolitana de Santiago";"(220)(186)";"$ 1.623.667";"$ 1.311.011";"$ 0";-;"No";"No tiene";"No tiene";"No tiene";"01/01/2025";"31/12/2025";"No informa";"Sin observaciones";
"2025";"Mayo";"Técnico";"GONZALEZ ORTIZ, ARACELY BELEN";"Atencion Clinica";"22";"TECNICO NIVEL SUPERIOR ENFERMERIA";"Región Metropolitana de Santiago";"(01)";"$ 704.365";"$ 580.536";"$ 0";-;"No";"No tiene";"No tiene";"No tiene";"01/03/2025";"31/07/2025";"No informa";"Sin observaciones";
"2025";"Mayo";"Médicos cirujanos, farmacéuticos, químico-farmacéuticos, bioquímicos, cirujano-dentistas";"GONZALEZ PEÑA, DIEGO ALEJANDRO";"Atencion Odontologica";"22 Hrs.";"CIRUJANO DENTISTA";"Región Metropolitana de Santiago";"(188)(186)";"$ 2.712.974";"$ 2.134.307";"$ 0";-;"No";"No tiene";"No tiene";"No tiene";"01/01/2025";"31/12/2025";"No informa";"Sin observaciones";
"2025";"Mayo";"Médicos cirujanos, farmacéuticos, químico-farmacéuticos, bioquímicos, cirujano-dentistas";"GONZALEZ PEÑA, DIEGO ALEJANDRO";"Atencion Odontologica";"11 Hrs.";"CIRUJANO DENTISTA";"Región Metropolitana de Santiago";"(188)(186)";"$ 1.356.487";"$ 1.144.876";"$ 0";-;"No";"No tiene";"No tiene";"No tiene";"01/01/2025";"31/12/2025";"No informa";"Sin observaciones";
"2025";"Mayo";"Profesional";"GONZALEZ PEREDO, CAMILA MONSERRAT";"Atencion Clinica";"15";"NUTRICIONISTA";"Región Metropolitana de Santiago";"(186)";"$ 1.550.674";"$ 1.268.788";"$ 0";-;"No";"No tiene";"No tiene";"No tiene";"01/01/2025";"31/12/2025";"No informa";"Sin observaciones";
"2025";"Mayo";"Profesional";"GONZALEZ PINO, GUILLERMO JORGE";"Apoyo Administrativo";"5";"ABOGADO (A)";"Región Metropolitana de Santiago";"(186)";"$ 3.580.156";"$ 2.829.461";"$ 0";-;"No";"No tiene";"No tiene";"No tiene";"01/01/2025";"31/12/2025";"No informa";"Sin observaciones";
"2025";"Mayo";"Administrativo";"GONZALEZ QUINTEROS, MARITZA MARGARITA";"Apoyo Administrativo";"15";"ADMINISTRATIVO";"Región Metropolitana de Santiago";"(186)";"$ 1.451.561";"$ 1.175.121";"$ 0";-;"No";"No tiene";"No tiene";"No tiene";"01/01/2025";"31/12/2025";"No informa";"Sin observaciones";
"2025";"Mayo";"Médicos cirujanos, farmacéuticos, químico-farmacéuticos, bioquímicos, cirujano-dentistas";"GONZALEZ RODRIGUEZ, FELIPE ANDRES";"Atencion Clinica Medica";"44 Hrs.";"MEDICO CIRUJANO";"Región Metropolitana de Santiago";"(86)";"$ 2.929.627";"$ 2.343.304";"$ 0";-;"No";"No tiene";"No tiene";"No tiene";"01/01/2025";"31/12/2025";"No informa";"Sin observaciones";
"2025";"Mayo";"Profesional";"GONZALEZ RUBIO, MAXIMILIANO ANDRES";"APOYO ADMINISTRATIVO";"10";"PSICOLOGO (A)";"Región Metropolitana de Santiago";"(186)(186)";"$ 2.266.834";"$ 1.524.736";"$ 0";"$ 0";"No";"No tiene";"No tiene";"No tiene";"01/01/2025";"31/12/2025";"No informa";"REMUNERACION MAY.2025+PAGO DIF. BIENIOS FEB.2025";
"2025";"Mayo";"Profesional";"GONZALEZ SALDAÑA, FELIPE ANDRES";"Apoyo Administrativo";"7";"ARQUITECTO";"Región Metropolitana de Santiago";"(186)";"$ 3.118.352";"$ 2.469.170";"$ 0";-;"No";"No tiene";"No tiene";"No tiene";"01/01/2025";"31/12/2025";"No informa";"REMUNERACION DEL MES + BIENIO 01-01-2025 AL 31-03-2025";
"2025";"Mayo";"Técnico";"GONZALEZ SILVA, EVELYN DANIELA";"Atencion Clinica";"21";"TECNICO NIVEL SUPERIOR ENFERMERIA";"Región Metropolitana de Santiago";"(01)";"$ 704.582";"$ 580.717";"$ 0";-;"No";"No tiene";"No tiene";"No tiene";"01/01/2025";"31/12/2025";"No informa";"Sin observaciones";
"2025";"Mayo";"Médicos cirujanos, farmacéuticos, químico-farmacéuticos, bioquímicos, cirujano-dentistas";"GONZALEZ STUARDO, ABEL ENRIQUE";"Atencion Clinica Medica";"44 Hrs.";"MEDICO CIRUJANO";"Región Metropolitana de Santiago";"(86)(186)";"$ 4.977.067";"$ 4.072.893";"$ 0";-;"Sí";"$ 239.761 : 19,00 hrs";"$ 1.181.154 : 78,00 hrs";"No tiene";"01/01/2025";"31/12/2025";"No informa";"Sin observaciones";
"2025";"Mayo";"Profesional";"GONZALEZ UNDURRAGA, KEVIN ANDRES";"Atencion Clinica";"15";"KINESIOLOGO (A)";"Región Metropolitana de Santiago";"(186)";"$ 1.590.705";"$ 1.302.981";"$ 0";-;"Sí";"$ 40.031 : 5,00 hrs";"No tiene";"No tiene";"01/01/2025";"30/06/2025";"No informa";"Sin observaciones";
"2025";"Mayo";"Profesional";"GONZALEZ VEGA, KAREN ALLINSON";"Atencion Clinica";"15";"TRABAJADOR (A) SOCIAL";"Región Metropolitana de Santiago";"(186)";"$ 1.550.674";"$ 1.254.996";"$ 0";-;"No";"No tiene";"No tiene";"No tiene";"01/01/2025";"31/12/2025";"No informa";"Sin observaciones";
"2025";"Mayo";"Auxiliar";"GONZALEZ ZAVALA, MARCO ANTONIO";"Apoyo Logistico";"22";"AUXILIAR";"Región Metropolitana de Santiago";"(01)";"$ 638.192";"$ 521.594";"$ 0";-;"No";"No tiene";"No tiene";"No tiene";"01/01/2025";"31/12/2025";"No informa";"Sin observaciones";
"2025";"Mayo";"Profesional";"GRADO ESCOBAR, NATHALIE DESIREE";"REFERENTE DE CUIDADOS INFANTILES";"10";"EDUCADOR (A) DE PARVULOS";"Región Metropolitana de Santiago";"(01)";"$ 2.242.174";"$ 1.796.298";"$ 0";-;"No";"No tiene";"No tiene";"No tiene";"01/01/2025";"31/12/2025";"No informa";"Sin observaciones";
"2025";"Mayo";"Profesional";"GRANIFO ROUDERGUE, ANA MARIA";"Atencion Clinica";"12";"ENFERMERA (O)";"Región Metropolitana de Santiago";"(01)";"$ 2.284.980";"$ 1.898.790";"$ 0";-;"Sí";"$ 391.016 : 38,00 hrs";"No tiene";"No tiene";"01/01/2025";"31/12/2025";"No informa";"Sin observaciones";
"2025";"Mayo";"Médicos cirujanos, farmacéuticos, químico-farmacéuticos, bioquímicos, cirujano-dentistas";"GREEN ALVAREZ, AMY SUSAN";"Atencion Odontologica";"44 Hrs.";"CIRUJANO DENTISTA";"Región Metropolitana de Santiago";"(186)";"$ 4.598.217";"$ 3.736.854";"$ 0";-;"No";"No tiene";"No tiene";"No tiene";"01/01/2025";"31/12/2025";"No informa";"Sin observaciones";
"2025";"Mayo";"Administrativo";"GRILLE ORELLANA, MARICEL DEL CARMEN";"Apoyo Administrativo";"21";"ADMINISTRATIVO";"Región Metropolitana de Santiago";"(186)";"$ 784.087";"$ 655.508";"$ 0";-;"Sí";"$ 65.104 : 18,00 hrs";"$ 21.702 : 5,00 hrs";"No tiene";"01/01/2025";"31/12/2025";"No informa";"Sin observaciones";
"2025";"Mayo";"Médicos cirujanos, farmacéuticos, químico-farmacéuticos, bioquímicos, cirujano-dentistas";"GROVE MAUREIRA, MARGARITA XIMENA";"JEFE DE DEPARTAMENTO";"22 Hrs.";"MEDICO CIRUJANO CON ESPECIALIDAD EN MEDICINA DE URGENCIA";"Región Metropolitana de Santiago";"(86)(186)";"$ 2.469.912";"$ 2.262.300";"$ 0";"$ 0";"No";"No tiene";"No tiene";"No tiene";"01/01/2025";"31/12/2025";"No informa";"REMUNERACION MAY.2025";
"2025";"Mayo";"Administrativo";"GUAJARDO GUAJARDO, ANGELICA MARIA";"Apoyo Administrativo";"22";"ADMINISTRATIVO";"Región Metropolitana de Santiago";"(186)";"$ 776.529";"$ 655.098";"$ 0";-;"Sí";"$ 93.875 : 28,00 hrs";"$ 24.139 : 6,00 hrs";"No tiene";"01/01/2025";"31/12/2025";"No informa";"Sin observaciones";
"2025";"Mayo";"Administrativo";"GUAJARDO POBLETE, DAISY ISABEL";"Apoyo Administrativo";"21";"ADMINISTRATIVO";"Región Metropolitana de Santiago";"(01)";"$ 692.691";"$ 566.136";"$ 0";-;"No";"No tiene";"No tiene";"No tiene";"01/01/2025";"31/12/2025";"No informa";"Sin observaciones";
"2025";"Mayo";"Profesional";"GUAJARDO RETAMAL, FRANCISCA IGNACIA";"Atencion Clinica";"16";"ENFERMERA (O)";"Región Metropolitana de Santiago";"(01)";"$ 1.245.208";"$ 996.322";"$ 0";-;"No";"No tiene";"No tiene";"No tiene";"01/01/2025";"28/05/2025";"No informa";"CONTRATO POR REEMPLAZO";
"2025";"Mayo";"Administrativo";"GUALDRON CHACON, RONALD ALEJANDRO";"Apoyo Administrativo";"16";"ADMINISTRATIVO";"Región Metropolitana de Santiago";"(01)";"$ 938.969";"$ 791.303";"$ 0";-;"Sí";"$ 37.009 : 8,00 hrs";"$ 88.823 : 16,00 hrs";"No tiene";"01/01/2025";"31/12/2025";"No informa";"Sin observaciones";
"2025";"Mayo";"Profesional";"GUAMAN BECKETT, GASTON ANDRES";"ATENCION CLINICA";"12";"KINESIOLOGO (A)";"Región Metropolitana de Santiago";"(203)(204)(186)";"$ 2.810.869";"$ 1.998.734";"$ 0";"$ 0";"Sí";"$ 21.195 : 2,00 hrs";"$ 127.170 : 10,00 hrs";"No tiene";"01/01/2025";"31/12/2025";"No informa";"REMUNERACION MAY.2025";
"2025";"Mayo";"Profesional";"GUERRA HEVIA, CARLA ANDREA";"Jefe de Departamento";"5";"PERIODISTA";"Región Metropolitana de Santiago";"(36)(186)";"$ 4.237.429";"$ 3.450.369";"$ 0";-;"No";"No tiene";"No tiene";"No tiene";"01/01/2025";"31/12/2025";"No informa";"Sin observaciones";
"2025";"Mayo";"Administrativo";"GUERRA LABRA, LUIS ALBERTO";"APOYO ADMINISTRATIVO";"13";"ADMINISTRATIVO";"Región Metropolitana de Santiago";"(186)(186)";"$ 1.226.897";"$ 939.541";"$ 0";"$ 0";"Sí";"No tiene";"$ 203.433 : 30,00 hrs";"No tiene";"01/01/2025";"31/12/2025";"No informa";"REMUNERACION MAY.2025+PAGO DIF. BIENIOS ABR.2025";
"2025";"Mayo";"Médicos cirujanos, farmacéuticos, químico-farmacéuticos, bioquímicos, cirujano-dentistas";"GUERRERO CRUZ, MARCELA PAZ";"Atencion Odontologica";"11 Hrs.";"CIRUJANO DENTISTA";"Región Metropolitana de Santiago";"(188)(186)";"$ 1.363.056";"$ 1.204.433";"$ 0";-;"No";"No tiene";"No tiene";"No tiene";"01/01/2025";"31/12/2025";"No informa";"Sin observaciones";
"2025";"Mayo";"Médicos cirujanos, farmacéuticos, químico-farmacéuticos, bioquímicos, cirujano-dentistas";"GUERRERO DONOSO, IGNACIO ANTONIO";"Atencion Clinica Medica";"44 Hrs.";"MEDICO CIRUJANO";"Región Metropolitana de Santiago";"(86)(86)";"$ 2.929.627";"$ 2.168.482";"$ 0";-;"No";"No tiene";"No tiene";"No tiene";"07/04/2025";"31/12/2025";"No informa";"Sin observaciones";
"2025";"Mayo";"Médicos cirujanos, farmacéuticos, químico-farmacéuticos, bioquímicos, cirujano-dentistas";"GUERRERO VALENZUELA, LUCY CECILIA";"Atencion Clinica Medica";"22 Hrs.";"MEDICO CIRUJANO";"Región Metropolitana de Santiago";"(188)(86)(186)";"$ 3.461.871";"$ 3.202.724";"$ 0";-;"No";"No tiene";"No tiene";"No tiene";"01/01/2025";"31/12/2025";"No informa";"Sin observaciones";
"2025";"Mayo";"Técnico";"GUMERA HURTADO, LISSETTE GERALDINE";"Atencion Clinica";"21";"TECNICO NIVEL SUPERIOR ENFERMERIA";"Región Metropolitana de Santiago";"(202)(186)";"$ 1.063.256";"$ 867.191";"$ 0";-;"No";"No tiene";"No tiene";"No tiene";"01/01/2025";"31/12/2025";"No informa";"Sin observaciones";
"2025";"Mayo";"Auxiliar";"GUTI GUTIERREZ, CLAUDIO ANDRES";"CONDUCTOR";"22";"AUXILIAR";"Región Metropolitana de Santiago";"(205)(202)(204)";"$ 1.059.556";"$ 642.954";"$ 0";"$ 0";"No";"No tiene";"No tiene";"No tiene";"01/01/2025";"31/12/2025";"No informa";"REMUNERACION MAY.2025";
"2025";"Mayo";"Administrativo";"GUTIERREZ DELGADO, JUAN LUIS";"Apoyo Administrativo";"16";"ADMINISTRATIVO";"Región Metropolitana de Santiago";"(01)";"$ 1.372.486";"$ 1.133.586";"$ 0";-;"Sí";"$ 62.574 : 9,00 hrs";"No tiene";"No tiene";"01/01/2025";"31/12/2025";"No informa";"Sin observaciones";
"2025";"Mayo";"Técnico";"GUTIERREZ FLORES, KATHERINE FERNANDA";"ATENCION CLINICA";"22";"TECNICO NIVEL SUPERIOR ENFERMERIA";"Región Metropolitana de Santiago";"(01)";"$ 942.887";"$ 829.354";"$ 0";"$ 0";"Sí";"$ 83.077 : 25,00 hrs";"$ 214.008 : 129,00 hrs";"No tiene";"01/05/2025";"28/05/2025";"No informa";"REEMPLAZO MAY.2025 (01-14)+REEMPLAZO MAY.2025 (15-28)+PAGO BONO MENSUAL";
"2025";"Mayo";"Técnico";"GUTIERREZ GONZALEZ, MARCELA SILVANA";"Atencion Clinica";"22";"TECNICO NIVEL SUPERIOR ENFERMERIA";"Región Metropolitana de Santiago";"(186)";"$ 705.649";"$ 576.727";"$ 0";-;"No";"No tiene";"No tiene";"No tiene";"01/01/2025";"31/12/2025";"No informa";"Sin observaciones";
"2025";"Mayo";"Médicos cirujanos, farmacéuticos, químico-farmacéuticos, bioquímicos, cirujano-dentistas";"GUTIERREZ JIMENEZ, GRISET IRENE";"Atencion Odontologica";"22 Hrs.";"CIRUJANO DENTISTA";"Región Metropolitana de Santiago";"(188)(186)";"$ 2.218.717";"$ 1.699.820";"$ 0";-;"No";"No tiene";"No tiene";"No tiene";"01/01/2025";"31/12/2025";"No informa";"Sin observaciones";
"2025";"Mayo";"Médicos cirujanos, farmacéuticos, químico-farmacéuticos, bioquímicos, cirujano-dentistas";"GUTIERREZ JIMENEZ, GRISET IRENE";"Atencion Odontologica";"22 Hrs.";"CIRUJANO DENTISTA";"Región Metropolitana de Santiago";"(188)(186)";"$ 2.218.717";"$ 1.906.289";"$ 0";-;"No";"No tiene";"No tiene";"No tiene";"01/01/2025";"31/12/2025";"No informa";"Sin observaciones";
"2025";"Mayo";"Médicos cirujanos, farmacéuticos, químico-farmacéuticos, bioquímicos, cirujano-dentistas";"GUTIERREZ MARTINI, JEANNINA VIVIANA";"Atencion Odontologica";"11 Hrs.";"CIRUJANO DENTISTA";"Región Metropolitana de Santiago";"(188)(186)";"$ 1.333.494";"$ 1.176.333";"$ 0";-;"No";"No tiene";"No tiene";"No tiene";"01/01/2025";"31/12/2025";"No informa";"Sin observaciones";
"2025";"Mayo";"Profesional";"GUTIERREZ ORELLANA, NATALIA ANDREA";"JEFE DE DEPARTAMENTO";"9";"INGENIERO (A) EJECUCION ADMINISTRACION DE EMPRESAS";"Región Metropolitana de Santiago";"(01)";"$ 2.533.437";"$ 1.697.250";"$ 0";"$ 0";"No";"No tiene";"No tiene";"No tiene";"01/01/2025";"31/12/2025";"No informa";"REMUNERACION MAY.2025";
"2025";"Mayo";"Profesional";"GUTIERREZ ORTIZ, CLAUDIA GISELL";"Apoyo Administrativo";"15";"TECNOLOGO (A) EN INFORMATICA BIOMEDICA";"Región Metropolitana de Santiago";"(186)";"$ 1.599.872";"$ 1.299.683";"$ 0";-;"Sí";"$ 32.416 : 4,00 hrs";"No tiene";"No tiene";"01/01/2025";"31/12/2025";"No informa";"Sin observaciones";
"2025";"Mayo";"Técnico";"GUTIERREZ PANDO, SEBASTIAN IGNACIO";"Atencion Clinica";"21";"TECNICO NIVEL SUPERIOR ENFERMERIA";"Región Metropolitana de Santiago";"(01)";"$ 704.582";"$ 580.717";"$ 0";-;"No";"No tiene";"No tiene";"No tiene";"01/01/2025";"31/12/2025";"No informa";"Sin observaciones";
"2025";"Mayo";"Profesional";"GUTIERREZ PEÑA, LIDIA SOLANGE";"Atencion Clinica";"12";"ENFERMERA (O)";"Región Metropolitana de Santiago";"(01)";"$ 1.893.964";"$ 1.536.148";"$ 0";-;"No";"No tiene";"No tiene";"No tiene";"01/01/2025";"31/12/2025";"No informa";"Sin observaciones";
"2025";"Mayo";"Médicos cirujanos, farmacéuticos, químico-farmacéuticos, bioquímicos, cirujano-dentistas";"GUTIERREZ RIESCO, MARIA DEL PILAR";"Atencion Clinica Medica";"44 Hrs.";"MEDICO";"Región Metropolitana de Santiago";"(86)";"$ 2.929.627";"$ 2.342.684";"$ 0";-;"No";"No tiene";"No tiene";"No tiene";"01/01/2025";"31/12/2025";"No informa";"Sin observaciones";
"2025";"Mayo";"Profesional";"GUTIERREZ VERA, JOAQUIN ANTONIO";"Apoyo Administrativo";"13";"ADMINISTRADOR (A) PUBLICO";"Región Metropolitana de Santiago";"(01)";"$ 1.724.492";"$ 1.724.492";"$ 0";-;"No";"No tiene";"No tiene";"No tiene";"01/01/2025";"31/07/2025";"No informa";"CONTRATO POR REEMPLAZO";
"2025";"Mayo";"Profesional";"GUTIERREZ VILLARROEL, RODRIGO HERNAN";"ATENCION CLINICA";"13";"ENFERMERA (O)";"Región Metropolitana de Santiago";"(203)(204)(186)";"$ 2.398.450";"$ 1.864.863";"$ 0";"$ 0";"No";"No tiene";"No tiene";"No tiene";"01/01/2025";"31/12/2025";"No informa";"REMUNERACION MAY.2025";
"2025";"Mayo";"Médicos cirujanos, farmacéuticos, químico-farmacéuticos, bioquímicos, cirujano-dentistas";"GUZMAN FRANCO, FREDDY ADOLFO";"Medicina Familiar";"22 Hrs.";"MEDICO CIRUJANO";"Región Metropolitana de Santiago";"(188)(86)(186)";"$ 3.369.899";"$ 3.052.482";"$ 0";-;"No";"No tiene";"No tiene";"No tiene";"01/01/2025";"31/12/2025";"No informa";"Sin observaciones";
"2025";"Mayo";"Médicos cirujanos, farmacéuticos, químico-farmacéuticos, bioquímicos, cirujano-dentistas";"GUZMAN FRANCO, FREDDY ADOLFO";"Medicina Familiar";"22 Hrs.";"MEDICO CIRUJANO";"Región Metropolitana de Santiago";"(188)(86)(186)";"$ 3.369.899";"$ 2.413.079";"$ 0";-;"No";"No tiene";"No tiene";"No tiene";"01/01/2025";"31/12/2025";"No informa";"Sin observaciones";
"2025";"Mayo";"Médicos cirujanos, farmacéuticos, químico-farmacéuticos, bioquímicos, cirujano-dentistas";"GUZMAN FUENTES, CAMILA IGNACIA";"CIRUGIA GENERAL";"28 Hrs.";"MEDICO CIRUJANO";"Región Metropolitana de Santiago";"(194)(193)(198)";"$ 2.424.189";"$ 1.915.085";"$ 0";"$ 0";"No";"No tiene";"No tiene";"No tiene";"01/01/2025";"31/12/2025";"No informa";"REMUNERACION MAY.2025";
"2025";"Mayo";"Profesional";"GUZMAN LEAL, JEVHI ANDREA";"Apoyo Administrativo";"7";"KINESIOLOGO (A)";"Región Metropolitana de Santiago";"(186)";"$ 3.290.543";"$ 2.674.715";"$ 0";-;"Sí";"$ 354.529 : 22,00 hrs";"No tiene";"No tiene";"01/01/2025";"31/12/2025";"No informa";"Sin observaciones";
"2025";"Mayo";"Médicos cirujanos, farmacéuticos, químico-farmacéuticos, bioquímicos, cirujano-dentistas";"HANS DE OLIVEIRA BORSTELMANN, VICTOR";"Atencion Clinica Medica";"33 Hrs.";"MEDICO CIRUJANO";"Región Metropolitana de Santiago";"(01)";"$ 1.408.910";"$ 1.153.061";"$ 0";-;"No";"No tiene";"No tiene";"No tiene";"13/02/2025";"31/05/2025";"No informa";"Sin observaciones";
"2025";"Mayo";"Administrativo";"HENRIQUEZ CARRASCO, JUDITH MARIA MAGDALENA";"Apoyo Administrativo";"21";"ADMINISTRATIVO";"Región Metropolitana de Santiago";"(186)";"$ 810.792";"$ 682.832";"$ 0";-;"Sí";"$ 110.406 : 30,00 hrs";"No tiene";"No tiene";"01/01/2025";"31/12/2025";"No informa";"Sin observaciones";
"2025";"Mayo";"Técnico";"HENRIQUEZ ROJAS, ANNABELLA PATRICIA";"Atencion Clinica";"21";"TECNICO NIVEL SUPERIOR ODONTOLOGIA";"Región Metropolitana de Santiago";"(186)";"$ 707.688";"$ 583.277";"$ 0";-;"No";"No tiene";"No tiene";"No tiene";"01/01/2025";"31/12/2025";"No informa";"Sin observaciones";
"2025";"Mayo";"Médicos cirujanos, farmacéuticos, químico-farmacéuticos, bioquímicos, cirujano-dentistas";"HENRIQUEZ TOLEDO, CAMILA CONSTANZA";"Atencion Clinica Medica";"44 Hrs.";"MEDICO CIRUJANO";"Región Metropolitana de Santiago";"(86)";"$ 2.929.627";"$ 2.343.170";"$ 0";-;"No";"No tiene";"No tiene";"No tiene";"01/01/2025";"31/12/2025";"No informa";"Sin observaciones";
"2025";"Mayo";"Profesional";"HENRIQUEZ VALDES, NICOLAS IGNACIO";"ATENCION CLINICA";"13";"KINESIOLOGO (A)";"Región Metropolitana de Santiago";"(203)(204)(186)";"$ 2.411.702";"$ 1.565.173";"$ 0";"$ 0";"No";"No tiene";"No tiene";"No tiene";"01/01/2025";"31/12/2025";"No informa";"REMUNERACION MAY.2025";
"2025";"Mayo";"Administrativo";"HENRIQUEZ VENEGAS, MARIA SALOME";"Secretaria";"22";"ADMINISTRATIVO";"Región Metropolitana de Santiago";"(186)";"$ 663.010";"$ 541.878";"$ 0";-;"No";"No tiene";"No tiene";"No tiene";"01/01/2025";"31/12/2025";"No informa";"Sin observaciones";
"2025";"Mayo";"Administrativo";"HERNANDEZ DIAZ, GONZALO ORLANDO";"Apoyo Administrativo";"22";"ADMINISTRATIVO";"Región Metropolitana de Santiago";"(01)";"$ 0";"$ 0";"$ 0";-;"No";"No tiene";"No tiene";"No tiene";"12/05/2025";"13/05/2025";"No informa";"PERIODO COMPLETO PAGADO COMO SUPLENCIA EN REEMPLAZO";
"2025";"Mayo";"Profesional";"HERNANDEZ DUQUE, DANIELA ANDREA";"Apoyo Administrativo";"13";"PSICOLOGO (A)";"Región Metropolitana de Santiago";"(01)";"$ 1.743.443";"$ 1.408.314";"$ 0";-;"Sí";"$ 18.951 : 2,00 hrs";"No tiene";"No tiene";"01/01/2025";"31/12/2025";"No informa";"Sin observaciones";
"2025";"Mayo";"Médicos cirujanos, farmacéuticos, químico-farmacéuticos, bioquímicos, cirujano-dentistas";"HERNANDEZ GAETE, PRISCILLA ALEJANDRA";"Atencion Odontologica";"22 Hrs.";"CIRUJANO DENTISTA";"Región Metropolitana de Santiago";"(01)";"$ 939.274";"$ 733.347";"$ 0";-;"No";"No tiene";"No tiene";"No tiene";"03/02/2025";"05/06/2025";"No informa";"CONTRATO POR REEMPLAZO";
"2025";"Mayo";"Administrativo";"HERNANDEZ HERRERA, JOSE ABEL";"Apoyo Administrativo";"16";"ADMINISTRATIVO";"Región Metropolitana de Santiago";"(186)";"$ 1.179.421";"$ 1.017.155";"$ 0";-;"Sí";"$ 195.129 : 40,00 hrs";"$ 116.778 : 20,00 hrs";"No tiene";"01/01/2025";"31/12/2025";"No informa";"REMUNERACION DEL MES + BIENIO 01-01-2025 AL 31-03-2025";
"2025";"Mayo";"Auxiliar";"HERNANDEZ JARA, CHRISTOPHER ENRIQUE";"Apoyo Logistico";"24";"AUXILIAR";"Región Metropolitana de Santiago";"(01)";"$ 1.221.958";"$ 1.109.952";"$ 0";-;"Sí";"No tiene";"$ 628.251 : 187,00 hrs";"No tiene";"01/01/2025";"30/06/2025";"No informa";"Sin observaciones";
"2025";"Mayo";"Técnico";"HERNANDEZ LIZAMA, MARGARITA ALICIA";"Atencion Clinica";"20";"TECNICO NIVEL SUPERIOR ENFERMERIA";"Región Metropolitana de Santiago";"(186)";"$ 716.315";"$ 584.156";"$ 0";-;"No";"No tiene";"No tiene";"No tiene";"01/01/2025";"31/12/2025";"No informa";"Sin observaciones";
"2025";"Mayo";"Médicos cirujanos, farmacéuticos, químico-farmacéuticos, bioquímicos, cirujano-dentistas";"HERNANDEZ LLANCAO, ANTONIO ISAAC";"Atencion Clinica Medica";"44 Hrs.";"MEDICO CIRUJANO";"Región Metropolitana de Santiago";"(188)";"$ 2.101.901";"$ 1.700.161";"$ 0";-;"No";"No tiene";"No tiene";"No tiene";"01/01/2025";"01/06/2025";"No informa";"Sin observaciones";
"2025";"Mayo";"Médicos cirujanos, farmacéuticos, químico-farmacéuticos, bioquímicos, cirujano-dentistas";"HERNANDEZ LUZARDO, ANDRES ALEJANDRO";"Atencion Clinica Medica";"44 Hrs.";"MEDICO CIRUJANO";"Región Metropolitana de Santiago";"(188)(186)";"$ 2.509.132";"$ 2.024.110";"$ 0";-;"No";"No tiene";"No tiene";"No tiene";"01/01/2025";"31/12/2025";"No informa";"Sin observaciones";
"2025";"Mayo";"Profesional";"HERNANDEZ MOYANO, CARLA ANGELINA";"Atencion Clinica";"16";"TERAPEUTA OCUPACIONAL";"Región Metropolitana de Santiago";"(01)";"$ 1.105.249";"$ 1.105.249";"$ 0";-;"Sí";"$ 29.173 : 4,00 hrs";"$ 8.752 : 1,00 hrs";"No tiene";"25/02/2025";"24/05/2025";"No informa";"CONTRATO POR REEMPLAZO";
"2025";"Mayo";"Administrativo";"HERNANDEZ QUINTANA, TAMARA ANDREA";"Apoyo Administrativo";"21";"ADMINISTRATIVO";"Región Metropolitana de Santiago";"(186)";"$ 818.809";"$ 696.227";"$ 0";-;"Sí";"$ 108.508 : 30,00 hrs";"$ 13.021 : 3,00 hrs";"No tiene";"01/01/2025";"31/12/2025";"No informa";"Sin observaciones";
"2025";"Mayo";"Profesional";"HERNANDEZ ROMAN, MIRELA CONSTANZA";"Atencion Clinica";"12";"TECNOLOGO (A) MEDICO";"Región Metropolitana de Santiago";"(186)";"$ 2.188.165";"$ 1.816.283";"$ 0";-;"Sí";"$ 10.352 : 1,00 hrs";"$ 273.277 : 22,00 hrs";"No tiene";"01/01/2025";"31/12/2025";"No informa";"Sin observaciones";
"2025";"Mayo";"Técnico";"HERNANDEZ VILLAR, CESAR ANTONIO";"ATENCION CLINICA";"18";"TECNICO NIVEL SUPERIOR ENFERMERIA";"Región Metropolitana de Santiago";"(201)(202)(186)(201)(202)(204)(186)";"$ 1.867.522";"$ 919.381";"$ 0";"$ 0";"Sí";"$ 129.945 : 29,00 hrs";"$ 274.230 : 51,00 hrs";"No tiene";"01/01/2025";"31/12/2025";"No informa";"REMUNERACION MAY.2025+PAGO DIF. BIENIOS ABR.2025";
"2025";"Mayo";"Auxiliar";"HERRERA CHAVEZ, MARIO ALEJANDRO";"CONDUCTOR";"24";"AUXILIAR";"Región Metropolitana de Santiago";"(01)";"$ 1.231.477";"$ 1.069.485";"$ 0";"$ 0";"Sí";"$ 81.191 : 29,00 hrs";"$ 556.579 : 209,00 hrs";"No tiene";"20/01/2025";"31/05/2025";"No informa";"REMUNERACION MAY.2025+PAGO BONO MENSUAL";
"2025";"Mayo";"Administrativo";"HERRERA DURAN, ANITA MARIA";"SECRETARIA";"13";"ADMINISTRATIVO";"Región Metropolitana de Santiago";"(186)";"$ 985.859";"$ 684.804";"$ 0";"$ 0";"No";"No tiene";"No tiene";"No tiene";"01/01/2025";"31/12/2025";"No informa";"REMUNERACION MAY.2025";
"2025";"Mayo";"Profesional";"HERRERA FUENTES, SEBASTIAN PATRICIO";"Apoyo Administrativo";"13";"INGENIERO (A) PREVENCION DE RIESGOS Y MEDIO AMBIENTE";"Región Metropolitana de Santiago";"(01)";"$ 1.724.492";"$ 1.391.942";"$ 0";-;"No";"No tiene";"No tiene";"No tiene";"01/01/2025";"31/12/2025";"No informa";"Sin observaciones";
"2025";"Mayo";"Médicos cirujanos, farmacéuticos, químico-farmacéuticos, bioquímicos, cirujano-dentistas";"HERRERA HERRERA, JOSEFA CONSTANZA";"Medico Becario Primario";"44 Hrs.";"MEDICO CIRUJANO";"Región Metropolitana de Santiago";"(01)";"$ 3.458.582";"$ 2.856.781";"$ 0";-;"No";"No tiene";"No tiene";"No tiene";"06/05/2024";"05/05/2026";"No informa";"Sin observaciones";
"2025";"Mayo";"Profesional";"HERRERA MENESES, WALESKA ALEJANDRA";"Atencion Clinica";"16";"ENFERMERA (O)";"Región Metropolitana de Santiago";"(01)";"$ 1.634.637";"$ 1.372.321";"$ 0";-;"Sí";"$ 291.733 : 40,00 hrs";"$ 8.752 : 1,00 hrs";"No tiene";"01/01/2025";"31/07/2025";"No informa";"Sin observaciones";
"2025";"Mayo";"Médicos cirujanos, farmacéuticos, químico-farmacéuticos, bioquímicos, cirujano-dentistas";"HERRERA MORI, ANTONELLA MIROSLAVA";"Atencion Clinica Medica";"44 Hrs.";"MEDICO CIRUJANO";"Región Metropolitana de Santiago";"(86)(186)";"$ 3.376.336";"$ 2.682.758";"$ 0";-;"No";"No tiene";"No tiene";"No tiene";"01/01/2025";"31/12/2025";"No informa";"Sin observaciones";
"2025";"Mayo";"Profesional";"HERRERA PALLEROS, MICHEL DANGELO";"Atencion Clinica";"15";"KINESIOLOGO (A)";"Región Metropolitana de Santiago";"(01)";"$ 1.453.153";"$ 1.177.225";"$ 0";-;"No";"No tiene";"No tiene";"No tiene";"01/01/2025";"31/12/2025";"No informa";"Sin observaciones";
"2025";"Mayo";"Técnico";"HERRERA ROMERO, CAMILA CONSTANZA";"Apoyo Administrativo";"16";"TECNICO NIVEL SUPERIOR ENFERMERIA";"Región Metropolitana de Santiago";"(186)";"$ 844.210";"$ 695.798";"$ 0";-;"No";"No tiene";"No tiene";"No tiene";"01/01/2025";"31/12/2025";"No informa";"Sin observaciones";
"2025";"Mayo";"Profesional";"HERRERA SALGADO, ROCIO BERENICE";"Apoyo Administrativo";"8";"INGENIERO (A) CIVIL INDUSTRIAL";"Región Metropolitana de Santiago";"(186)";"$ 2.674.637";"$ 2.132.357";"$ 0";-;"No";"No tiene";"No tiene";"No tiene";"01/01/2025";"31/12/2025";"No informa";"Sin observaciones";
"2025";"Mayo";"Profesional";"HERRERA TORRES, ALVARO RODRIGO";"Apoyo Administrativo";"12";"RELACIONADOR (A) PUBLICO";"Región Metropolitana de Santiago";"(186)";"$ 1.904.537";"$ 1.531.384";"$ 0";-;"No";"No tiene";"No tiene";"No tiene";"01/01/2025";"31/12/2025";"No informa";"Sin observaciones";
"2025";"Mayo";"Administrativo";"HERRERA VALDES, SARA HERMINIA";"Apoyo Administrativo";"21";"ADMINISTRATIVO";"Región Metropolitana de Santiago";"(186)";"$ 700.386";"$ 572.426";"$ 0";-;"No";"No tiene";"No tiene";"No tiene";"01/01/2025";"31/12/2025";"No informa";"Sin observaciones";
"2025";"Mayo";"Técnico";"HERWITTE MORA, ESCARLET DENEY";"Atencion Clinica";"22";"TECNICO NIVEL MEDIO ENFERMERIA";"Región Metropolitana de Santiago";"(186)";"$ 696.426";"$ 569.188";"$ 0";-;"No";"No tiene";"No tiene";"No tiene";"01/01/2025";"31/12/2025";"No informa";"Sin observaciones";
"2025";"Mayo";"Médicos cirujanos, farmacéuticos, químico-farmacéuticos, bioquímicos, cirujano-dentistas";"HEYERMANN GAJARDO, BEATRIZ EUGENIA";"Medicina de Urgencia";"44 Hrs.";"MEDICO CIRUJANO";"Región Metropolitana de Santiago";"(86)(186)";"$ 4.690.187";"$ 3.821.468";"$ 0";-;"No";"No tiene";"No tiene";"No tiene";"01/01/2025";"31/12/2025";"No informa";"Sin observaciones";
"2025";"Mayo";"Profesional";"HIDALGO FERNANDEZ, HUGO STARSKY";"Apoyo Administrativo";"7";"TECNOLOGO (A) MEDICO";"Región Metropolitana de Santiago";"(186)";"$ 3.056.212";"$ 2.419.616";"$ 0";-;"No";"No tiene";"No tiene";"No tiene";"01/01/2025";"31/12/2025";"No informa";"Sin observaciones";
"2025";"Mayo";"Administrativo";"HIDALGO GARRIDO, CAROLINA DEL CARMEN";"Apoyo Administrativo";"22";"ADMINISTRATIVO";"Región Metropolitana de Santiago";"(01)";"$ 667.312";"$ 552.336";"$ 0";-;"Sí";"$ 13.292 : 4,00 hrs";"No tiene";"No tiene";"01/01/2025";"31/12/2025";"No informa";"Sin observaciones";
"2025";"Mayo";"Profesional";"HIDALGO NOCETTI, NELSON ANDRES";"Atencion Clinica";"12";"KINESIOLOGO (A)";"Región Metropolitana de Santiago";"(01)";"$ 1.983.093";"$ 1.593.021";"$ 0";-;"No";"No tiene";"No tiene";"No tiene";"01/01/2025";"31/12/2025";"No informa";"Sin observaciones";
"2025";"Mayo";"Profesional";"HIDALGO OPAZO, JUDITH ALEXANDRA";"Apoyo Administrativo";"8";"TECNOLOGO (A) MEDICO";"Región Metropolitana de Santiago";"(186)";"$ 2.674.637";"$ 2.151.818";"$ 0";-;"No";"No tiene";"No tiene";"No tiene";"01/01/2025";"31/12/2025";"No informa";"Sin observaciones";
"2025";"Mayo";"Técnico";"HIGUERA SEPULVEDA, KESIA BELEN";"Atencion Clinica";"22";"TECNICO NIVEL SUPERIOR ENFERMERIA";"Región Metropolitana de Santiago";"(186)";"$ 776.453";"$ 651.948";"$ 0";-;"Sí";"$ 68.236 : 20,00 hrs";"No tiene";"No tiene";"01/01/2025";"31/12/2025";"No informa";"Sin observaciones";
"2025";"Mayo";"Profesional";"HIGUERA VARGAS, CARLOS ALBERTO";"Atencion Clinica";"12";"TERAPEUTA OCUPACIONAL";"Región Metropolitana de Santiago";"(186)";"$ 2.014.809";"$ 1.616.128";"$ 0";-;"No";"No tiene";"No tiene";"No tiene";"01/01/2025";"31/12/2025";"No informa";"Sin observaciones";
"2025";"Mayo";"Técnico";"HIGUERAS MIÑO, DIGNA LISETTE";"ATENCION CLINICA";"22";"TECNICO NIVEL SUPER ENFERMERIA";"Región Metropolitana de Santiago";"(01)";"$ 945.046";"$ 770.158";"$ 0";"$ 0";"Sí";"$ 26.585 : 8,00 hrs";"$ 86.401 : 84,00 hrs";"No tiene";"01/05/2025";"31/05/2025";"No informa";"REEMPLAZO ABR.2025 (23-30)+REEMPLAZO MAY.2025 (01-05)+REMUNERACION MAY.2025";
"2025";"Mayo";"Profesional";"HINOJOSA BAEZA, CAMILA JAVIERA";"Atencion Clinica";"16";"MATRON (A)";"Región Metropolitana de Santiago";"(186)";"$ 1.341.920";"$ 1.100.000";"$ 0";-;"No";"No tiene";"No tiene";"No tiene";"01/01/2025";"31/07/2025";"No informa";"Sin observaciones";
"2025";"Mayo";"Técnico";"HINOJOSA TRUJILLO, JOSELYN NOEMI";"ATENCION CLINICA";"22";"TECNICO NIVEL SUPERIOR ENFERMERIA";"Región Metropolitana de Santiago";"(202)(204)";"$ 1.824.172";"$ 1.612.834";"$ 0";"$ 0";"Sí";"$ 63.139 : 19,00 hrs";"$ 751.020 : 321,00 hrs";"No tiene";"01/03/2025";"31/05/2025";"No informa";"REMUNERACION MAY.2025";
"2025";"Mayo";"Profesional";"HOLUIGUE MIRANDA, CAROLINA ANDREA";"Apoyo Administrativo";"7";"PSICOLOGO (A)";"Región Metropolitana de Santiago";"(186)";"$ 3.025.143";"$ 2.395.404";"$ 0";-;"No";"No tiene";"No tiene";"No tiene";"01/01/2025";"31/12/2025";"No informa";"Sin observaciones";
"2025";"Mayo";"Médicos cirujanos, farmacéuticos, químico-farmacéuticos, bioquímicos, cirujano-dentistas";"HONORATO LABARCA, FLORENCIA BLANQUITA";"Medico Becario Primario";"44 Hrs.";"MEDICO CIRUJANO";"Región Metropolitana de Santiago";"(01)";"$ 2.801.656";"$ 2.309.124";"$ 0";-;"No";"No tiene";"No tiene";"No tiene";"08/05/2024";"07/05/2026";"No informa";"Sin observaciones";
"2025";"Mayo";"Administrativo";"HORMAZABAL OPAZO, SYLVIA ANGELICA";"APOYO ADMINISTRATIVO";"22";"ADMINISTRATIVO";"Región Metropolitana de Santiago";"(203)(204)(186)";"$ 848.118";"$ 570.875";"$ 0";"$ 0";"No";"No tiene";"No tiene";"No tiene";"01/01/2025";"31/12/2025";"No informa";"REMUNERACION MAY.2025";
"2025";"Mayo";"Profesional";"HORMAZABAL PARRA, JAVIERA CONSTANZA";"Atencion Clinica";"16";"MATRON (A)";"Región Metropolitana de Santiago";"(01)";"$ 1.334.152";"$ 1.092.694";"$ 0";-;"No";"No tiene";"No tiene";"No tiene";"01/01/2025";"31/07/2025";"No informa";"Sin observaciones";
"2025";"Mayo";"Profesional";"HORMAZABAL ROMERO, PEDRO ALEJANDRO";"Atencion Clinica";"15";"KINESIOLOGO (A)";"Región Metropolitana de Santiago";"(186)";"$ 1.984.285";"$ 1.677.613";"$ 0";-;"Sí";"$ 243.117 : 30,00 hrs";"$ 165.320 : 17,00 hrs";"No tiene";"01/01/2025";"31/12/2025";"No informa";"Sin observaciones";
"2025";"Mayo";"Administrativo";"HUAQUIN HUAQUIN, JOSUE DAVID";"Apoyo Administrativo";"21";"ADMINISTRATIVO";"Región Metropolitana de Santiago";"(01)";"$ 939.360";"$ 812.805";"$ 0";-;"Sí";"$ 143.411 : 40,00 hrs";"$ 103.257 : 24,00 hrs";"No tiene";"01/01/2025";"31/12/2025";"No informa";"Sin observaciones";
"2025";"Mayo";"Técnico";"HUEICHALEO HUAIQUIMAN, MARIA ELENA";"Atencion Clinica";"20";"TECNICO NIVEL SUPERIOR ODONTOLOGIA";"Región Metropolitana de Santiago";"(186)";"$ 716.315";"$ 584.156";"$ 0";-;"No";"No tiene";"No tiene";"No tiene";"01/01/2025";"31/12/2025";"No informa";"Sin observaciones";
"2025";"Mayo";"Técnico";"HUENUPE HUEICHAPAN, CAROLINA ANTONIA";"Atencion Clinica";"22";"TECNICO NIVEL SUPERIOR ENFERMERIA";"Región Metropolitana de Santiago";"(01)";"$ 701.532";"$ 701.532";"$ 0";-;"No";"No tiene";"No tiene";"No tiene";"28/04/2025";"08/06/2025";"No informa";"CONTRATO POR REEMPLAZO";
"2025";"Mayo";"Técnico";"HUERAMAN HUAICHAPAN, MARIA TERESA";"Atencion Clinica";"21";"TECNICO NIVEL SUPERIOR ODONTOLOGIA";"Región Metropolitana de Santiago";"(186)";"$ 707.688";"$ 577.190";"$ 0";-;"No";"No tiene";"No tiene";"No tiene";"01/01/2025";"31/12/2025";"No informa";"Sin observaciones";
"2025";"Mayo";"Profesional";"HUERTA ALLENDES, NADIA BELEN";"Atencion Clinica";"16";"EDUCADOR (A) DE PARVULOS";"Región Metropolitana de Santiago";"(01)";"$ 1.378.624";"$ 1.378.624";"$ 0";-;"No";"No tiene";"No tiene";"No tiene";"22/03/2025";"31/05/2025";"No informa";"CONTRATO POR REEMPLAZO";
"2025";"Mayo";"Auxiliar";"HUERTA GARCIA, FREDERIK ALBERTO";"CONDUCTOR";"22";"AUXILIAR";"Región Metropolitana de Santiago";"(205)(202)(204)";"$ 1.051.318";"$ 626.249";"$ 0";"$ 0";"No";"No tiene";"No tiene";"No tiene";"01/01/2025";"31/12/2025";"No informa";"REMUNERACION MAY.2025";
"2025";"Mayo";"Técnico";"HUILCAL CISTERNA, MARCELA PAZ";"Atencion Clinica";"20";"TECNICO NIVEL SUPERIOR ENFERMERIA";"Región Metropolitana de Santiago";"(186)";"$ 716.315";"$ 590.388";"$ 0";-;"No";"No tiene";"No tiene";"No tiene";"01/01/2025";"31/12/2025";"No informa";"Sin observaciones";
"2025";"Mayo";"Administrativo";"HURTADO MONTAÑO, LAURA";"APOYO ADMINISTRATIVO";"22";"TECNICO NIVEL SUPERIOR ENFERMERIA";"Región Metropolitana de Santiago";"(203)(204)(186)";"$ 883.237";"$ 714.293";"$ 0";"$ 0";"No";"No tiene";"No tiene";"No tiene";"01/01/2025";"31/12/2025";"No informa";"REMUNERACION MAY.2025";
"2025";"Mayo";"Administrativo";"IBACACHE CONTRERAS, NICOLE ANDREA";"APOYO ADMINISTRATIVO";"22";"ADMINISTRATIVO";"Región Metropolitana de Santiago";"(01)";"$ 1.004.405";"$ 893.261";"$ 0";"$ 0";"Sí";"$ 79.754 : 24,00 hrs";"$ 292.433 : 156,00 hrs";"No tiene";"01/05/2025";"29/05/2025";"No informa";"REEMPLAZO MAY.2025 (01-29)+PAGO BONO MENSUAL";
"2025";"Mayo";"Administrativo";"IBACACHE HUIRCAN, JUAN CARLOS";"Apoyo Administrativo";"22";"ADMINISTRATIVO";"Región Metropolitana de Santiago";"(01)";"$ 654.020";"$ 535.251";"$ 0";-;"No";"No tiene";"No tiene";"No tiene";"01/01/2025";"31/12/2025";"No informa";"Sin observaciones";
"2025";"Mayo";"Auxiliar";"IBACACHE RIVAS, MARCELO DEL CARMEN";"CONDUCTOR";"22";"AUXILIAR";"Región Metropolitana de Santiago";"(205)(202)(204)";"$ 1.439.456";"$ 1.091.513";"$ 0";"$ 0";"Sí";"$ 132.924 : 40,00 hrs";"$ 255.214 : 64,00 hrs";"No tiene";"01/01/2025";"30/06/2025";"No informa";"REMUNERACION MAY.2025";
"2025";"Mayo";"Profesional";"IBAÑEZ MUÑOZ, ALVARO SEBASTIAN";"Atencion Clinica";"15";"TERAPEUTA OCUPACIONAL";"Región Metropolitana de Santiago";"(186)";"$ 1.646.060";"$ 1.348.417";"$ 0";-;"Sí";"No tiene";"$ 86.995 : 9,00 hrs";"No tiene";"01/01/2025";"31/12/2025";"No informa";"Sin observaciones";
"2025";"Mayo";"Técnico";"IBARRA CONTRERAS, KATHERIN LESLIE";"Atencion Clinica";"21";"TECNICO NIVEL SUPERIOR ENFERMERIA";"Región Metropolitana de Santiago";"(186)";"$ 707.688";"$ 583.277";"$ 0";-;"No";"No tiene";"No tiene";"No tiene";"01/01/2025";"31/12/2025";"No informa";"Sin observaciones";
"2025";"Mayo";"Técnico";"IBARRA ECHEVERRIA, JUANA BERNARDA DEL CARMEN";"Atencion Clinica";"22";"TECNICO DE ODONTOLOGIA";"Región Metropolitana de Santiago";"(186)";"$ 708.217";"$ 577.622";"$ 0";-;"No";"No tiene";"No tiene";"No tiene";"01/01/2025";"31/12/2025";"No informa";"Sin observaciones";
"2025";"Mayo";"Técnico";"IBARRA LARA, MARIA ANGELICA";"Atencion Clinica";"21";"TECNICO PARAMEDICO";"Región Metropolitana de Santiago";"(186)";"$ 697.280";"$ 569.887";"$ 0";-;"No";"No tiene";"No tiene";"No tiene";"01/01/2025";"31/12/2025";"No informa";"Sin observaciones";
"2025";"Mayo";"Auxiliar";"IBARRA TAMAYO, CRISTIAN ANDRES";"CONDUCTOR";"24";"AUXILIAR";"Región Metropolitana de Santiago";"(205)(202)(204)(186)";"$ 929.800";"$ 188.559";"$ 0";"$ 0";"No";"No tiene";"No tiene";"No tiene";"01/01/2025";"31/12/2025";"No informa";"REMUNERACION MAY.2025";
"2025";"Mayo";"Profesional";"IGLESIAS VALDIVIA, SANDY FANNY";"Apoyo Administrativo";"5";"ASISTENTE SOCIAL";"Región Metropolitana de Santiago";"(186)";"$ 3.508.692";"$ 2.769.095";"$ 0";-;"No";"No tiene";"No tiene";"No tiene";"01/01/2025";"31/12/2025";"No informa";"Sin observaciones";
"2025";"Mayo";"Médicos cirujanos, farmacéuticos, químico-farmacéuticos, bioquímicos, cirujano-dentistas";"ILLANES HORMAZABAL, EDUARDO IGNACIO";"CIRUGIA GENERAL";"28 Hrs.";"MEDICO CIRUJANO";"Región Metropolitana de Santiago";"(194)(193)(198)";"$ 2.424.189";"$ 1.981.993";"$ 0";"$ 0";"No";"No tiene";"No tiene";"No tiene";"01/01/2025";"31/12/2025";"No informa";"REMUNERACION MAY.2025";
"2025";"Mayo";"Técnico";"INOSTROZA HIDALGO, ISABEL CRISTINA";"ATENCION CLINICA";"21";"TECNICO NIVEL SUPERIOR ENFERMERIA";"Región Metropolitana de Santiago";"(203)(204)(186)";"$ 1.541.866";"$ 1.326.187";"$ 0";"$ 0";"Sí";"$ 200.440 : 54,00 hrs";"$ 383.064 : 86,00 hrs";"No tiene";"01/01/2025";"31/12/2025";"No informa";"REMUNERACION MAY.2025+REGULARIZA PAGO HORAS EXTRAS ABR.2025 (14D - 34F)";
"2025";"Mayo";"Médicos cirujanos, farmacéuticos, químico-farmacéuticos, bioquímicos, cirujano-dentistas";"INTURIAS ALVAREZ, CAMILA FERNANDA";"Atencion Odontologica";"11 Hrs.";"CIRUJANO DENTISTA";"Región Metropolitana de Santiago";"(188)(186)";"$ 1.098.827";"$ 899.280";"$ 0";-;"No";"No tiene";"No tiene";"No tiene";"01/01/2025";"31/12/2025";"No informa";"Sin observaciones";
"2025";"Mayo";"Auxiliar";"IRIARTE DI SILVESTRI, ANDRES NICOLAS";"CONDUCTOR";"22";"AUXILIAR";"Región Metropolitana de Santiago";"(205)(202)(204)";"$ 1.539.149";"$ 1.033.075";"$ 0";"$ 0";"Sí";"$ 132.924 : 40,00 hrs";"$ 354.907 : 89,00 hrs";"No tiene";"01/01/2025";"30/06/2025";"No informa";"REMUNERACION MAY.2025";
"2025";"Mayo";"Médicos cirujanos, farmacéuticos, químico-farmacéuticos, bioquímicos, cirujano-dentistas";"IRRAZABAL ALBORNOZ, JORGE ANDRES";"Atencion Clinica Medica";"44 Hrs.";"MEDICO CIRUJANO";"Región Metropolitana de Santiago";"(86)(186)";"$ 3.556.152";"$ 2.816.241";"$ 0";-;"No";"No tiene";"No tiene";"No tiene";"01/01/2025";"31/12/2025";"No informa";"Sin observaciones";
"2025";"Mayo";"Profesional";"IRRIBARREN ORREGO, KARLA PIA FRANCESCA";"Atencion Clinica";"14";"NUTRICIONISTA";"Región Metropolitana de Santiago";"(186)";"$ 2.168.192";"$ 1.827.001";"$ 0";-;"Sí";"$ 351.516 : 40,00 hrs";"$ 126.545 : 12,00 hrs";"No tiene";"01/01/2025";"31/12/2025";"No informa";"Sin observaciones";
"2025";"Mayo";"Administrativo";"JAÑA FERRADA, MARIA JOSE";"APOYO ADMINISTRATIVO";"22";"TECNICO NIVEL MEDIO ADMINISTRACION";"Región Metropolitana de Santiago";"(01)";"$ 667.056";"$ 549.282";"$ 0";"$ 0";"No";"No tiene";"No tiene";"No tiene";"01/05/2025";"31/05/2025";"No informa";"REEMPLAZO MAY.2025 (01-31)+PAGO BONO MENSUAL";
"2025";"Mayo";"Médicos cirujanos, farmacéuticos, químico-farmacéuticos, bioquímicos, cirujano-dentistas";"JAQUE VILLASECA, TYRON ALEXANDER";"Atencion Odontologica";"44 Hrs.";"CIRUJANO DENTISTA";"Región Metropolitana de Santiago";"(86)(186)";"$ 5.163.173";"$ 4.230.601";"$ 0";-;"No";"No tiene";"No tiene";"No tiene";"01/01/2025";"31/12/2025";"No informa";"Sin observaciones";
"2025";"Mayo";"Profesional";"JARA ABELLO, MARIA CAMILA BELEN";"Atencion Clinica";"15";"NUTRICIONISTA";"Región Metropolitana de Santiago";"(01)";"$ 1.532.727";"$ 1.251.105";"$ 0";-;"Sí";"$ 79.574 : 10,00 hrs";"No tiene";"No tiene";"01/01/2025";"31/12/2025";"No informa";"Sin observaciones";
"2025";"Mayo";"Profesional";"JARA BOBADILLA, MARIA JOSE";"ATENCION CLINICA";"12";"GRADO DE MAGISTER EN EDUCACION Y CIENCIAS DE LA SALUD";"Región Metropolitana de Santiago";"(203)(186)(203)(204)(186)";"$ 3.214.145";"$ 2.108.168";"$ 0";"$ 0";"Sí";"$ 87.241 : 8,00 hrs";"$ 435.774 : 34,00 hrs";"No tiene";"01/01/2025";"31/12/2025";"No informa";"REMUNERACION MAY.2025+PAGO DIF. BIENIOS ENE-FEB.2025";
"2025";"Mayo";"Profesional";"JARA GUERRA, EVELYN ANDREA";"Atencion Clinica";"15";"ENFERMERA (O)";"Región Metropolitana de Santiago";"(186)";"$ 1.567.456";"$ 1.266.908";"$ 0";-;"No";"No tiene";"No tiene";"No tiene";"01/01/2025";"31/12/2025";"No informa";"Sin observaciones";
"2025";"Mayo";"Médicos cirujanos, farmacéuticos, químico-farmacéuticos, bioquímicos, cirujano-dentistas";"JARA NAVARRETE, PAULINA JANETT";"Atencion Clinica Medica";"44 Hrs.";"MEDICO CIRUJANO";"Región Metropolitana de Santiago";"(188)(86)(186)";"$ 5.425.943";"$ 4.476.943";"$ 0";-;"No";"No tiene";"No tiene";"No tiene";"01/01/2025";"31/12/2025";"No informa";"Sin observaciones";
"2025";"Mayo";"Profesional";"JARA RIQUELME, JONATHAN RODRIGO";"Atencion Clinica";"15";"ENFERMERA (O)";"Región Metropolitana de Santiago";"(01)";"$ 1.453.153";"$ 1.186.851";"$ 0";-;"No";"No tiene";"No tiene";"No tiene";"01/01/2025";"31/12/2025";"No informa";"Sin observaciones";
"2025";"Mayo";"Profesional";"JARA SEPULVEDA, PATRICIA ANGELICA";"Jefe de Unidad";"6";"INGENIERO (A) COMERCIAL";"Región Metropolitana de Santiago";"(186)";"$ 3.290.602";"$ 2.594.545";"$ 0";-;"No";"No tiene";"No tiene";"No tiene";"01/01/2025";"31/12/2025";"No informa";"Sin observaciones";
"2025";"Mayo";"Profesional";"JARA ULLOA, CONSTANZA CYNTHIA MELINA";"Atencion Clinica";"8";"ENFERMERA (O)";"Región Metropolitana de Santiago";"(01)";"$ 2.660.255";"$ 2.124.107";"$ 0";-;"No";"No tiene";"No tiene";"No tiene";"01/01/2025";"30/06/2025";"No informa";"Sin observaciones";
"2025";"Mayo";"Médicos cirujanos, farmacéuticos, químico-farmacéuticos, bioquímicos, cirujano-dentistas";"JARA VERA, HELLEN VANESA";"Atencion Clinica";"22 Hrs.";"CIRUJANO DENTISTA";"Región Metropolitana de Santiago";"(01)";"$ 939.274";"$ 774.996";"$ 0";-;"No";"No tiene";"No tiene";"No tiene";"01/01/2025";"31/12/2025";"No informa";"Sin observaciones";
"2025";"Mayo";"Profesional";"JARAMILLO ESPINOZA, CONSTANZA ISABEL";"Atencion Clinica";"12";"ENFERMERA (O)";"Región Metropolitana de Santiago";"(01)";"$ 1.893.964";"$ 1.535.636";"$ 0";-;"No";"No tiene";"No tiene";"No tiene";"01/01/2025";"31/12/2025";"No informa";"Sin observaciones";
"2025";"Mayo";"Técnico";"JARAMILLO LEYTON, INES ISABEL";"Atencion Clinica";"20";"TECNICO NIVEL SUPERIOR ENFERMERIA";"Región Metropolitana de Santiago";"(186)";"$ 765.925";"$ 635.054";"$ 0";-;"Sí";"$ 49.610 : 13,00 hrs";"No tiene";"No tiene";"01/01/2025";"31/12/2025";"No informa";"Sin observaciones";
"2025";"Mayo";"Profesional";"JAUREGUI QUEZADA, MAGALY DEL ROSARIO";"Atencion Clinica";"15";"PROFESIONAL";"Región Metropolitana de Santiago";"(01)";"$ 1.453.153";"$ 1.178.760";"$ 0";-;"No";"No tiene";"No tiene";"No tiene";"01/01/2025";"31/12/2025";"No informa";"Sin observaciones";
"2025";"Mayo";"Médicos cirujanos, farmacéuticos, químico-farmacéuticos, bioquímicos, cirujano-dentistas";"JELDES AGUERO, JAVIERA CATALINA";"Atencion Odontologica";"22 Hrs.";"CIRUJANO DENTISTA";"Región Metropolitana de Santiago";"(188)(86)";"$ 1.136.324";"$ 903.035";"$ 0";-;"No";"No tiene";"No tiene";"No tiene";"01/01/2025";"31/12/2025";"No informa";"Sin observaciones";
"2025";"Mayo";"Médicos cirujanos, farmacéuticos, químico-farmacéuticos, bioquímicos, cirujano-dentistas";"JELDES AGUERO, JAVIERA CATALINA";"Atencion Odontologica";"22 Hrs.";"CIRUJANO DENTISTA";"Región Metropolitana de Santiago";"(86)";"$ 1.004.942";"$ 828.273";"$ 0";-;"No";"No tiene";"No tiene";"No tiene";"01/01/2025";"31/12/2025";"No informa";"Sin observaciones";
"2025";"Mayo";"Administrativo";"JENSEN BRIEBA, MATIAS IGNACIO";"Atencion Clinica";"22";"ADMINISTRATIVO";"Región Metropolitana de Santiago";"(01)";"$ 654.020";"$ 535.251";"$ 0";-;"No";"No tiene";"No tiene";"No tiene";"10/03/2025";"30/05/2025";"No informa";"CONTRATO POR REEMPLAZO";
"2025";"Mayo";"Médicos cirujanos, farmacéuticos, químico-farmacéuticos, bioquímicos, cirujano-dentistas";"JEREZ PEREZ, CLAUDIO ALEXANDER";"CIRUGIA GENERAL";"28 Hrs.";"MEDICO CIRUJANO";"Región Metropolitana de Santiago";"(194)(193)(198)(186)";"$ 2.987.304";"$ 2.401.041";"$ 0";"$ 0";"No";"No tiene";"No tiene";"No tiene";"01/01/2025";"31/12/2025";"No informa";"REMUNERACION MAY.2025";
"2025";"Mayo";"Médicos cirujanos, farmacéuticos, químico-farmacéuticos, bioquímicos, cirujano-dentistas";"JEREZ RIOS, MARIA PILAR";"Atencion Odontologica";"44 Hrs.";"CIRUJANO DENTISTA";"Región Metropolitana de Santiago";"(86)(186)";"$ 5.084.341";"$ 4.182.948";"$ 0";-;"No";"No tiene";"No tiene";"No tiene";"01/01/2025";"31/12/2025";"No informa";"Sin observaciones";
"2025";"Mayo";"Profesional";"JEREZ TORO, CLAUDIO ANDRES";"ATENCION CLINICA";"10";"KINESIOLOGO (A)";"Región Metropolitana de Santiago";"(203)(201)(204)(186)";"$ 3.314.314";"$ 2.569.726";"$ 0";"$ 0";"No";"No tiene";"No tiene";"No tiene";"01/01/2025";"31/12/2025";"No informa";"REMUNERACION MAY.2025";
"2025";"Mayo";"Administrativo";"JIL PIZARRO, VIRGINIA ANDREA";"Secretaria";"13";"ADMINISTRATIVO";"Región Metropolitana de Santiago";"(01)";"$ 1.692.880";"$ 1.362.391";"$ 0";-;"No";"No tiene";"No tiene";"No tiene";"01/01/2025";"31/12/2025";"No informa";"Sin observaciones";
"2025";"Mayo";"Médicos cirujanos, farmacéuticos, químico-farmacéuticos, bioquímicos, cirujano-dentistas";"JIMENEZ BELLO, MIGUEL ANGEL";"Atencion Odontologica";"44 Hrs.";"ODONTOLOGO";"Región Metropolitana de Santiago";"(188)(186)";"$ 4.848.184";"$ 3.953.076";"$ 0";-;"No";"No tiene";"No tiene";"No tiene";"01/01/2025";"31/12/2025";"No informa";"Sin observaciones";
"2025";"Mayo";"Técnico";"JIMENEZ MENDEZ, NATARY FERNANDA";"ATENCION CLINICA";"22";"TECNICO NIVEL SUPERIOR ENFERMERIA";"Región Metropolitana de Santiago";"(202)(204)";"$ 1.268.550";"$ 1.047.279";"$ 0";"$ 0";"Sí";"$ 83.077 : 25,00 hrs";"$ 175.460 : 44,00 hrs";"No tiene";"01/01/2025";"31/12/2025";"No informa";"REMUNERACION MAY.2025";
"2025";"Mayo";"Técnico";"JIMENEZ RIVAS, ADRIANA DE LAS MERCEDES";"Atencion Clinica";"22";"TECNICO";"Región Metropolitana de Santiago";"(01)";"$ 704.365";"$ 574.408";"$ 0";-;"No";"No tiene";"No tiene";"No tiene";"01/01/2025";"07/06/2025";"No informa";"CONTRATO POR REEMPLAZO";
"2025";"Mayo";"Médicos cirujanos, farmacéuticos, químico-farmacéuticos, bioquímicos, cirujano-dentistas";"JIMENEZ ZENTENO, CAROLINA";"Atencion Clinica Medica";"44 Hrs.";"MEDICO CIRUJANO";"Región Metropolitana de Santiago";"(86)(86)";"$ 2.929.627";"$ 2.168.482";"$ 0";-;"No";"No tiene";"No tiene";"No tiene";"07/04/2025";"31/12/2025";"No informa";"Sin observaciones";
"2025";"Mayo";"Profesional";"JOFRE ALQUINTA, BARBARA CAMILA";"Atencion Clinica";"15";"EDUCADOR (A) DE PARVULOS";"Región Metropolitana de Santiago";"(186)";"$ 1.550.674";"$ 1.264.013";"$ 0";-;"No";"No tiene";"No tiene";"No tiene";"01/01/2025";"31/12/2025";"No informa";"Sin observaciones";
"2025";"Mayo";"Profesional";"JORDAN RUIZ, TAMARA FRANCISCA";"Coordinador";"8";"PSICOLOGO (A)";"Región Metropolitana de Santiago";"(186)";"$ 2.778.149";"$ 2.212.094";"$ 0";-;"No";"No tiene";"No tiene";"No tiene";"01/01/2025";"31/12/2025";"No informa";"Sin observaciones";
"2025";"Mayo";"Médicos cirujanos, farmacéuticos, químico-farmacéuticos, bioquímicos, cirujano-dentistas";"KAUFMANN ISENSEE, SOFIA RAQUEL";"Medico Becario Primario";"44 Hrs.";"MEDICO CIRUJANO";"Región Metropolitana de Santiago";"(01)";"$ 2.801.656";"$ 2.311.646";"$ 0";-;"No";"No tiene";"No tiene";"No tiene";"07/04/2025";"06/04/2026";"No informa";"Sin observaciones";
"2025";"Mayo";"Médicos cirujanos, farmacéuticos, químico-farmacéuticos, bioquímicos, cirujano-dentistas";"KREMSER RUIZ, INGRID ROSMARY";"Atencion Clinica Medica";"44 Hrs.";"MEDICO CIRUJANO";"Región Metropolitana de Santiago";"(188)(86)(186)";"$ 6.450.748";"$ 5.243.258";"$ 0";-;"No";"No tiene";"No tiene";"No tiene";"01/01/2025";"31/12/2025";"No informa";"Sin observaciones";
"2025";"Mayo";"Profesional";"KSINSKI ARMAS, ANDREA";"Atencion Clinica";"15";"PSICOLOGO (A)";"Región Metropolitana de Santiago";"(186)";"$ 1.478.327";"$ 1.196.617";"$ 0";-;"No";"No tiene";"No tiene";"No tiene";"01/01/2025";"31/12/2025";"No informa";"Sin observaciones";
"2025";"Mayo";"Administrativo";"LABARCA MOYA, CARLOS ENRIQUE";"Apoyo Administrativo";"22";"ADMINISTRATIVO";"Región Metropolitana de Santiago";"(186)";"$ 871.600";"$ 749.565";"$ 0";-;"Sí";"$ 137.655 : 40,00 hrs";"$ 61.945 : 15,00 hrs";"No tiene";"01/01/2025";"31/12/2025";"No informa";"Sin observaciones";
"2025";"Mayo";"Profesional";"LABARCA MOYA, FRANCISCO JAVIER";"Atencion Clinica";"15";"ENFERMERA (O)";"Región Metropolitana de Santiago";"(186)";"$ 1.518.266";"$ 1.236.790";"$ 0";-;"Sí";"No tiene";"$ 48.330 : 5,00 hrs";"No tiene";"01/01/2025";"31/12/2025";"No informa";"Sin observaciones";
"2025";"Mayo";"Profesional";"LABRA CALLEJAS, CLAUDIA LORENA";"Apoyo Administrativo";"8";"INGENIERO (A) EJECUCION ADMINISTRACION";"Región Metropolitana de Santiago";"(186)";"$ 2.821.297";"$ 2.239.882";"$ 0";-;"No";"No tiene";"No tiene";"No tiene";"01/01/2025";"31/12/2025";"No informa";"Sin observaciones";
"2025";"Mayo";"Profesional";"LABRA RODRIGUEZ, MARIA ORFELINA";"ATENCION CLINICA";"13";"ENFERMERA (O)";"Región Metropolitana de Santiago";"(203)(204)(186)";"$ 2.385.199";"$ 1.874.932";"$ 0";"$ 0";"No";"No tiene";"No tiene";"No tiene";"01/01/2025";"31/12/2025";"No informa";"REMUNERACION MAY.2025";
"2025";"Mayo";"Médicos cirujanos, farmacéuticos, químico-farmacéuticos, bioquímicos, cirujano-dentistas";"LABRIN FERNANDEZ, CONSTANZA ANTONIA";"Atencion Clinica Medica";"44 Hrs.";"MEDICO CIRUJANO";"Región Metropolitana de Santiago";"(86)";"$ 2.929.627";"$ 2.340.878";"$ 0";-;"No";"No tiene";"No tiene";"No tiene";"01/01/2025";"31/12/2025";"No informa";"Sin observaciones";
"2025";"Mayo";"Profesional";"LAGOS VERDUGO, MARJORIE LISSETTE";"Atencion Clinica";"16";"PSICOLOGO (A)";"Región Metropolitana de Santiago";"(186)";"$ 1.341.920";"$ 1.098.840";"$ 0";-;"No";"No tiene";"No tiene";"No tiene";"01/01/2025";"31/12/2025";"No informa";"Sin observaciones";
"2025";"Mayo";"Auxiliar";"LARA AGUILAR, DANIEL SEGUNDO";"CONDUCTOR";"20";"AUXILIAR";"Región Metropolitana de Santiago";"(205)(201)(202)(204)(186)";"$ 1.353.707";"$ 806.939";"$ 0";"$ 0";"No";"No tiene";"No tiene";"No tiene";"01/01/2025";"31/12/2025";"No informa";"REMUNERACION MAY.2025";
"2025";"Mayo";"Administrativo";"LARA ARRIAGADA, MARJORIE KATHINA";"Apoyo Administrativo";"21";"ADMINISTRATIVO";"Región Metropolitana de Santiago";"(186)";"$ 697.280";"$ 569.887";"$ 0";-;"No";"No tiene";"No tiene";"No tiene";"01/01/2025";"31/12/2025";"No informa";"Sin observaciones";
"2025";"Mayo";"Profesional";"LARA HEWSTONE, JOCELYN AMANDA";"Atencion Clinica";"9";"PROFESIONAL";"Región Metropolitana de Santiago";"(186)";"$ 2.457.624";"$ 1.968.546";"$ 0";-;"No";"No tiene";"No tiene";"No tiene";"01/01/2025";"31/12/2025";"No informa";"Sin observaciones";
"2025";"Mayo";"Profesional";"LARA PIÑA, JENNIFER DINA";"Atencion Clinica";"15";"KINESIOLOGO (A)";"Región Metropolitana de Santiago";"(186)";"$ 1.575.848";"$ 1.276.063";"$ 0";-;"No";"No tiene";"No tiene";"No tiene";"01/01/2025";"31/12/2025";"No informa";"Sin observaciones";
"2025";"Mayo";"Técnico";"LARA SALVATIERRA, MARIELA CAROLINE";"Atencion Clinica";"22";"TECNICO NIVEL SUPERIOR ENFERMERIA";"Región Metropolitana de Santiago";"(202)";"$ 986.516";"$ 816.908";"$ 0";-;"Sí";"$ 29.908 : 9,00 hrs";"No tiene";"No tiene";"01/01/2025";"31/12/2025";"No informa";"Sin observaciones";
"2025";"Mayo";"Auxiliar";"LARA STEPHENS, CRISTIAN RODRIGO";"CONDUCTOR";"21";"AUXILIAR";"Región Metropolitana de Santiago";"(205)(202)(204)";"$ 1.500.849";"$ 1.161.272";"$ 0";"$ 0";"Sí";"$ 143.412 : 40,00 hrs";"$ 223.722 : 52,00 hrs";"No tiene";"01/01/2025";"31/12/2025";"No informa";"REMUNERACION MAY.2025";
"2025";"Mayo";"Profesional";"LARENAS MIRANDA, PAULO";"ATENCION CLINICA";"13";"ENFERMERA (O)";"Región Metropolitana de Santiago";"(203)(204)(186)";"$ 3.443.289";"$ 2.844.886";"$ 0";"$ 0";"Sí";"$ 257.373 : 27,00 hrs";"$ 800.717 : 70,00 hrs";"No tiene";"01/01/2025";"31/12/2025";"No informa";"REMUNERACION MAY.2025";
"2025";"Mayo";"Técnico";"LAVENA TORRES, ANDREA ALEJANDRA";"Atencion Clinica";"22";"TECNICO NIVEL SUPERIOR ENFERMERIA";"Región Metropolitana de Santiago";"(186)";"$ 772.702";"$ 642.580";"$ 0";-;"Sí";"$ 67.053 : 20,00 hrs";"No tiene";"No tiene";"01/01/2025";"31/12/2025";"No informa";"Sin observaciones";
"2025";"Mayo";"Profesional";"LAVIGNE PLAZA, RICARDO ESTEBAN";"Apoyo Administrativo";"8";"ABOGADO (A)";"Región Metropolitana de Santiago";"(186)";"$ 2.674.637";"$ 2.128.310";"$ 0";-;"No";"No tiene";"No tiene";"No tiene";"01/03/2025";"31/12/2025";"No informa";"Sin observaciones";
"2025";"Mayo";"Profesional";"LAVIN SANDOVAL, NICOLE THALIA";"Atencion Clinica";"15";"ENFERMERA (O)";"Región Metropolitana de Santiago";"(186)";"$ 1.644.087";"$ 1.370.685";"$ 0";-;"Sí";"$ 96.075 : 12,00 hrs";"$ 86.467 : 9,00 hrs";"No tiene";"01/01/2025";"31/12/2025";"No informa";"Sin observaciones";
"2025";"Mayo";"Profesional";"LAZCANO HAFEMANN, PAULA ANDREA";"Apoyo Administrativo";"8";"NUTRICIONISTA";"Región Metropolitana de Santiago";"(186)";"$ 2.717.786";"$ 2.165.952";"$ 0";-;"No";"No tiene";"No tiene";"No tiene";"01/01/2025";"31/12/2025";"No informa";"Sin observaciones";
"2025";"Mayo";"Profesional";"LAZO CHACON, VALENTINA PASCAL";"Apoyo Administrativo";"8";"ABOGADO (A)";"Región Metropolitana de Santiago";"(186)";"$ 2.674.637";"$ 2.150.640";"$ 0";-;"No";"No tiene";"No tiene";"No tiene";"01/01/2025";"31/12/2025";"No informa";"Sin observaciones";
"2025";"Mayo";"Profesional";"LAZO MUÑOZ, DAMARI ANDREA";"Atencion Clinica";"15";"ASISTENTE SOCIAL";"Región Metropolitana de Santiago";"(186)";"$ 1.550.674";"$ 1.264.013";"$ 0";-;"No";"No tiene";"No tiene";"No tiene";"01/01/2025";"31/12/2025";"No informa";"Sin observaciones";
"2025";"Mayo";"Técnico";"LAZO NAVARRETE, MARA VALENTINA";"Atencion Clinica";"22";"TECNICO NIVEL SUPERIOR ODONTOLOGIA";"Región Metropolitana de Santiago";"(186)";"$ 706.933";"$ 582.654";"$ 0";-;"No";"No tiene";"No tiene";"No tiene";"01/01/2025";"31/12/2025";"No informa";"Sin observaciones";
"2025";"Mayo";"Profesional";"LAZO VALDENEGRO, ARACELIS ELENA";"Apoyo Administrativo";"10";"PSICOLOGO (A)";"Región Metropolitana de Santiago";"(186)";"$ 2.254.504";"$ 1.809.487";"$ 0";-;"No";"No tiene";"No tiene";"No tiene";"01/01/2025";"31/12/2025";"No informa";"Sin observaciones";
"2025";"Mayo";"Auxiliar";"LEAL AGUILAR, MARIO ENRIQUE";"CONDUCTOR";"24";"AUXILIAR";"Región Metropolitana de Santiago";"(01)";"$ 1.187.802";"$ 913.721";"$ 0";"$ 0";"Sí";"$ 75.592 : 27,00 hrs";"$ 518.503 : 211,00 hrs";"No tiene";"01/01/2025";"31/05/2025";"No informa";"REMUNERACION MAY.2025+PAGO BONO MENSUAL";
"2025";"Mayo";"Médicos cirujanos, farmacéuticos, químico-farmacéuticos, bioquímicos, cirujano-dentistas";"LEAL GEOFFROY, ALICIA CATALINA";"Atencion Odontologica";"22 Hrs.";"CIRUJANO DENTISTA";"Región Metropolitana de Santiago";"(01)";"$ 939.274";"$ 774.996";"$ 0";-;"No";"No tiene";"No tiene";"No tiene";"01/01/2025";"30/06/2025";"No informa";"Sin observaciones";
"2025";"Mayo";"Médicos cirujanos, farmacéuticos, químico-farmacéuticos, bioquímicos, cirujano-dentistas";"LEAL SALINAS, CATALINA";"Atencion Clinica Medica";"44 Hrs.";"MEDICO CIRUJANO";"Región Metropolitana de Santiago";"(86)";"$ 2.929.627";"$ 2.346.166";"$ 0";-;"No";"No tiene";"No tiene";"No tiene";"01/01/2025";"31/12/2025";"No informa";"Sin observaciones";
"2025";"Mayo";"Profesional";"LEAL VALENZUELA, GABRIELA ANDREA";"Atencion Clinica";"12";"NUTRICIONISTA";"Región Metropolitana de Santiago";"(01)";"$ 2.085.992";"$ 1.694.557";"$ 0";-;"Sí";"$ 102.899 : 10,00 hrs";"No tiene";"No tiene";"01/01/2025";"31/12/2025";"No informa";"Sin observaciones";
"2025";"Mayo";"Médicos cirujanos, farmacéuticos, químico-farmacéuticos, bioquímicos, cirujano-dentistas";"LEDEZMA ROJAS, PAULINA CONSTANZA";"Atencion Odontologica";"22 Hrs.";"CIRUJANO DENTISTA";"Región Metropolitana de Santiago";"(188)(186)";"$ 2.464.052";"$ 1.969.099";"$ 0";-;"No";"No tiene";"No tiene";"No tiene";"01/01/2025";"31/12/2025";"No informa";"Sin observaciones";
"2025";"Mayo";"Profesional";"LEFEVRE CABRERA, STEPHANIE MICHELLE";"Atencion Clinica";"16";"FONOAUDIOLOGO (A)";"Región Metropolitana de Santiago";"(01)";"$ 1.723.615";"$ 1.460.534";"$ 0";-;"Sí";"$ 284.439 : 39,00 hrs";"$ 105.024 : 12,00 hrs";"No tiene";"01/01/2025";"31/12/2025";"No informa";"Sin observaciones";
"2025";"Mayo";"Administrativo";"LEIVA ALVAREZ, ISABEL JANET";"Apoyo Administrativo";"22";"ADMINISTRATIVO";"Región Metropolitana de Santiago";"(01)";"$ 654.020";"$ 534.531";"$ 0";-;"No";"No tiene";"No tiene";"No tiene";"01/01/2025";"31/12/2025";"No informa";"Sin observaciones";
"2025";"Mayo";"Profesional";"LEIVA GONZALEZ, JUAN ANTONIO";"Apoyo Administrativo";"6";"CONTADOR (A) AUDITOR (A)";"Región Metropolitana de Santiago";"(186)";"$ 3.268.886";"$ 2.598.125";"$ 0";-;"No";"No tiene";"No tiene";"No tiene";"01/01/2025";"31/12/2025";"No informa";"Sin observaciones";
"2025";"Mayo";"Técnico";"LEIVA GONZALEZ, SELMA ELIZABETH";"Atencion Clinica";"21";"TECNICO NIVEL SUPERIOR ENFERMERIA";"Región Metropolitana de Santiago";"(186)";"$ 803.396";"$ 753.994";"$ 0";-;"Sí";"$ 97.657 : 27,00 hrs";"No tiene";"No tiene";"01/01/2025";"31/12/2025";"No informa";"Sin observaciones";
"2025";"Mayo";"Profesional";"LEIVA MENDEZ, SOFIA VALENTINA";"Apoyo Administrativo";"15";"TERAPEUTA OCUPACIONAL";"Región Metropolitana de Santiago";"(01)";"$ 1.453.153";"$ 1.178.760";"$ 0";-;"No";"No tiene";"No tiene";"No tiene";"01/05/2025";"31/07/2025";"No informa";"Sin observaciones";
"2025";"Mayo";"Médicos cirujanos, farmacéuticos, químico-farmacéuticos, bioquímicos, cirujano-dentistas";"LEIVA SANTIAGO, ROLANDO MIGUEL";"Atencion Clinica Medica";"44 Hrs.";"MEDICO CIRUJANO";"Región Metropolitana de Santiago";"(86)(186)";"$ 6.148.797";"$ 5.033.541";"$ 0";-;"Sí";"$ 504.760 : 40,00 hrs";"$ 1.590.015 : 105,00 hrs";"No tiene";"01/01/2025";"31/05/2025";"No informa";"Sin observaciones";
"2025";"Mayo";"Profesional";"LEON CUBILLOS, ALVARO FRANCISCO";"ATENCION CLINICA";"11";"ENFERMERA (O)";"Región Metropolitana de Santiago";"(203)(201)(204)(186)";"$ 3.351.321";"$ 2.600.704";"$ 0";"$ 0";"Sí";"$ 150.088 : 13,00 hrs";"$ 166.251 : 12,00 hrs";"No tiene";"01/01/2025";"31/12/2025";"No informa";"REMUNERACION MAY.2025";
"2025";"Mayo";"Médicos cirujanos, farmacéuticos, químico-farmacéuticos, bioquímicos, cirujano-dentistas";"LEON MANRIQUEZ, DIEGO RICARDO";"Medico Becario Primario";"44 Hrs.";"MEDICO CIRUJANO";"Región Metropolitana de Santiago";"(01)";"$ 3.458.581";"$ 2.853.683";"$ 0";-;"No";"No tiene";"No tiene";"No tiene";"01/06/2024";"31/05/2025";"No informa";"Sin observaciones";
"2025";"Mayo";"Médicos cirujanos, farmacéuticos, químico-farmacéuticos, bioquímicos, cirujano-dentistas";"LEON NAVARRO, SAMUEL AARON";"Atencion Odontologica";"22 Hrs.";"CIRUJANO DENTISTA";"Región Metropolitana de Santiago";"(188)(186)";"$ 1.323.033";"$ 1.079.064";"$ 0";-;"No";"No tiene";"No tiene";"No tiene";"01/01/2025";"31/12/2025";"No informa";"Sin observaciones";
"2025";"Mayo";"Médicos cirujanos, farmacéuticos, químico-farmacéuticos, bioquímicos, cirujano-dentistas";"LEON NAVARRO, SAMUEL AARON";"Atencion Odontologica";"22 Hrs.";"CIRUJANO DENTISTA";"Región Metropolitana de Santiago";"(188)(186)";"$ 1.323.033";"$ 1.025.861";"$ 0";-;"No";"No tiene";"No tiene";"No tiene";"01/01/2025";"31/12/2025";"No informa";"Sin observaciones";
"2025";"Mayo";"Profesional";"LESCOT VIEYRA, KAREN ANDREA";"Atencion Clinica";"15";"PSICOLOGO (A)";"Región Metropolitana de Santiago";"(01)";"$ 1.453.153";"$ 1.182.791";"$ 0";-;"No";"No tiene";"No tiene";"No tiene";"01/01/2025";"31/12/2025";"No informa";"Sin observaciones";
"2025";"Mayo";"Profesional";"LETELIER SANZANA, ALEJANDRO";"Apoyo Administrativo";"5";"QUIMICO FARMACEUTICO";"Región Metropolitana de Santiago";"(186)";"$ 3.544.624";"$ 2.823.995";"$ 0";-;"No";"No tiene";"No tiene";"No tiene";"01/01/2025";"31/12/2025";"No informa";"Sin observaciones";
"2025";"Mayo";"Médicos cirujanos, farmacéuticos, químico-farmacéuticos, bioquímicos, cirujano-dentistas";"LIBERONA ROJAS, ANDRES IGNACIO";"Medico Becario Primario";"44 Hrs.";"MEDICO CIRUJANO";"Región Metropolitana de Santiago";"(01)";"$ 2.801.656";"$ 2.311.646";"$ 0";-;"No";"No tiene";"No tiene";"No tiene";"07/04/2025";"06/04/2026";"No informa";"Sin observaciones";
"2025";"Mayo";"Auxiliar";"LIPPI SEPULVEDA, VICTOR MANUEL";"CONDUCTOR";"24";"TECNICO NIVEL SUPERIOR ENFERMERIA";"Región Metropolitana de Santiago";"(01)";"$ 1.004.041";"$ 911.804";"$ 0";"$ 0";"Sí";"$ 78.391 : 28,00 hrs";"$ 514.023 : 211,00 hrs";"No tiene";"01/05/2025";"19/05/2025";"No informa";"REEMPLAZO ABR.2025 (29-30)+REEMPLAZO MAY.2025 (01-19)+PAGO BONO MENSUAL";
"2025";"Mayo";"Administrativo";"LIRA DIAZ, VICTOR HUGO";"Apoyo Administrativo";"22";"ADMINISTRATIVO";"Región Metropolitana de Santiago";"(01)";"$ 114.176";"$ 90.340";"$ 0";-;"Sí";"No tiene";"No tiene";"No tiene";"01/01/2025";"04/05/2025";"No informa";"Sin observaciones";
"2025";"Mayo";"Administrativo";"LIRA DIAZ, VICTOR HUGO";"Apoyo Administrativo";"16";"ADMINISTRATIVO";"Región Metropolitana de Santiago";"(01)";"$ 1.138.925";"$ 938.842";"$ 0";-;"Sí";"$ 3.666 : 1,00 hrs";"No tiene";"No tiene";"05/05/2025";"31/05/2025";"No informa";"Sin observaciones";
"2025";"Mayo";"Administrativo";"LIRA PIZARRO, ALLISON DENISSE";"Apoyo Administrativo";"22";"ADMINISTRATIVO";"Región Metropolitana de Santiago";"(186)";"$ 658.515";"$ 543.340";"$ 0";-;"No";"No tiene";"No tiene";"No tiene";"01/01/2025";"31/12/2025";"No informa";"Sin observaciones";
"2025";"Mayo";"Técnico";"LIZAMA NUÑEZ, DANIELA GRACE";"Atencion Clinica";"22";"TECNICO NIVEL SUPERIOR RECURSOS HUMANOS";"Región Metropolitana de Santiago";"(186)";"$ 708.217";"$ 578.825";"$ 0";-;"No";"No tiene";"No tiene";"No tiene";"01/01/2025";"31/12/2025";"No informa";"Sin observaciones";
"2025";"Mayo";"Profesional";"LIZANA TORRES, SERGIO FRANCISCO";"Apoyo Administrativo";"6";"ADMINISTRADOR (A) PUBLICO";"Región Metropolitana de Santiago";"(186)";"$ 3.358.015";"$ 2.639.605";"$ 0";-;"No";"No tiene";"No tiene";"No tiene";"01/01/2025";"31/12/2025";"No informa";"Sin observaciones";
"2025";"Mayo";"Administrativo";"LLANCAMAN HUICHAQUEO, VIVIANA DEL PILAR";"Apoyo Administrativo";"22";"ADMINISTRATIVO";"Región Metropolitana de Santiago";"(186)";"$ 658.515";"$ 538.204";"$ 0";-;"No";"No tiene";"No tiene";"No tiene";"01/01/2025";"31/12/2025";"No informa";"Sin observaciones";
"2025";"Mayo";"Médicos cirujanos, farmacéuticos, químico-farmacéuticos, bioquímicos, cirujano-dentistas";"LLANILLOS LEON, JEAN PAUL";"Medico Becario Primario";"44 Hrs.";"MEDICO CIRUJANO";"Región Metropolitana de Santiago";"(01)";"$ 3.458.582";"$ 2.833.727";"$ 0";-;"No";"No tiene";"No tiene";"No tiene";"08/05/2024";"07/05/2026";"No informa";"Sin observaciones";
"2025";"Mayo";"Técnico";"LLANOS CATALAN, DANIELA ELIZABETH";"ATENCION CLINICA";"22";"TECNICO NIVEL SUPERIOR ENFERMERIA";"Región Metropolitana de Santiago";"(203)(204)(186)";"$ 872.239";"$ 625.589";"$ 0";"$ 0";"No";"No tiene";"No tiene";"No tiene";"01/01/2025";"31/12/2025";"No informa";"REMUNERACION MAY.2025";
"2025";"Mayo";"Médicos cirujanos, farmacéuticos, químico-farmacéuticos, bioquímicos, cirujano-dentistas";"LLANTEN AROCA, PAMELA";"Atencion Clinica Medica";"44 Hrs.";"MEDICO CIRUJANO";"Región Metropolitana de Santiago";"(86)(186)";"$ 5.820.099";"$ 4.765.077";"$ 0";-;"No";"No tiene";"No tiene";"No tiene";"01/01/2025";"31/12/2025";"No informa";"Sin observaciones";
"2025";"Mayo";"Médicos cirujanos, farmacéuticos, químico-farmacéuticos, bioquímicos, cirujano-dentistas";"LLARENA ASTUDILLO, ANDRES ENRIQUE";"CIRUGIA GENERAL";"28 Hrs.";"MEDICO CIRUJANO";"Región Metropolitana de Santiago";"(194)(193)(198)(186)";"$ 3.412.518";"$ 2.720.061";"$ 0";"$ 0";"No";"No tiene";"No tiene";"No tiene";"01/02/2025";"31/05/2025";"No informa";"REMUNERACION MAY.2025";
"2025";"Mayo";"Profesional";"LOBOS AEDO, ROSARIO ANDREA";"Apoyo Administrativo";"10";"PSICOLOGO (A)";"Región Metropolitana de Santiago";"(186)";"$ 2.254.504";"$ 1.808.131";"$ 0";-;"No";"No tiene";"No tiene";"No tiene";"01/01/2025";"31/12/2025";"No informa";"Sin observaciones";
"2025";"Mayo";"Administrativo";"LOPEZ ANGUITA, CECILIA";"Apoyo Administrativo";"15";"ADMINISTRATIVO";"Región Metropolitana de Santiago";"(186)";"$ 1.459.953";"$ 1.180.178";"$ 0";-;"No";"No tiene";"No tiene";"No tiene";"01/01/2025";"31/12/2025";"No informa";"Sin observaciones";
"2025";"Mayo";"Médicos cirujanos, farmacéuticos, químico-farmacéuticos, bioquímicos, cirujano-dentistas";"LOPEZ ARAVENA, ESTEBAN IGNACIO";"Atencion Clinica Medica";"44 Hrs.";"MEDICO CIRUJANO";"Región Metropolitana de Santiago";"(86)";"$ 2.929.627";"$ 2.340.878";"$ 0";-;"No";"No tiene";"No tiene";"No tiene";"01/01/2025";"31/12/2025";"No informa";"Sin observaciones";
"2025";"Mayo";"Profesional";"LOPEZ GONZALEZ, ALVARO ANTONIO";"Apoyo Administrativo";"8";"INGENIERO (A) EN COMPUTACION E INFORMATICA";"Región Metropolitana de Santiago";"(186)";"$ 2.763.766";"$ 2.197.036";"$ 0";-;"No";"No tiene";"No tiene";"No tiene";"01/01/2025";"31/12/2025";"No informa";"Sin observaciones";
"2025";"Mayo";"Auxiliar";"LOPEZ MARIN, JUAN CARLOS";"Apoyo Logistico";"24";"AUXILIAR";"Región Metropolitana de Santiago";"(202)(186)";"$ 810.736";"$ 663.505";"$ 0";-;"No";"No tiene";"No tiene";"No tiene";"01/01/2025";"31/12/2025";"No informa";"Sin observaciones";
"2025";"Mayo";"Profesional";"LOPEZ PEREZ, JOSE ARTURO";"Director Zonal";"5";"INGENIERO (A) COMERCIAL";"Región Metropolitana de Santiago";"(186)";"$ 3.544.424";"$ 2.796.588";"$ 0";-;"No";"No tiene";"No tiene";"No tiene";"01/01/2025";"31/12/2025";"No informa";"Sin observaciones";
"2025";"Mayo";"Técnico";"LOPEZ REYES, CARLA DE LAS MERCEDES";"Atencion Clinica";"22";"TECNICO NIVEL SUPERIOR ENFERMERIA";"Región Metropolitana de Santiago";"(01)";"$ 704.365";"$ 576.451";"$ 0";-;"No";"No tiene";"No tiene";"No tiene";"01/01/2025";"31/07/2025";"No informa";"Sin observaciones";
"2025";"Mayo";"Médicos cirujanos, farmacéuticos, químico-farmacéuticos, bioquímicos, cirujano-dentistas";"LOPEZ RODRIGUEZ, LYA";"Atencion Odontologica";"11 Hrs.";"CIRUJANO DENTISTA";"Región Metropolitana de Santiago";"(188)(186)";"$ 1.129.716";"$ 930.937";"$ 0";-;"No";"No tiene";"No tiene";"No tiene";"01/01/2025";"31/12/2025";"No informa";"Sin observaciones";
"2025";"Mayo";"Médicos cirujanos, farmacéuticos, químico-farmacéuticos, bioquímicos, cirujano-dentistas";"LOPEZ SAN MARTIN, CAMILA ELIZABETH";"Atencion Clinica Medica";"44 Hrs.";"MEDICO CIRUJANO";"Región Metropolitana de Santiago";"(86)";"$ 2.929.627";"$ 2.340.878";"$ 0";-;"No";"No tiene";"No tiene";"No tiene";"01/01/2025";"31/12/2025";"No informa";"Sin observaciones";
"2025";"Mayo";"Médicos cirujanos, farmacéuticos, químico-farmacéuticos, bioquímicos, cirujano-dentistas";"LOPEZ VERGARA, JAVIERA PAZ";"Atencion Odontologica";"22 Hrs.";"CIRUJANO DENTISTA";"Región Metropolitana de Santiago";"(188)(186)";"$ 2.476.565";"$ 1.976.160";"$ 0";-;"No";"No tiene";"No tiene";"No tiene";"01/01/2025";"31/12/2025";"No informa";"Sin observaciones";
"2025";"Mayo";"Administrativo";"LORCA DOÑAS, ANDREA DENISSE";"Apoyo Administrativo";"21";"ADMINISTRATIVO";"Región Metropolitana de Santiago";"(01)";"$ 828.933";"$ 701.200";"$ 0";-;"Sí";"$ 93.217 : 26,00 hrs";"$ 43.024 : 10,00 hrs";"No tiene";"01/01/2025";"31/12/2025";"No informa";"Sin observaciones";
"2025";"Mayo";"Profesional";"LORCA LORCA, CRISTIAN ESTEBAN";"Apoyo Administrativo";"13";"CONTADOR (A) AUDITOR (A)";"Región Metropolitana de Santiago";"(01)";"$ 1.743.443";"$ 1.408.314";"$ 0";-;"Sí";"$ 18.951 : 2,00 hrs";"No tiene";"No tiene";"01/01/2025";"31/07/2025";"No informa";"Sin observaciones";
"2025";"Mayo";"Auxiliar";"LORCA PONCE, JOHN MAURICIO";"Chofer";"19";"AUXILIAR";"Región Metropolitana de Santiago";"(205)(202)(186)";"$ 1.358.211";"$ 1.123.155";"$ 0";-;"Sí";"$ 12.388 : 3,00 hrs";"$ 104.052 : 21,00 hrs";"No tiene";"01/01/2025";"31/12/2025";"No informa";"Sin observaciones";
"2025";"Mayo";"Profesional";"LOYOLA ROJAS, DANIELA ANDREA";"ATENCION CLINICA";"13";"ENFERMERA (O)";"Región Metropolitana de Santiago";"(203)(204)(186)";"$ 2.411.702";"$ 1.609.794";"$ 0";"$ 0";"No";"No tiene";"No tiene";"No tiene";"01/01/2025";"31/12/2025";"No informa";"REMUNERACION MAY.2025";
"2025";"Mayo";"Técnico";"LOYOLA SEPULVEDA, ROSA GABRIELA";"Atencion Clinica";"22";"TECNICO NIVEL SUPERIOR ENFERMERIA";"Región Metropolitana de Santiago";"(186)";"$ 708.217";"$ 579.605";"$ 0";-;"No";"No tiene";"No tiene";"No tiene";"01/01/2025";"31/12/2025";"No informa";"Sin observaciones";
"2025";"Mayo";"Técnico";"LUNA ARENAS, SORAYA PAZ";"ATENCION CLINICA";"22";"TECNICO NIVEL SUPERIOR ENFERMERIA";"Región Metropolitana de Santiago";"(202)(204)";"$ 1.092.879";"$ 516.905";"$ 0";"$ 0";"Sí";"No tiene";"$ 51.840 : 13,00 hrs";"No tiene";"01/01/2025";"31/12/2025";"No informa";"REMUNERACION MAY.2025";
"2025";"Mayo";"Profesional";"MACHUCA ARAYA, KARLA ANDREA";"Apoyo Administrativo";"15";"EDUCADOR (A) DE PARVULOS";"Región Metropolitana de Santiago";"(186)";"$ 1.469.936";"$ 1.191.945";"$ 0";-;"No";"No tiene";"No tiene";"No tiene";"01/01/2025";"31/12/2025";"No informa";"Sin observaciones";
"2025";"Mayo";"Profesional";"MACHUCA FERRAN, JAVIERA PAS";"Apoyo Administrativo";"15";"TECNOLOGO (A) EN INFORMATICA BIOMEDICA";"Región Metropolitana de Santiago";"(186)";"$ 1.643.633";"$ 1.350.421";"$ 0";-;"Sí";"$ 8.104 : 1,00 hrs";"$ 68.073 : 7,00 hrs";"No tiene";"01/01/2025";"31/12/2025";"No informa";"Sin observaciones";
"2025";"Mayo";"Profesional";"MACHUCA FLORES, VALENTINA DE JESUS";"Atencion Clinica";"15";"MATRON (A)";"Región Metropolitana de Santiago";"(186)";"$ 1.461.545";"$ 1.183.809";"$ 0";-;"No";"No tiene";"No tiene";"No tiene";"01/01/2025";"31/12/2025";"No informa";"Sin observaciones";
"2025";"Mayo";"Profesional";"MADRID AGUAYO, LINCOLN ROBERTO";"Apoyo Logistico";"6";"INGENIERO (A) CIVIL";"Región Metropolitana de Santiago";"(186)";"$ 3.290.602";"$ 2.588.557";"$ 0";-;"No";"No tiene";"No tiene";"No tiene";"01/01/2025";"31/12/2025";"No informa";"Sin observaciones";
"2025";"Mayo";"Técnico";"MADRID TILLERIAS, ANA KARINA";"Atencion Clinica";"22";"TECNICO NIVEL SUPERIOR RECURSOS HUMANOS";"Región Metropolitana de Santiago";"(202)(186)";"$ 987.938";"$ 805.663";"$ 0";-;"No";"No tiene";"No tiene";"No tiene";"01/01/2025";"31/12/2025";"No informa";"Sin observaciones";
"2025";"Mayo";"Auxiliar";"MAGNANI VASQUEZ, ALDO JAVIER";"CONDUCTOR";"24";"AUXILIAR";"Región Metropolitana de Santiago";"(205)";"$ 1.003.655";"$ 853.876";"$ 0";"$ 0";"Sí";"$ 36.396 : 13,00 hrs";"$ 301.247 : 157,00 hrs";"No tiene";"01/01/2025";"31/05/2025";"No informa";"REMUNERACION MAY.2025+PAGO BONO MENSUAL";
"2025";"Mayo";"Médicos cirujanos, farmacéuticos, químico-farmacéuticos, bioquímicos, cirujano-dentistas";"MALDONADO GONZALEZ, EDUARDO ANDRES";"Atencion Clinica Medica";"44 Hrs.";"MEDICO CIRUJANO";"Región Metropolitana de Santiago";"(86)(186)";"$ 5.446.497";"$ 4.474.489";"$ 0";-;"Sí";"$ 466.903 : 37,00 hrs";"$ 1.423.442 : 94,00 hrs";"No tiene";"01/01/2025";"31/12/2025";"No informa";"Sin observaciones";
"2025";"Mayo";"Profesional";"MALDONADO IRARRAZAVAL, CRISTIAN ADOLFO";"Apoyo Administrativo";"8";"CONSTRUCTOR (A) CIVIL";"Región Metropolitana de Santiago";"(01)";"$ 2.660.255";"$ 2.116.023";"$ 0";-;"No";"No tiene";"No tiene";"No tiene";"01/01/2025";"31/12/2025";"No informa";"Sin observaciones";
"2025";"Mayo";"Técnico";"MALDONADO VALENZUELA, TANIA ANDREINA";"Atencion Clinica";"21";"TECNICO NIVEL SUPERIOR ENFERMERIA";"Región Metropolitana de Santiago";"(01)";"$ 704.582";"$ 576.630";"$ 0";-;"No";"No tiene";"No tiene";"No tiene";"01/01/2025";"31/12/2025";"No informa";"Sin observaciones";
"2025";"Mayo";"Profesional";"MALLEA GUTIERREZ, MICHELLE FERNANDA";"Atencion Clinica";"13";"PSICOLOGO (A)";"Región Metropolitana de Santiago";"(01)";"$ 862.247";"$ 683.979";"$ 0";-;"No";"No tiene";"No tiene";"No tiene";"01/05/2025";"31/08/2025";"No informa";"Sin observaciones";
"2025";"Mayo";"Profesional";"MALLEA GUTIERREZ, MICHELLE FERNANDA";"Atencion Clinica";"13";"PSICOLOGO (A)";"Región Metropolitana de Santiago";"(01)";"$ 862.247";"$ 703.162";"$ 0";-;"No";"No tiene";"No tiene";"No tiene";"01/01/2025";"31/12/2025";"No informa";"Sin observaciones";
"2025";"Mayo";"Profesional";"MALO PAINEN, DAISY PAMELA";"Atencion Clinica";"12";"ENFERMERA UNIVERSITARIA";"Región Metropolitana de Santiago";"(01)";"$ 1.893.964";"$ 1.523.090";"$ 0";-;"No";"No tiene";"No tiene";"No tiene";"01/01/2025";"31/12/2025";"No informa";"Sin observaciones";
"2025";"Mayo";"Profesional";"MANCILLA ACEVEDO, GONZALO ALEXIS";"Atencion Clinica";"16";"PROFESIONAL";"Región Metropolitana de Santiago";"(01)";"$ 578.132";"$ 469.583";"$ 0";-;"No";"No tiene";"No tiene";"No tiene";"19/05/2025";"07/06/2025";"No informa";"CONTRATO POR REEMPLAZO";
"2025";"Mayo";"Profesional";"MANCILLA ACEVEDO, GONZALO ALEXIS";"Atencion Clinica";"16";"PROFESIONAL";"Región Metropolitana de Santiago";"(01)";"$ 756.020";"$ 623.112";"$ 0";-;"No";"No tiene";"No tiene";"No tiene";"28/04/2025";"17/05/2025";"No informa";"CONTRATO POR REEMPLAZO";
"2025";"Mayo";"Técnico";"MANCILLA FUENTEALBA, SEBASTIAN ANDRES";"Atencion Clinica";"18";"TECNICO NIVEL SUPERIOR ENFERMERIA";"Región Metropolitana de Santiago";"(01)";"$ 772.201";"$ 636.448";"$ 0";-;"No";"No tiene";"No tiene";"No tiene";"01/01/2025";"31/12/2025";"No informa";"Sin observaciones";
"2025";"Mayo";"Médicos cirujanos, farmacéuticos, químico-farmacéuticos, bioquímicos, cirujano-dentistas";"MANDIOLA MOSTO, CATALINA PAZ";"Medico Becario Primario";"44 Hrs.";"MEDICO CIRUJANO";"Región Metropolitana de Santiago";"(01)";"$ 2.801.656";"$ 2.309.124";"$ 0";-;"No";"No tiene";"No tiene";"No tiene";"07/04/2025";"06/04/2026";"No informa";"Sin observaciones";
"2025";"Mayo";"Médicos cirujanos, farmacéuticos, químico-farmacéuticos, bioquímicos, cirujano-dentistas";"MANDUJANO MUÑOZ, ISIDORA FERNANDA";"Medico Becario Primario";"44 Hrs.";"MEDICO CIRUJANO";"Región Metropolitana de Santiago";"(01)";"$ 2.801.656";"$ 2.311.646";"$ 0";-;"No";"No tiene";"No tiene";"No tiene";"07/04/2025";"06/04/2026";"No informa";"Sin observaciones";
"2025";"Mayo";"Administrativo";"MANQUE CORTES, GLORIA EDITH";"Apoyo Administrativo";"22";"TECNICO NIVEL SUPERIOR ENFERMERIA";"Región Metropolitana de Santiago";"(01)";"$ 654.020";"$ 539.044";"$ 0";-;"No";"No tiene";"No tiene";"No tiene";"01/01/2025";"31/07/2025";"No informa";"Sin observaciones";
"2025";"Mayo";"Profesional";"MANRIQUEZ DROGUETT, ANGELA ESTER";"Apoyo Administrativo";"7";"ABOGADO (A)";"Región Metropolitana de Santiago";"(186)";"$ 3.040.678";"$ 2.402.957";"$ 0";-;"No";"No tiene";"No tiene";"No tiene";"01/01/2025";"31/12/2025";"No informa";"Sin observaciones";
"2025";"Mayo";"Profesional";"MANRIQUEZ TORRES, EVELYN ANDREA";"Atencion Clinica";"15";"ENFERMERA (O)";"Región Metropolitana de Santiago";"(186)";"$ 1.486.719";"$ 1.200.993";"$ 0";-;"No";"No tiene";"No tiene";"No tiene";"01/01/2025";"31/12/2025";"No informa";"Sin observaciones";
"2025";"Mayo";"Técnico";"MANRIQUEZ ZUÑIGA, TAMARA ANGELICA";"Atencion Clinica";"21";"TECNICO NIVEL SUPERIOR ENFERMERIA";"Región Metropolitana de Santiago";"(186)";"$ 707.688";"$ 578.393";"$ 0";-;"No";"No tiene";"No tiene";"No tiene";"01/01/2025";"31/12/2025";"No informa";"Sin observaciones";
"2025";"Mayo";"Profesional";"MANZO PINILLA, JENNIFER GIANCARLA";"Atencion Clinica";"12";"ENFERMERA (O)";"Región Metropolitana de Santiago";"(01)";"$ 1.893.964";"$ 1.523.090";"$ 0";-;"No";"No tiene";"No tiene";"No tiene";"01/01/2025";"31/12/2025";"No informa";"Sin observaciones";
"2025";"Mayo";"Profesional";"MARAMBIO CARREÑO, CRISTIAN ANDRES";"ATENCION CLINICA";"12";"KINESIOLOGO (A)";"Región Metropolitana de Santiago";"(203)(204)(186)";"$ 4.307.236";"$ 3.587.496";"$ 0";"$ 0";"Sí";"$ 423.900 : 40,00 hrs";"$ 1.220.832 : 96,00 hrs";"No tiene";"01/01/2025";"31/12/2025";"No informa";"REMUNERACION MAY.2025";
"2025";"Mayo";"Médicos cirujanos, farmacéuticos, químico-farmacéuticos, bioquímicos, cirujano-dentistas";"MARAMBIO GOLDMAN, LISETTE VANESSA";"Quimico Farmaceutico";"44 Hrs.";"QUIMICO FARMACEUTICO";"Región Metropolitana de Santiago";"(01)";"$ 1.878.546";"$ 1.511.604";"$ 0";-;"No";"No tiene";"No tiene";"No tiene";"01/01/2025";"31/07/2025";"No informa";"Sin observaciones";
"2025";"Mayo";"Médicos cirujanos, farmacéuticos, químico-farmacéuticos, bioquímicos, cirujano-dentistas";"MARAMBIO JAÑA, PATRICIO RODRIGO";"Atencion Clinica Medica";"44 Hrs.";"MEDICO CIRUJANO";"Región Metropolitana de Santiago";"(86)(186)";"$ 3.376.336";"$ 2.682.396";"$ 0";-;"No";"No tiene";"No tiene";"No tiene";"01/01/2025";"31/12/2025";"No informa";"Sin observaciones";
"2025";"Mayo";"Médicos cirujanos, farmacéuticos, químico-farmacéuticos, bioquímicos, cirujano-dentistas";"MARAMBIO SOLIS, LISETTE ALEJANDRA";"Atencion Clinica Medica";"44 Hrs.";"MEDICO CIRUJANO";"Región Metropolitana de Santiago";"(86)(186)";"$ 3.422.953";"$ 2.715.050";"$ 0";-;"No";"No tiene";"No tiene";"No tiene";"01/01/2025";"31/05/2025";"No informa";"Sin observaciones";
"2025";"Mayo";"Profesional";"MARAMBIO YAÑEZ, ANTONIO ANDRES";"Atencion Clinica";"12";"TERAPEUTA EN ACTIVIDAD FISICA";"Región Metropolitana de Santiago";"(01)";"$ 2.219.760";"$ 1.816.794";"$ 0";-;"Sí";"$ 174.928 : 17,00 hrs";"$ 61.739 : 5,00 hrs";"No tiene";"01/01/2025";"31/12/2025";"No informa";"Sin observaciones";
"2025";"Mayo";"Profesional";"MARCHANT CABRERA, CAROLINA BELEN DE RITA";"APOYO ADMINISTRATIVO";"12";"PSICOLOGO";"Región Metropolitana de Santiago";"(01)";"$ 1.893.964";"$ 1.346.211";"$ 0";"$ 0";"No";"No tiene";"No tiene";"No tiene";"01/01/2025";"31/12/2025";"No informa";"REMUNERACION MAY.2025";
"2025";"Mayo";"Administrativo";"MARCHANT MORA, MACARENA EUGENIA";"Apoyo Administrativo";"22";"ADMINISTRATIVO";"Región Metropolitana de Santiago";"(186)";"$ 663.010";"$ 540.751";"$ 0";-;"No";"No tiene";"No tiene";"No tiene";"01/01/2025";"31/12/2025";"No informa";"Sin observaciones";
"2025";"Mayo";"Técnico";"MARCHANT SAAVEDRA, DANIELA ANDREA";"Atencion Clinica";"21";"TECNICO NIVEL SUPERIOR ENFERMERIA";"Región Metropolitana de Santiago";"(186)";"$ 709.241";"$ 578.456";"$ 0";-;"No";"No tiene";"No tiene";"No tiene";"01/01/2025";"31/12/2025";"No informa";"Sin observaciones";
"2025";"Mayo";"Auxiliar";"MARDONES CASTRO, CRISTOPHER GREGORY";"Apoyo Logistico";"23";"AUXILIAR";"Región Metropolitana de Santiago";"(01)";"$ 911.911";"$ 803.441";"$ 0";-;"Sí";"$ 121.451 : 40,00 hrs";"$ 196.752 : 54,00 hrs";"No tiene";"01/01/2025";"31/12/2025";"No informa";"Sin observaciones";
"2025";"Mayo";"Auxiliar";"MARDONES VERA, ADRIAN ALFREDO";"CONDUCTOR";"22";"INGENIERO (A) EN ADMINISTRACION";"Región Metropolitana de Santiago";"(205)(202)(204)";"$ 1.870.285";"$ 1.555.001";"$ 0";"$ 0";"Sí";"$ 67.193 : 24,00 hrs";"$ 423.313 : 166,00 hrs";"No tiene";"01/01/2025";"31/07/2025";"No informa";"REMUNERACION MAY.2025";
"2025";"Mayo";"Médicos cirujanos, farmacéuticos, químico-farmacéuticos, bioquímicos, cirujano-dentistas";"MARDONES VIDAL, CAMILA FRANCISCA";"CIRUGIA GENERAL";"28 Hrs.";"MEDICO CIRUJANO";"Región Metropolitana de Santiago";"(194)(193)(198)";"$ 2.424.189";"$ 1.958.238";"$ 0";"$ 0";"No";"No tiene";"No tiene";"No tiene";"01/01/2025";"31/12/2025";"No informa";"REMUNERACION MAY.2025";
"2025";"Mayo";"Profesional";"MARILAO SALINAS, CAROLINA IVONNE";"Atencion Clinica";"15";"PROFESOR (A)";"Región Metropolitana de Santiago";"(186)";"$ 1.567.456";"$ 1.267.968";"$ 0";-;"No";"No tiene";"No tiene";"No tiene";"01/01/2025";"31/12/2025";"No informa";"Sin observaciones";
"2025";"Mayo";"Profesional";"MARILLAN CUBILLOS, SEBASTIAN ENRIQUE";"Atencion Clinica";"15";"PROFESOR (A)";"Región Metropolitana de Santiago";"(01)";"$ 1.500.897";"$ 1.220.548";"$ 0";-;"Sí";"No tiene";"$ 47.744 : 5,00 hrs";"No tiene";"01/01/2025";"31/12/2025";"No informa";"Sin observaciones";
"2025";"Mayo";"Profesional";"MARIN CALDERON, LUCIA FRANCISCA DEL CARMEN";"Atencion Clinica";"15";"TRABAJADOR (A) SOCIAL";"Región Metropolitana de Santiago";"(186)";"$ 1.559.065";"$ 1.260.324";"$ 0";-;"No";"No tiene";"No tiene";"No tiene";"01/01/2025";"31/12/2025";"No informa";"Sin observaciones";
"2025";"Mayo";"Técnico";"MARIN CONTRERAS, PAMELA LUZ";"ATENCION CLINICA";"22";"TECNICO NIVEL MEDIO ENFERMERIA";"Región Metropolitana de Santiago";"(203)(204)";"$ 874.002";"$ 521.926";"$ 0";"$ 0";"Sí";"$ 6.646 : 2,00 hrs";"$ 39.877 : 10,00 hrs";"No tiene";"01/01/2025";"31/12/2025";"No informa";"REMUNERACION MAY.2025";
"2025";"Mayo";"Profesional";"MARIN GONZALEZ, EMILI ANDREA";"ATENCION CLINICA";"13";"ENFERMERA (O)";"Región Metropolitana de Santiago";"(203)(204)(186)";"$ 3.698.019";"$ 2.921.661";"$ 0";"$ 0";"Sí";"$ 388.129 : 40,00 hrs";"$ 884.935 : 76,00 hrs";"No tiene";"01/01/2025";"31/12/2025";"No informa";"REMUNERACION MAY.2025";
"2025";"Mayo";"Técnico";"MARIN PALMA, NICOLAS ALEJANDRO";"ATENCION CLINICA";"21";"TECNICO NIVEL SUPERIOR ENFERMERIA";"Región Metropolitana de Santiago";"(203)(204)(186)";"$ 1.519.228";"$ 1.306.164";"$ 0";"$ 0";"Sí";"$ 294.418 : 80,00 hrs";"$ 273.808 : 62,00 hrs";"No tiene";"01/01/2025";"31/12/2025";"No informa";"REMUNERACION MAY.2025+REGULARIZA PAGO HORAS EXTRAS ABR.2025 (40D - 32F)";
"2025";"Mayo";"Profesional";"MARQUEZ HERNANDEZ, ALEX WALDO DEL PILAR";"Apoyo Administrativo";"5";"CONTADOR (A) PUBLICO";"Región Metropolitana de Santiago";"(186)";"$ 3.526.558";"$ 2.779.835";"$ 0";-;"No";"No tiene";"No tiene";"No tiene";"01/01/2025";"31/12/2025";"No informa";"Sin observaciones";
"2025";"Mayo";"Administrativo";"MARQUEZ ORTIZ, DORIS SOLANGE";"Apoyo Administrativo";"21";"ADMINISTRATIVO";"Región Metropolitana de Santiago";"(01)";"$ 692.691";"$ 571.538";"$ 0";-;"No";"No tiene";"No tiene";"No tiene";"01/01/2025";"31/12/2025";"No informa";"Sin observaciones";
"2025";"Mayo";"Administrativo";"MARTINEZ ACUÑA, OSCAR MAURICIO";"Apoyo Administrativo";"16";"ADMINISTRATIVO";"Región Metropolitana de Santiago";"(186)";"$ 820.905";"$ 670.926";"$ 0";-;"No";"No tiene";"No tiene";"No tiene";"01/01/2025";"31/12/2025";"No informa";"Sin observaciones";
"2025";"Mayo";"Técnico";"MARTINEZ CARCAMO, OSVALDO FELIX";"Atencion Clinica";"21";"TECNICO NIVEL SUPERIOR ENFERMERIA";"Región Metropolitana de Santiago";"(01)";"$ 704.582";"$ 575.855";"$ 0";-;"No";"No tiene";"No tiene";"No tiene";"01/01/2025";"31/12/2025";"No informa";"Sin observaciones";
"2025";"Mayo";"Profesional";"MARTINEZ CARREÑO, PAMELA JESUS";"Apoyo Administrativo";"8";"ENFERMERA (O)";"Región Metropolitana de Santiago";"(186)";"$ 2.674.637";"$ 2.151.818";"$ 0";-;"No";"No tiene";"No tiene";"No tiene";"01/01/2025";"31/12/2025";"No informa";"Sin observaciones";
"2025";"Mayo";"Profesional";"MARTINEZ COVARRUBIAS, NATALIA ANDREA";"Atencion Clinica";"16";"ENFERMERA (O)";"Región Metropolitana de Santiago";"(01)";"$ 1.436.258";"$ 1.183.287";"$ 0";-;"Sí";"$ 102.106 : 14,00 hrs";"No tiene";"No tiene";"01/01/2025";"31/08/2025";"No informa";"CONTRATO POR REEMPLAZO";
"2025";"Mayo";"Técnico";"MARTINEZ ESCOBAR, JOSE LUIS";"Apoyo Administrativo";"12";"CONTADOR (A) GENERAL";"Región Metropolitana de Santiago";"(186)";"$ 2.015.749";"$ 1.615.353";"$ 0";-;"No";"No tiene";"No tiene";"No tiene";"01/01/2025";"31/12/2025";"No informa";"Sin observaciones";
"2025";"Mayo";"Profesional";"MARTINEZ JADUE, FRANCISCA SOFIA";"Atencion Clinica";"14";"NUTRICIONISTA";"Región Metropolitana de Santiago";"(186)";"$ 1.690.132";"$ 1.365.810";"$ 0";-;"No";"No tiene";"No tiene";"No tiene";"01/01/2025";"31/12/2025";"No informa";"Sin observaciones";
"2025";"Mayo";"Técnico";"MARTINEZ MALLEA, BARBARA NICOLE";"Atencion Clinica";"21";"TECNICO NIVEL SUPERIOR ODONTOLOGIA";"Región Metropolitana de Santiago";"(01)";"$ 715.338";"$ 591.473";"$ 0";-;"Sí";"$ 10.756 : 3,00 hrs";"No tiene";"No tiene";"01/01/2025";"31/12/2025";"No informa";"Sin observaciones";
"2025";"Mayo";"Profesional";"MARTINEZ MUGA, SEBASTIAN IGNACIO";"Atencion Clinica";"13";"KINESIOLOGO (A)";"Región Metropolitana de Santiago";"(01)";"$ 2.353.657";"$ 1.994.119";"$ 0";-;"Sí";"$ 379.015 : 40,00 hrs";"$ 250.150 : 22,00 hrs";"No tiene";"01/01/2025";"31/12/2025";"No informa";"Sin observaciones";
"2025";"Mayo";"Profesional";"MARTINEZ MUÑOZ, SUDY VALERIA";"Atencion Clinica";"12";"NUTRICIONISTA";"Región Metropolitana de Santiago";"(01)";"$ 2.013.963";"$ 1.636.196";"$ 0";-;"Sí";"$ 30.870 : 3,00 hrs";"No tiene";"No tiene";"01/01/2025";"31/12/2025";"No informa";"Sin observaciones";
"2025";"Mayo";"Técnico";"MARTINEZ NUÑEZ, SANDRA PAOLA";"Atencion Clinica";"20";"TECNICO PARAMEDICO";"Región Metropolitana de Santiago";"(186)";"$ 716.315";"$ 585.444";"$ 0";-;"No";"No tiene";"No tiene";"No tiene";"01/01/2025";"31/12/2025";"No informa";"Sin observaciones";
"2025";"Mayo";"Técnico";"MARTINEZ RIVERO, SERGIO IGNACIO";"Atencion Clinica";"21";"TECNICO NIVEL SUPERIOR ENFERMERIA";"Región Metropolitana de Santiago";"(186)";"$ 707.688";"$ 583.277";"$ 0";-;"No";"No tiene";"No tiene";"No tiene";"01/01/2025";"31/12/2025";"No informa";"Sin observaciones";
"2025";"Mayo";"Técnico";"MARTINEZ ROMERO, DEISY IRENE";"Atencion Clinica";"22";"TECNICO NIVEL SUPERIOR ENFERMERIA";"Región Metropolitana de Santiago";"(186)";"$ 708.217";"$ 577.551";"$ 0";-;"No";"No tiene";"No tiene";"No tiene";"01/01/2025";"31/12/2025";"No informa";"Sin observaciones";
"2025";"Mayo";"Administrativo";"MARTINEZ RUBILAR, MARIA CRISTINA";"Apoyo Administrativo";"13";"ADMINISTRATIVO";"Región Metropolitana de Santiago";"(186)";"$ 1.741.822";"$ 1.403.717";"$ 0";-;"No";"No tiene";"No tiene";"No tiene";"01/01/2025";"31/12/2025";"No informa";"Sin observaciones";
"2025";"Mayo";"Profesional";"MARTINEZ SAAVEDRA, CATALINA ANDREA";"Apoyo Administrativo";"12";"PSICOLOGO (A)";"Región Metropolitana de Santiago";"(186)";"$ 1.936.256";"$ 1.572.551";"$ 0";-;"No";"No tiene";"No tiene";"No tiene";"01/01/2025";"31/12/2025";"No informa";"REMUNERACION DEL MES + BIENIO 01-02-2025 AL 31-03-2025";
"2025";"Mayo";"Técnico";"MARTINEZ SALAS, CINDY VICTORIA";"Atencion Clinica";"22";"TECNICO NIVEL SUPERIOR ENFERMERIA";"Región Metropolitana de Santiago";"(01)";"$ 704.365";"$ 576.451";"$ 0";-;"No";"No tiene";"No tiene";"No tiene";"01/01/2025";"31/07/2025";"No informa";"Sin observaciones";
"2025";"Mayo";"Médicos cirujanos, farmacéuticos, químico-farmacéuticos, bioquímicos, cirujano-dentistas";"MARTINEZ VERDEJO, CONSTANZA";"Atencion Odontologica";"44 Hrs.";"CIRUJANO DENTISTA";"Región Metropolitana de Santiago";"(188)(86)(186)";"$ 3.113.488";"$ 2.460.529";"$ 0";-;"No";"No tiene";"No tiene";"No tiene";"01/01/2025";"31/12/2025";"No informa";"Sin observaciones";
"2025";"Mayo";"Profesional";"MARURI CASTILLO, PAULA ANDREA";"Apoyo Administrativo";"12";"RELACIONADOR (A) PUBLICO";"Región Metropolitana de Santiago";"(186)";"$ 1.904.537";"$ 1.531.862";"$ 0";-;"No";"No tiene";"No tiene";"No tiene";"01/01/2025";"31/12/2025";"No informa";"Sin observaciones";
"2025";"Mayo";"Administrativo";"MATURANA ESCOBAR, YAZMIN DANIELA";"Secretaria";"22";"ADMINISTRATIVO";"Región Metropolitana de Santiago";"(186)";"$ 681.152";"$ 558.064";"$ 0";-;"Sí";"$ 13.647 : 4,00 hrs";"No tiene";"No tiene";"01/01/2025";"31/12/2025";"No informa";"Sin observaciones";
"2025";"Mayo";"Profesional";"MATURANA GARCIA, MARCELA PAZ";"Apoyo Administrativo";"7";"ENFERMERO (A) MATRON (A)";"Región Metropolitana de Santiago";"(186)";"$ 3.087.281";"$ 2.437.968";"$ 0";-;"No";"No tiene";"No tiene";"No tiene";"01/01/2025";"31/12/2025";"No informa";"Sin observaciones";
"2025";"Mayo";"Auxiliar";"MATURANA PACHECO, VICTOR HUGO";"CONDUCTOR";"22";"AUXILIAR";"Región Metropolitana de Santiago";"(205)(203)(204)";"$ 1.155.426";"$ 694.449";"$ 0";"$ 0";"Sí";"$ 132.924 : 40,00 hrs";"$ 91.718 : 23,00 hrs";"No tiene";"01/01/2025";"30/06/2025";"No informa";"REMUNERACION MAY.2025";
"2025";"Mayo";"Profesional";"MATURANA SILVA, MICHELLE MARGARITA";"Atencion Clinica";"16";"TERAPEUTA OCUPACIONAL";"Región Metropolitana de Santiago";"(01)";"$ 1.334.152";"$ 1.083.856";"$ 0";-;"No";"No tiene";"No tiene";"No tiene";"01/01/2025";"30/06/2025";"No informa";"Sin observaciones";
"2025";"Mayo";"Profesional";"MAULEN SIERRA, MARCELA JUDITH";"JEFE DE DEPARTAMENTO";"5";"PERIODISTA";"Región Metropolitana de Santiago";"(01)";"$ 3.472.961";"$ 2.630.713";"$ 0";"$ 0";"No";"No tiene";"No tiene";"No tiene";"01/01/2025";"31/12/2025";"No informa";"REMUNERACION MAY.2025";
"2025";"Mayo";"Médicos cirujanos, farmacéuticos, químico-farmacéuticos, bioquímicos, cirujano-dentistas";"MAYANZ SALAS, SEBASTIAN DAVID";"Medicina Legal";"22 Hrs.";"MEDICO CIRUJANO";"Región Metropolitana de Santiago";"(86)(186)";"$ 2.975.744";"$ 2.359.562";"$ 0";-;"No";"No tiene";"No tiene";"No tiene";"01/01/2025";"31/12/2025";"No informa";"Sin observaciones";
"2025";"Mayo";"Profesional";"MAZRY ANDRADE, VALENTINA NICOLE";"Subdirector";"8";"NUTRICIONISTA";"Región Metropolitana de Santiago";"(186)";"$ 2.778.149";"$ 2.211.755";"$ 0";-;"No";"No tiene";"No tiene";"No tiene";"01/01/2025";"31/12/2025";"No informa";"Sin observaciones";
"2025";"Mayo";"Auxiliar";"MECATO URIBE, CLAUDIO ALEXIS";"CONDUCTOR";"22";"AUXILIAR";"Región Metropolitana de Santiago";"(205)(202)(204)";"$ 1.343.751";"$ 781.510";"$ 0";"$ 0";"Sí";"$ 132.924 : 40,00 hrs";"$ 159.509 : 40,00 hrs";"No tiene";"01/01/2025";"31/12/2025";"No informa";"REMUNERACION MAY.2025";
"2025";"Mayo";"Médicos cirujanos, farmacéuticos, químico-farmacéuticos, bioquímicos, cirujano-dentistas";"MEDEL TORRES, JAVIER ALEJANDRO";"Quimico Farmaceutico";"44 Hrs.";"QUIMICO FARMACEUTICO";"Región Metropolitana de Santiago";"(86)(186)";"$ 5.221.141";"$ 4.275.683";"$ 0";-;"No";"No tiene";"No tiene";"No tiene";"01/01/2025";"31/12/2025";"No informa";"Sin observaciones";
"2025";"Mayo";"Médicos cirujanos, farmacéuticos, químico-farmacéuticos, bioquímicos, cirujano-dentistas";"MEDINA DIAZ, JEANETTE IVONNE";"Medicina Familiar";"44 Hrs.";"MEDICO CIRUJANO";"Región Metropolitana de Santiago";"(188)(86)(186)";"$ 6.608.410";"$ 5.364.658";"$ 0";-;"No";"No tiene";"No tiene";"No tiene";"01/01/2025";"31/12/2025";"No informa";"Sin observaciones";
"2025";"Mayo";"Técnico";"MEDINA FERNANDEZ, KATHERINE ROMINA";"ATENCION CLINICA";"22";"ENFERMERA (O)";"Región Metropolitana de Santiago";"(202)(204)(186)";"$ 1.348.614";"$ 1.043.628";"$ 0";"$ 0";"No";"No tiene";"No tiene";"No tiene";"01/01/2025";"31/12/2025";"No informa";"REMUNERACION MAY.2025";
"2025";"Mayo";"Profesional";"MEDINA GALAZ, MARCELA ROXANA";"Apoyo Administrativo";"8";"INGENIERO (A) EN GESTION AMBIENTAL";"Región Metropolitana de Santiago";"(186)";"$ 2.674.637";"$ 2.130.657";"$ 0";-;"No";"No tiene";"No tiene";"No tiene";"01/01/2025";"31/12/2025";"No informa";"Sin observaciones";
"2025";"Mayo";"Médicos cirujanos, farmacéuticos, químico-farmacéuticos, bioquímicos, cirujano-dentistas";"MEDINA IBARRA, YASMIN BELEN";"Atencion Clinica Medica";"22 Hrs.";"MEDICO CIRUJANO";"Región Metropolitana de Santiago";"(188)(188)";"$ 1.031.244";"$ 556.790";"$ 0";-;"No";"No tiene";"No tiene";"No tiene";"10/04/2025";"30/06/2025";"No informa";"Sin observaciones";
"2025";"Mayo";"Médicos cirujanos, farmacéuticos, químico-farmacéuticos, bioquímicos, cirujano-dentistas";"MEDINA IBARRA, YASMIN BELEN";"Atencion Clinica Medica";"22 Hrs.";"MEDICO CIRUJANO";"Región Metropolitana de Santiago";"(188)(188)";"$ 1.031.244";"$ 850.879";"$ 0";-;"No";"No tiene";"No tiene";"No tiene";"10/04/2025";"30/06/2025";"No informa";"Sin observaciones";
"2025";"Mayo";"Médicos cirujanos, farmacéuticos, químico-farmacéuticos, bioquímicos, cirujano-dentistas";"MEDINA SALCEDO, MARISELA SORANGELY";"Atencion Clinica Medica";"44 Hrs.";"MEDICO CIRUJANO";"Región Metropolitana de Santiago";"(01)";"$ 1.878.546";"$ 1.525.058";"$ 0";-;"No";"No tiene";"No tiene";"No tiene";"01/01/2025";"31/05/2025";"No informa";"Sin observaciones";
"2025";"Mayo";"Profesional";"MEDRANO ZUÑIGA, SEBASTIAN IGNACIO";"Atencion Clinica";"15";"PSICOLOGO (A)";"Región Metropolitana de Santiago";"(01)";"$ 1.453.153";"$ 1.186.851";"$ 0";-;"No";"No tiene";"No tiene";"No tiene";"01/01/2025";"31/12/2025";"No informa";"Sin observaciones";
"2025";"Mayo";"Médicos cirujanos, farmacéuticos, químico-farmacéuticos, bioquímicos, cirujano-dentistas";"MEISTER GUZMAN, GUIDO ALEXANDER";"Atencion Odontologica";"22 Hrs.";"CIRUJANO DENTISTA";"Región Metropolitana de Santiago";"(188)(186)";"$ 2.226.848";"$ 1.786.625";"$ 0";-;"No";"No tiene";"No tiene";"No tiene";"01/01/2025";"31/12/2025";"No informa";"Sin observaciones";
"2025";"Mayo";"Técnico";"MEJIAS FIGUEROA, MONICA DEL CARMEN";"Atencion Clinica";"21";"TECNICO PARAMEDICO";"Región Metropolitana de Santiago";"(186)";"$ 808.290";"$ 679.425";"$ 0";-;"Sí";"$ 109.457 : 30,00 hrs";"No tiene";"No tiene";"01/01/2025";"31/12/2025";"No informa";"Sin observaciones";
"2025";"Mayo";"Profesional";"MEJIAS MIRANDA, SINDY ALICIA";"Jefe de Departamento";"5";"INGENIERO (A) EJECUCION EN INFORMATICA";"Región Metropolitana de Santiago";"(186)";"$ 3.490.826";"$ 2.774.501";"$ 0";-;"No";"No tiene";"No tiene";"No tiene";"01/01/2025";"31/12/2025";"No informa";"Sin observaciones";
"2025";"Mayo";"Administrativo";"MELGAREJO CHARRIE, DANIELA VICTORIA";"Apoyo Administrativo";"21";"ADMINISTRATIVO";"Región Metropolitana de Santiago";"(186)";"$ 697.280";"$ 574.698";"$ 0";-;"No";"No tiene";"No tiene";"No tiene";"01/01/2025";"31/12/2025";"No informa";"Sin observaciones";
"2025";"Mayo";"Profesional";"MELLA TAPIA, MARIA BELEN";"Atencion Clinica";"16";"ENFERMERA (O)";"Región Metropolitana de Santiago";"(01)";"$ 1.334.152";"$ 1.085.265";"$ 0";-;"No";"No tiene";"No tiene";"No tiene";"01/01/2025";"31/07/2025";"No informa";"Sin observaciones";
"2025";"Mayo";"Médicos cirujanos, farmacéuticos, químico-farmacéuticos, bioquímicos, cirujano-dentistas";"MELLADO SALVATIERRA, FERNANDO VICENTE";"Quimico Farmaceutico";"22 Hrs.";"QUIMICO FARMACEUTICO";"Región Metropolitana de Santiago";"(01)";"$ 626.183";"$ 512.401";"$ 0";-;"No";"No tiene";"No tiene";"No tiene";"12/05/2025";"06/08/2025";"No informa";"CONTRATO POR REEMPLAZO";
"2025";"Mayo";"Médicos cirujanos, farmacéuticos, químico-farmacéuticos, bioquímicos, cirujano-dentistas";"MELLADO SALVATIERRA, FERNANDO VICENTE";"Quimico Farmaceutico";"22 Hrs.";"QUIMICO FARMACEUTICO";"Región Metropolitana de Santiago";"(01)";"$ 626.183";"$ 516.664";"$ 0";-;"No";"No tiene";"No tiene";"No tiene";"12/05/2025";"06/08/2025";"No informa";"CONTRATO POR REEMPLAZO";
"2025";"Mayo";"Profesional";"MENA CONCHA, JUAN ANTONIO";"APOYO ADMINISTRATIVO";"10";"ENFERMERA (O)";"Región Metropolitana de Santiago";"(186)";"$ 3.373.440";"$ 2.056.813";"$ 0";"$ 0";"Sí";"$ 497.398 : 40,00 hrs";"$ 596.877 : 40,00 hrs";"No tiene";"01/01/2025";"31/12/2025";"No informa";"REMUNERACION MAY.2025";
"2025";"Mayo";"Médicos cirujanos, farmacéuticos, químico-farmacéuticos, bioquímicos, cirujano-dentistas";"MENA LORCA, CARLOS FRANCISCO";"Atencion Odontologica";"11 Hrs.";"CIRUJANO DENTISTA";"Región Metropolitana de Santiago";"(186)";"$ 3.419.103";"$ 2.870.406";"$ 0";-;"No";"No tiene";"No tiene";"No tiene";"01/01/2025";"31/12/2025";"No informa";"Sin observaciones";
"2025";"Mayo";"Profesional";"MENAS PEÑA, JEANNETTE IVONNE";"Apoyo Administrativo";"9";"INGENIERO (A) EJECUCION ADMINISTRACION";"Región Metropolitana de Santiago";"(186)";"$ 2.546.753";"$ 2.033.126";"$ 0";-;"No";"No tiene";"No tiene";"No tiene";"01/01/2025";"31/12/2025";"No informa";"Sin observaciones";
"2025";"Mayo";"Administrativo";"MENDEZ CORTES, MARCOS PATRICIO";"APOYO ADMINISTRATIVO";"22";"ADMINISTRATIVO";"Región Metropolitana de Santiago";"(01)";"$ 815.522";"$ 701.134";"$ 0";"$ 0";"Sí";"$ 36.554 : 11,00 hrs";"$ 124.948 : 112,00 hrs";"No tiene";"01/04/2025";"31/05/2025";"No informa";"REMUNERACION MAY.2025+PAGO BONO MENSUAL";
"2025";"Mayo";"Profesional";"MENDEZ DEL RIO, DENISSE CHARLOT";"Atencion Clinica";"15";"NUTRICIONISTA";"Región Metropolitana de Santiago";"(186)";"$ 1.567.456";"$ 1.281.317";"$ 0";-;"No";"No tiene";"No tiene";"No tiene";"01/01/2025";"31/12/2025";"No informa";"Sin observaciones";
"2025";"Mayo";"Administrativo";"MENDEZ ELGUETA, ISIDORA PATRICIA";"APOYO ADMINISTRATIVO";"22";"ADMINISTRATIVO";"Región Metropolitana de Santiago";"(01)";"$ 1.206.132";"$ 1.004.354";"$ 0";"$ 0";"Sí";"$ 50.909 : 14,00 hrs";"$ 122.181 : 96,00 hrs";"No tiene";"01/04/2025";"31/05/2025";"No informa";"REMUNERACION MAY.2025+DIF. CONTRATO POR ASIG. PROF ABR.2025";
"2025";"Mayo";"Administrativo";"MENDEZ MEDINA, ALEXANDRA PAZ";"Apoyo Administrativo";"21";"ADMINISTRATIVO";"Región Metropolitana de Santiago";"(186)";"$ 706.130";"$ 583.275";"$ 0";-;"Sí";"$ 7.297 : 2,00 hrs";"No tiene";"No tiene";"01/01/2025";"31/12/2025";"No informa";"Sin observaciones";
"2025";"Mayo";"Médicos cirujanos, farmacéuticos, químico-farmacéuticos, bioquímicos, cirujano-dentistas";"MENDEZ SEPULVEDA, CONSTANZA BELEN";"Atencion Clinica Medica";"44 Hrs.";"MEDICO";"Región Metropolitana de Santiago";"(86)";"$ 2.929.627";"$ 2.322.281";"$ 0";-;"No";"No tiene";"No tiene";"No tiene";"01/01/2025";"31/12/2025";"No informa";"Sin observaciones";
"2025";"Mayo";"Médicos cirujanos, farmacéuticos, químico-farmacéuticos, bioquímicos, cirujano-dentistas";"MENDOZA FUENTES, PAULA ANTONIETA";"CIRUGIA GENERAL";"28 Hrs.";"MEDICO CIRUJANO";"Región Metropolitana de Santiago";"(194)(193)(198)";"$ 2.424.189";"$ 1.324.050";"$ 0";"$ 0";"No";"No tiene";"No tiene";"No tiene";"01/01/2025";"31/12/2025";"No informa";"REMUNERACION MAY.2025";
"2025";"Mayo";"Médicos cirujanos, farmacéuticos, químico-farmacéuticos, bioquímicos, cirujano-dentistas";"MENDOZA FUENTES, PAULA ANTONIETA";"CIRUGIA GENERAL";"22 Hrs.";"MEDICO CIRUJANO";"Región Metropolitana de Santiago";"(01)";"$ 918.816";"$ 749.386";"$ 0";"$ 0";"No";"No tiene";"No tiene";"No tiene";"01/05/2025";"31/07/2025";"No informa";"REMUNERACION MAY.2025";
"2025";"Mayo";"Médicos cirujanos, farmacéuticos, químico-farmacéuticos, bioquímicos, cirujano-dentistas";"MENDOZA MEDINA, MARIA MARINES";"Atencion Odontologica";"44 Hrs.";"CIRUJANO DENTISTA";"Región Metropolitana de Santiago";"(188)(186)";"$ 4.256.616";"$ 3.441.072";"$ 0";-;"No";"No tiene";"No tiene";"No tiene";"01/01/2025";"31/12/2025";"No informa";"Sin observaciones";
"2025";"Mayo";"Auxiliar";"MENESES AZUA, ALEX RAMON";"CONDUCTOR";"22";"AUXILIAR";"Región Metropolitana de Santiago";"(205)(202)(204)";"$ 1.055.437";"$ 694.564";"$ 0";"$ 0";"No";"No tiene";"No tiene";"No tiene";"01/01/2025";"31/07/2025";"No informa";"REMUNERACION MAY.2025";
"2025";"Mayo";"Administrativo";"MENESES MUÑOZ, CAROLINA ANDREA";"Secretaria";"17";"ADMINISTRATIVO";"Región Metropolitana de Santiago";"(186)";"$ 826.009";"$ 688.640";"$ 0";-;"Sí";"$ 44.616 : 10,00 hrs";"No tiene";"No tiene";"01/01/2025";"31/12/2025";"No informa";"Sin observaciones";
"2025";"Mayo";"Técnico";"MERCADO MUÑOZ, RUTH NOEMI";"Atencion Clinica";"20";"TECNICO NIVEL SUPERIOR ODONTOLOGIA";"Región Metropolitana de Santiago";"(01)";"$ 714.654";"$ 584.874";"$ 0";-;"No";"No tiene";"No tiene";"No tiene";"01/01/2025";"31/12/2025";"No informa";"Sin observaciones";
"2025";"Mayo";"Auxiliar";"MERINO CELIS, MAURICIO ANDRES";"CONDUCTOR";"22";"AUXILIAR";"Región Metropolitana de Santiago";"(205)(202)(204)(186)";"$ 1.271.616";"$ 792.857";"$ 0";"$ 0";"Sí";"$ 127.401 : 38,00 hrs";"$ 76.441 : 19,00 hrs";"No tiene";"01/01/2025";"31/05/2025";"No informa";"REMUNERACION MAY.2025+PAGO DIF. BIENIOS FEB.2025";
"2025";"Mayo";"Profesional";"MERIÑO MARTINEZ, JAVIERA CONSTANZA";"Atencion Clinica";"15";"FONOAUDIOLOGO (A)";"Región Metropolitana de Santiago";"(01)";"$ 1.453.153";"$ 1.186.851";"$ 0";-;"No";"No tiene";"No tiene";"No tiene";"01/05/2025";"31/07/2025";"No informa";"Sin observaciones";
"2025";"Mayo";"Técnico";"MERY GATICA, KAROL LAURA";"Atencion Clinica";"21";"TECNICO NIVEL SUPERIOR RECURSOS HUMANOS";"Región Metropolitana de Santiago";"(186)";"$ 706.135";"$ 575.853";"$ 0";-;"No";"No tiene";"No tiene";"No tiene";"01/01/2025";"31/12/2025";"No informa";"Sin observaciones";
"2025";"Mayo";"Médicos cirujanos, farmacéuticos, químico-farmacéuticos, bioquímicos, cirujano-dentistas";"MESA DOMINGUEZ, LISBELYS";"Atencion Clinica Medica";"44 Hrs.";"MEDICO CIRUJANO";"Región Metropolitana de Santiago";"(86)(186)";"$ 3.376.336";"$ 2.679.962";"$ 0";-;"No";"No tiene";"No tiene";"No tiene";"01/01/2025";"31/12/2025";"No informa";"Sin observaciones";
"2025";"Mayo";"Profesional";"MESINA GONZALEZ, PAULA NOEMI";"Atencion Clinica";"15";"ENFERMERA (O)";"Región Metropolitana de Santiago";"(186)";"$ 1.741.222";"$ 1.441.345";"$ 0";-;"Sí";"$ 104.082 : 13,00 hrs";"$ 86.467 : 9,00 hrs";"No tiene";"01/01/2025";"31/12/2025";"No informa";"Sin observaciones";
"2025";"Mayo";"Técnico";"MEZA BARRERA, NATALIA NICOLE";"ATENCION CLINICA";"21";"TECNICO NIVEL SUPERIOR ENFERMERIA";"Región Metropolitana de Santiago";"(203)(204)(186)";"$ 1.146.492";"$ 671.766";"$ 0";"$ 0";"Sí";"$ 103.046 : 28,00 hrs";"$ 88.325 : 20,00 hrs";"No tiene";"01/01/2025";"31/12/2025";"No informa";"REMUNERACION MAY.2025";
"2025";"Mayo";"Auxiliar";"MEZA GONZALEZ, MAXIMO ARTURO";"Chofer";"19";"AUXILIAR";"Región Metropolitana de Santiago";"(205)(186)";"$ 1.650.052";"$ 1.479.288";"$ 0";-;"Sí";"$ 166.612 : 40,00 hrs";"$ 674.777 : 135,00 hrs";"No tiene";"01/01/2025";"31/12/2025";"No informa";"Sin observaciones";
"2025";"Mayo";"Profesional";"MEZA GUERRERO, MARIA ANDREA";"ATENCION CLINICA";"13";"ENFERMERA (O)";"Región Metropolitana de Santiago";"(203)(204)(186)";"$ 2.398.450";"$ 1.330.952";"$ 0";"$ 0";"No";"No tiene";"No tiene";"No tiene";"01/01/2025";"31/12/2025";"No informa";"REMUNERACION MAY.2025";
"2025";"Mayo";"Profesional";"MEZA MATURANA, CATALINA PAZ";"Atencion Clinica";"16";"MATRON (A)";"Región Metropolitana de Santiago";"(01)";"$ 1.334.152";"$ 1.092.694";"$ 0";-;"No";"No tiene";"No tiene";"No tiene";"01/01/2025";"30/06/2025";"No informa";"Sin observaciones";
"2025";"Mayo";"Profesional";"MEZA SANDOVAL, PATRICIO ALEJANDRO";"Apoyo Administrativo";"7";"PERIODISTA";"Región Metropolitana de Santiago";"(186)";"$ 3.149.237";"$ 2.493.561";"$ 0";-;"No";"No tiene";"No tiene";"No tiene";"01/01/2025";"31/12/2025";"No informa";"REMUNERACION DEL MES + BIENIO 01-12-2024 AL 30-04-2025";
"2025";"Mayo";"Técnico";"MEZA TORRES, CONSTANZA LISSET";"ATENCION CLINICA";"21";"TECNICO NIVEL SUPERIOR ENFERMERIA";"Región Metropolitana de Santiago";"(203)(186)(203)(204)(186)";"$ 977.201";"$ 762.414";"$ 0";"$ 0";"No";"No tiene";"No tiene";"No tiene";"01/01/2025";"31/12/2025";"No informa";"REMUNERACION MAY.2025+PAGO DIF. BIENIOS ENE-FEB.2025";
"2025";"Mayo";"Médicos cirujanos, farmacéuticos, químico-farmacéuticos, bioquímicos, cirujano-dentistas";"MEZA VASQUEZ, FRANCISCO JAVIER";"Atencion Odontologica";"11 Hrs.";"CIRUJANO DENTISTA";"Región Metropolitana de Santiago";"(186)";"$ 1.008.316";"$ 851.155";"$ 0";-;"No";"No tiene";"No tiene";"No tiene";"01/01/2025";"31/05/2025";"No informa";"Sin observaciones";
"2025";"Mayo";"Médicos cirujanos, farmacéuticos, químico-farmacéuticos, bioquímicos, cirujano-dentistas";"MEZA VASQUEZ, FRANCISCO JAVIER";"Atencion Odontologica";"33 Hrs.";"CIRUJANO DENTISTA";"Región Metropolitana de Santiago";"(186)";"$ 3.024.946";"$ 2.400.545";"$ 0";-;"No";"No tiene";"No tiene";"No tiene";"01/01/2025";"31/05/2025";"No informa";"Sin observaciones";
"2025";"Mayo";"Médicos cirujanos, farmacéuticos, químico-farmacéuticos, bioquímicos, cirujano-dentistas";"MILLAN GUTIERREZ, MARIA LORETO";"Atencion Odontologica";"33 Hrs.";"CIRUJANO DENTISTA";"Región Metropolitana de Santiago";"(188)(86)(186)";"$ 3.763.987";"$ 3.008.085";"$ 0";-;"No";"No tiene";"No tiene";"No tiene";"01/01/2025";"31/12/2025";"No informa";"Sin observaciones";
"2025";"Mayo";"Médicos cirujanos, farmacéuticos, químico-farmacéuticos, bioquímicos, cirujano-dentistas";"MILLAN GUTIERREZ, MARIA LORETO";"Atencion Odontologica";"11 Hrs.";"CIRUJANO DENTISTA";"Región Metropolitana de Santiago";"(188)(86)(186)";"$ 1.254.662";"$ 1.097.502";"$ 0";-;"No";"No tiene";"No tiene";"No tiene";"01/01/2025";"31/12/2025";"No informa";"Sin observaciones";
"2025";"Mayo";"Profesional";"MILLAS OSORIO, CRISTIAN ALEJANDRO";"ATENCION CLINICA";"13";"ENFERMERA (O)";"Región Metropolitana de Santiago";"(203)(204)(186)";"$ 2.385.199";"$ 1.813.100";"$ 0";"$ 0";"No";"No tiene";"No tiene";"No tiene";"01/01/2025";"31/12/2025";"No informa";"REMUNERACION MAY.2025";
"2025";"Mayo";"Profesional";"MINGO FUENTES, FERNANDA IGNACIA MACARENA";"Atencion Clinica";"12";"MATRON (A)";"Región Metropolitana de Santiago";"(01)";"$ 2.097.703";"$ 1.718.680";"$ 0";-;"Sí";"$ 154.349 : 15,00 hrs";"$ 49.391 : 4,00 hrs";"No tiene";"01/01/2025";"30/06/2025";"No informa";"Sin observaciones";
"2025";"Mayo";"Médicos cirujanos, farmacéuticos, químico-farmacéuticos, bioquímicos, cirujano-dentistas";"MIQUEL CABIB, MARIA PAZ";"Atencion Odontologica";"22 Hrs.";"CIRUJANO DENTISTA";"Región Metropolitana de Santiago";"(01)";"$ 939.274";"$ 768.702";"$ 0";-;"No";"No tiene";"No tiene";"No tiene";"01/01/2025";"30/06/2025";"No informa";"Sin observaciones";
"2025";"Mayo";"Administrativo";"MIRANDA FIGUEROA, MARISOL JEANNETTE";"Apoyo Administrativo";"22";"ADMINISTRATIVO";"Región Metropolitana de Santiago";"(186)";"$ 683.303";"$ 560.977";"$ 0";-;"Sí";"$ 20.293 : 6,00 hrs";"No tiene";"No tiene";"01/01/2025";"31/12/2025";"No informa";"Sin observaciones";
"2025";"Mayo";"Auxiliar";"MIRANDA SEREY, MIGUEL ANGEL";"CONDUCTOR";"24";"TECNICO NIVEL SUPERIOR ENFERMERIA";"Región Metropolitana de Santiago";"(205)(202)(204)(186)";"$ 960.800";"$ 638.122";"$ 0";"$ 0";"No";"No tiene";"No tiene";"No tiene";"01/01/2025";"31/12/2025";"No informa";"REMUNERACION MAY.2025";
"2025";"Mayo";"Administrativo";"MIRANDA VARGAS, ANGGY YUSHIRO";"Apoyo Administrativo";"16";"ADMINISTRATIVO";"Región Metropolitana de Santiago";"(01)";"$ 813.137";"$ 663.113";"$ 0";-;"No";"No tiene";"No tiene";"No tiene";"16/01/2025";"31/07/2025";"No informa";"Sin observaciones";
"2025";"Mayo";"Profesional";"MOLINA ARCOS, JUAN PABLO";"Apoyo Administrativo";"7";"PERIODISTA";"Región Metropolitana de Santiago";"(186)";"$ 2.982.618";"$ 2.360.027";"$ 0";-;"No";"No tiene";"No tiene";"No tiene";"01/01/2025";"31/12/2025";"No informa";"Sin observaciones";
"2025";"Mayo";"Profesional";"MOLINA CABRERA, SONIA MAREN";"Director Zonal";"5";"ENFERMERA (O)";"Región Metropolitana de Santiago";"(186)";"$ 3.562.289";"$ 2.818.405";"$ 0";-;"No";"No tiene";"No tiene";"No tiene";"01/01/2025";"31/12/2025";"No informa";"Sin observaciones";
"2025";"Mayo";"Profesional";"MOLINA CARTES, KAMILA PAZ";"Atencion Clinica";"12";"KINESIOLOGO (A)";"Región Metropolitana de Santiago";"(186)";"$ 1.993.666";"$ 1.601.315";"$ 0";-;"No";"No tiene";"No tiene";"No tiene";"01/01/2025";"31/12/2025";"No informa";"Sin observaciones";
"2025";"Mayo";"Profesional";"MOLINA DOTTE, NICOLAS CRISTOBAL";"Apoyo Administrativo";"5";"INGENIERO (A) COMERCIAL";"Región Metropolitana de Santiago";"(186)";"$ 3.562.289";"$ 2.821.887";"$ 0";-;"No";"No tiene";"No tiene";"No tiene";"01/01/2025";"31/12/2025";"No informa";"Sin observaciones";
"2025";"Mayo";"Profesional";"MOLINA GUZMAN, KARINA JOHANNA";"Apoyo Administrativo";"8";"ENFERMERA (O)";"Región Metropolitana de Santiago";"(186)";"$ 2.821.297";"$ 2.236.413";"$ 0";-;"No";"No tiene";"No tiene";"No tiene";"01/01/2025";"31/12/2025";"No informa";"Sin observaciones";
"2025";"Mayo";"Profesional";"MOLINA MORALES, FERNANDA ANDREA";"Jefe de Unidad";"10";"TECNOLOGO (A) EN INFORMATICA BIOMEDICA";"Región Metropolitana de Santiago";"(186)";"$ 2.343.633";"$ 1.892.146";"$ 0";-;"No";"No tiene";"No tiene";"No tiene";"01/01/2025";"31/12/2025";"No informa";"Sin observaciones";
"2025";"Mayo";"Profesional";"MOLINA MUÑOZ, JOANA LESLIE";"Apoyo Administrativo";"7";"KINESIOLOGO (A)";"Región Metropolitana de Santiago";"(186)";"$ 3.102.815";"$ 2.452.505";"$ 0";-;"No";"No tiene";"No tiene";"No tiene";"01/01/2025";"31/12/2025";"No informa";"REMUNERACION DEL MES + BIENIO 01-04-2025 AL 30-04-2025";
"2025";"Mayo";"Técnico";"MOLINA NEIRA, RODRIGO GUILLERMO";"ATENCION CLINICA";"21";"TECNICO NIVEL SUPERIOR ENFERMERIA";"Región Metropolitana de Santiago";"(203)(204)(186)";"$ 1.152.678";"$ 631.682";"$ 0";"$ 0";"Sí";"$ 7.360 : 2,00 hrs";"$ 194.316 : 44,00 hrs";"No tiene";"01/01/2025";"31/12/2025";"No informa";"REMUNERACION MAY.2025";
"2025";"Mayo";"Médicos cirujanos, farmacéuticos, químico-farmacéuticos, bioquímicos, cirujano-dentistas";"MOLINA SILVESTRE, ELENA ALEXANDRA";"Atencion Clinica Medica";"22 Hrs.";"MEDICO CIRUJANO";"Región Metropolitana de Santiago";"(188)(186)";"$ 2.440.167";"$ 2.319.738";"$ 0";-;"No";"No tiene";"No tiene";"No tiene";"01/01/2025";"31/12/2025";"No informa";"Sin observaciones";
"2025";"Mayo";"Médicos cirujanos, farmacéuticos, químico-farmacéuticos, bioquímicos, cirujano-dentistas";"MOLINA SILVESTRE, ELENA ALEXANDRA";"Atencion Clinica Medica";"22 Hrs.";"MEDICO CIRUJANO";"Región Metropolitana de Santiago";"(188)(186)";"$ 2.440.167";"$ 2.001.638";"$ 0";-;"No";"No tiene";"No tiene";"No tiene";"01/01/2025";"31/12/2025";"No informa";"Sin observaciones";
"2025";"Mayo";"Profesional";"MOLINA SOTO, MARIA DE LOS ANGELES";"Jefe de Departamento";"6";"INGENIERO (A) EN ADMINISTRACION DE RECURSOS HUMANOS";"Región Metropolitana de Santiago";"(186)";"$ 3.201.473";"$ 2.522.726";"$ 0";-;"No";"No tiene";"No tiene";"No tiene";"01/01/2025";"31/12/2025";"No informa";"Sin observaciones";
"2025";"Mayo";"Administrativo";"MONSALVE ALVAREZ, FERNANDA PAZ";"Apoyo Administrativo";"20";"ADMINISTRATIVO";"Región Metropolitana de Santiago";"(186)";"$ 779.967";"$ 649.439";"$ 0";-;"Sí";"$ 72.507 : 19,00 hrs";"No tiene";"No tiene";"01/01/2025";"31/12/2025";"No informa";"Sin observaciones";
"2025";"Mayo";"Administrativo";"MONTERO ARIAS, DORIS KARIN";"Apoyo Administrativo";"18";"ADMINISTRATIVO";"Región Metropolitana de Santiago";"(01)";"$ 789.190";"$ 652.439";"$ 0";-;"Sí";"$ 12.629 : 3,00 hrs";"$ 35.360 : 7,00 hrs";"No tiene";"01/01/2025";"31/12/2025";"No informa";"Sin observaciones";
"2025";"Mayo";"Médicos cirujanos, farmacéuticos, químico-farmacéuticos, bioquímicos, cirujano-dentistas";"MONTERO LLORCA, CAMILA";"Atencion Odontologica";"22 Hrs.";"CIRUJANO DENTISTA";"Región Metropolitana de Santiago";"(188)(86)(186)";"$ 2.502.758";"$ 1.924.560";"$ 0";-;"No";"No tiene";"No tiene";"No tiene";"01/01/2025";"31/12/2025";"No informa";"Sin observaciones";
"2025";"Mayo";"Médicos cirujanos, farmacéuticos, químico-farmacéuticos, bioquímicos, cirujano-dentistas";"MONTES MORALES, EDISON ALEJANDRO";"MEDICO CIRUJANO CON ESPECIALIDAD EN MEDICINA DE URGENCIA";"22 Hrs.";"MEDICO CIRUJANO CON ESPECIALIDAD EN MEDICINA DE URGENCIA";"Región Metropolitana de Santiago";"(186)";"$ 2.673.558";"$ 2.420.936";"$ 0";"$ 0";"No";"No tiene";"No tiene";"No tiene";"01/01/2025";"31/12/2025";"No informa";"REMUNERACION MAY.2025";
"2025";"Mayo";"Administrativo";"MONTIEL FONTEÑO, SOLEDAD ANDREA";"APOYO ADMINISTRATIVO";"13";"ADMINISTRADOR (A) PUBLICO";"Región Metropolitana de Santiago";"(186)";"$ 1.732.034";"$ 1.364.995";"$ 0";"$ 0";"No";"No tiene";"No tiene";"No tiene";"01/01/2025";"31/12/2025";"No informa";"REMUNERACION MAY.2025";
"2025";"Mayo";"Auxiliar";"MONTOYA FLORES, CLAUDIO PATRICIO";"Apoyo Logistico";"21";"AUXILIAR";"Región Metropolitana de Santiago";"(01)";"$ 1.085.640";"$ 956.661";"$ 0";-;"Sí";"$ 143.411 : 40,00 hrs";"$ 249.537 : 58,00 hrs";"No tiene";"01/01/2025";"31/12/2025";"No informa";"Sin observaciones";
"2025";"Mayo";"Médicos cirujanos, farmacéuticos, químico-farmacéuticos, bioquímicos, cirujano-dentistas";"MONTOYA RONCANCIO, VANESSA LIZETH";"Atencion Clinica Medica";"22 Hrs.";"MEDICO CIRUJANO";"Región Metropolitana de Santiago";"(01)";"$ 939.274";"$ 768.702";"$ 0";-;"No";"No tiene";"No tiene";"No tiene";"08/04/2025";"31/12/2025";"No informa";"Sin observaciones";
"2025";"Mayo";"Médicos cirujanos, farmacéuticos, químico-farmacéuticos, bioquímicos, cirujano-dentistas";"MONTOYA VARGAS, LUCIA DE LOS ANGELES";"Medicina Familiar";"22 Hrs.";"MEDICO CIRUJANO";"Región Metropolitana de Santiago";"(188)(86)(186)";"$ 3.264.791";"$ 2.947.546";"$ 0";-;"No";"No tiene";"No tiene";"No tiene";"01/01/2025";"31/12/2025";"No informa";"Sin observaciones";
"2025";"Mayo";"Médicos cirujanos, farmacéuticos, químico-farmacéuticos, bioquímicos, cirujano-dentistas";"MONZON TAPIA, CRISTOBAL FELIPE";"Quimico Farmaceutico";"44 Hrs.";"QUIMICO FARMACEUTICO";"Región Metropolitana de Santiago";"(186)";"$ 2.325.255";"$ 1.877.053";"$ 0";-;"No";"No tiene";"No tiene";"No tiene";"01/01/2025";"30/06/2025";"No informa";"Sin observaciones";
"2025";"Mayo";"Profesional";"MORA FRAILE, MARGARITA SOFIA";"Apoyo Administrativo";"6";"ASISTENTE SOCIAL";"Región Metropolitana de Santiago";"(186)";"$ 3.290.602";"$ 2.615.435";"$ 0";-;"No";"No tiene";"No tiene";"No tiene";"01/01/2025";"31/12/2025";"No informa";"Sin observaciones";
"2025";"Mayo";"Médicos cirujanos, farmacéuticos, químico-farmacéuticos, bioquímicos, cirujano-dentistas";"MORA RIVAS, DANIELA ANDREA";"Atencion Clinica Medica";"44 Hrs.";"MEDICO CIRUJANO";"Región Metropolitana de Santiago";"(86)";"$ 2.929.627";"$ 2.343.386";"$ 0";-;"No";"No tiene";"No tiene";"No tiene";"01/01/2025";"31/12/2025";"No informa";"Sin observaciones";
"2025";"Mayo";"Médicos cirujanos, farmacéuticos, químico-farmacéuticos, bioquímicos, cirujano-dentistas";"MORA UBE, VICTOR TELMO";"Atencion Clinica Medica";"44 Hrs.";"MEDICO CIRUJANO";"Región Metropolitana de Santiago";"(188)(186)";"$ 4.401.140";"$ 3.566.383";"$ 0";-;"No";"No tiene";"No tiene";"No tiene";"01/01/2025";"31/12/2025";"No informa";"Sin observaciones";
"2025";"Mayo";"Técnico";"MORAGA HERMOSILLA, TATIANA PAOLA";"Atencion Clinica";"21";"ENFERMERA (O)";"Región Metropolitana de Santiago";"(186)";"$ 938.290";"$ 765.176";"$ 0";-;"No";"No tiene";"No tiene";"No tiene";"01/01/2025";"31/12/2025";"No informa";"Sin observaciones";
"2025";"Mayo";"Profesional";"MORAGA MIRANDA, FABIAN ALEJANDRO";"APOYO ADMINISTRATIVO";"11";"CONSTRUCTOR (A) CIVIL";"Región Metropolitana de Santiago";"(01)";"$ 2.060.691";"$ 1.366.764";"$ 0";"$ 0";"No";"No tiene";"No tiene";"No tiene";"01/01/2025";"31/12/2025";"No informa";"REMUNERACION MAY.2025";
"2025";"Mayo";"Auxiliar";"MORAGA MORAGA, CRISTIAN LEONARDO";"CONDUCTOR";"22";"AUXILIAR";"Región Metropolitana de Santiago";"(205)(203)(204)";"$ 1.304.004";"$ 797.179";"$ 0";"$ 0";"Sí";"$ 93.047 : 28,00 hrs";"$ 307.054 : 77,00 hrs";"No tiene";"01/01/2025";"31/12/2025";"No informa";"REMUNERACION MAY.2025";
"2025";"Mayo";"Técnico";"MORAGA OYARCE, GLORIA ALEJANDRA";"Atencion Clinica";"21";"TECNICO NIVEL SUPERIOR ENFERMERIA";"Región Metropolitana de Santiago";"(186)";"$ 767.623";"$ 644.120";"$ 0";-;"Sí";"$ 61.488 : 17,00 hrs";"No tiene";"No tiene";"01/01/2025";"31/12/2025";"No informa";"Sin observaciones";
"2025";"Mayo";"Auxiliar";"MORAGA SANDOVAL, JASMIN SOLEDAD";"Apoyo Logistico";"23";"AUXILIAR";"Región Metropolitana de Santiago";"(01)";"$ 0";"$ 0";"$ 0";-;"No";"No tiene";"No tiene";"No tiene";"01/01/2025";"31/12/2025";"No informa";"PSGS 01/03/2025 AL 30/09/2025";
"2025";"Mayo";"Auxiliar";"MORALES BERRIOS, WALDO IGNACIO";"Apoyo Logistico";"23";"AUXILIAR";"Región Metropolitana de Santiago";"(01)";"$ 928.306";"$ 824.466";"$ 0";-;"Sí";"$ 112.343 : 37,00 hrs";"$ 222.256 : 61,00 hrs";"No tiene";"01/01/2025";"31/12/2025";"No informa";"Sin observaciones";
"2025";"Mayo";"Médicos cirujanos, farmacéuticos, químico-farmacéuticos, bioquímicos, cirujano-dentistas";"MORALES CASTRO, VALENTINA ALEJANDRA";"Atencion Odontologica";"22 Hrs.";"CIRUJANO DENTISTA";"Región Metropolitana de Santiago";"(188)(86)(186)";"$ 1.339.966";"$ 1.104.399";"$ 0";-;"No";"No tiene";"No tiene";"No tiene";"01/01/2025";"31/12/2025";"No informa";"Sin observaciones";
"2025";"Mayo";"Médicos cirujanos, farmacéuticos, químico-farmacéuticos, bioquímicos, cirujano-dentistas";"MORALES CASTRO, VALENTINA ALEJANDRA";"Atencion Odontologica";"22 Hrs.";"CIRUJANO DENTISTA";"Región Metropolitana de Santiago";"(188)(86)(186)";"$ 1.339.966";"$ 1.047.143";"$ 0";-;"No";"No tiene";"No tiene";"No tiene";"01/01/2025";"31/12/2025";"No informa";"Sin observaciones";
"2025";"Mayo";"Técnico";"MORALES FERRADA, PAMELA ANDREA";"ATENCION CLINICA";"22";"TECNICO NIVEL SUPERIOR ENFERMERIA";"Región Metropolitana de Santiago";"(203)(204)(186)";"$ 890.117";"$ 713.768";"$ 0";"$ 0";"No";"No tiene";"No tiene";"No tiene";"01/01/2025";"31/12/2025";"No informa";"REMUNERACION MAY.2025";
"2025";"Mayo";"Profesional";"MORALES GOMEZ, FRANCISCO GABRIEL";"Apoyo Administrativo";"7";"INGENIERO (A) CONSTRUCTOR";"Región Metropolitana de Santiago";"(186)";"$ 2.998.150";"$ 2.370.396";"$ 0";-;"No";"No tiene";"No tiene";"No tiene";"01/01/2025";"31/12/2025";"No informa";"REMUNERACION DEL MES + BIENIO 01-01-2025 AL 30-04-2025";
"2025";"Mayo";"Profesional";"MORALES OLGUIN, KATERINE VERONICA";"Atencion Clinica";"16";"TRABAJADOR (A) SOCIAL";"Región Metropolitana de Santiago";"(01)";"$ 915.690";"$ 666.661";"$ 0";-;"Sí";"No tiene";"$ 26.256 : 3,00 hrs";"No tiene";"01/01/2025";"20/05/2025";"No informa";"CONTRATO POR REEMPLAZO";
"2025";"Mayo";"Técnico";"MORALES OPAZO, JOCELYN";"Atencion Clinica";"22";"TECNICO NIVEL SUPERIOR ENFERMERIA";"Región Metropolitana de Santiago";"(01)";"$ 691.931";"$ 565.514";"$ 0";-;"No";"No tiene";"No tiene";"No tiene";"01/01/2025";"31/12/2025";"No informa";"Sin observaciones";
"2025";"Mayo";"Técnico";"MORALES PACHECO, MAGDALENA DEL TRANSITO";"ATENCION CLINICA";"22";"TECNICO NIVEL SUPERIOR ENFERMERIA";"Región Metropolitana de Santiago";"(203)(204)(186)";"$ 890.117";"$ 589.488";"$ 0";"$ 0";"No";"No tiene";"No tiene";"No tiene";"01/01/2025";"31/12/2025";"No informa";"REMUNERACION MAY.2025";
"2025";"Mayo";"Técnico";"MORALES TORRES, YELISKA JERALDINE";"Atencion Clinica";"22";"TECNICO NIVEL SUPERIOR ODONTOLOGIA";"Región Metropolitana de Santiago";"(01)";"$ 126.483";"$ 103.514";"$ 0";-;"No";"No tiene";"No tiene";"No tiene";"07/05/2025";"12/05/2025";"No informa";"CONTRATO POR REEMPLAZO";
"2025";"Mayo";"Profesional";"MORAN ALBORNOZ, CRISTIAN ANDRES";"Apoyo Administrativo";"8";"CONTADOR (A) AUDITOR (A)";"Región Metropolitana de Santiago";"(01)";"$ 2.660.255";"$ 2.119.735";"$ 0";-;"No";"No tiene";"No tiene";"No tiene";"24/03/2025";"24/06/2025";"No informa";"Sin observaciones";
"2025";"Mayo";"Médicos cirujanos, farmacéuticos, químico-farmacéuticos, bioquímicos, cirujano-dentistas";"MORAN MARTINEZ, JIMENA PAZ";"Atencion Odontologica";"22 Hrs.";"CIRUJANO DENTISTA";"Región Metropolitana de Santiago";"(188)(86)(186)";"$ 2.490.692";"$ 1.939.023";"$ 0";-;"No";"No tiene";"No tiene";"No tiene";"01/01/2025";"31/12/2025";"No informa";"Sin observaciones";
"2025";"Mayo";"Médicos cirujanos, farmacéuticos, químico-farmacéuticos, bioquímicos, cirujano-dentistas";"MORAN MARTINEZ, JIMENA PAZ";"Atencion Odontologica";"11 Hrs.";"CIRUJANO DENTISTA";"Región Metropolitana de Santiago";"(188)(86)(186)";"$ 1.245.346";"$ 1.033.850";"$ 0";-;"No";"No tiene";"No tiene";"No tiene";"01/01/2025";"31/12/2025";"No informa";"Sin observaciones";
"2025";"Mayo";"Técnico";"MORENO AGUILERA, JAIME EDUARDO";"Atencion Clinica";"22";"TECNICO NIVEL SUPERIOR ODONTOLOGIA";"Región Metropolitana de Santiago";"(01)";"$ 704.365";"$ 574.479";"$ 0";-;"No";"No tiene";"No tiene";"No tiene";"01/01/2025";"30/06/2025";"No informa";"Sin observaciones";
"2025";"Mayo";"Auxiliar";"MORENO BECERRA, CLAUDIO ADRIAN";"CONDUCTOR";"24";"AUXILIAR";"Región Metropolitana de Santiago";"(205)(202)(204)(186)";"$ 971.939";"$ 699.867";"$ 0";"$ 0";"Sí";"$ 22.604 : 8,00 hrs";"$ 33.906 : 10,00 hrs";"No tiene";"01/01/2025";"31/12/2025";"No informa";"REMUNERACION MAY.2025";
"2025";"Mayo";"Técnico";"MORENO CORONADO, FRELLA ALICIA";"Atencion Clinica";"22";"TECNICO NIVEL SUPERIOR ENFERMERIA";"Región Metropolitana de Santiago";"(186)";"$ 706.933";"$ 582.654";"$ 0";-;"No";"No tiene";"No tiene";"No tiene";"01/01/2025";"31/12/2025";"No informa";"Sin observaciones";
"2025";"Mayo";"Profesional";"MORENO MUNOZ, MARIA EDITH";"Atencion Clinica";"12";"ENFERMERA (O)";"Región Metropolitana de Santiago";"(186)";"$ 2.099.133";"$ 1.697.002";"$ 0";-;"Sí";"$ 73.752 : 7,00 hrs";"No tiene";"No tiene";"01/01/2025";"31/12/2025";"No informa";"Sin observaciones";
"2025";"Mayo";"Profesional";"MORENO SAJURIA, MARIA JOSE";"Jefe de Departamento";"5";"SOCIOLOGO (A)";"Región Metropolitana de Santiago";"(186)";"$ 3.490.826";"$ 2.774.501";"$ 0";-;"No";"No tiene";"No tiene";"No tiene";"01/01/2025";"31/12/2025";"No informa";"Sin observaciones";
"2025";"Mayo";"Administrativo";"MORENO YAÑEZ, CLAUDIA ANDREA";"Apoyo Administrativo";"22";"ADMINISTRATIVO";"Región Metropolitana de Santiago";"(186)";"$ 686.009";"$ 564.877";"$ 0";-;"Sí";"$ 6.764 : 2,00 hrs";"$ 16.235 : 4,00 hrs";"No tiene";"01/01/2025";"31/12/2025";"No informa";"Sin observaciones";
"2025";"Mayo";"Profesional";"MORESCO MIÑO, MARIO ANDRES";"Apoyo Administrativo";"10";"INGENIERO (A) EJECUCION ADMINISTRACION DE NEGOCIOS";"Región Metropolitana de Santiago";"(186)";"$ 2.254.504";"$ 1.820.906";"$ 0";-;"No";"No tiene";"No tiene";"No tiene";"01/01/2025";"31/12/2025";"No informa";"Sin observaciones";
"2025";"Mayo";"Médicos cirujanos, farmacéuticos, químico-farmacéuticos, bioquímicos, cirujano-dentistas";"MORLANS HUAQUIN, XIMENA PATRICIA";"Medicina Interna";"11 Hrs.";"MEDICO CIRUJANO";"Región Metropolitana de Santiago";"(86)(186)";"$ 1.369.625";"$ 1.264.188";"$ 0";-;"No";"No tiene";"No tiene";"No tiene";"01/01/2025";"31/12/2025";"No informa";"Sin observaciones";
"2025";"Mayo";"Profesional";"MOYA LAVIN, PAULINA SOLEDAD";"Atencion Clinica";"15";"ENFERMERA (O)";"Región Metropolitana de Santiago";"(01)";"$ 1.453.153";"$ 1.186.851";"$ 0";-;"No";"No tiene";"No tiene";"No tiene";"01/01/2025";"31/12/2025";"No informa";"Sin observaciones";
"2025";"Mayo";"Profesional";"MOYA URIBE, JOSE BRUNO";"Apoyo Administrativo";"6";"CONTADOR (A) AUDITOR (A)";"Región Metropolitana de Santiago";"(186)";"$ 3.358.015";"$ 2.644.392";"$ 0";-;"No";"No tiene";"No tiene";"No tiene";"01/01/2025";"31/12/2025";"No informa";"Sin observaciones";
"2025";"Mayo";"Médicos cirujanos, farmacéuticos, químico-farmacéuticos, bioquímicos, cirujano-dentistas";"MUJICA ROJAS, AMPARO";"Atencion Odontologica";"22 Hrs.";"CIRUJANO DENTISTA";"Región Metropolitana de Santiago";"(01)";"$ 939.274";"$ 764.771";"$ 0";-;"No";"No tiene";"No tiene";"No tiene";"01/01/2025";"17/06/2025";"No informa";"CONTRATO POR REEMPLAZO";
"2025";"Mayo";"Médicos cirujanos, farmacéuticos, químico-farmacéuticos, bioquímicos, cirujano-dentistas";"MUJICA ROJAS, AMPARO";"Atencion Odontologica";"11 Hrs.";"CIRUJANO DENTISTA";"Región Metropolitana de Santiago";"(01)";"$ 469.637";"$ 387.074";"$ 0";-;"No";"No tiene";"No tiene";"No tiene";"01/01/2025";"17/06/2025";"No informa";"CONTRATO POR REEMPLAZO";
"2025";"Mayo";"Profesional";"MULLER SALAZAR, FRANCISCA XIMENA";"Atencion Clinica";"15";"NUTRICIONISTA";"Región Metropolitana de Santiago";"(186)";"$ 1.469.936";"$ 1.205.648";"$ 0";-;"No";"No tiene";"No tiene";"No tiene";"01/01/2025";"31/12/2025";"No informa";"Sin observaciones";
"2025";"Mayo";"Médicos cirujanos, farmacéuticos, químico-farmacéuticos, bioquímicos, cirujano-dentistas";"MUNIZAGA FERNANDEZ, DIANA YENIFER";"Atencion Clinica Medica";"44 Hrs.";"MEDICO";"Región Metropolitana de Santiago";"(86)";"$ 2.929.627";"$ 2.325.245";"$ 0";-;"No";"No tiene";"No tiene";"No tiene";"01/01/2025";"31/12/2025";"No informa";"Sin observaciones";
"2025";"Mayo";"Administrativo";"MUNOZ TOLEDO, ORIANA INES";"Apoyo Administrativo";"13";"ADMINISTRATIVO";"Región Metropolitana de Santiago";"(186)";"$ 1.015.225";"$ 829.743";"$ 0";-;"No";"No tiene";"No tiene";"No tiene";"01/01/2025";"31/12/2025";"No informa";"Sin observaciones";
"2025";"Mayo";"Técnico";"MUÑOZ ASTORGA, DANITZA DE LAS NIEVES";"Atencion Clinica";"22";"TECNICO NIVEL SUPERIOR ENFERMERIA";"Región Metropolitana de Santiago";"(186)";"$ 705.649";"$ 577.502";"$ 0";-;"No";"No tiene";"No tiene";"No tiene";"01/01/2025";"30/06/2025";"No informa";"Sin observaciones";
"2025";"Mayo";"Técnico";"MUÑOZ BARRIENTOS, CATHERINE ANDREA";"Atencion Clinica";"21";"TECNICO NIVEL SUPERIOR ENFERMERIA";"Región Metropolitana de Santiago";"(01)";"$ 704.582";"$ 580.717";"$ 0";-;"No";"No tiene";"No tiene";"No tiene";"01/01/2025";"30/06/2025";"No informa";"Sin observaciones";
"2025";"Mayo";"Auxiliar";"MUÑOZ CAMPILLAY, PABLO ARTURO";"CONDUCTOR";"24";"TECNICO NIVEL SUPERIOR ENFERMERIA";"Región Metropolitana de Santiago";"(205)(202)(204)(186)";"$ 1.118.942";"$ 757.334";"$ 0";"$ 0";"Sí";"$ 81.284 : 28,00 hrs";"$ 69.672 : 20,00 hrs";"No tiene";"01/01/2025";"31/12/2025";"No informa";"REMUNERACION MAY.2025";
"2025";"Mayo";"Técnico";"MUÑOZ CAMPOS, MARISEL ALEJANDRA";"ATENCION CLINICA";"22";"AUXILIAR PARAMEDICO DE ENFERMERIA";"Región Metropolitana de Santiago";"(203)(204)(186)";"$ 841.239";"$ 578.393";"$ 0";"$ 0";"No";"No tiene";"No tiene";"No tiene";"01/01/2025";"31/12/2025";"No informa";"REMUNERACION MAY.2025";
"2025";"Mayo";"Profesional";"MUÑOZ DELGADO, MARJORIE SCARLET";"Atencion Clinica";"16";"ENFERMERA (O)";"Región Metropolitana de Santiago";"(01)";"$ 1.334.152";"$ 1.083.856";"$ 0";-;"No";"No tiene";"No tiene";"No tiene";"01/01/2025";"31/12/2025";"No informa";"Sin observaciones";
"2025";"Mayo";"Profesional";"MUÑOZ DIAZ, DENNIS PRISCILLA";"Atencion Clinica";"15";"NUTRICIONISTA";"Región Metropolitana de Santiago";"(186)";"$ 1.559.065";"$ 1.257.779";"$ 0";-;"No";"No tiene";"No tiene";"No tiene";"01/01/2025";"31/12/2025";"No informa";"Sin observaciones";
"2025";"Mayo";"Profesional";"MUÑOZ ESCALONA, MARIA VICTORIA";"Atencion Clinica";"14";"NUTRICIONISTA";"Región Metropolitana de Santiago";"(01)";"$ 1.689.373";"$ 1.368.312";"$ 0";-;"Sí";"$ 17.365 : 2,00 hrs";"No tiene";"No tiene";"01/01/2025";"31/12/2025";"No informa";"Sin observaciones";
"2025";"Mayo";"Profesional";"MUÑOZ GALLARDO, MICHAEL ANTONIO";"Subdirector";"5";"INGENIERO (A) COMERCIAL";"Región Metropolitana de Santiago";"(186)";"$ 3.401.697";"$ 2.672.130";"$ 0";-;"No";"No tiene";"No tiene";"No tiene";"01/01/2025";"31/12/2025";"No informa";"Sin observaciones";
"2025";"Mayo";"Médicos cirujanos, farmacéuticos, químico-farmacéuticos, bioquímicos, cirujano-dentistas";"MUÑOZ GATICA, IVAN ANDRES";"Atencion Clinica Medica";"44 Hrs.";"MEDICO CIRUJANO";"Región Metropolitana de Santiago";"(86)(186)";"$ 4.450.351";"$ 3.637.225";"$ 0";-;"Sí";"$ 252.380 : 20,00 hrs";"$ 514.862 : 34,00 hrs";"No tiene";"01/01/2025";"31/05/2025";"No informa";"Sin observaciones";
"2025";"Mayo";"Profesional";"MUÑOZ GOMEZ, ALEJANDRA CECILIA";"Atencion Clinica";"13";"PROFESIONAL";"Región Metropolitana de Santiago";"(01)";"$ 1.724.492";"$ 1.390.121";"$ 0";-;"No";"No tiene";"No tiene";"No tiene";"01/01/2025";"31/12/2025";"No informa";"Sin observaciones";
"2025";"Mayo";"Técnico";"MUÑOZ JAQUE, FELIPE SEBASTIAN";"Atencion Clinica";"22";"TECNICO NIVEL SUPERIOR ODONTOLOGIA";"Región Metropolitana de Santiago";"(186)";"$ 708.217";"$ 578.825";"$ 0";-;"No";"No tiene";"No tiene";"No tiene";"01/01/2025";"31/12/2025";"No informa";"Sin observaciones";
"2025";"Mayo";"Profesional";"MUÑOZ JIMENEZ, FRANCISCA BELEN";"Atencion Clinica";"15";"TERAPEUTA OCUPACIONAL";"Región Metropolitana de Santiago";"(186)";"$ 1.575.848";"$ 1.286.847";"$ 0";-;"No";"No tiene";"No tiene";"No tiene";"01/01/2025";"31/12/2025";"No informa";"Sin observaciones";
"2025";"Mayo";"Administrativo";"MUÑOZ LAVOZ, JAIME ANDRES";"Apoyo Administrativo";"22";"ADMINISTRATIVO";"Región Metropolitana de Santiago";"(186)";"$ 673.157";"$ 556.600";"$ 0";-;"Sí";"$ 10.147 : 3,00 hrs";"No tiene";"No tiene";"01/01/2025";"31/12/2025";"No informa";"Sin observaciones";
"2025";"Mayo";"Administrativo";"MUÑOZ MUÑOZ, PAMELA ALEJANDRA";"Apoyo Administrativo";"22";"ADMINISTRATIVO";"Región Metropolitana de Santiago";"(186)";"$ 667.505";"$ 550.158";"$ 0";-;"No";"No tiene";"No tiene";"No tiene";"01/01/2025";"31/12/2025";"No informa";"Sin observaciones";
"2025";"Mayo";"Auxiliar";"MUÑOZ MUÑOZ, RODRIGO DE LA CRUZ";"CONDUCTOR";"24";"TECNICO NIVEL SUPERIOR ENFERMERIA";"Región Metropolitana de Santiago";"(202)(186)(205)(202)(204)(186)";"$ 1.034.423";"$ 807.505";"$ 0";"$ 0";"Sí";"$ 37.765 : 13,00 hrs";"$ 43.042 : 12,00 hrs";"No tiene";"01/01/2025";"31/12/2025";"No informa";"REMUNERACION MAY.2025+PAGO DIF. BIENIOS FEB.2025";
"2025";"Mayo";"Administrativo";"MUÑOZ MUÑOZ, SIMONA YENNY";"APOYO ADMINISTRATIVO";"22";"TECNICO NIVEL SUPERIOR ENFERMERIA";"Región Metropolitana de Santiago";"(203)(204)";"$ 871.515";"$ 697.432";"$ 0";"$ 0";"No";"No tiene";"No tiene";"No tiene";"01/01/2025";"31/08/2025";"No informa";"REMUNERACION MAY.2025";
"2025";"Mayo";"Administrativo";"MUÑOZ NEIRA, CAROLINA ANDREA";"Apoyo Administrativo";"16";"ADMINISTRATIVO";"Región Metropolitana de Santiago";"(186)";"$ 933.583";"$ 780.765";"$ 0";-;"Sí";"No tiene";"$ 97.141 : 17,00 hrs";"No tiene";"01/01/2025";"31/12/2025";"No informa";"Sin observaciones";
"2025";"Mayo";"Administrativo";"MUÑOZ OLGUIN, MARIA SOLEDAD";"Apoyo Administrativo";"21";"ADMINISTRATIVO";"Región Metropolitana de Santiago";"(186)";"$ 697.280";"$ 568.701";"$ 0";-;"No";"No tiene";"No tiene";"No tiene";"01/01/2025";"31/12/2025";"No informa";"Sin observaciones";
"2025";"Mayo";"Técnico";"MUÑOZ ORELLANA, ISABEL MARGARITA";"Atencion Clinica";"21";"TECNICO NIVEL SUPERIOR ENFERMERIA";"Región Metropolitana de Santiago";"(186)";"$ 707.688";"$ 579.171";"$ 0";-;"No";"No tiene";"No tiene";"No tiene";"01/01/2025";"31/12/2025";"No informa";"Sin observaciones";
"2025";"Mayo";"Auxiliar";"MUÑOZ OTTH, CRISTIAN MANUEL";"Chofer";"17";"AUXILIAR";"Región Metropolitana de Santiago";"(186)";"$ 1.116.294";"$ 971.474";"$ 0";-;"Sí";"$ 186.836 : 40,00 hrs";"$ 112.101 : 20,00 hrs";"No tiene";"01/01/2025";"31/12/2025";"No informa";"Sin observaciones";
"2025";"Mayo";"Administrativo";"MUÑOZ OTTH, GLORIA MYRIAM";"Secretaria";"13";"ADMINISTRATIVO";"Región Metropolitana de Santiago";"(186)";"$ 1.751.611";"$ 1.408.539";"$ 0";-;"No";"No tiene";"No tiene";"No tiene";"01/01/2025";"31/12/2025";"No informa";"Sin observaciones";
"2025";"Mayo";"Técnico";"MUÑOZ PAREDES, PABLO ANDRES";"Atencion Clinica";"21";"TECNICO NIVEL SUPERIOR ENFERMERIA";"Región Metropolitana de Santiago";"(186)";"$ 707.688";"$ 583.277";"$ 0";-;"No";"No tiene";"No tiene";"No tiene";"01/01/2025";"31/12/2025";"No informa";"Sin observaciones";
"2025";"Mayo";"Médicos cirujanos, farmacéuticos, químico-farmacéuticos, bioquímicos, cirujano-dentistas";"MUÑOZ PARRA, JAIME ANDRES";"Atencion Odontologica";"44 Hrs.";"CIRUJANO DENTISTA";"Región Metropolitana de Santiago";"(188)(86)(186)";"$ 5.242.004";"$ 4.298.789";"$ 0";-;"No";"No tiene";"No tiene";"No tiene";"01/01/2025";"31/12/2025";"No informa";"Sin observaciones";
"2025";"Mayo";"Profesional";"MUÑOZ RIVEROS, LUIS ANDRES";"Apoyo Administrativo";"9";"INGENIERO (A) CONSTRUCTOR";"Región Metropolitana de Santiago";"(01)";"$ 2.444.308";"$ 1.971.735";"$ 0";-;"No";"No tiene";"No tiene";"No tiene";"01/01/2025";"31/12/2025";"No informa";"Sin observaciones";
"2025";"Mayo";"Técnico";"MUÑOZ ROSSEL, MARIBEL ANDREA";"Atencion Clinica";"22";"TECNICO NIVEL SUPERIOR ODONTOLOGIA";"Región Metropolitana de Santiago";"(01)";"$ 704.365";"$ 580.536";"$ 0";-;"No";"No tiene";"No tiene";"No tiene";"01/01/2025";"30/06/2025";"No informa";"Sin observaciones";
"2025";"Mayo";"Médicos cirujanos, farmacéuticos, químico-farmacéuticos, bioquímicos, cirujano-dentistas";"MUÑOZ RUBIO, PAULETTE ALEJANDRA";"Atencion Odontologica";"33 Hrs.";"CIRUJANO DENTISTA";"Región Metropolitana de Santiago";"(01)";"$ 1.408.910";"$ 1.136.362";"$ 0";-;"No";"No tiene";"No tiene";"No tiene";"01/01/2025";"30/06/2025";"No informa";"Sin observaciones";
"2025";"Mayo";"Médicos cirujanos, farmacéuticos, químico-farmacéuticos, bioquímicos, cirujano-dentistas";"MUÑOZ RUBIO, PAULETTE ALEJANDRA";"Atencion Odontologica";"11 Hrs.";"CIRUJANO DENTISTA";"Región Metropolitana de Santiago";"(01)";"$ 469.637";"$ 387.074";"$ 0";-;"No";"No tiene";"No tiene";"No tiene";"01/01/2025";"30/06/2025";"No informa";"Sin observaciones";
"2025";"Mayo";"Técnico";"MUÑOZ SALDIVIA, MICHAEL ANDRES";"ATENCION CLINICA";"22";"AUXILIAR PARAMEDICO DE ENFERMERIA";"Región Metropolitana de Santiago";"(202)(204)(186)";"$ 1.413.139";"$ 1.022.482";"$ 0";"$ 0";"Sí";"$ 102.354 : 30,00 hrs";"$ 302.969 : 74,00 hrs";"No tiene";"01/01/2025";"31/12/2025";"No informa";"REMUNERACION MAY.2025";
"2025";"Mayo";"Técnico";"MUÑOZ VALENZUELA, XIMENA DE LOURDES";"ATENCION CLINICA";"22";"TECNICO NIVEL SUPERIOR ENFERMERIA";"Región Metropolitana de Santiago";"(203)(204)(186)";"$ 872.239";"$ 504.115";"$ 0";"$ 0";"No";"No tiene";"No tiene";"No tiene";"01/01/2025";"31/12/2025";"No informa";"REMUNERACION MAY.2025";
"2025";"Mayo";"Profesional";"MUÑOZ VEGA, LETICIA CAROLINA";"APOYO ADMINISTRATIVO";"15";"ASISTENTE SOCIAL";"Región Metropolitana de Santiago";"(186)";"$ 1.567.456";"$ 1.226.536";"$ 0";"$ 0";"No";"No tiene";"No tiene";"No tiene";"01/01/2025";"31/12/2025";"No informa";"REMUNERACION MAY.2025";
"2025";"Mayo";"Médicos cirujanos, farmacéuticos, químico-farmacéuticos, bioquímicos, cirujano-dentistas";"MUÑOZ VENEGAS, DIEGO FELIPE";"Atencion Clinica Medica";"44 Hrs.";"MEDICO CIRUJANO";"Región Metropolitana de Santiago";"(86)(186)";"$ 3.556.152";"$ 2.807.377";"$ 0";-;"No";"No tiene";"No tiene";"No tiene";"01/01/2025";"31/05/2025";"No informa";"Sin observaciones";
"2025";"Mayo";"Técnico";"MUÑOZ VERDUGO, YASNA PAMELA";"ATENCION CLINICA";"22";"TECNICO NIVEL SUPERIOR ENFERMERIA";"Región Metropolitana de Santiago";"(202)(204)(186)";"$ 1.026.470";"$ 529.616";"$ 0";"$ 0";"No";"No tiene";"No tiene";"No tiene";"01/01/2025";"31/12/2025";"No informa";"REMUNERACION MAY.2025";
"2025";"Mayo";"Auxiliar";"MUÑOZ VIDAL, JUAN CARLOS";"CONDUCTOR";"21";"TECNICO NIVEL SUPERIOR ENFERMERIA";"Región Metropolitana de Santiago";"(205)(202)(204)";"$ 1.510.688";"$ 860.200";"$ 0";"$ 0";"Sí";"$ 139.827 : 39,00 hrs";"$ 197.908 : 46,00 hrs";"No tiene";"01/01/2025";"31/12/2025";"No informa";"REMUNERACION MAY.2025";
"2025";"Mayo";"Médicos cirujanos, farmacéuticos, químico-farmacéuticos, bioquímicos, cirujano-dentistas";"MURA LEAL, CAMILA EUGENIA";"Quimico Farmaceutico";"22 Hrs.";"QUIMICO FARMACEUTICO";"Región Metropolitana de Santiago";"(188)(186)";"$ 2.198.360";"$ 1.683.578";"$ 0";-;"No";"No tiene";"No tiene";"No tiene";"01/01/2025";"31/12/2025";"No informa";"Sin observaciones";
"2025";"Mayo";"Médicos cirujanos, farmacéuticos, químico-farmacéuticos, bioquímicos, cirujano-dentistas";"MURA LEAL, CAMILA EUGENIA";"Quimico Farmaceutico";"22 Hrs.";"QUIMICO FARMACEUTICO";"Región Metropolitana de Santiago";"(188)(186)";"$ 2.198.360";"$ 1.884.039";"$ 0";-;"No";"No tiene";"No tiene";"No tiene";"01/01/2025";"31/12/2025";"No informa";"Sin observaciones";
"2025";"Mayo";"Médicos cirujanos, farmacéuticos, químico-farmacéuticos, bioquímicos, cirujano-dentistas";"MURIEL GONZALEZ, INGEBORTH JOVHANKA";"Atencion Clinica Medica";"11 Hrs.";"MEDICO CIRUJANO";"Región Metropolitana de Santiago";"(188)(186)";"$ 1.085.414";"$ 1.006.214";"$ 0";-;"No";"No tiene";"No tiene";"No tiene";"01/01/2025";"31/12/2025";"No informa";"Sin observaciones";
"2025";"Mayo";"Profesional";"MURILLO HERRERA, RICHARD ESTEBAN";"Apoyo Administrativo";"15";"INGENIERO (A) FINANCIERO";"Región Metropolitana de Santiago";"(186)";"$ 1.725.751";"$ 1.448.068";"$ 0";-;"Sí";"$ 120.094 : 15,00 hrs";"$ 144.112 : 15,00 hrs";"No tiene";"01/01/2025";"31/07/2025";"No informa";"Sin observaciones";
"2025";"Mayo";"Profesional";"MUSARE GUERRATY, INES VERONICA";"Atencion Clinica";"16";"ASISTENTE SOCIAL";"Región Metropolitana de Santiago";"(01)";"$ 1.334.152";"$ 1.083.856";"$ 0";-;"No";"No tiene";"No tiene";"No tiene";"01/01/2025";"30/06/2025";"No informa";"Sin observaciones";
"2025";"Mayo";"Profesional";"NAHUEL INGLES, LILIANA LORETO";"Apoyo Administrativo";"7";"TERAPEUTA OCUPACIONAL";"Región Metropolitana de Santiago";"(186)";"$ 3.071.747";"$ 2.426.406";"$ 0";-;"No";"No tiene";"No tiene";"No tiene";"01/01/2025";"31/12/2025";"No informa";"Sin observaciones";
"2025";"Mayo";"Profesional";"NAIN CARES, PAMELA DEL CARMEN";"Atencion Clinica";"14";"ASISTENTE SOCIAL";"Región Metropolitana de Santiago";"(186)";"$ 1.681.070";"$ 1.356.050";"$ 0";-;"No";"No tiene";"No tiene";"No tiene";"01/01/2025";"31/12/2025";"No informa";"Sin observaciones";
"2025";"Mayo";"Médicos cirujanos, farmacéuticos, químico-farmacéuticos, bioquímicos, cirujano-dentistas";"NALEGACH ARZOLA, CATALINA PAZ";"Atencion Clinica Medica";"44 Hrs.";"MEDICO CIRUJANO";"Región Metropolitana de Santiago";"(86)(186)";"$ 3.376.336";"$ 2.682.758";"$ 0";-;"No";"No tiene";"No tiene";"No tiene";"01/01/2025";"31/12/2025";"No informa";"Sin observaciones";
"2025";"Mayo";"Auxiliar";"NARANJO CARRASCO, LUIS ESTEBAN";"Chofer";"20";"AUXILIAR";"Región Metropolitana de Santiago";"(01)";"$ 705.799";"$ 577.626";"$ 0";-;"No";"No tiene";"No tiene";"No tiene";"01/03/2025";"30/06/2025";"No informa";"Sin observaciones";
"2025";"Mayo";"Técnico";"NARANJO QUEZADA, POLLET MARITZA";"Atencion Clinica";"22";"TECNICO NIVEL SUPERIOR ODONTOLOGIA";"Región Metropolitana de Santiago";"(186)";"$ 763.258";"$ 638.979";"$ 0";-;"Sí";"No tiene";"$ 56.325 : 14,00 hrs";"No tiene";"01/01/2025";"31/12/2025";"No informa";"Sin observaciones";
"2025";"Mayo";"Profesional";"NAVARRETE ARAVENA, VERONICA EDITH";"Jefe de Departamento";"3";"INGENIERO (A) COMERCIAL";"Región Metropolitana de Santiago";"(186)";"$ 4.105.467";"$ 3.310.625";"$ 0";-;"No";"No tiene";"No tiene";"No tiene";"01/01/2025";"31/12/2025";"No informa";"Sin observaciones";
"2025";"Mayo";"Auxiliar";"NAVARRETE HERNANDEZ, MARIO ANDRES";"Chofer";"19";"AUXILIAR";"Región Metropolitana de Santiago";"(205)(186)";"$ 1.378.475";"$ 1.209.375";"$ 0";-;"Sí";"$ 124.959 : 30,00 hrs";"$ 674.777 : 135,00 hrs";"No tiene";"01/01/2025";"31/12/2025";"No informa";"Sin observaciones";
"2025";"Mayo";"Profesional";"NAVARRETE LASTRA, SAMANTHA SERENA";"Atencion Clinica";"15";"ENFERMERA (O)";"Región Metropolitana de Santiago";"(01)";"$ 1.548.642";"$ 1.278.521";"$ 0";-;"Sí";"$ 95.489 : 12,00 hrs";"No tiene";"No tiene";"01/01/2025";"31/12/2025";"No informa";"Sin observaciones";
"2025";"Mayo";"Auxiliar";"NAVARRO MALDONADO, JUAN EDUARDO";"Chofer";"19";"AUXILIAR";"Región Metropolitana de Santiago";"(205)";"$ 1.418.181";"$ 1.261.058";"$ 0";-;"Sí";"$ 132.673 : 33,00 hrs";"$ 501.744 : 104,00 hrs";"No tiene";"01/01/2025";"31/12/2025";"No informa";"Sin observaciones";
"2025";"Mayo";"Auxiliar";"NAVARRO SAGAL, JOSE ANTONIO";"CONDUCTOR";"24";"AUXILIAR";"Región Metropolitana de Santiago";"(202)(186)(205)(202)(204)(186)";"$ 1.092.963";"$ 713.875";"$ 0";"$ 0";"Sí";"$ 73.463 : 26,00 hrs";"$ 81.375 : 24,00 hrs";"No tiene";"01/01/2025";"31/12/2025";"No informa";"REMUNERACION MAY.2025+PAGO DIF. BIENIOS FEB.2025";
"2025";"Mayo";"Médicos cirujanos, farmacéuticos, químico-farmacéuticos, bioquímicos, cirujano-dentistas";"NAVARRO SEPULVEDA, MARCIA DANIELA";"CIRUGIA GENERAL";"28 Hrs.";"MEDICO CIRUJANO";"Región Metropolitana de Santiago";"(194)(193)(198)";"$ 2.424.189";"$ 1.868.503";"$ 0";"$ 0";"No";"No tiene";"No tiene";"No tiene";"01/01/2025";"31/12/2025";"No informa";"REMUNERACION MAY.2025";
"2025";"Mayo";"Técnico";"NEIRA ECHEVERRIA, CRISTIAN JAVIER";"ATENCION CLINICA";"22";"TECNICO NIVEL SUPERIOR ENFERMERIA";"Región Metropolitana de Santiago";"(202)(204)";"$ 1.824.837";"$ 1.578.545";"$ 0";"$ 0";"Sí";"$ 93.047 : 28,00 hrs";"$ 721.777 : 209,00 hrs";"No tiene";"01/03/2025";"31/05/2025";"No informa";"REMUNERACION MAY.2025";
"2025";"Mayo";"Administrativo";"NEIRA HERRERA, JORGE ORLANDO";"Apoyo Administrativo";"19";"TECNICO NIVEL MEDIO CONTABILIDAD";"Región Metropolitana de Santiago";"(186)";"$ 934.056";"$ 801.313";"$ 0";-;"Sí";"$ 121.698 : 30,00 hrs";"$ 92.491 : 19,00 hrs";"No tiene";"01/01/2025";"31/12/2025";"No informa";"Sin observaciones";
"2025";"Mayo";"Profesional";"NEIRA MOLINA, NATALIA ISADORA";"Apoyo Administrativo";"10";"PSICOLOGO (A)";"Región Metropolitana de Santiago";"(186)";"$ 2.254.504";"$ 1.822.015";"$ 0";-;"No";"No tiene";"No tiene";"No tiene";"01/01/2025";"31/12/2025";"No informa";"Sin observaciones";
"2025";"Mayo";"Administrativo";"NEIRA YAÑEZ, INES DEL CAMEN";"Apoyo Administrativo";"22";"ADMINISTRATIVO";"Región Metropolitana de Santiago";"(186)";"$ 667.505";"$ 620.780";"$ 0";-;"No";"No tiene";"No tiene";"No tiene";"01/01/2025";"31/12/2025";"No informa";"Sin observaciones";
"2025";"Mayo";"Médicos cirujanos, farmacéuticos, químico-farmacéuticos, bioquímicos, cirujano-dentistas";"NIETO BARRAZA, ANA VICTORIA";"QUIMICO FARMACEUTICO";"44 Hrs.";"QUIMICO FARMACEUTICO";"Región Metropolitana de Santiago";"(01)";"$ 2.310.291";"$ 1.841.649";"$ 0";"$ 0";"No";"No tiene";"No tiene";"No tiene";"07/05/2025";"23/05/2025";"No informa";"REEMPLAZO MAY.2025 (07-23)+REEMPLAZO MAY.2025 (07-23)+DIF. REEMPLAZO MAY.2025 (07-23)";
"2025";"Mayo";"Profesional";"NOCHES MIRANDA, ROMINA VARINYA";"Atencion Clinica";"15";"PSICOLOGO (A)";"Región Metropolitana de Santiago";"(186)";"$ 1.559.065";"$ 1.267.239";"$ 0";-;"No";"No tiene";"No tiene";"No tiene";"01/01/2025";"31/12/2025";"No informa";"Sin observaciones";
"2025";"Mayo";"Profesional";"NORAMBUENA CANALES, CRISTOFER IGNACIO";"Atencion Clinica";"15";"FONOAUDIOLOGO (A)";"Región Metropolitana de Santiago";"(01)";"$ 1.453.153";"$ 1.174.854";"$ 0";-;"No";"No tiene";"No tiene";"No tiene";"01/02/2025";"30/06/2025";"No informa";"Sin observaciones";
"2025";"Mayo";"Administrativo";"NORAMBUENA LEIVA, BERNARDITA ALEJANDRA";"Apoyo Administrativo";"16";"INGENIERO (A) EN RECURSOS HUMANOS";"Región Metropolitana de Santiago";"(186)";"$ 1.424.051";"$ 1.171.686";"$ 0";-;"Sí";"$ 98.603 : 14,00 hrs";"No tiene";"No tiene";"01/01/2025";"31/12/2025";"No informa";"Sin observaciones";
"2025";"Mayo";"Profesional";"NORAMBUENA MOYANO, PATRICIA ARLETTE";"ATENCION CLINICA";"11";"KINESIOLOGO (A)";"Región Metropolitana de Santiago";"(203)(201)(204)(186)";"$ 3.018.696";"$ 2.317.371";"$ 0";"$ 0";"No";"No tiene";"No tiene";"No tiene";"01/01/2025";"31/12/2025";"No informa";"REMUNERACION MAY.2025";
"2025";"Mayo";"Técnico";"NORAMBUENA VARGAS, FERNANDA ANDREA";"Atencion Clinica";"22";"TECNICO NIVEL SUPERIOR ENFERMERIA";"Región Metropolitana de Santiago";"(186)";"$ 706.933";"$ 577.775";"$ 0";-;"No";"No tiene";"No tiene";"No tiene";"01/01/2025";"31/12/2025";"No informa";"Sin observaciones";
"2025";"Mayo";"Médicos cirujanos, farmacéuticos, químico-farmacéuticos, bioquímicos, cirujano-dentistas";"NOVOA ALFARO, ENRIQUE JESUS";"Quimico Farmaceutico";"44 Hrs.";"QUIMICO FARMACEUTICO";"Región Metropolitana de Santiago";"(86)(186)";"$ 6.385.054";"$ 5.197.177";"$ 0";-;"No";"No tiene";"No tiene";"No tiene";"01/01/2025";"31/12/2025";"No informa";"Sin observaciones";
"2025";"Mayo";"Técnico";"NUÑEZ ESPINOZA, MELANY CATALINA";"Atencion Clinica";"22";"TECNICO NIVEL MEDIO ENFERMERIA";"Región Metropolitana de Santiago";"(01)";"$ 704.365";"$ 570.326";"$ 0";-;"No";"No tiene";"No tiene";"No tiene";"01/01/2025";"31/07/2025";"No informa";"Sin observaciones";
"2025";"Mayo";"Administrativo";"NUÑEZ FLORES, KARINA SOLEDAD";"Apoyo Administrativo";"22";"ADMINISTRATIVO";"Región Metropolitana de Santiago";"(186)";"$ 663.010";"$ 540.684";"$ 0";-;"No";"No tiene";"No tiene";"No tiene";"01/01/2025";"31/12/2025";"No informa";"Sin observaciones";
"2025";"Mayo";"Administrativo";"NUÑEZ PIZARRO, JULIO ALEJANDRO";"Apoyo Administrativo";"21";"ADMINISTRATIVO";"Región Metropolitana de Santiago";"(186)";"$ 789.318";"$ 660.453";"$ 0";-;"Sí";"$ 51.080 : 14,00 hrs";"$ 39.405 : 9,00 hrs";"No tiene";"01/01/2025";"31/12/2025";"No informa";"Sin observaciones";
"2025";"Mayo";"Profesional";"NUÑEZ ROJAS, CONSTANZA FRANCISCA";"Apoyo Administrativo";"10";"ADMINISTRADOR (A) PUBLICO";"Región Metropolitana de Santiago";"(186)";"$ 2.254.504";"$ 1.802.293";"$ 0";-;"No";"No tiene";"No tiene";"No tiene";"01/01/2025";"31/12/2025";"No informa";"Sin observaciones";
"2025";"Mayo";"Administrativo";"NUÑEZ VEGA, LISBET ANAHI BERENICE";"APOYO ADMINISTRATIVO";"22";"ADMINISTRATIVO";"Región Metropolitana de Santiago";"(186)(186)";"$ 685.622";"$ 486.355";"$ 0";"$ 0";"No";"No tiene";"No tiene";"No tiene";"01/01/2025";"31/12/2025";"No informa";"REMUNERACION MAY.2025+PAGO BONO MENSUAL+PAGO DIF. BIENIOS FEB.2025";
"2025";"Mayo";"Técnico";"OBREGON HERNANDEZ, FRANCISCO JAVIER";"Apoyo Administrativo";"12";"TECNICO NIVEL MEDIO INFORMATICA";"Región Metropolitana de Santiago";"(186)";"$ 1.910.028";"$ 1.533.984";"$ 0";-;"No";"No tiene";"No tiene";"No tiene";"01/01/2025";"31/12/2025";"No informa";"Sin observaciones";
"2025";"Mayo";"Médicos cirujanos, farmacéuticos, químico-farmacéuticos, bioquímicos, cirujano-dentistas";"OCAÑA LOPEZ, ROCIO DEL PILAR";"Atencion Clinica Medica";"33 Hrs.";"MEDICO CIRUJANO";"Región Metropolitana de Santiago";"(188)(186)";"$ 3.665.448";"$ 2.907.930";"$ 0";-;"No";"No tiene";"No tiene";"No tiene";"01/01/2025";"31/12/2025";"No informa";"Sin observaciones";
"2025";"Mayo";"Profesional";"OCARANZA CACERES, JENNYFER CAROLINA";"Atencion Clinica";"15";"TRABAJADOR (A) SOCIAL";"Región Metropolitana de Santiago";"(186)";"$ 1.655.726";"$ 1.363.445";"$ 0";-;"Sí";"No tiene";"$ 96.661 : 10,00 hrs";"No tiene";"01/01/2025";"31/12/2025";"No informa";"Sin observaciones";
"2025";"Mayo";"Profesional";"OCARANZA VASQUEZ, PAULA ANDREA";"Apoyo Administrativo";"8";"ENFERMERA (O)";"Región Metropolitana de Santiago";"(186)";"$ 2.806.915";"$ 2.230.011";"$ 0";-;"No";"No tiene";"No tiene";"No tiene";"01/01/2025";"31/12/2025";"No informa";"Sin observaciones";
"2025";"Mayo";"Médicos cirujanos, farmacéuticos, químico-farmacéuticos, bioquímicos, cirujano-dentistas";"OJEDA CONTRERAS, VALENTINA FERNANDA";"Atencion Clinica Medica";"44 Hrs.";"MEDICO CIRUJANO";"Región Metropolitana de Santiago";"(86)(186)";"$ 4.365.490";"$ 3.571.557";"$ 0";-;"Sí";"$ 196.911 : 17,00 hrs";"$ 792.243 : 57,00 hrs";"No tiene";"01/01/2025";"31/12/2025";"No informa";"Sin observaciones";
"2025";"Mayo";"Administrativo";"OJEDA GONZALEZ, SOLEDAD CONSUELO";"Apoyo Administrativo";"21";"PROFESOR (A)";"Región Metropolitana de Santiago";"(186)";"$ 951.953";"$ 789.211";"$ 0";-;"Sí";"$ 61.193 : 15,00 hrs";"No tiene";"No tiene";"01/01/2025";"31/12/2025";"No informa";"Sin observaciones";
"2025";"Mayo";"Técnico";"OJEDA MENDOZA, CRISTOPHER ALEJANDRO";"ATENCION CLINICA";"22";"TECNICO NIVEL SUPERIOR ENFERMERIA";"Región Metropolitana de Santiago";"(202)(204)(186)";"$ 1.141.186";"$ 921.997";"$ 0";"$ 0";"Sí";"No tiene";"$ 98.260 : 24,00 hrs";"No tiene";"01/01/2025";"31/12/2025";"No informa";"REMUNERACION MAY.2025";
"2025";"Mayo";"Médicos cirujanos, farmacéuticos, químico-farmacéuticos, bioquímicos, cirujano-dentistas";"OJEDA REINO, MARIA JOSE";"Atencion Clinica Medica";"44 Hrs.";"MEDICO CIRUJANO";"Región Metropolitana de Santiago";"(86)";"$ 2.929.627";"$ 2.327.023";"$ 0";-;"No";"No tiene";"No tiene";"No tiene";"06/02/2025";"31/12/2025";"No informa";"Sin observaciones";
"2025";"Mayo";"Profesional";"OJEDA ZAMORANO, VICENTE HERIBERTO";"Apoyo Administrativo";"8";"TECNOLOGO (A) EN INFORMATICA BIOMEDICA";"Región Metropolitana de Santiago";"(186)";"$ 2.763.766";"$ 2.201.358";"$ 0";-;"No";"No tiene";"No tiene";"No tiene";"01/01/2025";"31/12/2025";"No informa";"Sin observaciones";
"2025";"Mayo";"Profesional";"OLATE SAAVEDRA, NICOLE ANDREA";"Atencion Clinica";"13";"ENFERMERA (O)";"Región Metropolitana de Santiago";"(01)";"$ 2.135.784";"$ 1.769.616";"$ 0";-;"Sí";"$ 208.458 : 22,00 hrs";"$ 113.705 : 10,00 hrs";"No tiene";"01/01/2025";"31/12/2025";"No informa";"Sin observaciones";
"2025";"Mayo";"Técnico";"OLAVARRIA MAYORGA, PAMELA DEL CARMEN";"Atencion Clinica";"20";"TECNICO NIVEL SUPERIOR ENFERMERIA";"Región Metropolitana de Santiago";"(186)";"$ 716.315";"$ 585.444";"$ 0";-;"No";"No tiene";"No tiene";"No tiene";"01/01/2025";"31/12/2025";"No informa";"Sin observaciones";
"2025";"Mayo";"Administrativo";"OLEA GAETE, ROSA HORTENSIA";"Apoyo Administrativo";"22";"ADMINISTRATIVO";"Región Metropolitana de Santiago";"(186)";"$ 672.000";"$ 549.225";"$ 0";-;"No";"No tiene";"No tiene";"No tiene";"01/01/2025";"31/12/2025";"No informa";"Sin observaciones";
"2025";"Mayo";"Médicos cirujanos, farmacéuticos, químico-farmacéuticos, bioquímicos, cirujano-dentistas";"OLGUIN FUENTEALBA, FABIOLA BEATRIZ";"Atencion Clinica Medica";"44 Hrs.";"MEDICO CIRUJANO";"Región Metropolitana de Santiago";"(86)(186)";"$ 3.376.336";"$ 2.682.396";"$ 0";-;"No";"No tiene";"No tiene";"No tiene";"01/01/2025";"31/12/2025";"No informa";"Sin observaciones";
"2025";"Mayo";"Médicos cirujanos, farmacéuticos, químico-farmacéuticos, bioquímicos, cirujano-dentistas";"OLIVA FUENTEALBA, MIRTHA PAMELA";"Atencion Clinica Medica";"44 Hrs.";"MEDICO CIRUJANO";"Región Metropolitana de Santiago";"(188)(86)(186)";"$ 5.820.099";"$ 4.762.162";"$ 0";-;"No";"No tiene";"No tiene";"No tiene";"01/01/2025";"31/12/2025";"No informa";"Sin observaciones";
"2025";"Mayo";"Profesional";"OLIVA GONZALEZ, ROBERTO ENRIQUE";"Atencion Clinica";"16";"MATRON (A)";"Región Metropolitana de Santiago";"(186)";"$ 1.506.223";"$ 1.255.260";"$ 0";-;"Sí";"$ 14.767 : 2,00 hrs";"$ 141.768 : 16,00 hrs";"No tiene";"01/01/2025";"31/12/2025";"No informa";"Sin observaciones";
"2025";"Mayo";"Médicos cirujanos, farmacéuticos, químico-farmacéuticos, bioquímicos, cirujano-dentistas";"OLIVARES PEMJEAN, ARTURO LINDOR";"Medicina Interna";"11 Hrs.";"MEDICO CIRUJANO";"Región Metropolitana de Santiago";"(86)(186)";"$ 1.335.045";"$ 1.273.312";"$ 0";-;"No";"No tiene";"No tiene";"No tiene";"01/01/2025";"31/12/2025";"No informa";"Sin observaciones";
"2025";"Mayo";"Médicos cirujanos, farmacéuticos, químico-farmacéuticos, bioquímicos, cirujano-dentistas";"OLIVARES PEMJEAN, ARTURO LINDOR";"Medicina Interna";"11 Hrs.";"MEDICO CIRUJANO";"Región Metropolitana de Santiago";"(186)";"$ 1.203.660";"$ 1.148.002";"$ 0";-;"No";"No tiene";"No tiene";"No tiene";"01/01/2025";"31/12/2025";"No informa";"Sin observaciones";
"2025";"Mayo";"Médicos cirujanos, farmacéuticos, químico-farmacéuticos, bioquímicos, cirujano-dentistas";"OLIVARES PEMJEAN, ARTURO LINDOR";"Medicina Interna";"22 Hrs.";"MEDICO CIRUJANO";"Región Metropolitana de Santiago";"(86)(186)";"$ 2.670.091";"$ 2.168.737";"$ 0";-;"No";"No tiene";"No tiene";"No tiene";"01/01/2025";"31/12/2025";"No informa";"Sin observaciones";
"2025";"Mayo";"Profesional";"OLIVARES PINO, SERGIO JOSE";"Atencion Clinica";"15";"PSICOLOGO (A)";"Región Metropolitana de Santiago";"(01)";"$ 1.453.153";"$ 1.176.941";"$ 0";-;"No";"No tiene";"No tiene";"No tiene";"01/01/2025";"31/12/2025";"No informa";"Sin observaciones";
"2025";"Mayo";"Administrativo";"OLIVAREZ RAMIREZ, GISSELLE ANGELICA";"Apoyo Administrativo";"22";"ADMINISTRATIVO";"Región Metropolitana de Santiago";"(186)";"$ 663.010";"$ 540.684";"$ 0";-;"No";"No tiene";"No tiene";"No tiene";"01/01/2025";"31/12/2025";"No informa";"Sin observaciones";
"2025";"Mayo";"Profesional";"OÑATE CHAVEZ, ANDREA PATRICIA";"Atencion Clinica";"16";"ENFERMERA (O)";"Región Metropolitana de Santiago";"(186)";"$ 1.438.817";"$ 1.162.435";"$ 0";-;"Sí";"No tiene";"$ 88.605 : 10,00 hrs";"No tiene";"01/01/2025";"31/12/2025";"No informa";"Sin observaciones";
"2025";"Mayo";"Profesional";"OPAZO TORREJON, MARIA FERNANDA";"ATENCION CLINICA";"13";"ENFERMERA (O)";"Región Metropolitana de Santiago";"(203)(204)(186)";"$ 3.143.974";"$ 2.415.799";"$ 0";"$ 0";"Sí";"$ 381.294 : 40,00 hrs";"$ 377.481 : 33,00 hrs";"No tiene";"01/01/2025";"31/12/2025";"No informa";"REMUNERACION MAY.2025";
"2025";"Mayo";"Técnico";"OPAZO TRUJILLO, LISSETTE VALERIA";"Atencion Clinica";"22";"TECNICO NIVEL SUPERIOR ENFERMERIA";"Región Metropolitana de Santiago";"(186)";"$ 705.649";"$ 575.456";"$ 0";-;"No";"No tiene";"No tiene";"No tiene";"01/01/2025";"31/12/2025";"No informa";"Sin observaciones";
"2025";"Mayo";"Profesional";"OPORTO GONZALEZ, MARCELO SEBASTIAN";"Apoyo Logistico";"15";"BIOQUIMICO (A)";"Región Metropolitana de Santiago";"(01)";"$ 1.739.619";"$ 1.461.859";"$ 0";-;"Sí";"$ 143.234 : 18,00 hrs";"$ 143.233 : 15,00 hrs";"No tiene";"01/01/2025";"31/05/2025";"No informa";"Sin observaciones";
"2025";"Mayo";"Profesional";"OPORTO GONZALEZ, TRINIDAD DEL CARMEN";"Jefe de Unidad";"10";"PSICOLOGO (A)";"Región Metropolitana de Santiago";"(186)";"$ 2.254.504";"$ 1.805.973";"$ 0";-;"No";"No tiene";"No tiene";"No tiene";"01/01/2025";"31/12/2025";"No informa";"Sin observaciones";
"2025";"Mayo";"Médicos cirujanos, farmacéuticos, químico-farmacéuticos, bioquímicos, cirujano-dentistas";"ORCHARD MEYER RACHNER, MICHAEL ALEXANDER";"Atencion Odontologica";"22 Hrs.";"CIRUJANO DENTISTA";"Región Metropolitana de Santiago";"(01)";"$ 939.274";"$ 698.332";"$ 0";-;"No";"No tiene";"No tiene";"No tiene";"20/03/2025";"21/06/2025";"No informa";"CONTRATO POR REEMPLAZO";
"2025";"Mayo";"Administrativo";"ORELLANA BARRA, ANA MARIA";"Apoyo Administrativo";"22";"ADMINISTRATIVO";"Región Metropolitana de Santiago";"(186)";"$ 658.515";"$ 537.019";"$ 0";-;"No";"No tiene";"No tiene";"No tiene";"01/01/2025";"31/12/2025";"No informa";"Sin observaciones";
"2025";"Mayo";"Técnico";"ORELLANA CAMPOS, MARIA JOSE";"Atencion Clinica";"21";"TECNICO NIVEL SUPERIOR ENFERMERIA";"Región Metropolitana de Santiago";"(01)";"$ 704.582";"$ 581.351";"$ 0";-;"No";"No tiene";"No tiene";"No tiene";"01/01/2025";"31/12/2025";"No informa";"Sin observaciones";
"2025";"Mayo";"Médicos cirujanos, farmacéuticos, químico-farmacéuticos, bioquímicos, cirujano-dentistas";"ORELLANA CONTRERAS, ANDREA VERONICA";"Atencion Odontologica";"11 Hrs.";"CIRUJANO DENTISTA";"Región Metropolitana de Santiago";"(186)";"$ 1.008.316";"$ 852.099";"$ 0";-;"No";"No tiene";"No tiene";"No tiene";"01/01/2025";"30/06/2025";"No informa";"Sin observaciones";
"2025";"Mayo";"Médicos cirujanos, farmacéuticos, químico-farmacéuticos, bioquímicos, cirujano-dentistas";"ORELLANA CONTRERAS, ANDREA VERONICA";"Atencion Odontologica";"33 Hrs.";"CIRUJANO DENTISTA";"Región Metropolitana de Santiago";"(186)";"$ 3.024.872";"$ 2.403.015";"$ 0";-;"No";"No tiene";"No tiene";"No tiene";"01/01/2025";"31/12/2025";"No informa";"Sin observaciones";
"2025";"Mayo";"Técnico";"ORELLANA FARIÑA, DANIELA CATALINA BELEN";"Atencion Clinica";"22";"TECNICO NIVEL SUPERIOR ENFERMERIA";"Región Metropolitana de Santiago";"(01)";"$ 894.231";"$ 731.839";"$ 0";-;"No";"No tiene";"No tiene";"No tiene";"01/01/2025";"30/06/2025";"No informa";"Sin observaciones";
"2025";"Mayo";"Profesional";"ORELLANA SOBARZO, CLAUDIA ALEJANDRA";"Apoyo Administrativo";"8";"ENFERMERA (O)";"Región Metropolitana de Santiago";"(186)";"$ 2.806.915";"$ 2.231.831";"$ 0";-;"No";"No tiene";"No tiene";"No tiene";"01/01/2025";"31/12/2025";"No informa";"Sin observaciones";
"2025";"Mayo";"Técnico";"ORELLANA TRONCOSO, MARIA LUISA";"Atencion Clinica";"22";"TECNICO NIVEL SUPERIOR ENFERMERIA";"Región Metropolitana de Santiago";"(186)";"$ 708.217";"$ 583.712";"$ 0";-;"No";"No tiene";"No tiene";"No tiene";"01/01/2025";"31/12/2025";"No informa";"Sin observaciones";
"2025";"Mayo";"Profesional";"ORELLANA VAN HASSELT, MAGDALENA ESTER";"Atencion Clinica";"15";"TERAPEUTA OCUPACIONAL";"Región Metropolitana de Santiago";"(186)";"$ 1.614.927";"$ 1.340.591";"$ 0";-;"Sí";"$ 96.661 : 12,00 hrs";"$ 48.330 : 5,00 hrs";"No tiene";"01/01/2025";"31/12/2025";"No informa";"Sin observaciones";
"2025";"Mayo";"Administrativo";"ORMAZABAL VIDAL, JORGE MARCELO";"Apoyo Administrativo";"21";"INGENIERO (A) EN RECURSOS HUMANOS";"Región Metropolitana de Santiago";"(186)";"$ 900.379";"$ 736.870";"$ 0";-;"No";"No tiene";"No tiene";"No tiene";"01/01/2025";"31/12/2025";"No informa";"Sin observaciones";
"2025";"Mayo";"Profesional";"ORTEGA AVILA, ANTONIA SARIAH";"GESTION MATERIAS RELACIONADAS CON EMERGENCIAS Y CATASTROFES S.S.M.C.";"10";"ENFERMERA (O)";"Región Metropolitana de Santiago";"(01)";"$ 2.242.174";"$ 1.811.150";"$ 0";-;"No";"No tiene";"No tiene";"No tiene";"07/08/2024";"31/05/2025";"No informa";"Sin observaciones";
"2025";"Mayo";"Técnico";"ORTEGA BELTRAN, ANNIE ELIZABETH";"Atencion Clinica";"22";"TECNICO NIVEL SUPERIOR ENFERMERIA";"Región Metropolitana de Santiago";"(186)";"$ 705.649";"$ 576.727";"$ 0";-;"No";"No tiene";"No tiene";"No tiene";"01/01/2025";"31/12/2025";"No informa";"Sin observaciones";
"2025";"Mayo";"Profesional";"ORTEGA CONTRERAS, KATHERINE PAULETTE";"Atencion Clinica";"16";"PSICOLOGO (A)";"Región Metropolitana de Santiago";"(01)";"$ 1.334.152";"$ 1.093.847";"$ 0";-;"No";"No tiene";"No tiene";"No tiene";"01/01/2025";"30/06/2025";"No informa";"Sin observaciones";
"2025";"Mayo";"Auxiliar";"ORTIZ MARIÑAN, JONATHAN JAIME";"Chofer";"19";"AUXILIAR";"Región Metropolitana de Santiago";"(205)(202)";"$ 1.317.672";"$ 1.087.565";"$ 0";-;"Sí";"$ 48.244 : 12,00 hrs";"$ 57.894 : 12,00 hrs";"No tiene";"01/01/2025";"31/12/2025";"No informa";"Sin observaciones";
"2025";"Mayo";"Técnico";"ORTIZ PASTENE, PAULA ANDREA";"ATENCION CLINICA";"21";"ENFERMERA (O)";"Región Metropolitana de Santiago";"(203)(186)(203)(204)(186)";"$ 1.248.032";"$ 699.283";"$ 0";"$ 0";"No";"No tiene";"No tiene";"No tiene";"01/01/2025";"31/12/2025";"No informa";"REMUNERACION MAY.2025+PAGO DIF. BIENIOS ENE-FEB.2025";
"2025";"Mayo";"Técnico";"ORTIZ RAMIREZ, SEBASTIAN IGNACIO";"ATENCION CLINICA";"22";"TECNICO NIVEL SUPERIOR ENFERMERIA";"Región Metropolitana de Santiago";"(202)(204)(186)";"$ 1.042.926";"$ 669.684";"$ 0";"$ 0";"No";"No tiene";"No tiene";"No tiene";"01/01/2025";"31/12/2025";"No informa";"REMUNERACION MAY.2025";
"2025";"Mayo";"Auxiliar";"ORTIZ ROJAS, DAVID ANTONIO";"CONDUCTOR";"21";"AUXILIAR";"Región Metropolitana de Santiago";"(205)(202)(204)";"$ 1.133.715";"$ 864.492";"$ 0";"$ 0";"No";"No tiene";"No tiene";"No tiene";"01/01/2025";"31/12/2025";"No informa";"REMUNERACION MAY.2025";
"2025";"Mayo";"Profesional";"ORTIZ TORRES, EDITH ELIZABETH";"APOYO ADMINISTRATIVO";"7";"CONTADOR (A) PUBLICO (A) AUDITOR";"Región Metropolitana de Santiago";"(186)";"$ 2.807.522";"$ 2.144.322";"$ 0";"$ 0";"No";"No tiene";"No tiene";"No tiene";"01/01/2025";"31/12/2025";"No informa";"REMUNERACION MAY.2025";
"2025";"Mayo";"Profesional";"ORZEGOW TRZEWIK, ANDREA MIRIAM";"Apoyo Administrativo";"9";"PERIODISTA";"Región Metropolitana de Santiago";"(186)";"$ 2.573.384";"$ 2.058.597";"$ 0";-;"No";"No tiene";"No tiene";"No tiene";"01/01/2025";"31/12/2025";"No informa";"Sin observaciones";
"2025";"Mayo";"Técnico";"OSORES BARACATT, SILVIA ANGELICA";"ATENCION CLINICA";"22";"TECNICO NIVEL SUPERIOR ENFERMERIA";"Región Metropolitana de Santiago";"(202)(204)(186)";"$ 1.026.470";"$ 825.487";"$ 0";"$ 0";"No";"No tiene";"No tiene";"No tiene";"01/01/2025";"31/12/2025";"No informa";"REMUNERACION MAY.2025";
"2025";"Mayo";"Auxiliar";"OSORIO MOYA, EDUARDO CLAUDIO";"CONDUCTOR";"22";"AUXILIAR";"Región Metropolitana de Santiago";"(205)(202)(204)";"$ 1.288.186";"$ 434.813";"$ 0";"$ 0";"Sí";"$ 53.170 : 16,00 hrs";"$ 175.460 : 44,00 hrs";"No tiene";"01/01/2025";"31/12/2025";"No informa";"REMUNERACION MAY.2025";
"2025";"Mayo";"Profesional";"OSORIO MUÑOZ, CAMILA ALEJANDRA";"Atencion Clinica";"15";"NUTRICIONISTA";"Región Metropolitana de Santiago";"(01)";"$ 0";"$ 0";"$ 0";-;"No";"No tiene";"No tiene";"No tiene";"01/01/2025";"31/12/2025";"No informa";"PSGS 01/03/2025 AL 27/08/2025";
"2025";"Mayo";"Técnico";"OSORIO SOTO, IBANIA LISETTE";"ATENCION CLINICA";"21";"TECNICO NIVEL SUPERIOR ENFERMERIA";"Región Metropolitana de Santiago";"(186)(186)";"$ 710.794";"$ 522.645";"$ 0";"$ 0";"No";"No tiene";"No tiene";"No tiene";"01/01/2025";"31/12/2025";"No informa";"CONTRATO POR LM MAY.2025 (01-21)+CONTRATO POR LM MAY.2025 (22-31)+PAGO BONO MENSUAL";
"2025";"Mayo";"Técnico";"OSSES CONTRERAS, PAOLA TERESA";"ATENCION CLINICA";"22";"TECNICO NIVEL SUPERIOR ENFERMERIA";"Región Metropolitana de Santiago";"(202)(204)(186)";"$ 1.034.708";"$ 584.158";"$ 0";"$ 0";"No";"No tiene";"No tiene";"No tiene";"01/01/2025";"31/12/2025";"No informa";"REMUNERACION MAY.2025";
"2025";"Mayo";"Técnico";"OSSES PARADA, OSVALDO ALFONSO";"Atencion Clinica";"22";"TECNICO NIVEL SUPERIOR ENFERMERIA";"Región Metropolitana de Santiago";"(186)";"$ 708.217";"$ 577.622";"$ 0";-;"No";"No tiene";"No tiene";"No tiene";"01/01/2025";"31/12/2025";"No informa";"Sin observaciones";
"2025";"Mayo";"Profesional";"OSSES RODRIGUEZ, FRANCISCO ALEJANDRO";"ATENCION CLINICA";"12";"ENFERMERA (O)";"Región Metropolitana de Santiago";"(203)(204)(186)";"$ 3.624.450";"$ 2.564.710";"$ 0";"$ 0";"Sí";"$ 179.112 : 17,00 hrs";"$ 708.018 : 56,00 hrs";"No tiene";"01/01/2025";"31/12/2025";"No informa";"REMUNERACION MAY.2025";
"2025";"Mayo";"Técnico";"OTAROLA ACEVEDO, BRISA ESTEFANI";"Atencion Clinica";"21";"TECNICO NIVEL SUPERIOR ENFERMERIA";"Región Metropolitana de Santiago";"(01)";"$ 704.582";"$ 581.351";"$ 0";-;"No";"No tiene";"No tiene";"No tiene";"01/01/2025";"30/06/2025";"No informa";"Sin observaciones";
"2025";"Mayo";"Técnico";"OTAROLA ARAYA, CAMILA FERNANDA";"Atencion Clinica";"22";"TECNICO NIVEL SUPERIOR ODONTOLOGIA";"Región Metropolitana de Santiago";"(01)";"$ 704.365";"$ 580.536";"$ 0";-;"No";"No tiene";"No tiene";"No tiene";"01/01/2025";"31/12/2025";"No informa";"Sin observaciones";
"2025";"Mayo";"Administrativo";"OTAROLA GUERRERO, NELLY";"Secretaria";"13";"ADMINISTRATIVO";"Región Metropolitana de Santiago";"(186)";"$ 1.780.978";"$ 1.430.721";"$ 0";-;"No";"No tiene";"No tiene";"No tiene";"01/01/2025";"31/12/2025";"No informa";"REMUNERACION DEL MES + BIENIO 01-02-2025 AL 30-04-2025";
"2025";"Mayo";"Técnico";"OTAROLA PUENTES, KARIME SOLANGE";"Atencion Clinica";"22";"TECNICO NIVEL SUPERIOR ENFERMERIA";"Región Metropolitana de Santiago";"(186)";"$ 705.649";"$ 575.527";"$ 0";-;"No";"No tiene";"No tiene";"No tiene";"01/01/2025";"31/12/2025";"No informa";"Sin observaciones";
"2025";"Mayo";"Administrativo";"OTAROLA ULLOA, CAMILA ARACELY";"Apoyo Administrativo";"14";"ADMINISTRATIVO";"Región Metropolitana de Santiago";"(01)";"$ 1.596.712";"$ 1.309.440";"$ 0";-;"No";"No tiene";"No tiene";"No tiene";"01/01/2025";"31/12/2025";"No informa";"REMUNERACION DEL MES + BONO ESCOLAR";
"2025";"Mayo";"Médicos cirujanos, farmacéuticos, químico-farmacéuticos, bioquímicos, cirujano-dentistas";"OVANDO MELGAR, MARIA JOSE";"Atencion Clinica Medica";"22 Hrs.";"MEDICO CIRUJANO";"Región Metropolitana de Santiago";"(188)(186)";"$ 1.320.258";"$ 1.052.739";"$ 0";-;"No";"No tiene";"No tiene";"No tiene";"01/01/2025";"31/12/2025";"No informa";"Sin observaciones";
"2025";"Mayo";"Médicos cirujanos, farmacéuticos, químico-farmacéuticos, bioquímicos, cirujano-dentistas";"OVANDO MELGAR, MARIA JOSE";"Atencion Clinica Medica";"11 Hrs.";"MEDICO CIRUJANO";"Región Metropolitana de Santiago";"(188)(186)";"$ 660.130";"$ 540.250";"$ 0";-;"No";"No tiene";"No tiene";"No tiene";"01/01/2025";"31/12/2025";"No informa";"Sin observaciones";
"2025";"Mayo";"Profesional";"OYARCE BRIONES, ESTEFANIA NATALY";"Atencion Clinica";"14";"NUTRICIONISTA";"Región Metropolitana de Santiago";"(186)";"$ 2.156.262";"$ 1.810.913";"$ 0";-;"Sí";"$ 349.406 : 40,00 hrs";"$ 125.786 : 12,00 hrs";"No tiene";"01/01/2025";"31/12/2025";"No informa";"Sin observaciones";
"2025";"Mayo";"Profesional";"OYARCE GARAY, JOSE LUIS";"Apoyo Administrativo";"11";"PERIODISTA";"Región Metropolitana de Santiago";"(01)";"$ 2.060.691";"$ 1.656.081";"$ 0";-;"No";"No tiene";"No tiene";"No tiene";"01/01/2025";"31/12/2025";"No informa";"Sin observaciones";
"2025";"Mayo";"Técnico";"OYARCE VALENZUELA, LIDIA ALEJANDRA";"Atencion Clinica";"20";"AUXILIAR PARAMEDICO DE ODONTOLOGIA";"Región Metropolitana de Santiago";"(186)";"$ 707.460";"$ 578.206";"$ 0";-;"No";"No tiene";"No tiene";"No tiene";"01/01/2025";"31/12/2025";"No informa";"Sin observaciones";
"2025";"Mayo";"Profesional";"OYARZO RIOS, IGNACIO MELVIN";"Apoyo Administrativo";"9";"INGENIERO (A) ADMINISTRACION DE EMPRESAS";"Región Metropolitana de Santiago";"(186)";"$ 2.586.700";"$ 2.064.429";"$ 0";-;"No";"No tiene";"No tiene";"No tiene";"01/01/2025";"31/12/2025";"No informa";"Sin observaciones";
"2025";"Mayo";"Técnico";"PACHA TOLEDO, CAMILA PAZ";"Atencion Clinica";"21";"TECNICO NIVEL SUPERIOR ENFERMERIA";"Región Metropolitana de Santiago";"(186)";"$ 709.241";"$ 584.555";"$ 0";-;"No";"No tiene";"No tiene";"No tiene";"01/01/2025";"31/12/2025";"No informa";"Sin observaciones";
"2025";"Mayo";"Profesional";"PACHECO ESPINOZA, ROMINA ESTEFANIA";"Atencion Clinica";"15";"MATRON (A)";"Región Metropolitana de Santiago";"(186)";"$ 1.654.755";"$ 1.355.297";"$ 0";-;"Sí";"$ 104.081 : 13,00 hrs";"No tiene";"No tiene";"01/01/2025";"31/12/2025";"No informa";"Sin observaciones";
"2025";"Mayo";"Administrativo";"PACHECO HERNANDEZ, MARCO ANDRES";"APOYO ADMINISTRATIVO";"22";"ADMINISTRATIVO";"Región Metropolitana de Santiago";"(203)(204)(186)";"$ 1.054.965";"$ 739.420";"$ 0";"$ 0";"Sí";"$ 83.817 : 25,00 hrs";"$ 136.789 : 34,00 hrs";"No tiene";"01/01/2025";"31/12/2025";"No informa";"REMUNERACION MAY.2025";
"2025";"Mayo";"Médicos cirujanos, farmacéuticos, químico-farmacéuticos, bioquímicos, cirujano-dentistas";"PADILLA CARO, FELIPE ANTONIO";"Medico PAO";"44 Hrs.";"MEDICO";"Región Metropolitana de Santiago";"(188)(86)(186)";"$ 5.754.405";"$ 4.729.859";"$ 0";-;"No";"No tiene";"No tiene";"No tiene";"01/01/2025";"31/12/2025";"No informa";"Sin observaciones";
"2025";"Mayo";"Médicos cirujanos, farmacéuticos, químico-farmacéuticos, bioquímicos, cirujano-dentistas";"PADILLA TORO, GABRIELA MILLARAY";"Medico Becario Primario";"44 Hrs.";"MEDICO CIRUJANO";"Región Metropolitana de Santiago";"(01)";"$ 3.458.581";"$ 2.856.780";"$ 0";-;"No";"No tiene";"No tiene";"No tiene";"01/06/2024";"31/05/2025";"No informa";"Sin observaciones";
"2025";"Mayo";"Técnico";"PAILLACAN MARIMAN, DANIA TERESA";"Atencion Clinica";"22";"TECNICO NIVEL SUPERIOR ODONTOLOGIA";"Región Metropolitana de Santiago";"(186)";"$ 705.649";"$ 576.727";"$ 0";-;"No";"No tiene";"No tiene";"No tiene";"01/01/2025";"31/12/2025";"No informa";"Sin observaciones";
"2025";"Mayo";"Profesional";"PAINEO AVILA, PAULINA ALEJANDRA";"Atencion Clinica";"15";"ENFERMERA (O)";"Región Metropolitana de Santiago";"(186)";"$ 1.632.301";"$ 1.344.792";"$ 0";-;"Sí";"$ 153.974 : 19,00 hrs";"No tiene";"No tiene";"01/01/2025";"31/12/2025";"No informa";"Sin observaciones";
"2025";"Mayo";"Médicos cirujanos, farmacéuticos, químico-farmacéuticos, bioquímicos, cirujano-dentistas";"PAIVA BRAHM, CAMILA ANDREA";"Medico Becario Primario";"44 Hrs.";"MEDICO CIRUJANO";"Región Metropolitana de Santiago";"(01)";"$ 3.458.581";"$ 2.853.683";"$ 0";-;"No";"No tiene";"No tiene";"No tiene";"01/06/2024";"31/05/2025";"No informa";"Sin observaciones";
"2025";"Mayo";"Médicos cirujanos, farmacéuticos, químico-farmacéuticos, bioquímicos, cirujano-dentistas";"PALACIOS LORCA, KARLA DENISSE";"Atencion Clinica Medica";"44 Hrs.";"QUIMICO (A)";"Región Metropolitana de Santiago";"(01)";"$ 1.941.165";"$ 1.941.165";"$ 0";-;"No";"No tiene";"No tiene";"No tiene";"01/01/2025";"02/06/2025";"No informa";"CONTRATO POR REEMPLAZO";
"2025";"Mayo";"Profesional";"PALACIOS ORTIZ, WALESKA ANDREA";"Atencion Clinica";"13";"MATRON (A)";"Región Metropolitana de Santiago";"(186)";"$ 1.823.410";"$ 1.484.339";"$ 0";-;"No";"No tiene";"No tiene";"No tiene";"01/01/2025";"31/12/2025";"No informa";"Sin observaciones";
"2025";"Mayo";"Técnico";"PALACIOS PEREZ, CRISTIAN ANTONIO";"ATENCION CLINICA";"21";"TECNICO NIVEL SUPERIOR ENFERMERIA";"Región Metropolitana de Santiago";"(203)(204)(186)";"$ 951.002";"$ 747.865";"$ 0";"$ 0";"No";"No tiene";"No tiene";"No tiene";"01/01/2025";"31/12/2025";"No informa";"REMUNERACION MAY.2025";
"2025";"Mayo";"Administrativo";"PALACIOS QUIROZ, VALESKA DEL CARMEN";"SECRETARIA";"15";"ADMINISTRATIVO";"Región Metropolitana de Santiago";"(186)";"$ 893.433";"$ 492.860";"$ 0";"$ 0";"No";"No tiene";"No tiene";"No tiene";"01/01/2025";"31/12/2025";"No informa";"REMUNERACION MAY.2025";
"2025";"Mayo";"Profesional";"PALACIOS VASQUEZ, MARIA PAZ";"JEFE DE DEPARTAMENTO";"6";"ABOGADO (A)";"Región Metropolitana de Santiago";"(186)";"$ 3.252.032";"$ 2.417.345";"$ 0";"$ 0";"No";"No tiene";"No tiene";"No tiene";"01/01/2025";"31/12/2025";"No informa";"REMUNERACION MAY.2025";
"2025";"Mayo";"Profesional";"PALAPE VILCHES, DANIELA  ANDREA";"ATENCION CLINICA";"13";"ENFERMERA (O)";"Región Metropolitana de Santiago";"(203)(204)(186)";"$ 2.398.450";"$ 1.855.913";"$ 0";"$ 0";"No";"No tiene";"No tiene";"No tiene";"01/01/2025";"31/12/2025";"No informa";"REMUNERACION MAY.2025";
"2025";"Mayo";"Profesional";"PALMA CACHICH, TATIANA";"PSICOLOGO";"5";"PSICOLOGO";"Región Metropolitana de Santiago";"(186)";"$ 3.401.697";"$ 2.677.456";"$ 0";-;"No";"No tiene";"No tiene";"No tiene";"01/01/2025";"31/12/2025";"No informa";"Sin observaciones";
"2025";"Mayo";"Profesional";"PALMA FLORES, CLAUDIA ANDREA";"Apoyo Administrativo";"12";"PSICOLOGO (A)";"Región Metropolitana de Santiago";"(186)";"$ 1.904.537";"$ 1.528.276";"$ 0";-;"No";"No tiene";"No tiene";"No tiene";"01/01/2025";"31/12/2025";"No informa";"Sin observaciones";
"2025";"Mayo";"Médicos cirujanos, farmacéuticos, químico-farmacéuticos, bioquímicos, cirujano-dentistas";"PALMA MARTINEZ, KARLA SIHOMARA";"Atencion Odontologica";"44 Hrs.";"CIRUJANO DENTISTA";"Región Metropolitana de Santiago";"(01)";"$ 1.878.546";"$ 1.523.435";"$ 0";-;"No";"No tiene";"No tiene";"No tiene";"01/01/2025";"31/05/2025";"No informa";"Sin observaciones";
"2025";"Mayo";"Profesional";"PALMA OSORIO, SOLANGE AYLIN";"Atencion Clinica";"13";"ASISTENTE SOCIAL";"Región Metropolitana de Santiago";"(186)";"$ 1.823.410";"$ 1.479.810";"$ 0";-;"No";"No tiene";"No tiene";"No tiene";"01/01/2025";"31/12/2025";"No informa";"Sin observaciones";
"2025";"Mayo";"Auxiliar";"PALMA PACHECO, JOAN DANIEL";"CONDUCTOR";"22";"AUXILIAR";"Región Metropolitana de Santiago";"(205)(202)(204)";"$ 1.201.120";"$ 972.912";"$ 0";"$ 0";"Sí";"$ 89.724 : 27,00 hrs";"$ 51.840 : 13,00 hrs";"No tiene";"01/01/2025";"31/05/2025";"No informa";"REMUNERACION MAY.2025";
"2025";"Mayo";"Profesional";"PALMA PEREZ, PAULO JAVIER ANDRES";"Atencion Clinica";"15";"KINESIOLOGO (A)";"Región Metropolitana de Santiago";"(220)(186)";"$ 1.551.320";"$ 1.255.887";"$ 0";-;"No";"No tiene";"No tiene";"No tiene";"01/01/2025";"31/12/2025";"No informa";"Sin observaciones";
"2025";"Mayo";"Profesional";"PALMA RIVERA, ROMINA PAZ";"Atencion Clinica";"13";"ENFERMERA (O)";"Región Metropolitana de Santiago";"(01)";"$ 1.724.492";"$ 1.403.034";"$ 0";-;"No";"No tiene";"No tiene";"No tiene";"01/01/2025";"31/12/2025";"No informa";"Sin observaciones";
"2025";"Mayo";"Profesional";"PALOMINO PIZARRO, TANIA ANDREA";"Atencion Clinica";"15";"ENFERMERA (O)";"Región Metropolitana de Santiago";"(186)";"$ 1.575.848";"$ 1.270.921";"$ 0";-;"No";"No tiene";"No tiene";"No tiene";"01/01/2025";"31/12/2025";"No informa";"Sin observaciones";
"2025";"Mayo";"Técnico";"PAÑICU GODOY, LETICIA EDITH";"Atencion Clinica";"20";"TECNICO NIVEL SUPERIOR RECURSOS HUMANOS";"Región Metropolitana de Santiago";"(186)";"$ 716.315";"$ 584.156";"$ 0";-;"No";"No tiene";"No tiene";"No tiene";"01/01/2025";"31/12/2025";"No informa";"Sin observaciones";
"2025";"Mayo";"Técnico";"PAÑINAO AGUIRRE, MARCELO JAVIER";"Atencion Clinica";"22";"TECNICO NIVEL SUPERIOR ODONTOLOGIA";"Región Metropolitana de Santiago";"(186)";"$ 706.933";"$ 582.654";"$ 0";-;"No";"No tiene";"No tiene";"No tiene";"01/01/2025";"31/12/2025";"No informa";"Sin observaciones";
"2025";"Mayo";"Profesional";"PARADA BUSTAMANTE, CARLOS FELIPE";"ATENCION CLINICA";"13";"ENFERMERA (O)";"Región Metropolitana de Santiago";"(203)(204)(186)";"$ 2.649.929";"$ 2.017.039";"$ 0";"$ 0";"Sí";"$ 19.406 : 2,00 hrs";"$ 116.439 : 10,00 hrs";"No tiene";"01/01/2025";"31/12/2025";"No informa";"REMUNERACION MAY.2025";
"2025";"Mayo";"Técnico";"PARADA CABRERA, MIREYA DEL CARMEN";"Atencion Clinica";"22";"TECNICO NIVEL SUPERIOR ENFERMERIA";"Región Metropolitana de Santiago";"(186)";"$ 708.217";"$ 577.622";"$ 0";-;"No";"No tiene";"No tiene";"No tiene";"01/01/2025";"31/12/2025";"No informa";"Sin observaciones";
"2025";"Mayo";"Médicos cirujanos, farmacéuticos, químico-farmacéuticos, bioquímicos, cirujano-dentistas";"PARADA HERRERA, VALENTINA PAZ";"Atencion Clinica Medica";"44 Hrs.";"MEDICO CIRUJANO";"Región Metropolitana de Santiago";"(86)(186)";"$ 4.964.035";"$ 4.061.620";"$ 0";-;"Sí";"$ 151.428 : 12,00 hrs";"$ 1.226.583 : 81,00 hrs";"No tiene";"01/01/2025";"31/12/2025";"No informa";"Sin observaciones";
"2025";"Mayo";"Profesional";"PARADA MANZUR, NICOLAS ANDRES";"Coordinador";"7";"KINESIOLOGO (A)";"Región Metropolitana de Santiago";"(186)";"$ 2.951.549";"$ 2.341.504";"$ 0";-;"No";"No tiene";"No tiene";"No tiene";"01/01/2025";"31/12/2025";"No informa";"Sin observaciones";
"2025";"Mayo";"Técnico";"PARADA MORALES, VIVIANA ELENA";"ATENCION CLINICA";"21";"TECNICO NIVEL SUPERIOR ENFERMERIA";"Región Metropolitana de Santiago";"(203)(204)(186)";"$ 951.002";"$ 734.853";"$ 0";"$ 0";"No";"No tiene";"No tiene";"No tiene";"01/01/2025";"31/12/2025";"No informa";"REMUNERACION MAY.2025";
"2025";"Mayo";"Profesional";"PAREDES CRUZAT, DIANA GISELLE";"Apoyo Administrativo";"8";"INGENIERO (A) EJECUCION EN INFORMATICA";"Región Metropolitana de Santiago";"(186)";"$ 2.792.531";"$ 2.222.827";"$ 0";-;"No";"No tiene";"No tiene";"No tiene";"01/01/2025";"31/12/2025";"No informa";"Sin observaciones";
"2025";"Mayo";"Profesional";"PAREDES MARTINEZ, ERICK ALEXIS";"Apoyo Administrativo";"8";"CONTADOR (A) AUDITOR (A)";"Región Metropolitana de Santiago";"(01)";"$ 2.660.255";"$ 2.139.969";"$ 0";-;"No";"No tiene";"No tiene";"No tiene";"24/03/2025";"24/06/2025";"No informa";"Sin observaciones";
"2025";"Mayo";"Profesional";"PAREDES PINTO, DANIELA ALEJANDRA";"Apoyo Logistico";"7";"TECNOLOGO (A) EN INFORMATICA BIOMEDICA";"Región Metropolitana de Santiago";"(186)";"$ 3.025.143";"$ 2.396.028";"$ 0";-;"No";"No tiene";"No tiene";"No tiene";"01/01/2025";"31/12/2025";"No informa";"Sin observaciones";
"2025";"Mayo";"Médicos cirujanos, farmacéuticos, químico-farmacéuticos, bioquímicos, cirujano-dentistas";"PARRA AGURTO, GONZALO JOSE";"Medico Becario Primario";"44 Hrs.";"MEDICO CIRUJANO";"Región Metropolitana de Santiago";"(01)";"$ 2.801.656";"$ 2.311.646";"$ 0";-;"No";"No tiene";"No tiene";"No tiene";"07/04/2025";"06/04/2026";"No informa";"Sin observaciones";
"2025";"Mayo";"Profesional";"PARRA GONZALEZ, CLAUDIA DEL CARMEN";"Atencion Clinica";"15";"ENFERMERA (O)";"Región Metropolitana de Santiago";"(186)";"$ 1.461.545";"$ 1.181.424";"$ 0";-;"No";"No tiene";"No tiene";"No tiene";"01/01/2025";"31/12/2025";"No informa";"Sin observaciones";
"2025";"Mayo";"Profesional";"PARRA MENDEZ, DANIELA ANDREA";"Atencion Clinica";"12";"NUTRICIONISTA";"Región Metropolitana de Santiago";"(186)";"$ 1.993.666";"$ 1.603.309";"$ 0";-;"No";"No tiene";"No tiene";"No tiene";"01/01/2025";"31/12/2025";"No informa";"Sin observaciones";
"2025";"Mayo";"Técnico";"PARRA SEPULVEDA, CATALINA ANDREA";"Atencion Clinica";"22";"TECNICO NIVEL SUPERIOR ENFERMERIA";"Región Metropolitana de Santiago";"(01)";"$ 704.365";"$ 580.536";"$ 0";-;"No";"No tiene";"No tiene";"No tiene";"01/01/2025";"31/12/2025";"No informa";"Sin observaciones";
"2025";"Mayo";"Técnico";"PARRA SUAZO, EDITA DEL CARMEN";"ATENCION CLINICA";"21";"TECNICO NIVEL SUPERIOR ENFERMERIA";"Región Metropolitana de Santiago";"(203)(204)(186)";"$ 1.058.989";"$ 711.755";"$ 0";"$ 0";"Sí";"$ 51.966 : 14,00 hrs";"$ 44.542 : 10,00 hrs";"No tiene";"01/01/2025";"31/12/2025";"No informa";"REMUNERACION MAY.2025";
"2025";"Mayo";"Auxiliar";"PASTENE ROA, FRANCISCO JAVIER";"Apoyo Logistico";"24";"AUXILIAR";"Región Metropolitana de Santiago";"(186)";"$ 928.219";"$ 823.155";"$ 0";-;"Sí";"$ 59.336 : 21,00 hrs";"$ 271.250 : 80,00 hrs";"No tiene";"01/01/2025";"31/12/2025";"No informa";"Sin observaciones";
"2025";"Mayo";"Profesional";"PASTRAN MALDONADO, VANESSA MARIA";"Apoyo Administrativo";"8";"KINESIOLOGO (A)";"Región Metropolitana de Santiago";"(186)";"$ 2.674.637";"$ 2.137.546";"$ 0";-;"No";"No tiene";"No tiene";"No tiene";"01/01/2025";"31/12/2025";"No informa";"Sin observaciones";
"2025";"Mayo";"Profesional";"PASTRIAN RONDA, ARTURO ALEJANDRO";"Coordinador";"7";"ADMINISTRADOR (A) PUBLICO";"Región Metropolitana de Santiago";"(186)";"$ 3.040.678";"$ 2.400.747";"$ 0";-;"No";"No tiene";"No tiene";"No tiene";"01/01/2025";"31/12/2025";"No informa";"Sin observaciones";
"2025";"Mayo";"Médicos cirujanos, farmacéuticos, químico-farmacéuticos, bioquímicos, cirujano-dentistas";"PATIÑO DURAN, FRANCISCO JAVIER";"Quimico Farmaceutico";"44 Hrs.";"QUIMICO FARMACEUTICO";"Región Metropolitana de Santiago";"(188)(186)";"$ 4.322.309";"$ 3.498.194";"$ 0";-;"No";"No tiene";"No tiene";"No tiene";"01/01/2025";"31/12/2025";"No informa";"Sin observaciones";
"2025";"Mayo";"Profesional";"PAVEZ ACEVEDO, ELISEO EMMANUEL";"Apoyo Administrativo";"11";"ABOGADO (A)";"Región Metropolitana de Santiago";"(01)";"$ 2.060.691";"$ 1.669.468";"$ 0";-;"No";"No tiene";"No tiene";"No tiene";"01/01/2025";"31/12/2025";"No informa";"Sin observaciones";
"2025";"Mayo";"Técnico";"PAVEZ CAMPOS, VALERIA ISABEL";"Atencion Clinica";"21";"TECNICO";"Región Metropolitana de Santiago";"(01)";"$ 704.582";"$ 580.717";"$ 0";-;"No";"No tiene";"No tiene";"No tiene";"01/01/2025";"31/12/2025";"No informa";"Sin observaciones";
"2025";"Mayo";"Profesional";"PAVEZ STUARDO, FABIOLA ESTER";"Apoyo Administrativo";"7";"INGENIERO (A) EJECUCION EN COMPUTACION";"Región Metropolitana de Santiago";"(186)";"$ 2.982.618";"$ 2.359.753";"$ 0";-;"No";"No tiene";"No tiene";"No tiene";"01/01/2025";"31/12/2025";"No informa";"Sin observaciones";
"2025";"Mayo";"Médicos cirujanos, farmacéuticos, químico-farmacéuticos, bioquímicos, cirujano-dentistas";"PAZ ROLDAN, MESIAS MARCELO";"Atencion Clinica Medica";"44 Hrs.";"MEDICO CIRUJANO";"Región Metropolitana de Santiago";"(188)(186)";"$ 5.031.789";"$ 4.117.185";"$ 0";-;"No";"No tiene";"No tiene";"No tiene";"01/01/2025";"31/12/2025";"No informa";"Sin observaciones";
"2025";"Mayo";"Profesional";"PEÑA BRICEÑO, IGNACIO JAVIER";"Apoyo Administrativo";"6";"PERIODISTA";"Región Metropolitana de Santiago";"(186)";"$ 3.324.308";"$ 2.614.501";"$ 0";-;"No";"No tiene";"No tiene";"No tiene";"01/01/2025";"31/12/2025";"No informa";"Sin observaciones";
"2025";"Mayo";"Profesional";"PEÑA CONTRERAS, LUZ SARA";"Atencion Clinica";"15";"ASISTENTE SOCIAL";"Región Metropolitana de Santiago";"(186)";"$ 1.550.674";"$ 1.264.013";"$ 0";-;"No";"No tiene";"No tiene";"No tiene";"01/01/2025";"31/12/2025";"No informa";"Sin observaciones";
"2025";"Mayo";"Profesional";"PEÑA FERNANDEZ, KAREN ANDREA";"Apoyo Administrativo";"7";"MATRON (A)";"Región Metropolitana de Santiago";"(186)";"$ 2.967.083";"$ 2.353.098";"$ 0";-;"No";"No tiene";"No tiene";"No tiene";"01/01/2025";"31/12/2025";"No informa";"Sin observaciones";
"2025";"Mayo";"Médicos cirujanos, farmacéuticos, químico-farmacéuticos, bioquímicos, cirujano-dentistas";"PEÑA GUERRERO, PAOLA ROSSANA";"Atencion Clinica Medica";"22 Hrs.";"MEDICO CIRUJANO";"Región Metropolitana de Santiago";"(188)(186)";"$ 2.515.896";"$ 1.937.864";"$ 0";-;"No";"No tiene";"No tiene";"No tiene";"01/01/2025";"31/12/2025";"No informa";"Sin observaciones";
"2025";"Mayo";"Médicos cirujanos, farmacéuticos, químico-farmacéuticos, bioquímicos, cirujano-dentistas";"PEÑA GUERRERO, PAOLA ROSSANA";"Atencion Clinica Medica";"11 Hrs.";"MEDICO CIRUJANO";"Región Metropolitana de Santiago";"(186)";"$ 1.067.439";"$ 934.067";"$ 0";-;"No";"No tiene";"No tiene";"No tiene";"01/01/2025";"31/05/2025";"No informa";"Sin observaciones";
"2025";"Mayo";"Médicos cirujanos, farmacéuticos, químico-farmacéuticos, bioquímicos, cirujano-dentistas";"PEÑA GUERRERO, PAOLA ROSSANA";"Atencion Clinica Medica";"11 Hrs.";"MEDICO CIRUJANO";"Región Metropolitana de Santiago";"(188)(186)";"$ 1.257.948";"$ 1.100.772";"$ 0";-;"No";"No tiene";"No tiene";"No tiene";"01/01/2025";"31/12/2025";"No informa";"Sin observaciones";
"2025";"Mayo";"Técnico";"PEÑA PEREZ, PAULA IRENE";"Atencion Clinica";"22";"TECNICO NIVEL SUPERIOR ENFERMERIA";"Región Metropolitana de Santiago";"(186)";"$ 708.217";"$ 583.712";"$ 0";-;"No";"No tiene";"No tiene";"No tiene";"01/01/2025";"31/12/2025";"No informa";"Sin observaciones";
"2025";"Mayo";"Profesional";"PEÑA ULLOA, JOCELYNE ANDREA";"Apoyo Administrativo";"8";"CONTADOR (A) AUDITOR (A)";"Región Metropolitana de Santiago";"(186)";"$ 2.821.297";"$ 2.239.623";"$ 0";-;"No";"No tiene";"No tiene";"No tiene";"01/01/2025";"30/06/2025";"No informa";"Sin observaciones";
"2025";"Mayo";"Profesional";"PEÑAILILLO CEBALLOS, DANIEL";"ATENCION CLINICA";"13";"ENFERMERA (O)";"Región Metropolitana de Santiago";"(203)(186)(203)(204)(186)";"$ 3.769.393";"$ 3.020.634";"$ 0";"$ 0";"Sí";"$ 289.388 : 30,00 hrs";"$ 1.041.797 : 90,00 hrs";"No tiene";"01/01/2025";"31/12/2025";"No informa";"REMUNERACION MAY.2025+PAGO DIF. BIENIOS ABR.2025";
"2025";"Mayo";"Profesional";"PEÑAILILLO RODRIGUEZ, DENISSE PAULINA";"Atencion Clinica";"12";"NUTRICIONISTA";"Región Metropolitana de Santiago";"(01)";"$ 2.147.731";"$ 1.751.073";"$ 0";-;"Sí";"$ 164.638 : 16,00 hrs";"No tiene";"No tiene";"01/01/2025";"31/12/2025";"No informa";"Sin observaciones";
"2025";"Mayo";"Técnico";"PEÑAILILLO TREJO, MIXY KATHERINNE";"Atencion Clinica";"20";"TECNICO NIVEL SUPERIOR ENFERMERIA";"Región Metropolitana de Santiago";"(01)";"$ 1.170.524";"$ 999.001";"$ 0";-;"Sí";"$ 163.063 : 36,00 hrs";"$ 48.919 : 9,00 hrs";"No tiene";"01/01/2025";"31/12/2025";"No informa";"Sin observaciones";
"2025";"Mayo";"Administrativo";"PEÑALBA TUDELA, JOCELYN MARIANELA";"APOYO ADMINISTRATIVO";"17";"ADMINISTRADOR (A) DE EMPRESAS";"Región Metropolitana de Santiago";"(186)";"$ 1.751.986";"$ 1.145.831";"$ 0";"$ 0";"Sí";"$ 246.555 : 38,00 hrs";"$ 280.294 : 36,00 hrs";"No tiene";"01/01/2025";"31/12/2025";"No informa";"REMUNERACION MAY.2025";
"2025";"Mayo";"Profesional";"PEÑALOZA FARIAS, KAREN JEANNETTE";"Apoyo Administrativo";"8";"KINESIOLOGO (A)";"Región Metropolitana de Santiago";"(186)";"$ 2.763.766";"$ 2.201.358";"$ 0";-;"No";"No tiene";"No tiene";"No tiene";"01/01/2025";"31/12/2025";"No informa";"Sin observaciones";
"2025";"Mayo";"Profesional";"PEÑALOZA MUÑOZ, MARIA ELISA";"Apoyo Administrativo";"9";"TRABAJADOR (A) SOCIAL";"Región Metropolitana de Santiago";"(186)";"$ 2.600.014";"$ 2.076.565";"$ 0";-;"No";"No tiene";"No tiene";"No tiene";"01/01/2025";"31/12/2025";"No informa";"REMUNERACION DEL MES + BIENIO 01-03-2025 AL 30-04-2025";
"2025";"Mayo";"Médicos cirujanos, farmacéuticos, químico-farmacéuticos, bioquímicos, cirujano-dentistas";"PENEIPIL VALENZUELA, MARIA PAZ";"Atencion Clinica Medica";"44 Hrs.";"MEDICO CIRUJANO";"Región Metropolitana de Santiago";"(188)(186)";"$ 5.071.205";"$ 4.145.989";"$ 0";-;"No";"No tiene";"No tiene";"No tiene";"01/01/2025";"31/12/2025";"No informa";"Sin observaciones";
"2025";"Mayo";"Médicos cirujanos, farmacéuticos, químico-farmacéuticos, bioquímicos, cirujano-dentistas";"PEPE TAPIA, JOSE NICOLAS";"CIRUGIA GENERAL";"28 Hrs.";"MEDICO CIRUJANO";"Región Metropolitana de Santiago";"(194)(193)(198)(186)";"$ 2.987.303";"$ 2.298.786";"$ 0";"$ 0";"No";"No tiene";"No tiene";"No tiene";"01/01/2025";"31/12/2025";"No informa";"REMUNERACION MAY.2025";
"2025";"Mayo";"Médicos cirujanos, farmacéuticos, químico-farmacéuticos, bioquímicos, cirujano-dentistas";"PEPE TAPIA, JOSE NICOLAS";"CIRUGIA GENERAL";"22 Hrs.";"MEDICO CIRUJANO";"Región Metropolitana de Santiago";"(186)";"$ 2.016.632";"$ 1.745.652";"$ 0";"$ 0";"No";"No tiene";"No tiene";"No tiene";"01/01/2025";"31/12/2025";"No informa";"REMUNERACION MAY.2025";
"2025";"Mayo";"Profesional";"PERALTA CASTILLO, ASTRID IRENE";"Apoyo Administrativo";"6";"TERAPEUTA OCUPACIONAL";"Región Metropolitana de Santiago";"(186)";"$ 3.374.868";"$ 2.652.156";"$ 0";-;"No";"No tiene";"No tiene";"No tiene";"01/01/2025";"31/12/2025";"No informa";"Sin observaciones";
"2025";"Mayo";"Médicos cirujanos, farmacéuticos, químico-farmacéuticos, bioquímicos, cirujano-dentistas";"PERALTA GUINET, CASSANDRA ROBERTA";"Atencion Clinica Medica";"44 Hrs.";"MEDICO CIRUJANO";"Región Metropolitana de Santiago";"(86)(186)";"$ 3.422.953";"$ 2.715.050";"$ 0";-;"No";"No tiene";"No tiene";"No tiene";"01/01/2025";"31/12/2025";"No informa";"Sin observaciones";
"2025";"Mayo";"Profesional";"PERALTA MORA, MARIANELA ISABEL";"Apoyo Administrativo";"8";"INGENIERO (A) CIVIL BIOMEDICO";"Región Metropolitana de Santiago";"(186)";"$ 2.674.637";"$ 2.154.033";"$ 0";-;"No";"No tiene";"No tiene";"No tiene";"01/01/2025";"31/12/2025";"No informa";"Sin observaciones";
"2025";"Mayo";"Médicos cirujanos, farmacéuticos, químico-farmacéuticos, bioquímicos, cirujano-dentistas";"PEREO NIETO, FRANCISCO JAVIER";"Atencion Odontologica";"44 Hrs.";"CIRUJANO DENTISTA";"Región Metropolitana de Santiago";"(188)(186)";"$ 4.368.667";"$ 3.566.569";"$ 0";-;"No";"No tiene";"No tiene";"No tiene";"01/01/2025";"31/12/2025";"No informa";"Sin observaciones";
"2025";"Mayo";"Profesional";"PEREZ AVILES, FELIPE OCTAVIO";"Atencion Clinica";"8";"NUTRICIONISTA";"Región Metropolitana de Santiago";"(186)";"$ 2.763.766";"$ 2.200.568";"$ 0";-;"No";"No tiene";"No tiene";"No tiene";"01/01/2025";"31/12/2025";"No informa";"Sin observaciones";
"2025";"Mayo";"Administrativo";"PEREZ BUSTOS, SUSAN NICOLE";"Apoyo Administrativo";"21";"ADMINISTRATIVO";"Región Metropolitana de Santiago";"(01)";"$ 692.691";"$ 566.136";"$ 0";-;"No";"No tiene";"No tiene";"No tiene";"01/01/2025";"30/06/2025";"No informa";"Sin observaciones";
"2025";"Mayo";"Administrativo";"PEREZ DONOSO, CLAUDIA ANDREA";"Apoyo Administrativo";"13";"TECNICO ANALISTA QUIMICO";"Región Metropolitana de Santiago";"(186)";"$ 1.277.285";"$ 1.092.069";"$ 0";-;"Sí";"$ 221.480 : 40,00 hrs";"$ 79.733 : 12,00 hrs";"No tiene";"01/01/2025";"31/12/2025";"No informa";"Sin observaciones";
"2025";"Mayo";"Técnico";"PEREZ HORMAZABAL, URSULA PRISCILLA";"Atencion Clinica";"22";"TECNICO NIVEL SUPERIOR ENFERMERIA";"Región Metropolitana de Santiago";"(186)";"$ 907.716";"$ 740.242";"$ 0";-;"No";"No tiene";"No tiene";"No tiene";"01/01/2025";"31/12/2025";"No informa";"Sin observaciones";
"2025";"Mayo";"Médicos cirujanos, farmacéuticos, químico-farmacéuticos, bioquímicos, cirujano-dentistas";"PEREZ INFANTE, VAITIARE ANABELLE";"Atencion Clinica Medica";"44 Hrs.";"MEDICO CIRUJANO";"Región Metropolitana de Santiago";"(86)(86)";"$ 3.770.492";"$ 3.034.642";"$ 0";-;"No";"No tiene";"No tiene";"No tiene";"07/04/2025";"31/12/2025";"No informa";"Sin observaciones";
"2025";"Mayo";"Técnico";"PEREZ MORALES, SEBASTIAN IGNACIO";"ATENCION CLINICA";"21";"TECNICO NIVEL SUPERIOR ENFERMERIA";"Región Metropolitana de Santiago";"(202)(204)(186)";"$ 1.118.820";"$ 602.097";"$ 0";"$ 0";"No";"No tiene";"No tiene";"No tiene";"01/01/2025";"31/12/2025";"No informa";"REMUNERACION MAY.2025";
"2025";"Mayo";"Técnico";"PEREZ NARVAEZ, JUAN JACINTO";"Atencion Clinica";"22";"TECNICO PARAMEDICO";"Región Metropolitana de Santiago";"(186)";"$ 974.697";"$ 846.206";"$ 0";-;"Sí";"$ 16.764 : 5,00 hrs";"$ 261.508 : 65,00 hrs";"No tiene";"01/01/2025";"31/12/2025";"No informa";"Sin observaciones";
"2025";"Mayo";"Médicos cirujanos, farmacéuticos, químico-farmacéuticos, bioquímicos, cirujano-dentistas";"PEREZ NOROÑO, FERNANDO AUGUSTO";"Medico Becario Primario";"44 Hrs.";"MEDICO";"Región Metropolitana de Santiago";"(01)";"$ 2.801.656";"$ 2.289.793";"$ 0";-;"No";"No tiene";"No tiene";"No tiene";"01/05/2025";"31/05/2025";"No informa";"Sin observaciones";
"2025";"Mayo";"Médicos cirujanos, farmacéuticos, químico-farmacéuticos, bioquímicos, cirujano-dentistas";"PEREZ NOROÑO, FERNANDO AUGUSTO";"Medico Becario Primario";"44 Hrs.";"MEDICO";"Región Metropolitana de Santiago";"(01)";"$ 0";"$ 0";"$ 0";-;"No";"No tiene";"No tiene";"No tiene";"08/05/2025";"07/05/2026";"No informa";"MONTO TOTAL DEL CONTRATO INFORMADO EN LA FILA 844";
"2025";"Mayo";"Médicos cirujanos, farmacéuticos, químico-farmacéuticos, bioquímicos, cirujano-dentistas";"PEREZ OÑATE, TANIA DEL PILAR";"Atencion Odontologica";"22 Hrs.";"CIRUJANO DENTISTA";"Región Metropolitana de Santiago";"(188)(86)(186)";"$ 2.194.003";"$ 1.678.263";"$ 0";-;"No";"No tiene";"No tiene";"No tiene";"01/01/2025";"31/12/2025";"No informa";"Sin observaciones";
"2025";"Mayo";"Médicos cirujanos, farmacéuticos, químico-farmacéuticos, bioquímicos, cirujano-dentistas";"PEREZ OÑATE, TANIA DEL PILAR";"Atencion Odontologica";"22 Hrs.";"CIRUJANO DENTISTA";"Región Metropolitana de Santiago";"(188)(86)(186)";"$ 2.194.003";"$ 1.876.758";"$ 0";-;"No";"No tiene";"No tiene";"No tiene";"01/01/2025";"31/12/2025";"No informa";"Sin observaciones";
"2025";"Mayo";"Administrativo";"PEREZ OPAZO, ALEJANDRA ELIZABETH";"Apoyo Administrativo";"22";"ADMINISTRATIVO";"Región Metropolitana de Santiago";"(01)";"$ 436.012";"$ 355.877";"$ 0";-;"No";"No tiene";"No tiene";"No tiene";"29/01/2025";"20/05/2025";"No informa";"CONTRATO POR REEMPLAZO";
"2025";"Mayo";"Administrativo";"PEREZ RIVAS, ELIZABETH MACARENA";"Apoyo Administrativo";"21";"ADMINISTRATIVO";"Región Metropolitana de Santiago";"(01)";"$ 836.103";"$ 714.328";"$ 0";-;"Sí";"$ 143.412 : 40,00 hrs";"No tiene";"No tiene";"01/01/2025";"31/12/2025";"No informa";"Sin observaciones";
"2025";"Mayo";"Técnico";"PEREZ RUBILAR, ALONDRA VALENTINA";"ATENCION CLINICA";"22";"TECNICO NIVEL SUPERIOR ENFERMERIA";"Región Metropolitana de Santiago";"(203)(204)(186)";"$ 1.172.086";"$ 915.699";"$ 0";"$ 0";"Sí";"$ 3.382 : 1,00 hrs";"$ 284.108 : 70,00 hrs";"No tiene";"01/01/2025";"31/12/2025";"No informa";"REMUNERACION MAY.2025";
"2025";"Mayo";"Profesional";"PEREZ SANTANDER, JUAN MAURICIO";"Apoyo Logistico";"15";"INGENIERO (A) EJECUCION ADMINISTRACION";"Región Metropolitana de Santiago";"(186)";"$ 1.469.936";"$ 1.187.994";"$ 0";-;"No";"No tiene";"No tiene";"No tiene";"01/01/2025";"31/12/2025";"No informa";"Sin observaciones";
"2025";"Mayo";"Administrativo";"PEREZ TORO, RUTH SOLANGE";"Atencion Clinica";"22";"ADMINISTRATIVO";"Región Metropolitana de Santiago";"(01)";"$ 654.020";"$ 534.531";"$ 0";-;"No";"No tiene";"No tiene";"No tiene";"24/03/2025";"13/06/2025";"No informa";"CONTRATO POR REEMPLAZO";
"2025";"Mayo";"Profesional";"PEREZ VICENCIO, ALAN MIGUEL";"Atencion Clinica";"14";"TECNOLOGO (A) MEDICO";"Región Metropolitana de Santiago";"(01)";"$ 1.582.879";"$ 1.290.862";"$ 0";-;"No";"No tiene";"No tiene";"No tiene";"01/01/2025";"31/12/2025";"No informa";"Sin observaciones";
"2025";"Mayo";"Profesional";"PEREZ ZUÑIGA, LORETO EUGENIA DEL ROSARIO";"Apoyo Administrativo";"15";"ASISTENTE SOCIAL";"Región Metropolitana de Santiago";"(186)";"$ 1.708.137";"$ 1.433.601";"$ 0";-;"Sí";"$ 160.125 : 20,00 hrs";"$ 86.467 : 9,00 hrs";"No tiene";"01/01/2025";"31/12/2025";"No informa";"Sin observaciones";
"2025";"Mayo";"Médicos cirujanos, farmacéuticos, químico-farmacéuticos, bioquímicos, cirujano-dentistas";"PERRY PASTEN, GUILLERMO SEBASTIAN";"Medicina Legal";"33 Hrs.";"CIRUJANO DENTISTA";"Región Metropolitana de Santiago";"(86)(186)";"$ 3.842.817";"$ 3.071.109";"$ 0";-;"No";"No tiene";"No tiene";"No tiene";"01/01/2025";"31/12/2025";"No informa";"Sin observaciones";
"2025";"Mayo";"Técnico";"PETIT CHACON, CAMILA CELESTE";"Atencion Clinica";"20";"TECNICO NIVEL SUPERIOR ENFERMERIA";"Región Metropolitana de Santiago";"(01)";"$ 714.654";"$ 584.088";"$ 0";-;"No";"No tiene";"No tiene";"No tiene";"01/01/2025";"31/12/2025";"No informa";"Sin observaciones";
"2025";"Mayo";"Administrativo";"PHILLIPS MIRANDA, VICTOR ALFONSO";"Apoyo Administrativo";"13";"ADMINISTRATIVO";"Región Metropolitana de Santiago";"(186)";"$ 1.250.876";"$ 1.061.565";"$ 0";-;"Sí";"$ 108.450 : 19,00 hrs";"$ 136.989 : 20,00 hrs";"No tiene";"01/01/2025";"31/12/2025";"No informa";"Sin observaciones";
"2025";"Mayo";"Técnico";"PILQUIÑIR FUENTES, GLADYS ANDREA";"Atencion Clinica";"22";"TECNICO NIVEL SUPERIOR ENFERMERIA";"Región Metropolitana de Santiago";"(186)";"$ 708.217";"$ 583.712";"$ 0";-;"No";"No tiene";"No tiene";"No tiene";"01/01/2025";"31/12/2025";"No informa";"Sin observaciones";
"2025";"Mayo";"Profesional";"PIÑA VELASQUEZ, MARIA GRACIELA";"Apoyo Administrativo";"12";"CONTADOR (A) GENERAL";"Región Metropolitana de Santiago";"(186)";"$ 2.088.597";"$ 1.683.387";"$ 0";-;"Sí";"$ 63.216 : 6,00 hrs";"No tiene";"No tiene";"01/01/2025";"31/12/2025";"No informa";"Sin observaciones";
"2025";"Mayo";"Profesional";"PINCHEIRA CACERES, XIMENA ALEJANDRA";"Apoyo Administrativo";"12";"PSICOLOGO (A)";"Región Metropolitana de Santiago";"(186)";"$ 1.904.537";"$ 1.533.395";"$ 0";-;"No";"No tiene";"No tiene";"No tiene";"01/01/2025";"31/12/2025";"No informa";"Sin observaciones";
"2025";"Mayo";"Profesional";"PINEDA MUÑOZ, KARINA ORNELLA";"Apoyo Administrativo";"11";"ENFERMERA (O)";"Región Metropolitana de Santiago";"(186)";"$ 2.184.073";"$ 1.746.937";"$ 0";-;"No";"No tiene";"No tiene";"No tiene";"01/01/2025";"31/12/2025";"No informa";"Sin observaciones";
"2025";"Mayo";"Técnico";"PINO BUSTAMANTE, DANIELA ISABEL";"Atencion Clinica";"22";"TECNICO NIVEL SUPERIOR ENFERMERIA";"Región Metropolitana de Santiago";"(186)";"$ 705.649";"$ 581.595";"$ 0";-;"No";"No tiene";"No tiene";"No tiene";"01/01/2025";"31/12/2025";"No informa";"Sin observaciones";
"2025";"Mayo";"Administrativo";"PINO CARRASCO, MINDY CASSANDRA";"Secretaria";"16";"ADMINISTRATIVO";"Región Metropolitana de Santiago";"(186)";"$ 1.044.483";"$ 887.003";"$ 0";-;"Sí";"$ 149.546 : 30,00 hrs";"No tiene";"No tiene";"01/01/2025";"31/12/2025";"No informa";"REMUNERACION DEL MES + BIENIO 01-01-2025 AL 30-04-2025";
"2025";"Mayo";"Médicos cirujanos, farmacéuticos, químico-farmacéuticos, bioquímicos, cirujano-dentistas";"PINO ORELLANA, SERGIO MANUEL";"Medico Becario Primario";"44 Hrs.";"MEDICO CIRUJANO";"Región Metropolitana de Santiago";"(01)";"$ 2.801.656";"$ 2.311.646";"$ 0";-;"No";"No tiene";"No tiene";"No tiene";"08/05/2024";"07/05/2026";"No informa";"Sin observaciones";
"2025";"Mayo";"Profesional";"PINO TORO, HERNAN LUIS";"Atencion Clinica";"15";"ASISTENTE SOCIAL";"Región Metropolitana de Santiago";"(01)";"$ 1.453.153";"$ 1.188.107";"$ 0";-;"No";"No tiene";"No tiene";"No tiene";"01/01/2025";"31/12/2025";"No informa";"Sin observaciones";
"2025";"Mayo";"Técnico";"PINO VASQUEZ, VALESKA CECILIA";"Atencion Clinica";"21";"TECNICO NIVEL SUPERIOR ENFERMERIA";"Región Metropolitana de Santiago";"(01)";"$ 704.582";"$ 574.586";"$ 0";-;"No";"No tiene";"No tiene";"No tiene";"01/01/2025";"31/12/2025";"No informa";"Sin observaciones";
"2025";"Mayo";"Administrativo";"PINTO ALVAREZ, STEPHANIE CAROLINA";"Apoyo Administrativo";"22";"ADMINISTRATIVO";"Región Metropolitana de Santiago";"(01)";"$ 654.020";"$ 539.044";"$ 0";-;"No";"No tiene";"No tiene";"No tiene";"16/01/2025";"31/07/2025";"No informa";"Sin observaciones";
"2025";"Mayo";"Profesional";"PINTO ARAVENA, ROBERTO ALBERTO";"Atencion Clinica";"15";"ENFERMERA (O)";"Región Metropolitana de Santiago";"(186)";"$ 1.461.545";"$ 1.187.467";"$ 0";-;"No";"No tiene";"No tiene";"No tiene";"01/01/2025";"31/12/2025";"No informa";"Sin observaciones";
"2025";"Mayo";"Médicos cirujanos, farmacéuticos, químico-farmacéuticos, bioquímicos, cirujano-dentistas";"PINTO GONZALEZ, ADRIANA GABRIELA";"Atencion Clinica Medica";"22 Hrs.";"MEDICO CIRUJANO";"Región Metropolitana de Santiago";"(188)(186)";"$ 1.267.705";"$ 1.036.095";"$ 0";-;"No";"No tiene";"No tiene";"No tiene";"01/01/2025";"31/12/2025";"No informa";"Sin observaciones";
"2025";"Mayo";"Profesional";"PINTO HERMOSILLA, SUSAN ROSEMARY";"Atencion Clinica";"16";"ENFERMERA (O)";"Región Metropolitana de Santiago";"(01)";"$ 1.363.325";"$ 1.111.862";"$ 0";-;"Sí";"$ 29.173 : 4,00 hrs";"No tiene";"No tiene";"01/01/2025";"30/06/2025";"No informa";"Sin observaciones";
"2025";"Mayo";"Médicos cirujanos, farmacéuticos, químico-farmacéuticos, bioquímicos, cirujano-dentistas";"PINTO SOTO, MARIA IGNACIA";"Medico Becario Primario";"44 Hrs.";"MEDICO CIRUJANO";"Región Metropolitana de Santiago";"(01)";"$ 3.458.582";"$ 2.856.781";"$ 0";-;"No";"No tiene";"No tiene";"No tiene";"06/05/2024";"05/05/2026";"No informa";"Sin observaciones";
"2025";"Mayo";"Administrativo";"PINTO VALDIVIA, DIGNA SOLEDAD";"APOYO ADMINISTRATIVO";"19";"ADMINISTRATIVO";"Región Metropolitana de Santiago";"(01)";"$ 756.222";"$ 511.337";"$ 0";"$ 0";"Sí";"$ 12.061 : 3,00 hrs";"No tiene";"No tiene";"01/01/2025";"31/12/2025";"No informa";"REMUNERACION MAY.2025+PAGO BONO MENSUAL";
"2025";"Mayo";"Médicos cirujanos, farmacéuticos, químico-farmacéuticos, bioquímicos, cirujano-dentistas";"PIRUL YEVENES, ALEJANDRO MAURICIO";"Atencion Clinica Medica";"44 Hrs.";"MEDICO CIRUJANO";"Región Metropolitana de Santiago";"(86)(186)";"$ 3.556.152";"$ 2.816.241";"$ 0";-;"No";"No tiene";"No tiene";"No tiene";"01/01/2025";"31/12/2025";"No informa";"Sin observaciones";
"2025";"Mayo";"Profesional";"PISON LILLO, MONICA DEL CARMEN";"Apoyo Administrativo";"8";"ASISTENTE SOCIAL";"Región Metropolitana de Santiago";"(186)";"$ 2.763.766";"$ 2.200.363";"$ 0";-;"No";"No tiene";"No tiene";"No tiene";"01/01/2025";"31/12/2025";"No informa";"Sin observaciones";
"2025";"Mayo";"Técnico";"PISON SILVA, VICTOR EDUARDO";"Apoyo Logistico";"12";"TECNICO";"Región Metropolitana de Santiago";"(186)";"$ 1.931.173";"$ 1.549.132";"$ 0";-;"No";"No tiene";"No tiene";"No tiene";"01/01/2025";"31/12/2025";"No informa";"Sin observaciones";
"2025";"Mayo";"Profesional";"PIUTRIN SALDIAS, DANIELA ELIZABETH";"Atencion Clinica";"15";"ENFERMERA (O)";"Región Metropolitana de Santiago";"(186)";"$ 1.945.708";"$ 1.631.501";"$ 0";-;"Sí";"$ 241.653 : 30,00 hrs";"$ 144.991 : 15,00 hrs";"No tiene";"01/01/2025";"31/12/2025";"No informa";"Sin observaciones";
"2025";"Mayo";"Médicos cirujanos, farmacéuticos, químico-farmacéuticos, bioquímicos, cirujano-dentistas";"PIZARRO ALARCON, SEBASTIAN IGNACIO";"CIRUGIA GENERAL";"28 Hrs.";"MEDICO CIRUJANO";"Región Metropolitana de Santiago";"(194)(193)(198)(186)";"$ 2.843.277";"$ 2.256.892";"$ 0";"$ 0";"No";"No tiene";"No tiene";"No tiene";"01/01/2025";"31/12/2025";"No informa";"REMUNERACION MAY.2025";
"2025";"Mayo";"Profesional";"PIZARRO HERNANDEZ, JUAN GUILLERMO";"Atencion Clinica";"16";"ENFERMERA UNIVERSITARIA";"Región Metropolitana de Santiago";"(01)";"$ 800.491";"$ 654.242";"$ 0";-;"No";"No tiene";"No tiene";"No tiene";"05/05/2025";"22/05/2025";"No informa";"CONTRATO POR REEMPLAZO";
"2025";"Mayo";"Técnico";"PIZARRO HERRERA, PATRICIA DEL ROSARIO";"Atencion Clinica";"20";"TECNICO NIVEL SUPERIOR ENFERMERIA";"Región Metropolitana de Santiago";"(01)";"$ 714.654";"$ 582.873";"$ 0";-;"No";"No tiene";"No tiene";"No tiene";"01/01/2025";"31/12/2025";"No informa";"Sin observaciones";
"2025";"Mayo";"Profesional";"PIZARRO MORALES, DENISSE ALEJANDRA";"Atencion Clinica";"15";"MATRON (A)";"Región Metropolitana de Santiago";"(186)";"$ 1.701.732";"$ 1.414.389";"$ 0";-;"Sí";"$ 240.187 : 30,00 hrs";"No tiene";"No tiene";"01/01/2025";"31/12/2025";"No informa";"Sin observaciones";
"2025";"Mayo";"Profesional";"PIZARRO PIZARRO, JOSE IGNACIO";"Atencion Clinica";"15";"ENFERMERA (O)";"Región Metropolitana de Santiago";"(186)";"$ 1.478.327";"$ 1.194.564";"$ 0";-;"No";"No tiene";"No tiene";"No tiene";"01/01/2025";"31/12/2025";"No informa";"Sin observaciones";
"2025";"Mayo";"Auxiliar";"PIZARRO VILLAGRAN, HECTOR HUMBERTO";"CONDUCTOR";"21";"AUXILIAR";"Región Metropolitana de Santiago";"(205)(202)(204)";"$ 1.325.170";"$ 781.558";"$ 0";"$ 0";"Sí";"$ 96.803 : 27,00 hrs";"$ 94.652 : 22,00 hrs";"No tiene";"01/01/2025";"31/12/2025";"No informa";"REMUNERACION MAY.2025";
"2025";"Mayo";"Técnico";"PLAZA ACUÑA, NELSON HERNAN";"Apoyo Administrativo";"13";"TECNICO NIVEL SUPERIOR EN ADMINISTRACION DE EMPRESAS";"Región Metropolitana de Santiago";"(186)";"$ 1.177.619";"$ 1.002.855";"$ 0";-;"Sí";"$ 121.814 : 22,00 hrs";"$ 79.733 : 12,00 hrs";"No tiene";"01/01/2025";"31/07/2025";"No informa";"Sin observaciones";
"2025";"Mayo";"Profesional";"PLAZA TAPIA, JUAN IGNACIO";"Apoyo Administrativo";"8";"ARQUITECTO";"Región Metropolitana de Santiago";"(186)";"$ 2.717.783";"$ 2.160.251";"$ 0";-;"No";"No tiene";"No tiene";"No tiene";"01/01/2025";"31/12/2025";"No informa";"REMUNERACION DEL MES + BIENIO 01-02-2025 AL 30-04-2025";
"2025";"Mayo";"Administrativo";"POBLETE DIAZ, JOSE ANTONIO";"Apoyo Administrativo";"21";"ADMINISTRATIVO";"Región Metropolitana de Santiago";"(186)";"$ 1.119.738";"$ 989.721";"$ 0";-;"Sí";"$ 144.677 : 40,00 hrs";"$ 277.781 : 64,00 hrs";"No tiene";"01/01/2025";"31/12/2025";"No informa";"Sin observaciones";
"2025";"Mayo";"Técnico";"POBLETE IBARRA, HUGO JESUS";"ATENCION CLINICA";"22";"TECNICO NIVEL SUPERIOR ENFERMERIA";"Región Metropolitana de Santiago";"(202)(204)(186)";"$ 1.034.697";"$ 818.643";"$ 0";"$ 0";"No";"No tiene";"No tiene";"No tiene";"01/01/2025";"31/12/2025";"No informa";"REMUNERACION MAY.2025";
"2025";"Mayo";"Profesional";"POLANCO ESPINOZA, NATALIA SOLEDAD";"Atencion Clinica";"9";"PSICOLOGO (A)";"Región Metropolitana de Santiago";"(186)";"$ 2.560.069";"$ 2.042.720";"$ 0";-;"No";"No tiene";"No tiene";"No tiene";"01/01/2025";"31/12/2025";"No informa";"Sin observaciones";
"2025";"Mayo";"Administrativo";"PONCE SOBELL, FRANCISCA IGNACIA";"Atencion Clinica";"22";"ADMINISTRATIVO";"Región Metropolitana de Santiago";"(01)";"$ 654.020";"$ 654.020";"$ 0";-;"No";"No tiene";"No tiene";"No tiene";"30/04/2025";"01/06/2025";"No informa";"CONTRATO POR REEMPLAZO";
"2025";"Mayo";"Auxiliar";"PONTIGO FAJARDO, RODOLFO JAVIER";"CONDUCTOR";"24";"TECNICO NIVEL SUPERIOR ENFERMERIA";"Región Metropolitana de Santiago";"(01)";"$ 893.477";"$ 765.787";"$ 0";"$ 0";"Sí";"No tiene";"$ 268.770 : 128,00 hrs";"No tiene";"01/01/2025";"31/05/2025";"No informa";"REMUNERACION MAY.2025+PAGO BONO MENSUAL";
"2025";"Mayo";"Médicos cirujanos, farmacéuticos, químico-farmacéuticos, bioquímicos, cirujano-dentistas";"PONTIGO REYES, ANA PAZ";"Atencion Clinica Medica";"44 Hrs.";"MEDICO CIRUJANO";"Región Metropolitana de Santiago";"(188)(186)";"$ 4.506.248";"$ 3.657.301";"$ 0";-;"No";"No tiene";"No tiene";"No tiene";"01/01/2025";"31/12/2025";"No informa";"Sin observaciones";
"2025";"Mayo";"Profesional";"PORTALES ORELLANA, CATALINA INES";"Apoyo Administrativo";"5";"CIENTISTA POLITICO (A)";"Región Metropolitana de Santiago";"(36)(186)";"$ 3.901.697";"$ 3.125.279";"$ 0";-;"No";"No tiene";"No tiene";"No tiene";"01/01/2025";"31/12/2025";"No informa";"Sin observaciones";
"2025";"Mayo";"Profesional";"PORTILLO JORQUERA, ANDREA VERONICA";"Atencion Clinica";"15";"MATRON (A)";"Región Metropolitana de Santiago";"(220)(186)";"$ 1.640.449";"$ 1.326.544";"$ 0";-;"No";"No tiene";"No tiene";"No tiene";"01/01/2025";"31/12/2025";"No informa";"Sin observaciones";
"2025";"Mayo";"Profesional";"POSADA CORVALAN, CAROLINA ANDREA";"Apoyo Administrativo";"6";"ADMINISTRADOR (A) PUBLICO";"Región Metropolitana de Santiago";"(186)";"$ 3.290.602";"$ 2.594.545";"$ 0";-;"No";"No tiene";"No tiene";"No tiene";"01/01/2025";"31/12/2025";"No informa";"Sin observaciones";
"2025";"Mayo";"Administrativo";"POZAS CERDA, SANDRA PATRICIA";"Apoyo Administrativo";"21";"ADMINISTRATIVO";"Región Metropolitana de Santiago";"(01)";"$ 692.691";"$ 566.136";"$ 0";-;"No";"No tiene";"No tiene";"No tiene";"01/01/2025";"31/12/2025";"No informa";"Sin observaciones";
"2025";"Mayo";"Auxiliar";"POZO GONZALEZ, GLORIA DEL CARMEN";"Apoyo Logistico";"24";"AUXILIAR";"Región Metropolitana de Santiago";"(202)(186)";"$ 810.736";"$ 661.235";"$ 0";-;"No";"No tiene";"No tiene";"No tiene";"01/01/2025";"31/12/2025";"No informa";"Sin observaciones";
"2025";"Mayo";"Profesional";"POZO QUINTANA, RICARDO ANDRES";"ATENCION CLINICA";"13";"ENFERMERA (O)";"Región Metropolitana de Santiago";"(01)";"$ 3.012.506";"$ 2.350.760";"$ 0";"$ 0";"Sí";"$ 379.015 : 40,00 hrs";"$ 621.585 : 130,00 hrs";"No tiene";"01/05/2025";"30/05/2025";"No informa";"REEMPLAZO ABR.2025 (03) (18-21)+REEMPLAZO MAY.2025 (01-30)";
"2025";"Mayo";"Médicos cirujanos, farmacéuticos, químico-farmacéuticos, bioquímicos, cirujano-dentistas";"POZO SANCHEZ, SEBASTIAN IGNACIO";"Atencion Clinica Medica";"44 Hrs.";"MEDICO CIRUJANO";"Región Metropolitana de Santiago";"(86)(186)";"$ 3.376.336";"$ 2.679.601";"$ 0";-;"No";"No tiene";"No tiene";"No tiene";"01/01/2025";"31/12/2025";"No informa";"Sin observaciones";
"2025";"Mayo";"Profesional";"PRATI POBLETE, MIGUEL FABRIZIO";"Jefe de Departamento";"5";"INGENIERO (A) EJECUCION ADMINISTRACION";"Región Metropolitana de Santiago";"(186)";"$ 3.490.826";"$ 2.747.278";"$ 0";-;"No";"No tiene";"No tiene";"No tiene";"01/01/2025";"31/12/2025";"No informa";"Sin observaciones";
"2025";"Mayo";"Técnico";"PROVOSTE FUENTES, ROMINA ANDREA";"Atencion Clinica";"20";"TECNICO NIVEL SUPERIOR RECURSOS HUMANOS";"Región Metropolitana de Santiago";"(186)";"$ 716.315";"$ 590.388";"$ 0";-;"No";"No tiene";"No tiene";"No tiene";"01/01/2025";"31/12/2025";"No informa";"Sin observaciones";
"2025";"Mayo";"Profesional";"PUEBLA ALCHAO, ESTEBAN ANDRES";"Apoyo Administrativo";"16";"INGENIERO (A) EN INFORMATICA";"Región Metropolitana de Santiago";"(01)";"$ 1.334.152";"$ 1.092.694";"$ 0";-;"No";"No tiene";"No tiene";"No tiene";"01/01/2025";"31/12/2025";"No informa";"Sin observaciones";
"2025";"Mayo";"Profesional";"PUEBLA NUÑEZ, TATIANA ALEJANDRA";"Apoyo Administrativo";"5";"SOCIOLOGO (A)";"Región Metropolitana de Santiago";"(186)";"$ 3.544.424";"$ 2.823.811";"$ 0";-;"No";"No tiene";"No tiene";"No tiene";"01/01/2025";"31/12/2025";"No informa";"Sin observaciones";
"2025";"Mayo";"Auxiliar";"PUGA VARGAS, PEDRO ALEKSEI";"CONDUCTOR";"24";"TECNICO NIVEL SUPERIOR ENFERMERIA";"Región Metropolitana de Santiago";"(01)";"$ 967.390";"$ 754.700";"$ 0";"$ 0";"Sí";"$ 111.988 : 40,00 hrs";"$ 230.695 : 126,00 hrs";"No tiene";"01/01/2025";"31/05/2025";"No informa";"REMUNERACION MAY.2025+PAGO BONO MENSUAL";
"2025";"Mayo";"Médicos cirujanos, farmacéuticos, químico-farmacéuticos, bioquímicos, cirujano-dentistas";"PUGH VALDOVINOS, DUNCAN EDWARD";"Medico Becario Primario";"44 Hrs.";"MEDICO CIRUJANO";"Región Metropolitana de Santiago";"(01)";"$ 2.801.656";"$ 2.311.646";"$ 0";-;"No";"No tiene";"No tiene";"No tiene";"07/04/2025";"06/04/2026";"No informa";"Sin observaciones";
"2025";"Mayo";"Médicos cirujanos, farmacéuticos, químico-farmacéuticos, bioquímicos, cirujano-dentistas";"PUMARINO TORRES, TOMAS EUGENIO";"Medico Becario Primario";"44 Hrs.";"MEDICO CIRUJANO";"Región Metropolitana de Santiago";"(01)";"$ 2.801.656";"$ 2.309.124";"$ 0";-;"No";"No tiene";"No tiene";"No tiene";"08/05/2024";"07/05/2026";"No informa";"Sin observaciones";
"2025";"Mayo";"Profesional";"QUEVEDO PEREIRA, MAILEF ANDREA";"Atencion Clinica";"7";"KINESIOLOGO (A)";"Región Metropolitana de Santiago";"(186)";"$ 3.025.143";"$ 2.399.484";"$ 0";-;"No";"No tiene";"No tiene";"No tiene";"01/01/2025";"31/12/2025";"No informa";"Sin observaciones";
"2025";"Mayo";"Profesional";"QUEZADA PADILLA, MIGNA BEGONIA";"Atencion Clinica";"15";"MATRON (A)";"Región Metropolitana de Santiago";"(01)";"$ 0";"$ 0";"$ 0";-;"No";"No tiene";"No tiene";"No tiene";"01/01/2025";"31/12/2025";"No informa";"PSGS 01/04/2025 AL 30/09/2025";
"2025";"Mayo";"Administrativo";"QUEZADA PALMA, JOSE LUIS";"Apoyo Administrativo";"21";"ADMINISTRATIVO";"Región Metropolitana de Santiago";"(01)";"$ 692.691";"$ 570.916";"$ 0";-;"No";"No tiene";"No tiene";"No tiene";"01/01/2025";"30/06/2025";"No informa";"Sin observaciones";
"2025";"Mayo";"Médicos cirujanos, farmacéuticos, químico-farmacéuticos, bioquímicos, cirujano-dentistas";"QUEZADA TOFALOS, EYLEEN KHADRA";"Medicina Familiar";"22 Hrs.";"MEDICO CIRUJANO";"Región Metropolitana de Santiago";"(188)(186)";"$ 2.128.310";"$ 1.721.057";"$ 0";-;"No";"No tiene";"No tiene";"No tiene";"01/01/2025";"31/12/2025";"No informa";"Sin observaciones";
"2025";"Mayo";"Profesional";"QUILEMPAN VIVANCO, VANESSA ALEJANDRA";"Atencion Clinica";"15";"FONOAUDIOLOGO (A)";"Región Metropolitana de Santiago";"(186)";"$ 1.567.456";"$ 1.279.433";"$ 0";-;"No";"No tiene";"No tiene";"No tiene";"01/01/2025";"31/12/2025";"No informa";"Sin observaciones";
"2025";"Mayo";"Administrativo";"QUILENCHEO AYANCAN, MARIANELA IVONNE";"Secretaria";"12";"ADMINISTRATIVO";"Región Metropolitana de Santiago";"(186)";"$ 1.910.028";"$ 1.535.693";"$ 0";-;"No";"No tiene";"No tiene";"No tiene";"01/01/2025";"31/12/2025";"No informa";"Sin observaciones";
"2025";"Mayo";"Profesional";"QUINTANA RIVAS, JUAN ANDRES";"Atencion Clinica";"15";"KINESIOLOGO (A)";"Región Metropolitana de Santiago";"(186)";"$ 1.891.612";"$ 1.579.753";"$ 0";-;"Sí";"$ 324.156 : 40,00 hrs";"No tiene";"No tiene";"01/01/2025";"31/12/2025";"No informa";"Sin observaciones";
"2025";"Mayo";"Técnico";"QUINTANA SIN APELLIDO, GUIOMAR YUDITH";"Atencion Clinica";"22";"AUXILIAR PARAMEDICO DE ENFERMERIA";"Región Metropolitana de Santiago";"(186)";"$ 696.426";"$ 567.935";"$ 0";-;"No";"No tiene";"No tiene";"No tiene";"01/01/2025";"31/12/2025";"No informa";"Sin observaciones";
"2025";"Mayo";"Profesional";"QUINTANILLA TORRES, FRANCO GIBERTTI";"Atencion Clinica";"15";"ENFERMERA (O)";"Región Metropolitana de Santiago";"(186)";"$ 1.559.065";"$ 1.260.762";"$ 0";-;"No";"No tiene";"No tiene";"No tiene";"01/01/2025";"31/12/2025";"No informa";"Sin observaciones";
"2025";"Mayo";"Auxiliar";"QUINTEROS FLORES, ALAN RICARDO";"Chofer";"20";"AUXILIAR";"Región Metropolitana de Santiago";"(205)(186)";"$ 1.654.121";"$ 1.491.831";"$ 0";-;"Sí";"$ 156.709 : 40,00 hrs";"$ 733.401 : 156,00 hrs";"No tiene";"01/01/2025";"31/12/2025";"No informa";"Sin observaciones";
"2025";"Mayo";"Profesional";"QUINTEROS SEPULVEDA, ALBERTO JESUS";"Atencion Clinica";"15";"PSICOLOGO (A)";"Región Metropolitana de Santiago";"(01)";"$ 1.500.897";"$ 1.232.686";"$ 0";-;"Sí";"$ 47.744 : 6,00 hrs";"No tiene";"No tiene";"01/01/2025";"31/12/2025";"No informa";"Sin observaciones";
"2025";"Mayo";"Profesional";"QUIROGA CHIMENELLI, MARIA JOSE";"Atencion Clinica";"14";"ASISTENTE SOCIAL";"Región Metropolitana de Santiago";"(186)";"$ 1.681.070";"$ 1.367.186";"$ 0";-;"No";"No tiene";"No tiene";"No tiene";"01/01/2025";"31/12/2025";"No informa";"Sin observaciones";
"2025";"Mayo";"Profesional";"QUIROGA GALVEZ, CRISTHIAN SEBASTIAN";"Apoyo Administrativo";"8";"ENFERMERA (O)";"Región Metropolitana de Santiago";"(186)";"$ 2.760.176";"$ 2.222.187";"$ 0";-;"No";"No tiene";"No tiene";"No tiene";"01/01/2025";"31/12/2025";"No informa";"REMUNERACION DEL MES + BIENIO 01-11-2024 AL 30-04-2025";
"2025";"Mayo";"Médicos cirujanos, farmacéuticos, químico-farmacéuticos, bioquímicos, cirujano-dentistas";"QUIROZ CACERES, ROBERTO IGNACIO";"Atencion Clinica Medica";"44 Hrs.";"MEDICO";"Región Metropolitana de Santiago";"(86)";"$ 2.929.627";"$ 2.341.759";"$ 0";-;"No";"No tiene";"No tiene";"No tiene";"01/01/2025";"31/12/2025";"No informa";"Sin observaciones";
"2025";"Mayo";"Profesional";"QUIROZ OMONTE, ANDRES ANTONIO";"ATENCION CLINICA";"13";"ENFERMERA (O)";"Región Metropolitana de Santiago";"(203)(204)(186)";"$ 2.424.955";"$ 1.812.922";"$ 0";"$ 0";"No";"No tiene";"No tiene";"No tiene";"01/01/2025";"31/12/2025";"No informa";"REMUNERACION MAY.2025";
"2025";"Mayo";"Profesional";"QUIROZ RODRIGUEZ, LUCIANO SEGUNDO";"Atencion Clinica";"15";"KINESIOLOGO (A)";"Región Metropolitana de Santiago";"(186)";"$ 1.461.545";"$ 1.182.765";"$ 0";-;"No";"No tiene";"No tiene";"No tiene";"01/01/2025";"31/12/2025";"No informa";"Sin observaciones";
"2025";"Mayo";"Profesional";"QUIROZ ULLOA, FABIAN ALEXANDER";"Apoyo Administrativo";"11";"ADMINISTRADOR (A) PUBLICO";"Región Metropolitana de Santiago";"(01)";"$ 2.744.684";"$ 2.301.318";"$ 0";-;"Sí";"$ 280.325 : 25,00 hrs";"$ 403.668 : 30,00 hrs";"No tiene";"01/01/2025";"31/12/2025";"No informa";"Sin observaciones";
"2025";"Mayo";"Profesional";"QUIROZ ULLOA, MAIRON ISRAEL";"JEFE DE DEPARTAMENTO";"11";"ADMINISTRADOR (A) PUBLICO";"Región Metropolitana de Santiago";"(01)";"$ 2.511.454";"$ 1.832.708";"$ 0";"$ 0";"Sí";"$ 370.029 : 33,00 hrs";"$ 80.734 : 6,00 hrs";"No tiene";"01/01/2025";"31/12/2025";"No informa";"REMUNERACION MAY.2025";
"2025";"Mayo";"Profesional";"RAMIREZ CANCINO, PAULINA FERNANDA";"Atencion Clinica";"15";"MATRON (A)";"Región Metropolitana de Santiago";"(01)";"$ 1.720.522";"$ 1.443.526";"$ 0";-;"Sí";"$ 190.978 : 24,00 hrs";"$ 76.391 : 8,00 hrs";"No tiene";"01/01/2025";"31/12/2025";"No informa";"Sin observaciones";
"2025";"Mayo";"Técnico";"RAMIREZ DIAZ, CYNTHIA CAROLINA";"Atencion Clinica";"21";"TECNICO NIVEL SUPERIOR ENFERMERIA";"Región Metropolitana de Santiago";"(01)";"$ 704.582";"$ 575.855";"$ 0";-;"No";"No tiene";"No tiene";"No tiene";"01/01/2025";"31/12/2025";"No informa";"Sin observaciones";
"2025";"Mayo";"Médicos cirujanos, farmacéuticos, químico-farmacéuticos, bioquímicos, cirujano-dentistas";"RAMIREZ FLORES, JORGE ANDRES";"MEDICO CIRUJANO CON ESPECIALIDAD EN SALUD PUBLICA";"28 Hrs.";"MEDICO CIRUJANO CON ESPECIALIDAD EN SALUD PUBLICA";"Región Metropolitana de Santiago";"(194)(193)(198)(186)";"$ 4.633.827";"$ 3.767.657";"$ 0";"$ 0";"No";"No tiene";"No tiene";"No tiene";"01/01/2025";"31/12/2025";"No informa";"REMUNERACION MAY.2025";
"2025";"Mayo";"Profesional";"RAMIREZ GAETE, JORGE IGNACIO";"Apoyo Administrativo";"6";"PERIODISTA";"Región Metropolitana de Santiago";"(186)";"$ 3.324.308";"$ 2.614.501";"$ 0";-;"No";"No tiene";"No tiene";"No tiene";"01/01/2025";"31/12/2025";"No informa";"Sin observaciones";
"2025";"Mayo";"Profesional";"RAMIREZ IBACETA, LUIS ALBERTO";"Apoyo Administrativo";"10";"INGENIERO (A) EJECUCION EN INFORMATICA";"Región Metropolitana de Santiago";"(186)";"$ 2.254.504";"$ 1.802.293";"$ 0";-;"No";"No tiene";"No tiene";"No tiene";"01/01/2025";"31/12/2025";"No informa";"Sin observaciones";
"2025";"Mayo";"Técnico";"RAMIREZ MIÑO, SUGEY ANTONELLA";"Apoyo Administrativo";"22";"TECNICO DE PARVULOS";"Región Metropolitana de Santiago";"(186)";"$ 704.087";"$ 581.543";"$ 0";-;"Sí";"$ 3.441 : 1,00 hrs";"No tiene";"No tiene";"01/01/2025";"31/12/2025";"No informa";"Sin observaciones";
"2025";"Mayo";"Profesional";"RAMIREZ POBLETE, SERGIO FERNANDO";"Atencion Clinica";"15";"KINESIOLOGO (A)";"Región Metropolitana de Santiago";"(186)";"$ 1.666.505";"$ 1.391.939";"$ 0";-;"Sí";"$ 128.100 : 16,00 hrs";"$ 76.860 : 8,00 hrs";"No tiene";"01/01/2025";"31/12/2025";"No informa";"Sin observaciones";
"2025";"Mayo";"Médicos cirujanos, farmacéuticos, químico-farmacéuticos, bioquímicos, cirujano-dentistas";"RAMIREZ TORRES, KATHERINNE LILIANA";"Atencion Odontologica";"22 Hrs.";"CIRUJANO DENTISTA";"Región Metropolitana de Santiago";"(01)";"$ 0";"$ 0";"$ 0";-;"No";"No tiene";"No tiene";"No tiene";"01/01/2025";"31/12/2025";"No informa";"PSGS 03/02/2025 AL 31/07/2025";
"2025";"Mayo";"Profesional";"RAMOS ARGANDOÑA, CAROLINA ANDREA";"Atencion Clinica";"12";"MATRON (A)";"Región Metropolitana de Santiago";"(01)";"$ 1.893.964";"$ 1.536.211";"$ 0";-;"No";"No tiene";"No tiene";"No tiene";"01/01/2025";"31/12/2025";"No informa";"Sin observaciones";
"2025";"Mayo";"Auxiliar";"RAMOS DIAZ, VICTOR ALBERTO";"CONDUCTOR";"24";"TECNICO NIVEL SUPERIOR ENFERMERIA";"Región Metropolitana de Santiago";"(205)(203)(204)(186)";"$ 835.609";"$ 513.113";"$ 0";"$ 0";"No";"No tiene";"No tiene";"No tiene";"01/01/2025";"31/12/2025";"No informa";"REMUNERACION MAY.2025";
"2025";"Mayo";"Auxiliar";"RAMOS GONZALEZ, XIMENA JOANNA";"Apoyo Logistico";"23";"AUXILIAR";"Región Metropolitana de Santiago";"(01)";"$ 1.079.514";"$ 968.246";"$ 0";-;"Sí";"$ 121.451 : 40,00 hrs";"$ 364.355 : 100,00 hrs";"No tiene";"01/01/2025";"31/12/2025";"No informa";"Sin observaciones";
"2025";"Mayo";"Profesional";"RAUCH CORDERO, BASTIAN PATRICIO";"ATENCION CLINICA";"13";"KINESIOLOGO (A)";"Región Metropolitana de Santiago";"(01)";"$ 1.021.432";"$ 869.850";"$ 0";"$ 0";"Sí";"No tiene";"$ 159.186 : 66,00 hrs";"No tiene";"01/05/2025";"14/05/2025";"No informa";"REEMPLAZO ABR.2025 (15)+REEMPLAZO MAY.2025 (01-14)";
"2025";"Mayo";"Profesional";"REBOLLEDO SEPULVEDA, BARBARA GABRIELA";"Apoyo Administrativo";"8";"ENFERMERA (O)";"Región Metropolitana de Santiago";"(186)";"$ 2.674.637";"$ 2.134.769";"$ 0";-;"No";"No tiene";"No tiene";"No tiene";"01/01/2025";"31/12/2025";"No informa";"Sin observaciones";
"2025";"Mayo";"Médicos cirujanos, farmacéuticos, químico-farmacéuticos, bioquímicos, cirujano-dentistas";"RECABARREN BAEZ, ALEXANDER";"SUBDIRECTOR DE GESTION ASISTENCIAL";"44 Hrs.";"MEDICO CIRUJANO";"Región Metropolitana de Santiago";"(86)(186)";"$ 6.923.733";"$ 5.621.999";"$ 0";-;"No";"No tiene";"No tiene";"No tiene";"01/01/2025";"31/12/2025";"No informa";"Sin observaciones";
"2025";"Mayo";"Técnico";"RENCA DIAZ, FRANCISCO JOVANO";"Atencion Clinica";"15";"TECNICO NIVEL SUPERIOR ENFERMERIA";"Región Metropolitana de Santiago";"(01)";"$ 1.079.327";"$ 927.440";"$ 0";-;"Sí";"$ 98.630 : 20,00 hrs";"$ 112.438 : 19,00 hrs";"No tiene";"01/01/2025";"31/12/2025";"No informa";"Sin observaciones";
"2025";"Mayo";"Médicos cirujanos, farmacéuticos, químico-farmacéuticos, bioquímicos, cirujano-dentistas";"RENTERIA ARAYA, CONSTANZA CECILIA";"Medico PAO";"44 Hrs.";"MEDICO CIRUJANO";"Región Metropolitana de Santiago";"(86)(186)";"$ 4.033.261";"$ 3.276.391";"$ 0";-;"No";"No tiene";"No tiene";"No tiene";"01/01/2025";"31/12/2025";"No informa";"Sin observaciones";
"2025";"Mayo";"Profesional";"RETAMAL LEAL, JOHANNA ELIZETT";"Apoyo Administrativo";"8";"ENFERMERA (O)";"Región Metropolitana de Santiago";"(01)";"$ 2.749.384";"$ 2.186.326";"$ 0";-;"No";"No tiene";"No tiene";"No tiene";"01/01/2025";"31/12/2025";"No informa";"Sin observaciones";
"2025";"Mayo";"Administrativo";"REYES CONCHA, DANIELA LUISA";"Apoyo Administrativo";"21";"ADMINISTRATIVO";"Región Metropolitana de Santiago";"(01)";"$ 692.691";"$ 564.889";"$ 0";-;"No";"No tiene";"No tiene";"No tiene";"01/01/2025";"31/12/2025";"No informa";"Sin observaciones";
"2025";"Mayo";"Administrativo";"REYES CRUZ, MARIA JULIA";"ENCARGADA";"19";"INGENIERO (A) ADMINISTRACION DE EMPRESAS";"Región Metropolitana de Santiago";"(186)";"$ 1.385.907";"$ 976.085";"$ 0";"$ 0";"Sí";"$ 208.181 : 40,00 hrs";"$ 137.400 : 22,00 hrs";"No tiene";"01/01/2025";"31/12/2025";"No informa";"REMUNERACION MAY.2025";
"2025";"Mayo";"Profesional";"REYES DAVEY, RODRIGO ANDRES";"Apoyo Administrativo";"8";"INGENIERO (A) COMERCIAL";"Región Metropolitana de Santiago";"(186)";"$ 2.732.165";"$ 2.199.143";"$ 0";-;"No";"No tiene";"No tiene";"No tiene";"01/01/2025";"31/12/2025";"No informa";"REMUNERACION DEL MES + BIENIO 01-01-2025 AL 30-04-2025";
"2025";"Mayo";"Técnico";"REYES PAREDES, LISSETTE VANESSA";"Atencion Clinica";"20";"TECNICO NIVEL SUPERIOR RECURSOS HUMANOS";"Región Metropolitana de Santiago";"(01)";"$ 714.654";"$ 584.874";"$ 0";-;"No";"No tiene";"No tiene";"No tiene";"01/01/2025";"31/12/2025";"No informa";"Sin observaciones";
"2025";"Mayo";"Médicos cirujanos, farmacéuticos, químico-farmacéuticos, bioquímicos, cirujano-dentistas";"REYES PUEBLA, MARCELA PAZ";"Atencion Clinica Medica";"44 Hrs.";"MEDICO CIRUJANO";"Región Metropolitana de Santiago";"(86)";"$ 2.929.627";"$ 2.328.108";"$ 0";-;"No";"No tiene";"No tiene";"No tiene";"01/01/2025";"31/12/2025";"No informa";"Sin observaciones";
"2025";"Mayo";"Médicos cirujanos, farmacéuticos, químico-farmacéuticos, bioquímicos, cirujano-dentistas";"REYES TORRES, VIVIANA DE LOS ANGELES";"Atencion Clinica Medica";"44 Hrs.";"MEDICO CIRUJANO";"Región Metropolitana de Santiago";"(86)(186)";"$ 5.741.267";"$ 4.701.462";"$ 0";-;"No";"No tiene";"No tiene";"No tiene";"01/01/2025";"31/12/2025";"No informa";"Sin observaciones";
"2025";"Mayo";"Médicos cirujanos, farmacéuticos, químico-farmacéuticos, bioquímicos, cirujano-dentistas";"REYES ULLOA, JORGE IGNACIO ENRIQUE";"Atencion Clinica Medica";"44 Hrs.";"MEDICO CIRUJANO";"Región Metropolitana de Santiago";"(86)(86)";"$ 2.929.627";"$ 2.168.482";"$ 0";-;"No";"No tiene";"No tiene";"No tiene";"07/04/2025";"31/12/2025";"No informa";"Sin observaciones";
"2025";"Mayo";"Profesional";"REYES VALENZUELA, PAULINA ANDREA";"Atencion Clinica";"16";"NUTRICIONISTA";"Región Metropolitana de Santiago";"(01)";"$ 1.615.674";"$ 1.353.552";"$ 0";-;"Sí";"$ 211.506 : 29,00 hrs";"$ 70.016 : 8,00 hrs";"No tiene";"01/01/2025";"30/06/2025";"No informa";"Sin observaciones";
"2025";"Mayo";"Técnico";"RICHE CALAMULLO, TIFFANI BRIGGIT";"Atencion Clinica";"20";"TECNICO NIVEL SUPERIOR ENFERMERIA";"Región Metropolitana de Santiago";"(186)";"$ 716.315";"$ 579.487";"$ 0";-;"No";"No tiene";"No tiene";"No tiene";"01/01/2025";"31/12/2025";"No informa";"Sin observaciones";
"2025";"Mayo";"Médicos cirujanos, farmacéuticos, químico-farmacéuticos, bioquímicos, cirujano-dentistas";"RIFFO FERNANDEZ, DANILO RODRIGO";"Odontopediatria";"44 Hrs.";"CIRUJANO DENTISTA";"Región Metropolitana de Santiago";"(188)(86)(186)";"$ 6.017.176";"$ 4.909.143";"$ 0";-;"No";"No tiene";"No tiene";"No tiene";"01/01/2025";"31/12/2025";"No informa";"Sin observaciones";
"2025";"Mayo";"Técnico";"RIFFO GONZALEZ, MARINA INES";"Atencion Clinica";"22";"TECNICO NIVEL SUPERIOR ENFERMERIA";"Región Metropolitana de Santiago";"(186)";"$ 708.217";"$ 578.825";"$ 0";-;"No";"No tiene";"No tiene";"No tiene";"01/01/2025";"31/12/2025";"No informa";"Sin observaciones";
"2025";"Mayo";"Técnico";"RIFFO GUZMAN, SOLEDAD FRANCESCA";"Atencion Clinica";"20";"TECNICO NIVEL SUPERIOR RECURSOS HUMANOS";"Región Metropolitana de Santiago";"(01)";"$ 0";"$ 0";"$ 0";-;"No";"No tiene";"No tiene";"No tiene";"01/01/2025";"31/12/2025";"No informa";"PSGS 01/04/2025 AL 30/06/2025";
"2025";"Mayo";"Técnico";"RIFFO VALENCIA, RUTH MYRIAM";"Atencion Clinica";"22";"TECNICO NIVEL SUPERIOR ENFERMERIA";"Región Metropolitana de Santiago";"(186)";"$ 706.933";"$ 576.574";"$ 0";-;"No";"No tiene";"No tiene";"No tiene";"01/01/2025";"31/12/2025";"No informa";"Sin observaciones";
"2025";"Mayo";"Profesional";"RIOS CAMPOS, JUAN PABLO";"Apoyo Administrativo";"6";"INGENIERO (A) CIVIL INDUSTRIAL";"Región Metropolitana de Santiago";"(186)";"$ 3.218.326";"$ 2.540.604";"$ 0";-;"No";"No tiene";"No tiene";"No tiene";"01/01/2025";"31/12/2025";"No informa";"Sin observaciones";
"2025";"Mayo";"Administrativo";"RIOS ESCOBAR, CECILIA CARMEN";"Secretaria";"13";"ADMINISTRATIVO";"Región Metropolitana de Santiago";"(186)";"$ 1.048.301";"$ 861.031";"$ 0";-;"Sí";"$ 23.287 : 4,00 hrs";"No tiene";"No tiene";"01/01/2025";"31/12/2025";"No informa";"Sin observaciones";
"2025";"Mayo";"Profesional";"RIOS GONZALEZ, LORENA ANDREA";"Atencion Clinica";"13";"NUTRICIONISTA";"Región Metropolitana de Santiago";"(01)";"$ 1.997.383";"$ 1.650.956";"$ 0";-;"Sí";"$ 255.835 : 27,00 hrs";"$ 45.482 : 4,00 hrs";"No tiene";"01/01/2025";"31/12/2025";"No informa";"Sin observaciones";
"2025";"Mayo";"Administrativo";"RIOS SANDOVAL, IRMA ROSA";"Apoyo Administrativo";"22";"ADMINISTRATIVO";"Región Metropolitana de Santiago";"(186)";"$ 658.515";"$ 538.204";"$ 0";-;"No";"No tiene";"No tiene";"No tiene";"01/01/2025";"31/12/2025";"No informa";"Sin observaciones";
"2025";"Mayo";"Técnico";"RIOS SEPULVEDA, IGNACIO ELIAS";"Atencion Clinica";"20";"TECNICO NIVEL SUPERIOR ENFERMERIA";"Región Metropolitana de Santiago";"(186)";"$ 717.978";"$ 591.757";"$ 0";-;"No";"No tiene";"No tiene";"No tiene";"01/01/2025";"31/12/2025";"No informa";"Sin observaciones";
"2025";"Mayo";"Administrativo";"RIQUELME ACEVEDO, ANA MARJORIE";"Apoyo Administrativo";"21";"ADMINISTRATIVO";"Región Metropolitana de Santiago";"(202)(186)";"$ 1.023.454";"$ 836.469";"$ 0";-;"No";"No tiene";"No tiene";"No tiene";"01/01/2025";"31/12/2025";"No informa";"Sin observaciones";
"2025";"Mayo";"Administrativo";"RIQUELME CARRASCO, SOFIA DE LAS MERCEDES";"Apoyo Administrativo";"22";"TECNICO EN SECRETARIADO";"Región Metropolitana de Santiago";"(186)";"$ 663.010";"$ 542.607";"$ 0";-;"No";"No tiene";"No tiene";"No tiene";"01/01/2025";"31/12/2025";"No informa";"Sin observaciones";
"2025";"Mayo";"Técnico";"RIQUELME FUENTES, CRISTIAN LUIS";"ATENCION CLINICA";"22";"TECNICO NIVEL SUPERIOR ENFERMERIA";"Región Metropolitana de Santiago";"(202)(204)(186)";"$ 1.499.368";"$ 964.450";"$ 0";"$ 0";"Sí";"$ 111.614 : 33,00 hrs";"$ 357.165 : 88,00 hrs";"No tiene";"01/01/2025";"31/12/2025";"No informa";"REMUNERACION MAY.2025";
"2025";"Mayo";"Profesional";"RIQUELME HUENULAO, MARCO ANDRES";"ATENCION CLINICA";"13";"ENFERMERA (O)";"Región Metropolitana de Santiago";"(203)(204)(186)";"$ 3.011.030";"$ 2.439.475";"$ 0";"$ 0";"Sí";"$ 329.910 : 34,00 hrs";"$ 256.165 : 22,00 hrs";"No tiene";"01/01/2025";"31/12/2025";"No informa";"REMUNERACION MAY.2025";
"2025";"Mayo";"Profesional";"RIQUELME MARIN, JORGE ALEJANDRO";"Apoyo Administrativo";"6";"PSICOLOGO (A)";"Región Metropolitana de Santiago";"(186)";"$ 3.324.308";"$ 2.619.047";"$ 0";-;"No";"No tiene";"No tiene";"No tiene";"01/01/2025";"31/12/2025";"No informa";"Sin observaciones";
"2025";"Mayo";"Técnico";"RIQUELME MOLINA, PAOLA PAZ";"Apoyo Administrativo";"22";"TECNICO NIVEL SUPERIOR DE PARVULO";"Región Metropolitana de Santiago";"(186)";"$ 696.426";"$ 567.935";"$ 0";-;"No";"No tiene";"No tiene";"No tiene";"01/01/2025";"31/12/2025";"No informa";"Sin observaciones";
"2025";"Mayo";"Técnico";"RIQUELME PEÑALOZA, CONSTANZA ADELINA";"Atencion Clinica";"20";"TECNICO NIVEL SUPERIOR ENFERMERIA";"Región Metropolitana de Santiago";"(186)";"$ 716.315";"$ 590.388";"$ 0";-;"No";"No tiene";"No tiene";"No tiene";"01/01/2025";"31/12/2025";"No informa";"Sin observaciones";
"2025";"Mayo";"Profesional";"RIQUELME YAÑEZ, FRANCISCA ANDREA";"Atencion Clinica";"15";"MATRON (A)";"Región Metropolitana de Santiago";"(186)";"$ 1.461.545";"$ 1.193.491";"$ 0";-;"No";"No tiene";"No tiene";"No tiene";"01/01/2025";"31/12/2025";"No informa";"Sin observaciones";
"2025";"Mayo";"Médicos cirujanos, farmacéuticos, químico-farmacéuticos, bioquímicos, cirujano-dentistas";"RIVAS HERRERA, ANGELINA FRANCOISE";"Quimico Farmaceutico";"22 Hrs.";"QUIMICO FARMACEUTICO";"Región Metropolitana de Santiago";"(188)(186)";"$ 2.430.496";"$ 2.113.251";"$ 0";-;"No";"No tiene";"No tiene";"No tiene";"01/01/2025";"31/12/2025";"No informa";"Sin observaciones";
"2025";"Mayo";"Médicos cirujanos, farmacéuticos, químico-farmacéuticos, bioquímicos, cirujano-dentistas";"RIVAS HERRERA, ANGELINA FRANCOISE";"Quimico Farmaceutico";"22 Hrs.";"QUIMICO FARMACEUTICO";"Región Metropolitana de Santiago";"(188)(186)";"$ 2.430.496";"$ 1.850.903";"$ 0";-;"No";"No tiene";"No tiene";"No tiene";"01/01/2025";"31/12/2025";"No informa";"Sin observaciones";
"2025";"Mayo";"Técnico";"RIVAS RIVERA, ANGELICA LORENA";"Atencion Clinica";"20";"TECNICO NIVEL SUPERIOR ENFERMERIA";"Región Metropolitana de Santiago";"(186)";"$ 717.978";"$ 586.802";"$ 0";-;"No";"No tiene";"No tiene";"No tiene";"01/01/2025";"31/12/2025";"No informa";"Sin observaciones";
"2025";"Mayo";"Profesional";"RIVERA ACEVEDO, RODRIGO EDUARDO";"Apoyo Administrativo";"8";"INGENIERO (A) BIOMEDICO";"Región Metropolitana de Santiago";"(186)";"$ 2.674.637";"$ 2.149.742";"$ 0";-;"No";"No tiene";"No tiene";"No tiene";"01/01/2025";"31/12/2025";"No informa";"Sin observaciones";
"2025";"Mayo";"Médicos cirujanos, farmacéuticos, químico-farmacéuticos, bioquímicos, cirujano-dentistas";"RIVERA BASOALTO, PAULA JAVIERA";"Atencion Clinica Medica";"22 Hrs.";"MEDICO";"Región Metropolitana de Santiago";"(01)";"$ 939.274";"$ 768.701";"$ 0";-;"No";"No tiene";"No tiene";"No tiene";"01/01/2025";"31/12/2025";"No informa";"Sin observaciones";
"2025";"Mayo";"Médicos cirujanos, farmacéuticos, químico-farmacéuticos, bioquímicos, cirujano-dentistas";"RIVERA BASOALTO, PAULA JAVIERA";"Atencion Clinica Medica";"22 Hrs.";"MEDICO";"Región Metropolitana de Santiago";"(01)";"$ 939.274";"$ 744.275";"$ 0";-;"No";"No tiene";"No tiene";"No tiene";"01/01/2025";"31/12/2025";"No informa";"Sin observaciones";
"2025";"Mayo";"Médicos cirujanos, farmacéuticos, químico-farmacéuticos, bioquímicos, cirujano-dentistas";"RIVERA FLORES, DIEGO ALONSO";"Medico Becario Primario";"44 Hrs.";"MEDICO CIRUJANO";"Región Metropolitana de Santiago";"(01)";"$ 2.801.656";"$ 2.311.646";"$ 0";-;"No";"No tiene";"No tiene";"No tiene";"07/04/2025";"06/04/2026";"No informa";"Sin observaciones";
"2025";"Mayo";"Profesional";"RIVERA MENDEZ, FELIPE";"Atencion Clinica";"16";"PSICOLOGO (A)";"Región Metropolitana de Santiago";"(186)";"$ 1.505.271";"$ 1.227.425";"$ 0";-;"Sí";"$ 66.454 : 9,00 hrs";"No tiene";"No tiene";"01/01/2025";"31/12/2025";"No informa";"Sin observaciones";
"2025";"Mayo";"Médicos cirujanos, farmacéuticos, químico-farmacéuticos, bioquímicos, cirujano-dentistas";"RIVERA REGUEIRO, BERTHA";"Atencion Clinica Medica";"22 Hrs.";"MEDICO CIRUJANO";"Región Metropolitana de Santiago";"(01)";"$ 939.274";"$ 749.287";"$ 0";-;"No";"No tiene";"No tiene";"No tiene";"01/01/2025";"31/05/2025";"No informa";"Sin observaciones";
"2025";"Mayo";"Médicos cirujanos, farmacéuticos, químico-farmacéuticos, bioquímicos, cirujano-dentistas";"RIVERA REGUEIRO, BERTHA";"Atencion Clinica Medica";"22 Hrs.";"MEDICO CIRUJANO";"Región Metropolitana de Santiago";"(01)";"$ 939.274";"$ 774.149";"$ 0";-;"No";"No tiene";"No tiene";"No tiene";"01/01/2025";"31/05/2025";"No informa";"Sin observaciones";
"2025";"Mayo";"Técnico";"RIVERA VALDES, ENRIQUE FRANCISCO";"Apoyo Administrativo";"20";"TECNICO EN MANTENCION ELECTRICA";"Región Metropolitana de Santiago";"(186)";"$ 1.019.122";"$ 889.868";"$ 0";-;"Sí";"$ 75.646 : 20,00 hrs";"$ 236.016 : 52,00 hrs";"No tiene";"01/01/2025";"31/12/2025";"No informa";"Sin observaciones";
"2025";"Mayo";"Profesional";"RIVERA VILLARROEL, CONSTANZA ALEJANDRA";"Atencion Clinica";"13";"KINESIOLOGO (A)";"Región Metropolitana de Santiago";"(01)";"$ 1.781.344";"$ 1.441.719";"$ 0";-;"Sí";"$ 56.852 : 6,00 hrs";"No tiene";"No tiene";"01/01/2025";"31/12/2025";"No informa";"Sin observaciones";
"2025";"Mayo";"Profesional";"ROA BERROCAL, FRANCISCO JAVIER";"Apoyo Administrativo";"6";"CONTADOR (A) AUDITOR (A)";"Región Metropolitana de Santiago";"(186)";"$ 3.307.455";"$ 2.601.950";"$ 0";-;"No";"No tiene";"No tiene";"No tiene";"01/01/2025";"31/12/2025";"No informa";"Sin observaciones";
"2025";"Mayo";"Médicos cirujanos, farmacéuticos, químico-farmacéuticos, bioquímicos, cirujano-dentistas";"ROA DIAZ, NICOLAS ANDRES";"Atencion Odontologica";"22 Hrs.";"CIRUJANO DENTISTA";"Región Metropolitana de Santiago";"(86)(186)";"$ 2.233.418";"$ 1.717.839";"$ 0";-;"No";"No tiene";"No tiene";"No tiene";"01/01/2025";"30/06/2025";"No informa";"Sin observaciones";
"2025";"Mayo";"Médicos cirujanos, farmacéuticos, químico-farmacéuticos, bioquímicos, cirujano-dentistas";"ROA DIAZ, NICOLAS ANDRES";"Atencion Odontologica";"22 Hrs.";"CIRUJANO DENTISTA";"Región Metropolitana de Santiago";"(86)(186)";"$ 2.233.362";"$ 1.930.918";"$ 0";-;"No";"No tiene";"No tiene";"No tiene";"01/01/2025";"31/12/2025";"No informa";"Sin observaciones";
"2025";"Mayo";"Auxiliar";"ROA TORO, FRANCISCO JAVIER";"CONDUCTOR";"24";"AUXILIAR";"Región Metropolitana de Santiago";"(01)";"$ 719.133";"$ 597.534";"$ 0";"$ 0";"Sí";"$ 5.599 : 2,00 hrs";"$ 119.827 : 113,00 hrs";"No tiene";"01/01/2025";"31/05/2025";"No informa";"REMUNERACION MAY.2025+PAGO BONO MENSUAL";
"2025";"Mayo";"Profesional";"ROBLEDO HERRERA, HEIDY ROMINNA";"Apoyo Administrativo";"15";"EDUCADOR (A) DE PARVULOS";"Región Metropolitana de Santiago";"(186)";"$ 1.559.065";"$ 1.270.651";"$ 0";-;"No";"No tiene";"No tiene";"No tiene";"01/01/2025";"31/12/2025";"No informa";"Sin observaciones";
"2025";"Mayo";"Médicos cirujanos, farmacéuticos, químico-farmacéuticos, bioquímicos, cirujano-dentistas";"ROBLES ROSALES, JUAN ALEJANDRO";"Atencion Odontologica";"22 Hrs.";"CIRUJANO DENTISTA";"Región Metropolitana de Santiago";"(188)(186)";"$ 2.207.141";"$ 1.783.890";"$ 0";-;"No";"No tiene";"No tiene";"No tiene";"01/01/2025";"31/12/2025";"No informa";"Sin observaciones";
"2025";"Mayo";"Médicos cirujanos, farmacéuticos, químico-farmacéuticos, bioquímicos, cirujano-dentistas";"ROCHA ARREDONDO, LUIS ALBERTO";"CIRUGIA GENERAL";"28 Hrs.";"MEDICO CIRUJANO";"Región Metropolitana de Santiago";"(194)(193)(198)(186)";"$ 4.076.970";"$ 2.333.770";"$ 0";"$ 0";"No";"No tiene";"No tiene";"No tiene";"01/01/2025";"31/12/2025";"No informa";"REMUNERACION MAY.2025";
"2025";"Mayo";"Profesional";"ROCO MOLINA, JORGE RAUL";"Apoyo Administrativo";"6";"ARQUITECTO";"Región Metropolitana de Santiago";"(186)";"$ 3.358.015";"$ 2.639.605";"$ 0";-;"No";"No tiene";"No tiene";"No tiene";"01/01/2025";"31/12/2025";"No informa";"Sin observaciones";
"2025";"Mayo";"Técnico";"ROCO RIVERA, CYNTHIA ELIZABETH";"ATENCION CLINICA";"22";"TECNICO NIVEL SUPERIOR ENFERMERIA";"Región Metropolitana de Santiago";"(203)(204)(186)";"$ 872.239";"$ 702.956";"$ 0";"$ 0";"No";"No tiene";"No tiene";"No tiene";"01/01/2025";"31/12/2025";"No informa";"REMUNERACION MAY.2025";
"2025";"Mayo";"Profesional";"RODRIGUEZ AROS, VALERIA JACQUELINE";"Atencion Clinica";"16";"NUTRICIONISTA";"Región Metropolitana de Santiago";"(01)";"$ 1.566.080";"$ 1.307.916";"$ 0";-;"Sí";"$ 153.159 : 21,00 hrs";"$ 78.768 : 9,00 hrs";"No tiene";"01/01/2025";"30/06/2025";"No informa";"Sin observaciones";
"2025";"Mayo";"Médicos cirujanos, farmacéuticos, químico-farmacéuticos, bioquímicos, cirujano-dentistas";"RODRIGUEZ BRICEÑO, ALEJANDRO JOSE";"Atencion Clinica Medica";"44 Hrs.";"MEDICO CIRUJANO";"Región Metropolitana de Santiago";"(188)(186)";"$ 2.640.514";"$ 2.124.171";"$ 0";-;"No";"No tiene";"No tiene";"No tiene";"01/01/2025";"31/12/2025";"No informa";"Sin observaciones";
"2025";"Mayo";"Médicos cirujanos, farmacéuticos, químico-farmacéuticos, bioquímicos, cirujano-dentistas";"RODRIGUEZ MARCANO, JESUS SALVADOR";"Atencion Clinica Medica";"44 Hrs.";"MEDICO CIRUJANO";"Región Metropolitana de Santiago";"(188)(186)";"$ 2.535.471";"$ 2.023.636";"$ 0";-;"No";"No tiene";"No tiene";"No tiene";"01/01/2025";"31/12/2025";"No informa";"Sin observaciones";
"2025";"Mayo";"Técnico";"RODRIGUEZ MEDINA, YASMIN SOLEDAD";"Atencion Clinica";"22";"TECNICO NIVEL SUPERIOR ENFERMERIA";"Región Metropolitana de Santiago";"(186)";"$ 732.470";"$ 608.416";"$ 0";-;"Sí";"$ 26.821 : 8,00 hrs";"No tiene";"No tiene";"01/01/2025";"31/12/2025";"No informa";"Sin observaciones";
"2025";"Mayo";"Técnico";"RODRIGUEZ PEÑA, MARCELO ANTONIO";"ATENCION CLINICA";"22";"TECNICO NIVEL SUPERIOR ENFERMERIA";"Región Metropolitana de Santiago";"(202)(204)(186)";"$ 1.026.470";"$ 748.285";"$ 0";"$ 0";"No";"No tiene";"No tiene";"No tiene";"01/01/2025";"31/12/2025";"No informa";"REMUNERACION MAY.2025";
"2025";"Mayo";"Profesional";"RODRIGUEZ PIÑA, MARIA PAZ";"Atencion Clinica";"16";"MATRON (A)";"Región Metropolitana de Santiago";"(186)";"$ 1.438.817";"$ 1.177.098";"$ 0";-;"No";"No tiene";"No tiene";"No tiene";"01/01/2025";"31/12/2025";"No informa";"Sin observaciones";
"2025";"Mayo";"Profesional";"RODRIGUEZ PIÑEIRO, LUNA AURORA";"Apoyo Administrativo";"6";"ADMINISTRADOR (A) PUBLICO";"Región Metropolitana de Santiago";"(186)";"$ 3.290.602";"$ 2.588.557";"$ 0";-;"No";"No tiene";"No tiene";"No tiene";"01/01/2025";"31/12/2025";"No informa";"Sin observaciones";
"2025";"Mayo";"Técnico";"RODRIGUEZ QUINCHAGUAL, EVELYN DEL CARMEN";"Atencion Clinica";"22";"TECNICO NIVEL SUPERIOR RECURSOS HUMANOS";"Región Metropolitana de Santiago";"(186)";"$ 829.370";"$ 699.011";"$ 0";-;"Sí";"$ 57.498 : 17,00 hrs";"$ 64.939 : 16,00 hrs";"No tiene";"01/01/2025";"31/12/2025";"No informa";"Sin observaciones";
"2025";"Mayo";"Médicos cirujanos, farmacéuticos, químico-farmacéuticos, bioquímicos, cirujano-dentistas";"RODRIGUEZ QUINTANA, JESUS ALFREDO";"Atencion Clinica Medica";"44 Hrs.";"MEDICO CIRUJANO";"Región Metropolitana de Santiago";"(188)(186)";"$ 2.509.132";"$ 2.025.723";"$ 0";-;"No";"No tiene";"No tiene";"No tiene";"01/01/2025";"31/12/2025";"No informa";"Sin observaciones";
"2025";"Mayo";"Administrativo";"RODRIGUEZ RIVERA, VICTOR ALEJANDRO";"Apoyo Administrativo";"16";"ADMINISTRATIVO";"Región Metropolitana de Santiago";"(01)";"$ 1.109.212";"$ 966.262";"$ 0";-;"Sí";"$ 185.048 : 40,00 hrs";"$ 111.028 : 20,00 hrs";"No tiene";"01/01/2025";"31/12/2025";"No informa";"Sin observaciones";
"2025";"Mayo";"Auxiliar";"RODRIGUEZ RODRIGUEZ, BENJAMIN ANDRES";"CONDUCTOR";"22";"AUXILIAR";"Región Metropolitana de Santiago";"(205)(203)(204)";"$ 1.256.020";"$ 910.713";"$ 0";"$ 0";"Sí";"$ 132.924 : 40,00 hrs";"$ 223.312 : 56,00 hrs";"No tiene";"01/01/2025";"31/12/2025";"No informa";"REMUNERACION MAY.2025";
"2025";"Mayo";"Médicos cirujanos, farmacéuticos, químico-farmacéuticos, bioquímicos, cirujano-dentistas";"RODRIGUEZ RODRIGUEZ, JOSE CARLOS";"Medico Becario Primario";"44 Hrs.";"MEDICO CIRUJANO";"Región Metropolitana de Santiago";"(01)";"$ 2.801.656";"$ 2.289.793";"$ 0";-;"No";"No tiene";"No tiene";"No tiene";"08/05/2024";"07/05/2025";"No informa";"Sin observaciones";
"2025";"Mayo";"Médicos cirujanos, farmacéuticos, químico-farmacéuticos, bioquímicos, cirujano-dentistas";"RODRIGUEZ RODRIGUEZ, JOSE CARLOS";"Medico Becario Primario";"44 Hrs.";"MEDICO CIRUJANO";"Región Metropolitana de Santiago";"(01)";"$ 0";"$ 0";"$ 0";-;"No";"No tiene";"No tiene";"No tiene";"08/05/2025";"07/05/2026";"No informa";"MONTO TOTAL DEL CONTRATO INFORMADO EN LA FILA 961";
"2025";"Mayo";"Auxiliar";"RODRIGUEZ SALAS, JOEL ALEJANDRO";"Chofer";"23";"AUXILIAR";"Región Metropolitana de Santiago";"(01)";"$ 824.465";"$ 716.648";"$ 0";-;"Sí";"$ 121.452 : 40,00 hrs";"$ 109.306 : 30,00 hrs";"No tiene";"01/01/2025";"31/12/2025";"No informa";"Sin observaciones";
"2025";"Mayo";"Auxiliar";"RODRIGUEZ TAPIA, JUAN RAMON";"Chofer";"19";"AUXILIAR";"Región Metropolitana de Santiago";"(205)(186)";"$ 1.081.564";"$ 858.526";"$ 0";-;"Sí";"No tiene";"$ 279.125 : 71,00 hrs";"No tiene";"01/01/2025";"31/12/2025";"No informa";"Sin observaciones";
"2025";"Mayo";"Administrativo";"RODRIGUEZ TORRES, DANNY JAVIER";"Apoyo Administrativo";"17";"ADMINISTRATIVO";"Región Metropolitana de Santiago";"(186)";"$ 785.855";"$ 643.954";"$ 0";-;"Sí";"$ 4.462 : 1,00 hrs";"No tiene";"No tiene";"01/01/2025";"30/06/2025";"No informa";"Sin observaciones";
"2025";"Mayo";"Profesional";"RODRIGUEZ VILLABLANCA, DANIELA VICTORIA";"Atencion Clinica";"14";"NUTRICIONISTA";"Región Metropolitana de Santiago";"(01)";"$ 1.834.669";"$ 1.531.212";"$ 0";-;"Sí";"$ 251.790 : 29,00 hrs";"No tiene";"No tiene";"01/01/2025";"31/12/2025";"No informa";"Sin observaciones";
"2025";"Mayo";"Profesional";"ROJAS ALVAREZ, ARNALDO RENZO";"Apoyo Administrativo";"7";"INGENIERO (A) CONSTRUCTOR";"Región Metropolitana de Santiago";"(186)";"$ 2.936.014";"$ 2.322.222";"$ 0";-;"No";"No tiene";"No tiene";"No tiene";"01/01/2025";"31/12/2025";"No informa";"Sin observaciones";
"2025";"Mayo";"Profesional";"ROJAS CORALES, JOSE OMAR";"SUBDIRECTOR DE GESTIÓN Y DESARROLLO DE LAS PERSONAS";"5";"ADMINISTRADOR (A) PUBLICO";"Región Metropolitana de Santiago";"(36)(186)";"$ 4.608.892";"$ 3.746.088";"$ 0";-;"No";"No tiene";"No tiene";"No tiene";"01/01/2025";"31/12/2025";"No informa";"Sin observaciones";
"2025";"Mayo";"Auxiliar";"ROJAS DONOSO, GUSTAVO CEDERICK";"CONDUCTOR";"22";"AUXILIAR";"Región Metropolitana de Santiago";"(202)(204)";"$ 1.658.219";"$ 1.164.032";"$ 0";"$ 0";"Sí";"$ 111.988 : 40,00 hrs";"$ 478.187 : 197,00 hrs";"No tiene";"01/05/2025";"31/05/2025";"No informa";"REEMPLAZO ABR.2025 (26-30)+REMUNERACION MAY.2025";
"2025";"Mayo";"Administrativo";"ROJAS LAZO, HERNAN ANDRES";"Apoyo Administrativo";"13";"ADMINISTRATIVO";"Región Metropolitana de Santiago";"(186)";"$ 2.270.388";"$ 1.924.331";"$ 0";-;"Sí";"$ 325.992 : 35,00 hrs";"$ 212.361 : 19,00 hrs";"No tiene";"01/01/2025";"31/12/2025";"No informa";"Sin observaciones";
"2025";"Mayo";"Profesional";"ROJAS MANCILLA, CARLA ANGELICA";"Apoyo Administrativo";"8";"KINESIOLOGO (A)";"Región Metropolitana de Santiago";"(186)";"$ 2.792.531";"$ 2.217.551";"$ 0";-;"No";"No tiene";"No tiene";"No tiene";"01/01/2025";"31/12/2025";"No informa";"Sin observaciones";
"2025";"Mayo";"Administrativo";"ROJAS MARTINEZ, LEYLA SOLANGE";"Apoyo Administrativo";"21";"ADMINISTRATIVO";"Región Metropolitana de Santiago";"(186)";"$ 698.833";"$ 569.898";"$ 0";-;"No";"No tiene";"No tiene";"No tiene";"01/01/2025";"31/12/2025";"No informa";"Sin observaciones";
"2025";"Mayo";"Auxiliar";"ROJAS MEDINA, LEOPOLDO HUMBERTO";"CONDUCTOR";"22";"AUXILIAR";"Región Metropolitana de Santiago";"(205)(202)(204)(186)";"$ 1.410.906";"$ 1.149.234";"$ 0";"$ 0";"Sí";"$ 134.107 : 40,00 hrs";"$ 217.253 : 54,00 hrs";"No tiene";"01/01/2025";"31/12/2025";"No informa";"REMUNERACION MAY.2025";
"2025";"Mayo";"Profesional";"ROJAS MIGONE, ALEJANDRA DENISSE";"Atencion Clinica";"13";"ENFERMERA (O)";"Región Metropolitana de Santiago";"(186)";"$ 1.960.676";"$ 1.599.887";"$ 0";-;"Sí";"No tiene";"$ 137.266 : 12,00 hrs";"No tiene";"01/01/2025";"31/12/2025";"No informa";"Sin observaciones";
"2025";"Mayo";"Médicos cirujanos, farmacéuticos, químico-farmacéuticos, bioquímicos, cirujano-dentistas";"ROJAS MORALES, RUBEN ANDRES";"Quimico Farmaceutico";"44 Hrs.";"QUIMICO FARMACEUTICO";"Región Metropolitana de Santiago";"(188)(186)";"$ 4.315.387";"$ 3.497.266";"$ 0";-;"No";"No tiene";"No tiene";"No tiene";"01/01/2025";"31/12/2025";"No informa";"Sin observaciones";
"2025";"Mayo";"Médicos cirujanos, farmacéuticos, químico-farmacéuticos, bioquímicos, cirujano-dentistas";"ROJAS OLIVEROS, VALENTINA PAZ";"Atencion Clinica Medica";"44 Hrs.";"MEDICO CIRUJANO";"Región Metropolitana de Santiago";"(86)(186)";"$ 4.685.164";"$ 3.708.966";"$ 0";-;"No";"No tiene";"No tiene";"No tiene";"01/01/2025";"31/12/2025";"No informa";"Sin observaciones";
"2025";"Mayo";"Técnico";"ROJAS REUQUE, ELISA DEL CARMEN";"Atencion Clinica";"20";"TECNICO NIVEL SUPERIOR ODONTOLOGIA";"Región Metropolitana de Santiago";"(01)";"$ 714.654";"$ 582.801";"$ 0";-;"No";"No tiene";"No tiene";"No tiene";"01/01/2025";"31/12/2025";"No informa";"Sin observaciones";
"2025";"Mayo";"Auxiliar";"ROJAS REYES, JULIO ARMANDO";"Apoyo Logistico";"16";"AUXILIAR";"Región Metropolitana de Santiago";"(205)";"$ 1.708.902";"$ 1.520.872";"$ 0";-;"Sí";"$ 185.048 : 40,00 hrs";"$ 638.413 : 115,00 hrs";"No tiene";"01/01/2025";"31/12/2025";"No informa";"Sin observaciones";
"2025";"Mayo";"Técnico";"ROJAS REYES, YUPSY DEL TRANSITO";"Atencion Clinica";"20";"TECNICO NIVEL SUPERIOR ENFERMERIA";"Región Metropolitana de Santiago";"(186)";"$ 795.692";"$ 663.533";"$ 0";-;"Sí";"$ 61.058 : 16,00 hrs";"$ 18.318 : 4,00 hrs";"No tiene";"01/01/2025";"31/12/2025";"No informa";"Sin observaciones";
"2025";"Mayo";"Profesional";"ROJAS RIVERA, MARCELO EXEQUIEL";"Atencion Clinica";"13";"TRABAJADOR (A) SOCIAL";"Región Metropolitana de Santiago";"(01)";"$ 2.330.916";"$ 1.983.711";"$ 0";-;"Sí";"$ 379.015 : 40,00 hrs";"$ 227.409 : 20,00 hrs";"No tiene";"01/01/2025";"31/12/2025";"No informa";"Sin observaciones";
"2025";"Mayo";"Profesional";"ROJEL SILVA, ESTEPHANIE DEL CARMEN";"Apoyo Administrativo";"12";"PSICOLOGO (A)";"Región Metropolitana de Santiago";"(186)";"$ 2.004.237";"$ 1.606.339";"$ 0";-;"No";"No tiene";"No tiene";"No tiene";"01/01/2025";"31/12/2025";"No informa";"Sin observaciones";
"2025";"Mayo";"Profesional";"ROJO OPORTO, NATALIA BEATRIZ";"Atencion Clinica";"15";"PSICOLOGO (A)";"Región Metropolitana de Santiago";"(186)";"$ 1.550.674";"$ 1.253.741";"$ 0";-;"No";"No tiene";"No tiene";"No tiene";"01/01/2025";"31/12/2025";"No informa";"Sin observaciones";
"2025";"Mayo";"Médicos cirujanos, farmacéuticos, químico-farmacéuticos, bioquímicos, cirujano-dentistas";"ROMAGNOLI PRADO, JEAN CHRISTOPHE";"Medico General Especialidad Basica";"22 Hrs.";"MEDICO CIRUJANO";"Región Metropolitana de Santiago";"(188)(186)";"$ 2.391.080";"$ 1.916.069";"$ 0";-;"No";"No tiene";"No tiene";"No tiene";"01/01/2025";"31/12/2025";"No informa";"Sin observaciones";
"2025";"Mayo";"Profesional";"ROMAN ARAVENA, MARCELA ANDREA";"Atencion Clinica";"15";"ENFERMERA (O)";"Región Metropolitana de Santiago";"(220)(186)";"$ 1.534.538";"$ 1.238.576";"$ 0";-;"No";"No tiene";"No tiene";"No tiene";"01/01/2025";"31/12/2025";"No informa";"Sin observaciones";
"2025";"Mayo";"Técnico";"ROMAN CARO, KARLA FRANCISCA";"Atencion Clinica";"20";"TECNICO NIVEL SUPERIOR ENFERMERIA";"Región Metropolitana de Santiago";"(186)";"$ 716.315";"$ 574.116";"$ 0";-;"No";"No tiene";"No tiene";"No tiene";"01/01/2025";"31/12/2025";"No informa";"Sin observaciones";
"2025";"Mayo";"Administrativo";"ROMERO MONTENEGRO, SANDRA LISSETTE";"Apoyo Administrativo";"16";"ADMINISTRATIVO";"Región Metropolitana de Santiago";"(186)";"$ 881.633";"$ 731.654";"$ 0";-;"Sí";"$ 60.728 : 13,00 hrs";"No tiene";"No tiene";"01/01/2025";"31/12/2025";"No informa";"Sin observaciones";
"2025";"Mayo";"Administrativo";"ROMERO NAVARRO, CAMILA ESPERANZA";"Atencion Clinica";"18";"ADMINISTRATIVO";"Región Metropolitana de Santiago";"(01)";"$ 370.601";"$ 303.210";"$ 0";-;"No";"No tiene";"No tiene";"No tiene";"01/05/2025";"15/05/2025";"No informa";"CONTRATO POR REEMPLAZO";
"2025";"Mayo";"Profesional";"ROMERO PAREDES, NESTOR JULIAN";"Apoyo Administrativo";"13";"CONTADOR (A) AUDITOR (A)";"Región Metropolitana de Santiago";"(01)";"$ 1.957.586";"$ 1.625.314";"$ 0";-;"Sí";"$ 198.983 : 21,00 hrs";"$ 34.111 : 3,00 hrs";"No tiene";"01/01/2025";"31/07/2025";"No informa";"Sin observaciones";
"2025";"Mayo";"Administrativo";"ROMERO PINCHEIRA, CESAR ENRIQUE";"Apoyo Administrativo";"16";"ADMINISTRATIVO";"Región Metropolitana de Santiago";"(186)";"$ 990.944";"$ 839.569";"$ 0";-;"Sí";"$ 130.799 : 28,00 hrs";"$ 39.240 : 7,00 hrs";"No tiene";"01/01/2025";"31/12/2025";"No informa";"Sin observaciones";
"2025";"Mayo";"Profesional";"ROMERO POBLETE, SOFIA ANTONIA";"Atencion Clinica";"16";"MATRON (A)";"Región Metropolitana de Santiago";"(01)";"$ 1.334.152";"$ 1.085.265";"$ 0";-;"No";"No tiene";"No tiene";"No tiene";"01/01/2025";"30/06/2025";"No informa";"Sin observaciones";
"2025";"Mayo";"Técnico";"ROMO MIRANDA, CAMILA ALEXEI";"Atencion Clinica";"22";"TECNICO NIVEL SUPERIOR ENFERMERIA";"Región Metropolitana de Santiago";"(01)";"$ 704.365";"$ 574.408";"$ 0";-;"No";"No tiene";"No tiene";"No tiene";"01/01/2025";"31/07/2025";"No informa";"Sin observaciones";
"2025";"Mayo";"Administrativo";"RONDA OLAVE, SANTIAGO ALEJANDRO";"Apoyo Administrativo";"14";"OTROS TECNICOS";"Región Metropolitana de Santiago";"(186)";"$ 1.708.443";"$ 1.494.347";"$ 0";-;"Sí";"$ 194.722 : 33,00 hrs";"$ 481.495 : 68,00 hrs";"No tiene";"01/01/2025";"31/12/2025";"No informa";"Sin observaciones";
"2025";"Mayo";"Profesional";"ROQUE MALDONADO, MARIA JOSE";"Apoyo Administrativo";"10";"TECNOLOGO (A) MEDICO";"Región Metropolitana de Santiago";"(01)";"$ 2.242.174";"$ 1.792.639";"$ 0";-;"No";"No tiene";"No tiene";"No tiene";"01/03/2025";"31/05/2025";"No informa";"Sin observaciones";
"2025";"Mayo";"Administrativo";"ROSAS ESPINOZA, MARIA JOSE";"Apoyo Administrativo";"22";"ADMINISTRATIVO";"Región Metropolitana de Santiago";"(01)";"$ 697.220";"$ 577.731";"$ 0";-;"Sí";"$ 43.200 : 13,00 hrs";"No tiene";"No tiene";"01/01/2025";"31/07/2025";"No informa";"Sin observaciones";
"2025";"Mayo";"Profesional";"ROSSI MARIN, LUCIA GEORGINA";"Apoyo Administrativo";"7";"PERIODISTA";"Región Metropolitana de Santiago";"(186)";"$ 3.056.212";"$ 2.438.553";"$ 0";-;"No";"No tiene";"No tiene";"No tiene";"01/01/2025";"31/12/2025";"No informa";"Sin observaciones";
"2025";"Mayo";"Administrativo";"ROZAS ARAVENA, LUIS JAVIER";"Apoyo Administrativo";"13";"ADMINISTRATIVO";"Región Metropolitana de Santiago";"(186)";"$ 1.292.818";"$ 1.105.186";"$ 0";-;"Sí";"$ 232.873 : 40,00 hrs";"$ 34.931 : 5,00 hrs";"No tiene";"01/01/2025";"31/12/2025";"No informa";"Sin observaciones";
"2025";"Mayo";"Auxiliar";"RUBILAR ALDANA, LUIS SANTIAGO";"CONDUCTOR";"22";"AUXILIAR";"Región Metropolitana de Santiago";"(205)(202)(204)";"$ 1.233.423";"$ 845.065";"$ 0";"$ 0";"Sí";"$ 46.523 : 14,00 hrs";"$ 135.582 : 34,00 hrs";"No tiene";"01/01/2025";"31/12/2025";"No informa";"REMUNERACION MAY.2025";
"2025";"Mayo";"Administrativo";"RUBINA PEREZ, ANDREA LORETO";"Apoyo Administrativo";"16";"ADMINISTRATIVO";"Región Metropolitana de Santiago";"(01)";"$ 840.894";"$ 690.951";"$ 0";-;"Sí";"$ 27.757 : 6,00 hrs";"No tiene";"No tiene";"01/01/2025";"31/12/2025";"No informa";"Sin observaciones";
"2025";"Mayo";"Profesional";"RUBIO PALACIOS, SOLEDAD PATRICIA";"APOYO ADMINISTRATIVO";"10";"ARQUITECTO";"Región Metropolitana de Santiago";"(01)";"$ 2.242.174";"$ 1.707.417";"$ 0";"$ 0";"No";"No tiene";"No tiene";"No tiene";"01/01/2025";"31/12/2025";"No informa";"REMUNERACION MAY.2025";
"2025";"Mayo";"Profesional";"RUEDA NEIRA, ALEXANDRA CRISTINA";"Atencion Clinica";"15";"ENFERMERA (O)";"Región Metropolitana de Santiago";"(01)";"$ 1.453.153";"$ 1.186.851";"$ 0";-;"No";"No tiene";"No tiene";"No tiene";"01/01/2025";"31/12/2025";"No informa";"Sin observaciones";
"2025";"Mayo";"Profesional";"RUFATT ZAFIRA, NADIA KATRINA";"Apoyo Administrativo";"10";"ENFERMERA (O)";"Región Metropolitana de Santiago";"(186)";"$ 2.380.624";"$ 1.902.168";"$ 0";-;"No";"No tiene";"No tiene";"No tiene";"01/01/2025";"31/12/2025";"No informa";"Sin observaciones";
"2025";"Mayo";"Técnico";"RUIZ CUEVAS, MAGDALENA EDITH";"Atencion Clinica";"21";"TECNICO NIVEL SUPERIOR ENFERMERIA";"Región Metropolitana de Santiago";"(01)";"$ 704.582";"$ 580.717";"$ 0";-;"No";"No tiene";"No tiene";"No tiene";"01/01/2025";"31/12/2025";"No informa";"Sin observaciones";
"2025";"Mayo";"Médicos cirujanos, farmacéuticos, químico-farmacéuticos, bioquímicos, cirujano-dentistas";"RUIZ MONTOYA, JAVIER";"Atencion Clinica Medica";"22 Hrs.";"MEDICO CIRUJANO";"Región Metropolitana de Santiago";"(188)(186)";"$ 2.522.465";"$ 2.205.220";"$ 0";-;"No";"No tiene";"No tiene";"No tiene";"01/01/2025";"31/12/2025";"No informa";"Sin observaciones";
"2025";"Mayo";"Médicos cirujanos, farmacéuticos, químico-farmacéuticos, bioquímicos, cirujano-dentistas";"RUIZ MONTOYA, JAVIER";"Atencion Clinica Medica";"22 Hrs.";"MEDICO CIRUJANO";"Región Metropolitana de Santiago";"(188)(186)";"$ 2.522.465";"$ 1.918.040";"$ 0";-;"No";"No tiene";"No tiene";"No tiene";"01/01/2025";"31/12/2025";"No informa";"Sin observaciones";
"2025";"Mayo";"Técnico";"RUIZ MUÑOZ, ANA CATALINA";"Atencion Clinica";"20";"TECNICO NIVEL SUPERIOR ENFERMERIA";"Región Metropolitana de Santiago";"(186)";"$ 716.315";"$ 590.388";"$ 0";-;"No";"No tiene";"No tiene";"No tiene";"01/01/2025";"31/12/2025";"No informa";"Sin observaciones";
"2025";"Mayo";"Técnico";"RUMINOT BARROS, VALESKA JOHANNA";"ATENCION CLINICA";"22";"TECNICO NIVEL MEDIO ENFERMERIA";"Región Metropolitana de Santiago";"(202)(204)(186)";"$ 1.325.109";"$ 1.000.934";"$ 0";"$ 0";"Sí";"$ 96.359 : 28,00 hrs";"$ 181.705 : 44,00 hrs";"No tiene";"01/01/2025";"31/12/2025";"No informa";"REMUNERACION MAY.2025";
"2025";"Mayo";"Profesional";"SAAVEDRA ALFARO, PATRICIO RUBEN";"ATENCION CLINICA";"11";"KINESIOLOGO (A)";"Región Metropolitana de Santiago";"(203)(204)(186)";"$ 2.875.624";"$ 2.063.382";"$ 0";"$ 0";"No";"No tiene";"No tiene";"No tiene";"01/01/2025";"31/12/2025";"No informa";"REMUNERACION MAY.2025";
"2025";"Mayo";"Técnico";"SAAVEDRA ALVAREZ, SEBASTIAN NICOLAS";"ATENCION CLINICA";"21";"TECNICO NIVEL SUPERIOR ENFERMERIA";"Región Metropolitana de Santiago";"(202)(204)(186)";"$ 1.122.939";"$ 710.587";"$ 0";"$ 0";"No";"No tiene";"No tiene";"No tiene";"01/01/2025";"31/12/2025";"No informa";"REMUNERACION MAY.2025";
"2025";"Mayo";"Médicos cirujanos, farmacéuticos, químico-farmacéuticos, bioquímicos, cirujano-dentistas";"SAAVEDRA CANTILLANA, BENJAMIN JESUS";"Medico Becario Primario";"44 Hrs.";"MEDICO CIRUJANO";"Región Metropolitana de Santiago";"(01)";"$ 3.458.581";"$ 2.853.683";"$ 0";-;"No";"No tiene";"No tiene";"No tiene";"01/06/2024";"31/05/2025";"No informa";"Sin observaciones";
"2025";"Mayo";"Administrativo";"SAAVEDRA ORELLANA, BLANCA ROCIO";"Apoyo Administrativo";"21";"ADMINISTRATIVO";"Región Metropolitana de Santiago";"(01)";"$ 764.397";"$ 642.622";"$ 0";-;"Sí";"$ 71.706 : 20,00 hrs";"No tiene";"No tiene";"01/01/2025";"31/12/2025";"No informa";"Sin observaciones";
"2025";"Mayo";"Técnico";"SAEZ CALDERON, CAROLINA FRANCISCA";"Atencion Clinica";"18";"TECNICO NIVEL SUPERIOR ENFERMERIA";"Región Metropolitana de Santiago";"(01)";"$ 810.087";"$ 674.334";"$ 0";-;"Sí";"$ 12.629 : 3,00 hrs";"$ 25.257 : 5,00 hrs";"No tiene";"01/01/2025";"31/12/2025";"No informa";"Sin observaciones";
"2025";"Mayo";"Administrativo";"SAEZ CONTRERAS, EVELYN DEL ROSARIO";"Apoyo Administrativo";"22";"ADMINISTRATIVO";"Región Metropolitana de Santiago";"(01)";"$ 654.020";"$ 533.419";"$ 0";-;"No";"No tiene";"No tiene";"No tiene";"01/01/2025";"30/06/2025";"No informa";"Sin observaciones";
"2025";"Mayo";"Técnico";"SAEZ GUZMAN, ESTEBAN IGNACIO";"Atencion Clinica";"21";"TECNICO NIVEL SUPERIOR ENFERMERIA";"Región Metropolitana de Santiago";"(186)";"$ 707.688";"$ 578.393";"$ 0";-;"No";"No tiene";"No tiene";"No tiene";"01/01/2025";"31/12/2025";"No informa";"Sin observaciones";
"2025";"Mayo";"Médicos cirujanos, farmacéuticos, químico-farmacéuticos, bioquímicos, cirujano-dentistas";"SAEZ LOPEZ, SUSSY KARIN";"Atencion Odontologica";"33 Hrs.";"CIRUJANO DENTISTA";"Región Metropolitana de Santiago";"(188)(186)";"$ 3.212.169";"$ 2.570.196";"$ 0";-;"No";"No tiene";"No tiene";"No tiene";"01/01/2025";"31/12/2025";"No informa";"Sin observaciones";
"2025";"Mayo";"Médicos cirujanos, farmacéuticos, químico-farmacéuticos, bioquímicos, cirujano-dentistas";"SAEZ LOPEZ, SUSSY KARIN";"Atencion Odontologica";"11 Hrs.";"CIRUJANO DENTISTA";"Región Metropolitana de Santiago";"(188)(186)";"$ 1.070.724";"$ 919.499";"$ 0";-;"No";"No tiene";"No tiene";"No tiene";"01/01/2025";"31/12/2025";"No informa";"Sin observaciones";
"2025";"Mayo";"Profesional";"SAEZ MARTINEZ, JERLUDITH BELEN";"Atencion Clinica";"15";"PSICOLOGO (A)";"Región Metropolitana de Santiago";"(186)";"$ 730.775";"$ 598.065";"$ 0";-;"No";"No tiene";"No tiene";"No tiene";"01/01/2025";"31/12/2025";"No informa";"Sin observaciones";
"2025";"Mayo";"Profesional";"SAEZ MARTINEZ, JERLUDITH BELEN";"Atencion Clinica";"15";"PSICOLOGO (A)";"Región Metropolitana de Santiago";"(186)";"$ 730.775";"$ 587.290";"$ 0";-;"No";"No tiene";"No tiene";"No tiene";"01/01/2025";"31/12/2025";"No informa";"Sin observaciones";
"2025";"Mayo";"Técnico";"SAEZ SANDOVAL, ALICIA JACQUELINE";"Atencion Clinica";"21";"TECNICO NIVEL SUPERIOR ODONTOLOGIA";"Región Metropolitana de Santiago";"(186)";"$ 707.688";"$ 578.393";"$ 0";-;"No";"No tiene";"No tiene";"No tiene";"01/01/2025";"31/12/2025";"No informa";"Sin observaciones";
"2025";"Mayo";"Técnico";"SAGREDO HERNANDEZ, JAEL ESPERANZA";"Atencion Clinica";"21";"TECNICO NIVEL SUPERIOR ENFERMERIA";"Región Metropolitana de Santiago";"(186)";"$ 707.688";"$ 583.277";"$ 0";-;"No";"No tiene";"No tiene";"No tiene";"01/01/2025";"31/12/2025";"No informa";"Sin observaciones";
"2025";"Mayo";"Médicos cirujanos, farmacéuticos, químico-farmacéuticos, bioquímicos, cirujano-dentistas";"SAID GARCIA, SAID ALBERTO";"MEDICO CIRUJANO CON ESPECIALIDAD EN MEDICINA DE URGENCIA";"28 Hrs.";"MEDICO CIRUJANO CON ESPECIALIDAD EN MEDICINA DE URGENCIA";"Región Metropolitana de Santiago";"(194)(193)(198)(186)";"$ 4.633.827";"$ 3.516.908";"$ 0";"$ 0";"No";"No tiene";"No tiene";"No tiene";"01/01/2025";"31/12/2025";"No informa";"REMUNERACION MAY.2025";
"2025";"Mayo";"Profesional";"SALAMANCA SALAZAR, SIGRID STEFANIA";"Atencion Clinica";"16";"MATRON (A)";"Región Metropolitana de Santiago";"(01)";"$ 0";"$ 0";"$ 0";-;"No";"No tiene";"No tiene";"No tiene";"09/05/2025";"06/06/2025";"No informa";"CONTRATO INGRESADO POSTERIOR A LA FECHA DE CIERRE REMUNERACIONES MAYO";
"2025";"Mayo";"Profesional";"SALAS CERDA, SEBASTIAN PATRICIO";"Subdirector";"7";"KINESIOLOGO (A)";"Región Metropolitana de Santiago";"(186)";"$ 3.040.678";"$ 2.401.777";"$ 0";-;"No";"No tiene";"No tiene";"No tiene";"01/01/2025";"31/12/2025";"No informa";"Sin observaciones";
"2025";"Mayo";"Médicos cirujanos, farmacéuticos, químico-farmacéuticos, bioquímicos, cirujano-dentistas";"SALAS GIANINI, ROXANNA MARIA";"Atencion Clinica Medica";"44 Hrs.";"MEDICO CIRUJANO";"Región Metropolitana de Santiago";"(86)";"$ 2.929.627";"$ 2.344.812";"$ 0";-;"No";"No tiene";"No tiene";"No tiene";"01/01/2025";"31/12/2025";"No informa";"Sin observaciones";
"2025";"Mayo";"Administrativo";"SALAS SALINAS, GUSTAVO ADOLFO";"APOYO ADMINISTRATIVO";"19";"ADMINISTRATIVO";"Región Metropolitana de Santiago";"(01)";"$ 931.974";"$ 641.429";"$ 0";"$ 0";"Sí";"$ 112.571 : 28,00 hrs";"$ 101.314 : 21,00 hrs";"No tiene";"01/01/2025";"31/12/2025";"No informa";"REMUNERACION MAY.2025+PAGO BONO MENSUAL";
"2025";"Mayo";"Técnico";"SALAS VALENZUELA, JOSE MIGUEL";"ATENCION CLINICA";"22";"TECNICO NIVEL SUPERIOR ENFERMERIA";"Región Metropolitana de Santiago";"(203)(204)(186)";"$ 869.478";"$ 624.128";"$ 0";"$ 0";"No";"No tiene";"No tiene";"No tiene";"01/01/2025";"31/12/2025";"No informa";"REMUNERACION MAY.2025";
"2025";"Mayo";"Administrativo";"SALAS ZENTENO, VERONICA TERESA";"Apoyo Administrativo";"22";"ADMINISTRATIVO";"Región Metropolitana de Santiago";"(186)";"$ 667.505";"$ 544.350";"$ 0";-;"No";"No tiene";"No tiene";"No tiene";"01/01/2025";"31/12/2025";"No informa";"Sin observaciones";
"2025";"Mayo";"Técnico";"SALAZAR CORREA, JORGE ALEJANDRO";"ATENCION CLINICA";"22";"TECNICO NIVEL SUPERIOR ENFERMERIA";"Región Metropolitana de Santiago";"(203)(204)(186)";"$ 1.014.226";"$ 750.812";"$ 0";"$ 0";"Sí";"$ 40.942 : 12,00 hrs";"$ 94.166 : 23,00 hrs";"No tiene";"01/01/2025";"31/12/2025";"No informa";"REMUNERACION MAY.2025";
"2025";"Mayo";"Médicos cirujanos, farmacéuticos, químico-farmacéuticos, bioquímicos, cirujano-dentistas";"SALAZAR MUÑOZ, PEDRO JOSE";"Medico Becario Primario";"44 Hrs.";"MEDICO CIRUJANO";"Región Metropolitana de Santiago";"(01)";"$ 2.801.656";"$ 2.285.030";"$ 0";-;"No";"No tiene";"No tiene";"No tiene";"08/05/2024";"07/05/2025";"No informa";"Sin observaciones";
"2025";"Mayo";"Médicos cirujanos, farmacéuticos, químico-farmacéuticos, bioquímicos, cirujano-dentistas";"SALAZAR MUÑOZ, PEDRO JOSE";"Medico Becario Primario";"44 Hrs.";"MEDICO CIRUJANO";"Región Metropolitana de Santiago";"(01)";"$ 0";"$ 0";"$ 0";-;"No";"No tiene";"No tiene";"No tiene";"08/05/2025";"07/05/2026";"No informa";"MONTO TOTAL DEL CONTRATO INFORMADO EN LA FILA 1010 CONTRATO EN REEMPLAZO";
"2025";"Mayo";"Profesional";"SALAZAR PEREZ, PALOMA YAMIRA";"Atencion Clinica";"15";"ENFERMERA (O)";"Región Metropolitana de Santiago";"(186)";"$ 1.661.701";"$ 1.373.574";"$ 0";-;"Sí";"$ 200.156 : 25,00 hrs";"No tiene";"No tiene";"01/01/2025";"31/12/2025";"No informa";"Sin observaciones";
"2025";"Mayo";"Auxiliar";"SALAZAR VELASQUEZ, EDITH ORELLY";"Apoyo Logistico";"22";"AUXILIAR";"Región Metropolitana de Santiago";"(186)";"$ 673.448";"$ 554.828";"$ 0";-;"Sí";"$ 30.174 : 9,00 hrs";"No tiene";"No tiene";"01/01/2025";"31/12/2025";"No informa";"Sin observaciones";
"2025";"Mayo";"Profesional";"SALAZAR ZUÑIGA, JAEL HELENA";"Atencion Clinica";"15";"TERAPEUTA OCUPACIONAL";"Región Metropolitana de Santiago";"(186)";"$ 1.550.674";"$ 1.253.741";"$ 0";-;"No";"No tiene";"No tiene";"No tiene";"01/01/2025";"31/12/2025";"No informa";"Sin observaciones";
"2025";"Mayo";"Profesional";"SALCEDO CARO, WILLIAMS JESUS ALFREDO";"Apoyo Administrativo";"8";"KINESIOLOGO (A)";"Región Metropolitana de Santiago";"(186)";"$ 2.689.020";"$ 2.141.365";"$ 0";-;"No";"No tiene";"No tiene";"No tiene";"01/01/2025";"31/12/2025";"No informa";"Sin observaciones";
"2025";"Mayo";"Médicos cirujanos, farmacéuticos, químico-farmacéuticos, bioquímicos, cirujano-dentistas";"SALDIVIA MARTINEZ, DIEGO IGNACIO";"Atencion Clinica Medica";"44 Hrs.";"MEDICO CIRUJANO";"Región Metropolitana de Santiago";"(86)(186)";"$ 3.376.336";"$ 2.661.585";"$ 0";-;"No";"No tiene";"No tiene";"No tiene";"01/01/2025";"31/12/2025";"No informa";"Sin observaciones";
"2025";"Mayo";"Administrativo";"SALGADO ARACENA, DORIS CATHERINE";"Apoyo Administrativo";"21";"ADMINISTRATIVO";"Región Metropolitana de Santiago";"(01)";"$ 767.982";"$ 640.249";"$ 0";-;"Sí";"$ 75.291 : 21,00 hrs";"No tiene";"No tiene";"01/01/2025";"31/12/2025";"No informa";"Sin observaciones";
"2025";"Mayo";"Técnico";"SALINAS ARIAS, CAMILA ANDREA";"Atencion Clinica";"21";"TECNICO NIVEL SUPERIOR ODONTOLOGIA";"Región Metropolitana de Santiago";"(186)";"$ 707.688";"$ 579.171";"$ 0";-;"No";"No tiene";"No tiene";"No tiene";"01/01/2025";"31/12/2025";"No informa";"Sin observaciones";
"2025";"Mayo";"Médicos cirujanos, farmacéuticos, químico-farmacéuticos, bioquímicos, cirujano-dentistas";"SALINAS HELGUERO, DELMA LITA";"Atencion Clinica Medica";"22 Hrs.";"MEDICO CIRUJANO";"Región Metropolitana de Santiago";"(188)(186)";"$ 2.463.343";"$ 1.874.881";"$ 0";-;"No";"No tiene";"No tiene";"No tiene";"01/01/2025";"31/12/2025";"No informa";"Sin observaciones";
"2025";"Mayo";"Médicos cirujanos, farmacéuticos, químico-farmacéuticos, bioquímicos, cirujano-dentistas";"SALINAS HELGUERO, DELMA LITA";"Atencion Clinica Medica";"22 Hrs.";"MEDICO CIRUJANO";"Región Metropolitana de Santiago";"(188)(186)";"$ 2.463.343";"$ 2.146.098";"$ 0";-;"No";"No tiene";"No tiene";"No tiene";"01/01/2025";"31/12/2025";"No informa";"Sin observaciones";
"2025";"Mayo";"Médicos cirujanos, farmacéuticos, químico-farmacéuticos, bioquímicos, cirujano-dentistas";"SALINAS MONJE, NATALIA ANDREA";"Medico Becario Primario";"44 Hrs.";"MEDICO CIRUJANO";"Región Metropolitana de Santiago";"(01)";"$ 2.801.656";"$ 2.309.124";"$ 0";-;"No";"No tiene";"No tiene";"No tiene";"08/05/2024";"07/05/2026";"No informa";"Sin observaciones";
"2025";"Mayo";"Técnico";"SALINAS MORALES, FELIPE ANDRES";"ATENCION CLINICA";"22";"TECNICO NIVEL SUPERIOR ENFERMERIA";"Región Metropolitana de Santiago";"(202)(204)";"$ 1.010.013";"$ 733.243";"$ 0";"$ 0";"No";"No tiene";"No tiene";"No tiene";"01/01/2025";"31/12/2025";"No informa";"REMUNERACION MAY.2025";
"2025";"Mayo";"Profesional";"SALINAS PIZARRO, FELIPE IGNACIO";"Jefe de Unidad";"6";"INGENIERO (A) BIOMEDICO";"Región Metropolitana de Santiago";"(186)";"$ 3.358.014";"$ 2.674.994";"$ 0";-;"No";"No tiene";"No tiene";"No tiene";"01/01/2025";"31/12/2025";"No informa";"REMUNERACION DEL MES + BIENIO 01-02-2025 AL 30-04-2025";
"2025";"Mayo";"Técnico";"SALINAS VALENZUELA, ARACELLI ALEJANDRA";"Atencion Clinica";"22";"TECNICO NIVEL SUPERIOR ENFERMERIA";"Región Metropolitana de Santiago";"(186)";"$ 705.649";"$ 575.527";"$ 0";-;"No";"No tiene";"No tiene";"No tiene";"01/01/2025";"31/12/2025";"No informa";"Sin observaciones";
"2025";"Mayo";"Médicos cirujanos, farmacéuticos, químico-farmacéuticos, bioquímicos, cirujano-dentistas";"SALTOS QUIÑONEZ, LEYTON AYONVIS";"Atencion Clinica Medica";"44 Hrs.";"MEDICO CIRUJANO";"Región Metropolitana de Santiago";"(188)(186)";"$ 5.084.343";"$ 4.157.353";"$ 0";-;"No";"No tiene";"No tiene";"No tiene";"01/01/2025";"31/12/2025";"No informa";"Sin observaciones";
"2025";"Mayo";"Administrativo";"SANCHEZ ARAYA, GUILLERMO MIGUEL";"Apoyo Administrativo";"21";"ADMINISTRATIVO";"Región Metropolitana de Santiago";"(186)";"$ 753.905";"$ 624.397";"$ 0";-;"Sí";"$ 51.966 : 14,00 hrs";"No tiene";"No tiene";"01/01/2025";"31/12/2025";"No informa";"Sin observaciones";
"2025";"Mayo";"Médicos cirujanos, farmacéuticos, químico-farmacéuticos, bioquímicos, cirujano-dentistas";"SANCHEZ CELIS, SUSANA MARIA";"Atencion Clinica Medica";"22 Hrs.";"MEDICO CIRUJANO";"Región Metropolitana de Santiago";"(188)(186)";"$ 1.254.567";"$ 1.019.245";"$ 0";-;"No";"No tiene";"No tiene";"No tiene";"01/01/2025";"31/12/2025";"No informa";"Sin observaciones";
"2025";"Mayo";"Técnico";"SANCHEZ FUENTEALBA, SANDRA YANIN";"Atencion Clinica";"21";"TECNICO NIVEL SUPERIOR ENFERMERIA";"Región Metropolitana de Santiago";"(186)";"$ 918.811";"$ 788.529";"$ 0";-;"Sí";"$ 130.210 : 36,00 hrs";"$ 82.466 : 19,00 hrs";"No tiene";"01/01/2025";"31/12/2025";"No informa";"Sin observaciones";
"2025";"Mayo";"Técnico";"SANCHEZ GONZALEZ, LUIS ORLANDO";"Atencion Clinica";"21";"TECNICO NIVEL SUPERIOR ENFERMERIA";"Región Metropolitana de Santiago";"(186)";"$ 698.833";"$ 569.898";"$ 0";-;"No";"No tiene";"No tiene";"No tiene";"01/01/2025";"31/12/2025";"No informa";"Sin observaciones";
"2025";"Mayo";"Profesional";"SANCHEZ NOVOA, VALERIA ALEJANDRA";"Atencion Clinica";"15";"MATRON (A)";"Región Metropolitana de Santiago";"(01)";"$ 1.596.386";"$ 1.314.729";"$ 0";-;"Sí";"No tiene";"$ 143.233 : 15,00 hrs";"No tiene";"01/01/2025";"31/12/2025";"No informa";"Sin observaciones";
"2025";"Mayo";"Profesional";"SANCHEZ SALINAS, ALEJANDRO ANTONIO";"ATENCION CLINICA";"11";"ENFERMERA (O)";"Región Metropolitana de Santiago";"(203)(201)(186)(203)(201)(204)(186)";"$ 3.483.980";"$ 2.647.958";"$ 0";"$ 0";"Sí";"$ 416.426 : 36,00 hrs";"No tiene";"No tiene";"01/01/2025";"31/12/2025";"No informa";"REMUNERACION MAY.2025+PAGO DIF. BIENIOS ENE-FEB.2025";
"2025";"Mayo";"Profesional";"SANDOVAL BARRIENTOS, RAYEN IRENE";"Atencion Clinica";"15";"PSICOLOGO (A)";"Región Metropolitana de Santiago";"(220)(186)";"$ 1.534.538";"$ 1.241.080";"$ 0";-;"No";"No tiene";"No tiene";"No tiene";"01/01/2025";"31/12/2025";"No informa";"Sin observaciones";
"2025";"Mayo";"Profesional";"SANDOVAL SEPULVEDA, JORGE ANDRES";"Atencion Clinica";"15";"ASISTENTE SOCIAL";"Región Metropolitana de Santiago";"(186)";"$ 1.694.390";"$ 1.390.236";"$ 0";-;"Sí";"No tiene";"$ 135.325 : 14,00 hrs";"No tiene";"01/01/2025";"31/12/2025";"No informa";"Sin observaciones";
"2025";"Mayo";"Profesional";"SANDOVAL VALENZUELA, ANDREA VIRGINIA";"Atencion Clinica";"15";"KINESIOLOGO (A)";"Región Metropolitana de Santiago";"(186)";"$ 1.478.327";"$ 1.194.422";"$ 0";-;"No";"No tiene";"No tiene";"No tiene";"01/01/2025";"31/12/2025";"No informa";"Sin observaciones";
"2025";"Mayo";"Profesional";"SANDOVAL VERGARA, ALVARO JAVIER";"Apoyo Administrativo";"8";"INGENIERO (A) COMERCIAL";"Región Metropolitana de Santiago";"(186)";"$ 2.821.297";"$ 2.236.413";"$ 0";-;"No";"No tiene";"No tiene";"No tiene";"01/01/2025";"31/12/2025";"No informa";"Sin observaciones";
"2025";"Mayo";"Profesional";"SANDOVAL VIVES, PAMELA SUSANA";"Apoyo Administrativo";"7";"ARQUITECTO";"Región Metropolitana de Santiago";"(186)";"$ 3.056.212";"$ 2.438.189";"$ 0";-;"No";"No tiene";"No tiene";"No tiene";"01/01/2025";"31/12/2025";"No informa";"Sin observaciones";
"2025";"Mayo";"Administrativo";"SANHUEZA GARCES, JOSE ESTEBAN";"Apoyo Administrativo";"17";"ADMINISTRATIVO";"Región Metropolitana de Santiago";"(01)";"$ 937.730";"$ 794.890";"$ 0";-;"Sí";"$ 163.530 : 37,00 hrs";"No tiene";"No tiene";"01/01/2025";"31/12/2025";"No informa";"Sin observaciones";
"2025";"Mayo";"Auxiliar";"SANHUEZA GONZALEZ, LUIS ENRIQUE";"CHOFER";"19";"AUXILIAR";"Región Metropolitana de Santiago";"(01)";"$ 1.163.548";"$ 1.026.155";"$ 0";-;"Sí";"$ 180.918 : 45,00 hrs";"$ 284.643 : 59,00 hrs";"No tiene";"01/01/2025";"31/12/2025";"No informa";"Sin observaciones";
"2025";"Mayo";"Profesional";"SANHUEZA MELITA, SEBASTIAN ANDRES";"ATENCION CLINICA";"13";"ENFERMERA (O)";"Región Metropolitana de Santiago";"(203)(204)(186)";"$ 2.438.206";"$ 1.830.932";"$ 0";"$ 0";"No";"No tiene";"No tiene";"No tiene";"01/01/2025";"31/12/2025";"No informa";"REMUNERACION MAY.2025";
"2025";"Mayo";"Profesional";"SANHUEZA PAVEZ, LAURA TERESA";"Atencion Clinica";"14";"NUTRICIONISTA";"Región Metropolitana de Santiago";"(01)";"$ 1.758.832";"$ 1.443.366";"$ 0";-;"Sí";"$ 86.824 : 10,00 hrs";"No tiene";"No tiene";"01/01/2025";"31/12/2025";"No informa";"Sin observaciones";
"2025";"Mayo";"Profesional";"SANHUEZA SALINAS, IVONNE JANET";"Apoyo Administrativo";"5";"MATRON (A)";"Región Metropolitana de Santiago";"(186)";"$ 3.508.692";"$ 2.763.714";"$ 0";-;"No";"No tiene";"No tiene";"No tiene";"01/01/2025";"31/12/2025";"No informa";"Sin observaciones";
"2025";"Mayo";"Profesional";"SAN MARTIN BEWEIS, HANS BEN ADAD";"Apoyo Administrativo";"12";"CIENTISTA POLITICO (A)";"Región Metropolitana de Santiago";"(186)";"$ 2.025.381";"$ 1.639.616";"$ 0";-;"No";"No tiene";"No tiene";"No tiene";"01/01/2025";"31/12/2025";"No informa";"Sin observaciones";
"2025";"Mayo";"Profesional";"SAN MARTIN GACITUA, CAMILA FRANCISCA";"Atencion Clinica";"16";"NUTRICIONISTA";"Región Metropolitana de Santiago";"(01)";"$ 1.410.003";"$ 1.156.673";"$ 0";-;"Sí";"$ 14.587 : 2,00 hrs";"$ 61.264 : 7,00 hrs";"No tiene";"01/01/2025";"30/06/2025";"No informa";"Sin observaciones";
"2025";"Mayo";"Médicos cirujanos, farmacéuticos, químico-farmacéuticos, bioquímicos, cirujano-dentistas";"SAN MARTIN IMHOFF, SEBASTIAN ANDRES";"Atencion Clinica Medica";"44 Hrs.";"MEDICO CIRUJANO";"Región Metropolitana de Santiago";"(86)(186)";"$ 3.823.868";"$ 3.053.676";"$ 0";-;"Sí";"$ 62.235 : 5,00 hrs";"$ 253.912 : 17,00 hrs";"No tiene";"01/01/2025";"31/12/2025";"No informa";"Sin observaciones";
"2025";"Mayo";"Técnico";"SAN MARTIN RODRIGUEZ, KATHERINE NICOL";"Atencion Clinica";"21";"TECNICO NIVEL SUPERIOR ENFERMERIA";"Región Metropolitana de Santiago";"(186)";"$ 707.688";"$ 577.120";"$ 0";-;"No";"No tiene";"No tiene";"No tiene";"01/01/2025";"31/12/2025";"No informa";"Sin observaciones";
"2025";"Mayo";"Profesional";"SAN MARTIN SOTO, PAULINA VICTORIA";"Atencion Clinica";"13";"ENFERMERA (O)";"Región Metropolitana de Santiago";"(01)";"$ 1.951.901";"$ 1.619.856";"$ 0";-;"Sí";"$ 227.409 : 24,00 hrs";"No tiene";"No tiene";"01/01/2025";"31/12/2025";"No informa";"Sin observaciones";
"2025";"Mayo";"Administrativo";"SAN MARTIN UTRERAS, CAROLINA ARACELY";"Apoyo Administrativo";"20";"ADMINISTRATIVO";"Región Metropolitana de Santiago";"(186)";"$ 717.432";"$ 591.308";"$ 0";-;"No";"No tiene";"No tiene";"No tiene";"01/01/2025";"31/12/2025";"No informa";"Sin observaciones";
"2025";"Mayo";"Médicos cirujanos, farmacéuticos, químico-farmacéuticos, bioquímicos, cirujano-dentistas";"SANTANDER RETAMAL, CRISTOBAL";"Medico Becario Primario";"44 Hrs.";"MEDICO";"Región Metropolitana de Santiago";"(01)";"$ 3.458.582";"$ 2.853.684";"$ 0";-;"No";"No tiene";"No tiene";"No tiene";"08/05/2024";"07/05/2026";"No informa";"Sin observaciones";
"2025";"Mayo";"Profesional";"SANTELICES CANCINO, PAULA DAMARIS";"ATENCION CLINICA";"13";"ENFERMERA (O)";"Región Metropolitana de Santiago";"(203)(204)(186)";"$ 3.441.854";"$ 2.806.175";"$ 0";"$ 0";"Sí";"$ 388.129 : 40,00 hrs";"$ 628.770 : 54,00 hrs";"No tiene";"01/01/2025";"31/12/2025";"No informa";"REMUNERACION MAY.2025";
"2025";"Mayo";"Auxiliar";"SANTIBAÑEZ VICENCIO, ENRIQUE ANTONIO";"CONDUCTOR";"20";"TECNICO NIVEL SUPERIOR ENFERMERIA";"Región Metropolitana de Santiago";"(205)(201)(202)(204)(186)";"$ 1.684.583";"$ 1.019.294";"$ 0";"$ 0";"Sí";"$ 55.322 : 14,00 hrs";"$ 275.031 : 58,00 hrs";"No tiene";"01/01/2025";"31/12/2025";"No informa";"REMUNERACION MAY.2025";
"2025";"Mayo";"Técnico";"SANTIS ABARCA, CRISTINA PAOLA";"Atencion Clinica";"20";"TECNICO NIVEL SUPERIOR ODONTOLOGIA";"Región Metropolitana de Santiago";"(01)";"$ 714.654";"$ 589.019";"$ 0";-;"No";"No tiene";"No tiene";"No tiene";"01/01/2025";"31/12/2025";"No informa";"Sin observaciones";
"2025";"Mayo";"Profesional";"SANTOS ROJAS, ROGER";"Apoyo Administrativo";"10";"INGENIERO (A) EJECUCION EN INFORMATICA";"Región Metropolitana de Santiago";"(186)";"$ 2.368.294";"$ 1.910.940";"$ 0";-;"No";"No tiene";"No tiene";"No tiene";"01/01/2025";"31/12/2025";"No informa";"Sin observaciones";
"2025";"Mayo";"Profesional";"SANYOUR NUÑEZ, JOSE IGNACIO";"APOYO ADMINISTRATIVO";"8";"ABOGADO (A)";"Región Metropolitana de Santiago";"(01)";"$ 2.660.255";"$ 2.020.902";"$ 0";"$ 0";"No";"No tiene";"No tiene";"No tiene";"01/01/2025";"30/06/2025";"No informa";"REMUNERACION MAY.2025";
"2025";"Mayo";"Médicos cirujanos, farmacéuticos, químico-farmacéuticos, bioquímicos, cirujano-dentistas";"SARABIA BONHOMME, MARTIN ALBERTO";"Atencion Odontologica";"33 Hrs.";"CIRUJANO DENTISTA";"Región Metropolitana de Santiago";"(01)";"$ 1.408.910";"$ 1.151.844";"$ 0";-;"No";"No tiene";"No tiene";"No tiene";"01/01/2025";"30/06/2025";"No informa";"Sin observaciones";
"2025";"Mayo";"Médicos cirujanos, farmacéuticos, químico-farmacéuticos, bioquímicos, cirujano-dentistas";"SARABIA SANTIAGO, GABRIELA AMANDA";"Atencion Clinica Medica";"44 Hrs.";"MEDICO CIRUJANO";"Región Metropolitana de Santiago";"(86)";"$ 2.929.627";"$ 2.077.909";"$ 0";-;"No";"No tiene";"No tiene";"No tiene";"07/04/2025";"31/12/2025";"No informa";"Sin observaciones";
"2025";"Mayo";"Profesional";"SARMIENTO CERDA, MARCELA ALEJANDRA";"ATENCION CLINICA";"13";"KINESIOLOGO (A)";"Región Metropolitana de Santiago";"(01)";"$ 749.809";"$ 323.200";"$ 0";"$ 0";"Sí";"No tiene";"$ 117.495 : 73,00 hrs";"No tiene";"01/05/2025";"11/05/2025";"No informa";"REEMPLAZO MAY.2025 (01-11)";
"2025";"Mayo";"Profesional";"SCHAFER CARRASCO, CLAUDIA ANDREA";"Atencion Clinica";"15";"FONOAUDIOLOGO (A)";"Región Metropolitana de Santiago";"(186)";"$ 1.575.848";"$ 1.277.130";"$ 0";-;"No";"No tiene";"No tiene";"No tiene";"01/01/2025";"31/12/2025";"No informa";"Sin observaciones";
"2025";"Mayo";"Administrativo";"SCHOLTBACH ABARCA, VALENTINA CAROLINA";"Apoyo Administrativo";"22";"ADMINISTRATIVO";"Región Metropolitana de Santiago";"(01)";"$ 523.216";"$ 378.979";"$ 0";-;"No";"No tiene";"No tiene";"No tiene";"07/05/2025";"30/05/2025";"No informa";"CONTRATO POR REEMPLAZO";
"2025";"Mayo";"Profesional";"SEGOVIA MURA, PATRICIA EMILIA";"Atencion Clinica";"15";"ASISTENTE SOCIAL";"Región Metropolitana de Santiago";"(220)(186)";"$ 1.781.883";"$ 1.473.265";"$ 0";-;"Sí";"$ 72.495 : 9,00 hrs";"$ 77.329 : 8,00 hrs";"No tiene";"01/01/2025";"31/12/2025";"No informa";"Sin observaciones";
"2025";"Mayo";"Técnico";"SEGUEL VERCHES, FERNANDA CAMILA";"Atencion Clinica";"22";"TECNICO NIVEL SUPERIOR ENFERMERIA";"Región Metropolitana de Santiago";"(01)";"$ 710.387";"$ 565.970";"$ 0";-;"No";"No tiene";"No tiene";"No tiene";"30/01/2025";"07/06/2025";"No informa";"CONTRATO POR REEMPLAZO";
"2025";"Mayo";"Profesional";"SELMAN ABUCHAIBE, VERONICA PIA";"Apoyo Administrativo";"8";"PSICOLOGO (A)";"Región Metropolitana de Santiago";"(186)";"$ 2.835.679";"$ 2.255.028";"$ 0";-;"No";"No tiene";"No tiene";"No tiene";"01/01/2025";"31/12/2025";"No informa";"Sin observaciones";
"2025";"Mayo";"Profesional";"SENN MANTELLI, ARMANDO SILVIO";"Apoyo Administrativo";"10";"LICENCIADO EN HISTORIA";"Región Metropolitana de Santiago";"(186)";"$ 2.380.624";"$ 1.904.927";"$ 0";-;"No";"No tiene";"No tiene";"No tiene";"01/01/2025";"31/12/2025";"No informa";"Sin observaciones";
"2025";"Mayo";"Profesional";"SEPULVEDA AEDO, ELIZABETH DEL CARMEN";"Apoyo Administrativo";"8";"ASISTENTE SOCIAL";"Región Metropolitana de Santiago";"(186)";"$ 2.717.786";"$ 2.158.743";"$ 0";-;"No";"No tiene";"No tiene";"No tiene";"01/01/2025";"31/12/2025";"No informa";"Sin observaciones";
"2025";"Mayo";"Técnico";"SEPULVEDA ALVARADO, BRYAN NICOLAS";"Atencion Clinica";"21";"TECNICO NIVEL SUPERIOR ENFERMERIA";"Región Metropolitana de Santiago";"(01)";"$ 704.582";"$ 580.717";"$ 0";-;"No";"No tiene";"No tiene";"No tiene";"01/01/2025";"31/12/2025";"No informa";"Sin observaciones";
"2025";"Mayo";"Profesional";"SEPULVEDA ASTETE, CAMILA ANDREA";"Apoyo Administrativo";"9";"MATRON (A)";"Región Metropolitana de Santiago";"(186)";"$ 2.457.624";"$ 1.981.621";"$ 0";-;"No";"No tiene";"No tiene";"No tiene";"01/01/2025";"31/12/2025";"No informa";"Sin observaciones";
"2025";"Mayo";"Profesional";"SEPULVEDA CASTILLO, BARBARA ALEXANDRA";"Apoyo Administrativo";"11";"SOCIOLOGO (A)";"Región Metropolitana de Santiago";"(01)";"$ 2.060.691";"$ 1.667.555";"$ 0";-;"No";"No tiene";"No tiene";"No tiene";"01/01/2025";"31/12/2025";"No informa";"Sin observaciones";
"2025";"Mayo";"Profesional";"SEPULVEDA CASTILLO, SEBASTIAN NICOLAS";"ASISTENTE SOCIAL";"8";"ASISTENTE SOCIAL";"Región Metropolitana de Santiago";"(186)";"$ 2.792.531";"$ 2.239.438";"$ 0";-;"No";"No tiene";"No tiene";"No tiene";"01/01/2025";"31/12/2025";"No informa";"Sin observaciones";
"2025";"Mayo";"Profesional";"SEPULVEDA CESPEDES, TOMAS RAUL";"Atencion Clinica";"16";"KINESIOLOGO (A)";"Región Metropolitana de Santiago";"(01)";"$ 1.334.152";"$ 1.092.694";"$ 0";-;"No";"No tiene";"No tiene";"No tiene";"01/03/2025";"31/07/2025";"No informa";"Sin observaciones";
"2025";"Mayo";"Médicos cirujanos, farmacéuticos, químico-farmacéuticos, bioquímicos, cirujano-dentistas";"SEPULVEDA DIAZ, DEBBIE SASHA";"Atencion Odontologica";"22 Hrs.";"CIRUJANO DENTISTA";"Región Metropolitana de Santiago";"(188)(186)";"$ 2.198.361";"$ 1.884.040";"$ 0";-;"No";"No tiene";"No tiene";"No tiene";"01/01/2025";"31/12/2025";"No informa";"Sin observaciones";
"2025";"Mayo";"Médicos cirujanos, farmacéuticos, químico-farmacéuticos, bioquímicos, cirujano-dentistas";"SEPULVEDA DIAZ, DEBBIE SASHA";"Atencion Odontologica";"22 Hrs.";"CIRUJANO DENTISTA";"Región Metropolitana de Santiago";"(188)(186)";"$ 2.198.361";"$ 1.683.579";"$ 0";-;"No";"No tiene";"No tiene";"No tiene";"01/01/2025";"31/12/2025";"No informa";"Sin observaciones";
"2025";"Mayo";"Profesional";"SEPULVEDA ESCOBEDO, CRISTOBAL OSCAR";"Apoyo Administrativo";"8";"ENFERMERA (O)";"Región Metropolitana de Santiago";"(01)";"$ 2.660.255";"$ 2.140.361";"$ 0";-;"No";"No tiene";"No tiene";"No tiene";"01/01/2025";"31/12/2025";"No informa";"Sin observaciones";
"2025";"Mayo";"Técnico";"SEPULVEDA GODOY, DEBORA EMILIA";"Atencion Clinica";"22";"TECNICO NIVEL SUPERIOR ENFERMERIA";"Región Metropolitana de Santiago";"(01)";"$ 701.532";"$ 701.532";"$ 0";-;"No";"No tiene";"No tiene";"No tiene";"01/01/2025";"13/06/2025";"No informa";"CONTRATO POR REEMPLAZO";
"2025";"Mayo";"Auxiliar";"SEPULVEDA HEWITT, MAXIMILIAN ALEXANDER";"Apoyo Administrativo";"22";"AUXILIAR";"Región Metropolitana de Santiago";"(01)";"$ 638.192";"$ 525.998";"$ 0";-;"No";"No tiene";"No tiene";"No tiene";"01/01/2025";"31/12/2025";"No informa";"Sin observaciones";
"2025";"Mayo";"Técnico";"SEPULVEDA JULIO, ANDRES MAURICIO";"ATENCION CLINICA";"22";"TECNICO NIVEL SUPERIOR ENFERMERIA";"Región Metropolitana de Santiago";"(202)(204)(186)";"$ 1.026.470";"$ 801.612";"$ 0";"$ 0";"No";"No tiene";"No tiene";"No tiene";"01/01/2025";"31/12/2025";"No informa";"REMUNERACION MAY.2025";
"2025";"Mayo";"Profesional";"SEPULVEDA MORENO, POLA ALEXSANDRA";"ATENCION CLINICA";"13";"ENFERMERA (O)";"Región Metropolitana de Santiago";"(01)";"$ 2.850.803";"$ 2.384.283";"$ 0";"$ 0";"Sí";"$ 379.015 : 40,00 hrs";"$ 1.034.711 : 167,00 hrs";"No tiene";"01/05/2025";"24/05/2025";"No informa";"REEMPLAZO ABR.2025 (29)+REEMPLAZO MAY.2025 (01-24)";
"2025";"Mayo";"Auxiliar";"SEPULVEDA PARADA, JOSE LUIS";"CONDUCTOR";"22";"AUXILIAR";"Región Metropolitana de Santiago";"(203)(186)(205)(203)(204)(186)";"$ 916.253";"$ 668.304";"$ 0";"$ 0";"Sí";"No tiene";"No tiene";"No tiene";"01/01/2025";"31/12/2025";"No informa";"REMUNERACION MAY.2025+PAGO DIF. BIENIOS FEB.2025";
"2025";"Mayo";"Profesional";"SEPULVEDA TUREN, CARLOS ROBERTO";"Director Zonal";"5";"KINESIOLOGO (A)";"Región Metropolitana de Santiago";"(186)";"$ 4.331.977";"$ 3.518.170";"$ 0";-;"Sí";"$ 483.746 : 26,00 hrs";"$ 446.534 : 20,00 hrs";"No tiene";"01/01/2025";"31/12/2025";"No informa";"Sin observaciones";
"2025";"Mayo";"Profesional";"SEPULVEDA VASQUEZ, DANIELA DANAE";"Atencion Clinica";"15";"ENFERMERA (O)";"Región Metropolitana de Santiago";"(01)";"$ 1.453.153";"$ 1.179.024";"$ 0";-;"No";"No tiene";"No tiene";"No tiene";"01/01/2025";"31/12/2025";"No informa";"Sin observaciones";
"2025";"Mayo";"Profesional";"SEREY ALTAMIRANO, KATHERINE DANAE";"Atencion Clinica";"15";"ENFERMERA (O)";"Región Metropolitana de Santiago";"(186)";"$ 1.461.545";"$ 1.181.284";"$ 0";-;"No";"No tiene";"No tiene";"No tiene";"01/01/2025";"31/12/2025";"No informa";"Sin observaciones";
"2025";"Mayo";"Técnico";"SEREY SEPULVEDA, SEBASTIAN CRISTOBAL";"Atencion Clinica";"21";"TECNICO NIVEL SUPERIOR ENFERMERIA";"Región Metropolitana de Santiago";"(01)";"$ 704.582";"$ 576.630";"$ 0";-;"No";"No tiene";"No tiene";"No tiene";"01/01/2025";"31/12/2025";"No informa";"Sin observaciones";
"2025";"Mayo";"Médicos cirujanos, farmacéuticos, químico-farmacéuticos, bioquímicos, cirujano-dentistas";"SIEBER CARRASCO, CAROLINA VERONICA";"Atencion Odontologica";"22 Hrs.";"CIRUJANO DENTISTA";"Región Metropolitana de Santiago";"(188)(186)";"$ 2.484.032";"$ 2.005.195";"$ 0";-;"No";"No tiene";"No tiene";"No tiene";"01/01/2025";"31/12/2025";"No informa";"Sin observaciones";
"2025";"Mayo";"Técnico";"SIERRA PEREIRA, CONSTANZA ALONDRA";"Atencion Clinica";"20";"TECNICO NIVEL SUPERIOR ENFERMERIA";"Región Metropolitana de Santiago";"(01)";"$ 714.654";"$ 589.019";"$ 0";-;"No";"No tiene";"No tiene";"No tiene";"01/01/2025";"31/12/2025";"No informa";"Sin observaciones";
"2025";"Mayo";"Médicos cirujanos, farmacéuticos, químico-farmacéuticos, bioquímicos, cirujano-dentistas";"SIGUENZA PACHECO, MARIA BELEN";"Medico Becario Primario";"44 Hrs.";"MEDICO CIRUJANO";"Región Metropolitana de Santiago";"(01)";"$ 2.801.656";"$ 2.309.124";"$ 0";-;"No";"No tiene";"No tiene";"No tiene";"06/05/2024";"05/05/2026";"No informa";"Sin observaciones";
"2025";"Mayo";"Administrativo";"SILVA BOZO, VANNIA GABRIELA";"Apoyo Administrativo";"16";"ADMINISTRATIVO";"Región Metropolitana de Santiago";"(01)";"$ 901.035";"$ 753.369";"$ 0";-;"Sí";"$ 87.898 : 19,00 hrs";"No tiene";"No tiene";"01/01/2025";"30/06/2025";"No informa";"Sin observaciones";
"2025";"Mayo";"Administrativo";"SILVA BRAVO, JAIME MAURICIO";"Apoyo Administrativo";"22";"ADMINISTRATIVO";"Región Metropolitana de Santiago";"(186)";"$ 658.515";"$ 538.204";"$ 0";-;"No";"No tiene";"No tiene";"No tiene";"01/01/2025";"31/12/2025";"No informa";"Sin observaciones";
"2025";"Mayo";"Técnico";"SILVA BURGOS, NICOLAS ALFREDO";"Atencion Clinica";"21";"TECNICO NIVEL SUPERIOR ENFERMERIA";"Región Metropolitana de Santiago";"(186)";"$ 858.658";"$ 734.611";"$ 0";-;"Sí";"$ 114.087 : 31,00 hrs";"$ 35.330 : 8,00 hrs";"No tiene";"01/01/2025";"31/12/2025";"No informa";"Sin observaciones";
"2025";"Mayo";"Auxiliar";"SILVA DONOSO, VICTOR MIGUEL";"CONDUCTOR";"24";"TECNICO NIVEL SUPERIOR ENFERMERIA";"Región Metropolitana de Santiago";"(205)(202)(204)(186)";"$ 953.614";"$ 263.845";"$ 0";"$ 0";"No";"No tiene";"No tiene";"No tiene";"01/01/2025";"31/12/2025";"No informa";"REMUNERACION MAY.2025";
"2025";"Mayo";"Técnico";"SILVA HERRERA, DANIELA ALEJANDRA";"Atencion Clinica";"21";"TECNICO NIVEL SUPERIOR ENFERMERIA";"Región Metropolitana de Santiago";"(01)";"$ 704.582";"$ 581.351";"$ 0";-;"No";"No tiene";"No tiene";"No tiene";"01/01/2025";"31/12/2025";"No informa";"Sin observaciones";
"2025";"Mayo";"Auxiliar";"SILVA MIRANDA, PEDRO JOSE";"CONDUCTOR";"22";"TECNICO NIVEL SUPERIOR ENFERMERIA";"Región Metropolitana de Santiago";"(205)(202)(204)";"$ 1.606.038";"$ 1.271.455";"$ 0";"$ 0";"Sí";"$ 132.924 : 40,00 hrs";"$ 390.796 : 98,00 hrs";"No tiene";"01/01/2025";"30/06/2025";"No informa";"REMUNERACION MAY.2025";
"2025";"Mayo";"Administrativo";"SILVA NUÑEZ, EVELYN DEL TRANSITO";"APOYO ADMINISTRATIVO";"19";"ADMINISTRATIVO";"Región Metropolitana de Santiago";"(186)";"$ 1.040.394";"$ 700.229";"$ 0";"$ 0";"Sí";"$ 141.981 : 35,00 hrs";"$ 165.510 : 34,00 hrs";"No tiene";"01/01/2025";"31/12/2025";"No informa";"REMUNERACION MAY.2025+PAGO BONO MENSUAL";
"2025";"Mayo";"Profesional";"SILVA TAPIA, SYLVIA DEL PILAR";"Apoyo Administrativo";"5";"CONTADOR (A) AUDITOR (A)";"Región Metropolitana de Santiago";"(36)(186)";"$ 4.137.429";"$ 3.338.273";"$ 0";-;"No";"No tiene";"No tiene";"No tiene";"01/01/2025";"31/12/2025";"No informa";"Sin observaciones";
"2025";"Mayo";"Médicos cirujanos, farmacéuticos, químico-farmacéuticos, bioquímicos, cirujano-dentistas";"SIMARELLI SEGURA, JULIO CESAR";"Atencion Clinica Medica";"22 Hrs.";"MEDICO CIRUJANO";"Región Metropolitana de Santiago";"(01)";"$ 939.274";"$ 939.274";"$ 0";-;"No";"No tiene";"No tiene";"No tiene";"18/02/2025";"31/08/2025";"No informa";"Sin observaciones";
"2025";"Mayo";"Administrativo";"SLEMAN SOTO, JENNIFER VALESKA";"Apoyo Administrativo";"21";"ADMINISTRATIVO";"Región Metropolitana de Santiago";"(01)";"$ 692.691";"$ 566.136";"$ 0";-;"Sí";"$ 107.559 : 30,00 hrs";"No tiene";"No tiene";"01/01/2025";"31/12/2025";"No informa";"Sin observaciones";
"2025";"Mayo";"Médicos cirujanos, farmacéuticos, químico-farmacéuticos, bioquímicos, cirujano-dentistas";"SMITH GAHONA, MARIANO ANDRES";"Medico Becario Primario";"44 Hrs.";"MEDICO CIRUJANO";"Región Metropolitana de Santiago";"(01)";"$ 2.801.656";"$ 2.311.646";"$ 0";-;"No";"No tiene";"No tiene";"No tiene";"06/05/2024";"05/05/2026";"No informa";"Sin observaciones";
"2025";"Mayo";"Auxiliar";"SOBARZO RIQUELME, DAVID ALEJANDRO";"Chofer";"20";"AUXILIAR";"Región Metropolitana de Santiago";"(186)";"$ 927.271";"$ 796.743";"$ 0";-;"Sí";"$ 137.382 : 36,00 hrs";"$ 82.429 : 18,00 hrs";"No tiene";"01/01/2025";"31/12/2025";"No informa";"Sin observaciones";
"2025";"Mayo";"Médicos cirujanos, farmacéuticos, químico-farmacéuticos, bioquímicos, cirujano-dentistas";"SOTO ARRIAGADA, VICTOR HUGO";"Quimico Farmaceutico";"44 Hrs.";"QUIMICO FARMACEUTICO";"Región Metropolitana de Santiago";"(186)";"$ 4.072.677";"$ 3.307.858";"$ 0";-;"No";"No tiene";"No tiene";"No tiene";"01/01/2025";"31/12/2025";"No informa";"Sin observaciones";
"2025";"Mayo";"Profesional";"SOTO CANALES, SEBASTIAN ALFONSO";"Apoyo Administrativo";"8";"KINESIOLOGO (A)";"Región Metropolitana de Santiago";"(01)";"$ 2.660.255";"$ 2.136.693";"$ 0";-;"No";"No tiene";"No tiene";"No tiene";"01/01/2025";"31/12/2025";"No informa";"Sin observaciones";
"2025";"Mayo";"Administrativo";"SOTO FERNANDEZ, MAGALY DEL CARMEN";"Apoyo Administrativo";"17";"ADMINISTRATIVO";"Región Metropolitana de Santiago";"(01)";"$ 774.200";"$ 631.438";"$ 0";-;"No";"No tiene";"No tiene";"No tiene";"01/01/2025";"31/12/2025";"No informa";"Sin observaciones";
"2025";"Mayo";"Profesional";"SOTO GORGERINO, MARIO ANDRES";"ATENCION CLINICA";"11";"KINESIOLOGO (A)";"Región Metropolitana de Santiago";"(203)(204)(186)";"$ 4.443.686";"$ 3.606.813";"$ 0";"$ 0";"Sí";"$ 459.151 : 40,00 hrs";"$ 1.046.865 : 76,00 hrs";"No tiene";"01/01/2025";"31/12/2025";"No informa";"REMUNERACION MAY.2025";
"2025";"Mayo";"Profesional";"SOTO NUÑEZ, PAULA ALEJANDRA";"Atencion Clinica";"16";"NUTRICIONISTA";"Región Metropolitana de Santiago";"(01)";"$ 1.334.152";"$ 1.083.964";"$ 0";-;"No";"No tiene";"No tiene";"No tiene";"01/01/2025";"31/12/2025";"No informa";"Sin observaciones";
"2025";"Mayo";"Profesional";"SOTO OVALLE, BORIS CRISTIAN";"Apoyo Administrativo";"7";"INGENIERO (A) EJECUCION ADMINISTRACION";"Región Metropolitana de Santiago";"(186)";"$ 3.071.747";"$ 2.429.143";"$ 0";-;"No";"No tiene";"No tiene";"No tiene";"01/02/2025";"31/12/2025";"No informa";"Sin observaciones";
"2025";"Mayo";"Administrativo";"SOTO PEÑA, JOCELYN ANDREA";"ADMINISTRATIVO";"15";"ADMINISTRATIVO";"Región Metropolitana de Santiago";"(186)";"$ 1.019.824";"$ 856.534";"$ 0";-;"Sí";"$ 50.292 : 10,00 hrs";"$ 84.490 : 14,00 hrs";"No tiene";"01/01/2025";"31/12/2025";"No informa";"Sin observaciones";
"2025";"Mayo";"Profesional";"SOTO ROMERO, GABRIELA VALESKA";"Apoyo Administrativo";"15";"INGENIERO (A) EJECUCION GESTION PUBLICA";"Región Metropolitana de Santiago";"(186)";"$ 1.461.545";"$ 1.193.491";"$ 0";-;"No";"No tiene";"No tiene";"No tiene";"01/01/2025";"31/12/2025";"No informa";"Sin observaciones";
"2025";"Mayo";"Médicos cirujanos, farmacéuticos, químico-farmacéuticos, bioquímicos, cirujano-dentistas";"SOTO SALAS, VIVIANA ALEJANDRA";"Atencion Odontologica";"22 Hrs.";"CIRUJANO DENTISTA";"Región Metropolitana de Santiago";"(188)(186)";"$ 2.180.864";"$ 1.671.481";"$ 0";-;"No";"No tiene";"No tiene";"No tiene";"01/01/2025";"31/12/2025";"No informa";"Sin observaciones";
"2025";"Mayo";"Médicos cirujanos, farmacéuticos, químico-farmacéuticos, bioquímicos, cirujano-dentistas";"SOTO SALAS, VIVIANA ALEJANDRA";"Atencion Odontologica";"22 Hrs.";"CIRUJANO DENTISTA";"Región Metropolitana de Santiago";"(188)(186)";"$ 2.180.864";"$ 1.866.543";"$ 0";-;"No";"No tiene";"No tiene";"No tiene";"01/01/2025";"31/12/2025";"No informa";"Sin observaciones";
"2025";"Mayo";"Técnico";"SOTO SEVERINO, TERESA ANDREA DE LOS ANGELES";"Atencion Clinica";"20";"TECNICO NIVEL SUPERIOR ENFERMERIA";"Región Metropolitana de Santiago";"(186)";"$ 716.315";"$ 585.444";"$ 0";-;"No";"No tiene";"No tiene";"No tiene";"01/01/2025";"31/12/2025";"No informa";"Sin observaciones";
"2025";"Mayo";"Administrativo";"SOTO SOLIS, TAMARA BELEN";"Apoyo Administrativo";"13";"ADMINISTRATIVO";"Región Metropolitana de Santiago";"(186)";"$ 1.825.175";"$ 1.485.454";"$ 0";-;"Sí";"$ 93.141 : 10,00 hrs";"No tiene";"No tiene";"01/01/2025";"31/12/2025";"No informa";"Sin observaciones";
"2025";"Mayo";"Médicos cirujanos, farmacéuticos, químico-farmacéuticos, bioquímicos, cirujano-dentistas";"SOTO SOTO, CARLA STEFANY";"Atencion Odontologica";"44 Hrs.";"CIRUJANO DENTISTA";"Región Metropolitana de Santiago";"(188)(186)";"$ 4.848.184";"$ 3.958.135";"$ 0";-;"No";"No tiene";"No tiene";"No tiene";"01/01/2025";"31/12/2025";"No informa";"Sin observaciones";
"2025";"Mayo";"Administrativo";"SOTO TORO, PAOLA ANDREA";"Secretaria";"17";"ADMINISTRATIVO";"Región Metropolitana de Santiago";"(01)";"$ 902.372";"$ 760.926";"$ 0";-;"Sí";"$ 128.172 : 29,00 hrs";"No tiene";"No tiene";"01/01/2025";"31/12/2025";"No informa";"Sin observaciones";
"2025";"Mayo";"Médicos cirujanos, farmacéuticos, químico-farmacéuticos, bioquímicos, cirujano-dentistas";"SOTOMAYOR JORQUERA, JOSE MIGUEL";"Medico Becario Primario";"44 Hrs.";"MEDICO CIRUJANO";"Región Metropolitana de Santiago";"(01)";"$ 3.458.582";"$ 2.856.781";"$ 0";-;"No";"No tiene";"No tiene";"No tiene";"06/05/2024";"05/05/2026";"No informa";"Sin observaciones";
"2025";"Mayo";"Auxiliar";"SOZA RAMIREZ, JOSE ALEJANDRO";"CONDUCTOR";"24";"AUXILIAR";"Región Metropolitana de Santiago";"(205)(202)(204)(186)";"$ 1.127.901";"$ 394.647";"$ 0";"$ 0";"Sí";"$ 2.877 : 1,00 hrs";"$ 162.272 : 47,00 hrs";"No tiene";"01/01/2025";"31/12/2025";"No informa";"REMUNERACION MAY.2025";
"2025";"Mayo";"Médicos cirujanos, farmacéuticos, químico-farmacéuticos, bioquímicos, cirujano-dentistas";"STAPFER JARA, KARINA VALERIA";"APOYO TECNICO EN LOS PROCESOS DE PROG.OPERATIVA DEL NIVEL HOSPITALARIO Y COSAM";"22 Hrs.";"CIRUJANO DENTISTA";"Región Metropolitana de Santiago";"(86)(186)";"$ 2.561.880";"$ 2.005.099";"$ 0";-;"No";"No tiene";"No tiene";"No tiene";"01/01/2025";"31/12/2025";"No informa";"Sin observaciones";
"2025";"Mayo";"Médicos cirujanos, farmacéuticos, químico-farmacéuticos, bioquímicos, cirujano-dentistas";"STAPFER JARA, KARINA VALERIA";"APOYO TECNICO EN LOS PROCESOS DE PROG.OPERATIVA DEL NIVEL HOSPITALARIO Y COSAM";"11 Hrs.";"CIRUJANO DENTISTA";"Región Metropolitana de Santiago";"(86)(186)";"$ 1.280.940";"$ 1.071.394";"$ 0";-;"No";"No tiene";"No tiene";"No tiene";"01/01/2025";"31/12/2025";"No informa";"Sin observaciones";
"2025";"Mayo";"Técnico";"STRAKA STRAKA, FRANZ ANTON";"ATENCION CLINICA";"21";"TECNICO NIVEL SUPERIOR ENFERMERIA";"Región Metropolitana de Santiago";"(203)(204)(186)";"$ 951.002";"$ 541.087";"$ 0";"$ 0";"No";"No tiene";"No tiene";"No tiene";"01/01/2025";"31/12/2025";"No informa";"REMUNERACION MAY.2025";
"2025";"Mayo";"Profesional";"SUAZO AGUILAR, ESTEFANIA ELENA";"Apoyo Administrativo";"10";"ADMINISTRADOR (A) PUBLICO";"Región Metropolitana de Santiago";"(186)";"$ 2.355.964";"$ 1.888.616";"$ 0";-;"No";"No tiene";"No tiene";"No tiene";"01/01/2025";"31/12/2025";"No informa";"Sin observaciones";
"2025";"Mayo";"Profesional";"SUAZO SAEZ, CONSTANCE ELENA";"ATENCION CLINICA";"13";"ENFERMERA (O)";"Región Metropolitana de Santiago";"(203)(204)(186)";"$ 3.654.142";"$ 2.980.495";"$ 0";"$ 0";"Sí";"$ 385.851 : 40,00 hrs";"$ 856.589 : 74,00 hrs";"No tiene";"01/01/2025";"31/12/2025";"No informa";"REMUNERACION MAY.2025";
"2025";"Mayo";"Profesional";"SZPERKA HUERTA, JAVIER ENRIQUE";"Apoyo Administrativo";"14";"INGENIERO (A) EN INFORMATICA";"Región Metropolitana de Santiago";"(186)";"$ 1.591.941";"$ 1.296.665";"$ 0";-;"No";"No tiene";"No tiene";"No tiene";"01/01/2025";"31/12/2025";"No informa";"Sin observaciones";
"2025";"Mayo";"Profesional";"TAPIA AGUAYO, KARLA ANDREA";"Atencion Clinica";"13";"ENFERMERA (O)";"Región Metropolitana de Santiago";"(01)";"$ 1.927.326";"$ 1.566.249";"$ 0";-;"Sí";"$ 113.705 : 12,00 hrs";"No tiene";"No tiene";"01/01/2025";"31/12/2025";"No informa";"Sin observaciones";
"2025";"Mayo";"Profesional";"TAPIA AILLAPAN, MARIA JOSE";"Atencion Clinica";"15";"TRABAJADOR (A) SOCIAL";"Región Metropolitana de Santiago";"(186)";"$ 1.461.545";"$ 1.194.753";"$ 0";-;"No";"No tiene";"No tiene";"No tiene";"01/01/2025";"31/12/2025";"No informa";"Sin observaciones";
"2025";"Mayo";"Profesional";"TAPIA BRIONES, DIEGO CAMILO";"Atencion Clinica";"15";"KINESIOLOGO (A)";"Región Metropolitana de Santiago";"(186)";"$ 1.559.065";"$ 1.271.566";"$ 0";-;"No";"No tiene";"No tiene";"No tiene";"01/01/2025";"31/12/2025";"No informa";"Sin observaciones";
"2025";"Mayo";"Técnico";"TAPIA MORALES, FABIOLA BEATRIZ";"Atencion Clinica";"22";"TECNICO NIVEL SUPERIOR ODONTOLOGIA";"Región Metropolitana de Santiago";"(186)";"$ 705.649";"$ 576.727";"$ 0";-;"No";"No tiene";"No tiene";"No tiene";"01/01/2025";"31/12/2025";"No informa";"Sin observaciones";
"2025";"Mayo";"Técnico";"TAPIA MUÑOZ, SEBASTIAN ALEJANDRO";"ATENCION CLINICA";"22";"TECNICO NIVEL SUPERIOR ENFERMERIA";"Región Metropolitana de Santiago";"(202)(204)";"$ 1.049.890";"$ 687.001";"$ 0";"$ 0";"Sí";"$ 39.877 : 12,00 hrs";"No tiene";"No tiene";"01/01/2025";"31/12/2025";"No informa";"REMUNERACION MAY.2025";
"2025";"Mayo";"Profesional";"TAPIA PEDREROS, DENISSE ELIZABETH";"ATENCION CLINICA";"11";"ENFERMERA (O)";"Región Metropolitana de Santiago";"(203)(204)(186)";"$ 2.860.166";"$ 2.193.120";"$ 0";"$ 0";"No";"No tiene";"No tiene";"No tiene";"01/01/2025";"31/12/2025";"No informa";"REMUNERACION MAY.2025";
"2025";"Mayo";"Médicos cirujanos, farmacéuticos, químico-farmacéuticos, bioquímicos, cirujano-dentistas";"TAPIA ROMAN, JOHAN MANUEL";"Atencion Odontologica";"44 Hrs.";"CIRUJANO DENTISTA";"Región Metropolitana de Santiago";"(188)(186)";"$ 4.848.184";"$ 3.958.135";"$ 0";-;"No";"No tiene";"No tiene";"No tiene";"01/01/2025";"31/12/2025";"No informa";"Sin observaciones";
"2025";"Mayo";"Profesional";"TAPIA SANCHEZ, RODRIGO ANDRES";"Jefe de Subdepartamento de Gestión Asistencial y Procesos Clínicos";"6";"MATRON (A)";"Región Metropolitana de Santiago";"(01)";"$ 3.273.748";"$ 2.581.383";"$ 0";-;"No";"No tiene";"No tiene";"No tiene";"01/01/2025";"31/12/2025";"No informa";"Sin observaciones";
"2025";"Mayo";"Auxiliar";"TAPIA TORRES, GERMAN JORGE";"CONDUCTOR";"24";"AUXILIAR";"Región Metropolitana de Santiago";"(205)(202)(204)(186)";"$ 929.800";"$ 533.285";"$ 0";"$ 0";"No";"No tiene";"No tiene";"No tiene";"01/01/2025";"31/12/2025";"No informa";"REMUNERACION MAY.2025";
"2025";"Mayo";"Médicos cirujanos, farmacéuticos, químico-farmacéuticos, bioquímicos, cirujano-dentistas";"TARTAKOWSKY NOVOA, BORIS IGOR";"Quimico Farmaceutico";"44 Hrs.";"QUIMICO FARMACEUTICO";"Región Metropolitana de Santiago";"(188)(186)";"$ 4.966.096";"$ 4.054.772";"$ 0";-;"No";"No tiene";"No tiene";"No tiene";"01/01/2025";"31/12/2025";"No informa";"Sin observaciones";
"2025";"Mayo";"Profesional";"TEKE VELOSO, PABLO IGNACIO";"Atencion Clinica";"15";"KINESIOLOGO (A)";"Región Metropolitana de Santiago";"(186)";"$ 1.550.674";"$ 1.251.211";"$ 0";-;"No";"No tiene";"No tiene";"No tiene";"01/01/2025";"31/12/2025";"No informa";"Sin observaciones";
"2025";"Mayo";"Médicos cirujanos, farmacéuticos, químico-farmacéuticos, bioquímicos, cirujano-dentistas";"TERRAZAS JIMENEZ, VICTOR CARLOS";"Atencion Clinica Medica";"22 Hrs.";"MEDICO CIRUJANO";"Región Metropolitana de Santiago";"(188)(186)";"$ 2.515.896";"$ 1.922.926";"$ 0";-;"No";"No tiene";"No tiene";"No tiene";"01/01/2025";"31/12/2025";"No informa";"Sin observaciones";
"2025";"Mayo";"Médicos cirujanos, farmacéuticos, químico-farmacéuticos, bioquímicos, cirujano-dentistas";"TERRAZAS JIMENEZ, VICTOR CARLOS";"Atencion Clinica Medica";"11 Hrs.";"MEDICO CIRUJANO";"Región Metropolitana de Santiago";"(188)(186)";"$ 1.257.948";"$ 1.094.854";"$ 0";-;"No";"No tiene";"No tiene";"No tiene";"01/01/2025";"31/12/2025";"No informa";"Sin observaciones";
"2025";"Mayo";"Médicos cirujanos, farmacéuticos, químico-farmacéuticos, bioquímicos, cirujano-dentistas";"TERRAZAS JIMENEZ, VICTOR CARLOS";"Atencion Clinica Medica";"11 Hrs.";"MEDICO CIRUJANO";"Región Metropolitana de Santiago";"(188)(186)";"$ 1.119.993";"$ 974.786";"$ 0";-;"No";"No tiene";"No tiene";"No tiene";"01/01/2025";"31/05/2025";"No informa";"Sin observaciones";
"2025";"Mayo";"Profesional";"TERZI RODRIGUEZ, SERGIO PABLO";"Atencion Clinica";"15";"PSICOLOGO (A)";"Región Metropolitana de Santiago";"(186)";"$ 747.558";"$ 616.137";"$ 0";-;"No";"No tiene";"No tiene";"No tiene";"01/01/2025";"31/12/2025";"No informa";"Sin observaciones";
"2025";"Mayo";"Profesional";"THOMAS CUEVAS, ROCIO CHARDI";"Apoyo Logistico";"9";"ASISTENTE SOCIAL";"Región Metropolitana de Santiago";"(186)";"$ 2.546.753";"$ 2.032.286";"$ 0";-;"No";"No tiene";"No tiene";"No tiene";"01/01/2025";"31/12/2025";"No informa";"Sin observaciones";
"2025";"Mayo";"Técnico";"TOBAR ACOSTA, ISABEL ANGELICA";"ATENCION CLINICA";"22";"TECNICO NIVEL SUPERIOR ENFERMERIA";"Región Metropolitana de Santiago";"(203)(204)(186)";"$ 1.021.757";"$ 825.954";"$ 0";"$ 0";"Sí";"$ 3.412 : 1,00 hrs";"$ 135.108 : 33,00 hrs";"No tiene";"01/01/2025";"31/12/2025";"No informa";"REMUNERACION MAY.2025";
"2025";"Mayo";"Médicos cirujanos, farmacéuticos, químico-farmacéuticos, bioquímicos, cirujano-dentistas";"TOBAR PINET, HECTOR RUBEN";"Atencion Clinica Medica";"44 Hrs.";"MEDICO CIRUJANO";"Región Metropolitana de Santiago";"(86)(186)";"$ 5.074.910";"$ 4.174.790";"$ 0";-;"Sí";"$ 264.999 : 21,00 hrs";"$ 1.211.440 : 80,00 hrs";"No tiene";"01/01/2025";"31/05/2025";"No informa";"Sin observaciones";
"2025";"Mayo";"Auxiliar";"TOLEDO BARBOZA, FRANCISCO JAVIER";"Apoyo Logistico";"24";"AUXILIAR";"Región Metropolitana de Santiago";"(202)";"$ 828.934";"$ 690.197";"$ 0";-;"Sí";"$ 2.800 : 1,00 hrs";"$ 36.956 : 11,00 hrs";"No tiene";"01/01/2025";"31/12/2025";"No informa";"Sin observaciones";
"2025";"Mayo";"Administrativo";"TOLEDO PEÑALOZA, ALEJANDRA DEL CARMEN";"Apoyo Administrativo";"21";"ADMINISTRATIVO";"Región Metropolitana de Santiago";"(186)";"$ 722.599";"$ 594.020";"$ 0";-;"Sí";"$ 25.319 : 7,00 hrs";"No tiene";"No tiene";"01/01/2025";"31/12/2025";"No informa";"Sin observaciones";
"2025";"Mayo";"Profesional";"TOLEDO RAMIREZ, MILENKA FERNANDA";"Atencion Clinica";"15";"NUTRICIONISTA";"Región Metropolitana de Santiago";"(01)";"$ 1.723.704";"$ 1.446.580";"$ 0";-;"Sí";"$ 222.808 : 28,00 hrs";"$ 47.744 : 5,00 hrs";"No tiene";"01/01/2025";"30/06/2025";"No informa";"Sin observaciones";
"2025";"Mayo";"Médicos cirujanos, farmacéuticos, químico-farmacéuticos, bioquímicos, cirujano-dentistas";"TOLEDO VEGA, ISRAEL JOSUE";"Atencion Clinica Medica";"44 Hrs.";"MEDICO CIRUJANO";"Región Metropolitana de Santiago";"(86)";"$ 2.929.627";"$ 2.327.506";"$ 0";-;"No";"No tiene";"No tiene";"No tiene";"01/01/2025";"31/12/2025";"No informa";"Sin observaciones";
"2025";"Mayo";"Profesional";"TOLOZA REYES, MATIAS IGNACIO";"Apoyo Administrativo";"13";"ADMINISTRADOR (A) PUBLICO";"Región Metropolitana de Santiago";"(01)";"$ 1.724.492";"$ 1.401.544";"$ 0";-;"No";"No tiene";"No tiene";"No tiene";"01/01/2025";"30/06/2025";"No informa";"Sin observaciones";
"2025";"Mayo";"Profesional";"TOME SANCHEZ, CLAUDIA LORETO";"Atencion Clinica";"13";"NUTRICIONISTA";"Región Metropolitana de Santiago";"(01)";"$ 2.192.636";"$ 1.835.920";"$ 0";-;"Sí";"$ 151.606 : 16,00 hrs";"$ 227.409 : 20,00 hrs";"No tiene";"01/01/2025";"31/12/2025";"No informa";"Sin observaciones";
"2025";"Mayo";"Médicos cirujanos, farmacéuticos, químico-farmacéuticos, bioquímicos, cirujano-dentistas";"TORO CEPEDA, ANA TANIA LUCIA";"Atencion Clinica Medica";"22 Hrs.";"MEDICO CIRUJANO";"Región Metropolitana de Santiago";"(188)(186)";"$ 2.463.343";"$ 1.986.146";"$ 0";-;"No";"No tiene";"No tiene";"No tiene";"01/01/2025";"31/12/2025";"No informa";"Sin observaciones";
"2025";"Mayo";"Médicos cirujanos, farmacéuticos, químico-farmacéuticos, bioquímicos, cirujano-dentistas";"TORO MOLINA, HUGO FERNANDO";"Medico General Especialidad Basica";"44 Hrs.";"MEDICO CIRUJANO";"Región Metropolitana de Santiago";"(188)";"$ 2.062.485";"$ 1.668.974";"$ 0";-;"No";"No tiene";"No tiene";"No tiene";"01/01/2025";"30/06/2025";"No informa";"Sin observaciones";
"2025";"Mayo";"Médicos cirujanos, farmacéuticos, químico-farmacéuticos, bioquímicos, cirujano-dentistas";"TORO SALINAS, MILLIE JUDITH";"MEDICO CIRUJANO CON ESPECIALIDAD EN MEDICINA DE URGENCIA";"28 Hrs.";"MEDICO CIRUJANO CON ESPECIALIDAD EN MEDICINA DE URGENCIA";"Región Metropolitana de Santiago";"(194)(193)(198)(186)";"$ 4.094.061";"$ 3.297.780";"$ 0";"$ 0";"No";"No tiene";"No tiene";"No tiene";"01/01/2025";"31/12/2025";"No informa";"REMUNERACION MAY.2025";
"2025";"Mayo";"Técnico";"TORREALBA GONZALEZ, FERNANDA MACARENA";"Atencion Clinica";"22";"TECNICO NIVEL SUPERIOR ENFERMERIA";"Región Metropolitana de Santiago";"(186)";"$ 705.649";"$ 575.527";"$ 0";-;"No";"No tiene";"No tiene";"No tiene";"01/01/2025";"31/12/2025";"No informa";"Sin observaciones";
"2025";"Mayo";"Profesional";"TORRES AZOCAR, FRANCISCO JAVIER";"Atencion Clinica";"15";"KINESIOLOGO (A)";"Región Metropolitana de Santiago";"(186)";"$ 1.567.456";"$ 1.266.908";"$ 0";-;"No";"No tiene";"No tiene";"No tiene";"01/01/2025";"31/12/2025";"No informa";"Sin observaciones";
"2025";"Mayo";"Administrativo";"TORRES AZOCAR, MARIA DE LAS MERCEDES";"Apoyo Administrativo";"22";"ADMINISTRATIVO";"Región Metropolitana de Santiago";"(186)";"$ 720.508";"$ 599.376";"$ 0";-;"Sí";"$ 57.498 : 17,00 hrs";"No tiene";"No tiene";"01/01/2025";"31/12/2025";"No informa";"Sin observaciones";
"2025";"Mayo";"Administrativo";"TORRES BUSTOS, REGINA ALEXIA";"Apoyo Administrativo";"22";"ADMINISTRATIVO";"Región Metropolitana de Santiago";"(186)";"$ 663.010";"$ 541.878";"$ 0";-;"No";"No tiene";"No tiene";"No tiene";"01/01/2025";"31/12/2025";"No informa";"Sin observaciones";
"2025";"Mayo";"Técnico";"TORRES CARRASCO, IVANNA ALEXANDRA";"Atencion Clinica";"20";"TECNICO NIVEL SUPERIOR ENFERMERIA";"Región Metropolitana de Santiago";"(01)";"$ 714.654";"$ 589.019";"$ 0";-;"No";"No tiene";"No tiene";"No tiene";"01/01/2025";"31/12/2025";"No informa";"Sin observaciones";
"2025";"Mayo";"Médicos cirujanos, farmacéuticos, químico-farmacéuticos, bioquímicos, cirujano-dentistas";"TORRES GUTIERREZ, OSCAR RICARDO";"Atencion Odontologica";"44 Hrs.";"CIRUJANO DENTISTA";"Región Metropolitana de Santiago";"(188)(186)";"$ 5.031.789";"$ 4.116.953";"$ 0";-;"No";"No tiene";"No tiene";"No tiene";"01/01/2025";"31/12/2025";"No informa";"Sin observaciones";
"2025";"Mayo";"Administrativo";"TORRES MUÑOZ, PAOLA DE LAS MERCEDES";"SECRETARIA";"13";"ADMINISTRADOR (A) PUBLICO";"Región Metropolitana de Santiago";"(186)(186)";"$ 2.300.952";"$ 1.905.738";"$ 0";"$ 0";"Sí";"$ 370.284 : 40,00 hrs";"$ 188.845 : 17,00 hrs";"No tiene";"01/01/2025";"31/12/2025";"No informa";"REMUNERACION MAY.2025+PAGO DIF. BIENIOS ABR.2025";
"2025";"Mayo";"Profesional";"TORRES OPAZO, CLAUDIA CAMILA";"Atencion Clinica";"15";"ASISTENTE SOCIAL";"Región Metropolitana de Santiago";"(01)";"$ 1.453.153";"$ 1.186.851";"$ 0";-;"No";"No tiene";"No tiene";"No tiene";"01/01/2025";"31/12/2025";"No informa";"Sin observaciones";
"2025";"Mayo";"Administrativo";"TORRES ORELLANA, FANNY DEL TRANSITO";"APOYO ADMINISTRATIVO";"22";"ADMINISTRATIVO";"Región Metropolitana de Santiago";"(186)(186)";"$ 836.489";"$ 539.978";"$ 0";"$ 0";"Sí";"$ 113.033 : 33,00 hrs";"$ 32.753 : 8,00 hrs";"No tiene";"01/01/2025";"31/12/2025";"No informa";"REMUNERACION MAY.2025+PAGO BONO MENSUAL+PAGO DIF. BIENIOS ENE-FEB.2025";
"2025";"Mayo";"Profesional";"TORRES RIVERA, ALEXANDRA PATRICIA";"Atencion Clinica";"12";"TERAPEUTA OCUPACIONAL";"Región Metropolitana de Santiago";"(01)";"$ 1.983.093";"$ 1.606.156";"$ 0";-;"No";"No tiene";"No tiene";"No tiene";"01/01/2025";"31/12/2025";"No informa";"Sin observaciones";
"2025";"Mayo";"Médicos cirujanos, farmacéuticos, químico-farmacéuticos, bioquímicos, cirujano-dentistas";"TORRES ROJAS, ANGEL ELOY";"Atencion Clinica Medica";"44 Hrs.";"MEDICO CIRUJANO";"Región Metropolitana de Santiago";"(86)(186)";"$ 3.376.336";"$ 2.682.396";"$ 0";-;"No";"No tiene";"No tiene";"No tiene";"01/01/2025";"31/12/2025";"No informa";"Sin observaciones";
"2025";"Mayo";"Técnico";"TORRES SILVA, PEDRO ENRIQUE";"ATENCION CLINICA";"22";"TECNICO NIVEL SUPERIOR ENFERMERIA";"Región Metropolitana de Santiago";"(203)(204)(186)";"$ 865.359";"$ 677.532";"$ 0";"$ 0";"No";"No tiene";"No tiene";"No tiene";"01/01/2025";"31/12/2025";"No informa";"REMUNERACION MAY.2025";
"2025";"Mayo";"Técnico";"TORRES SOTO, BARBARA ALEJANDRA";"Atencion Clinica";"21";"TECNICO NIVEL SUPERIOR ODONTOLOGIA";"Región Metropolitana de Santiago";"(01)";"$ 704.582";"$ 580.717";"$ 0";-;"No";"No tiene";"No tiene";"No tiene";"01/01/2025";"31/12/2025";"No informa";"Sin observaciones";
"2025";"Mayo";"Médicos cirujanos, farmacéuticos, químico-farmacéuticos, bioquímicos, cirujano-dentistas";"TORRES THOPPE, ALINA ESTHER";"Atencion Odontologica";"22 Hrs.";"CIRUJANO DENTISTA";"Región Metropolitana de Santiago";"(188)(86)(186)";"$ 2.286.572";"$ 1.768.834";"$ 0";-;"No";"No tiene";"No tiene";"No tiene";"01/01/2025";"31/12/2025";"No informa";"Sin observaciones";
"2025";"Mayo";"Médicos cirujanos, farmacéuticos, químico-farmacéuticos, bioquímicos, cirujano-dentistas";"TORRES THOPPE, ALINA ESTHER";"Atencion Odontologica";"22 Hrs.";"CIRUJANO DENTISTA";"Región Metropolitana de Santiago";"(86)(186)";"$ 2.102.033";"$ 1.812.302";"$ 0";-;"No";"No tiene";"No tiene";"No tiene";"01/01/2025";"31/12/2025";"No informa";"Sin observaciones";
"2025";"Mayo";"Auxiliar";"TORRES TORRES, ERIK ADRIAN";"CONDUCTOR";"24";"AUXILIAR";"Región Metropolitana de Santiago";"(205)(203)(204)(186)";"$ 870.720";"$ 573.983";"$ 0";"$ 0";"Sí";"$ 2.851 : 1,00 hrs";"$ 75.276 : 22,00 hrs";"No tiene";"01/01/2025";"31/12/2025";"No informa";"REMUNERACION MAY.2025";
"2025";"Mayo";"Profesional";"TORRIJO OLIVARES, JUAN PAULO HERNAN";"Apoyo Administrativo";"15";"PSICOLOGO (A)";"Región Metropolitana de Santiago";"(01)";"$ 1.453.153";"$ 1.178.760";"$ 0";-;"No";"No tiene";"No tiene";"No tiene";"01/01/2025";"31/12/2025";"No informa";"Sin observaciones";
"2025";"Mayo";"Médicos cirujanos, farmacéuticos, químico-farmacéuticos, bioquímicos, cirujano-dentistas";"TRIGO TORRICO, JACQUELINE MONICA";"Atencion Clinica Medica";"22 Hrs.";"MEDICO CIRUJANO";"Región Metropolitana de Santiago";"(188)(86)(186)";"$ 2.962.606";"$ 2.349.757";"$ 0";-;"No";"No tiene";"No tiene";"No tiene";"01/01/2025";"31/12/2025";"No informa";"Sin observaciones";
"2025";"Mayo";"Profesional";"TRIPAINAO CONTRERAS, LORENZO ANDRES";"Apoyo Administrativo";"6";"INGENIERO (A) CIVIL";"Región Metropolitana de Santiago";"(186)";"$ 3.201.473";"$ 2.523.020";"$ 0";-;"No";"No tiene";"No tiene";"No tiene";"01/01/2025";"31/12/2025";"No informa";"Sin observaciones";
"2025";"Mayo";"Profesional";"TRIVIÑO CARRASCO, VICTOR AQUILES";"Apoyo Administrativo";"7";"INGENIERO (A) EJECUCION GESTION INDUSTRIAL";"Región Metropolitana de Santiago";"(186)";"$ 3.040.678";"$ 2.403.267";"$ 0";-;"No";"No tiene";"No tiene";"No tiene";"01/01/2025";"31/12/2025";"No informa";"Sin observaciones";
"2025";"Mayo";"Profesional";"TRONCOSO NAVARRO, JULY ANGELICA";"Apoyo Administrativo";"5";"ABOGADO (A)";"Región Metropolitana de Santiago";"(186)";"$ 3.437.429";"$ 2.698.748";"$ 0";-;"No";"No tiene";"No tiene";"No tiene";"01/01/2025";"31/12/2025";"No informa";"Sin observaciones";
"2025";"Mayo";"Médicos cirujanos, farmacéuticos, químico-farmacéuticos, bioquímicos, cirujano-dentistas";"TRONCOSO ROJAS, ESTEBAN ALEJANDRO";"Atencion Clinica Medica";"22 Hrs.";"MEDICO CIRUJANO";"Región Metropolitana de Santiago";"(186)";"$ 1.267.737";"$ 1.053.924";"$ 0";-;"No";"No tiene";"No tiene";"No tiene";"03/03/2025";"03/06/2025";"No informa";"Sin observaciones";
"2025";"Mayo";"Médicos cirujanos, farmacéuticos, químico-farmacéuticos, bioquímicos, cirujano-dentistas";"TRONCOSO ROJAS, ESTEBAN ALEJANDRO";"Atencion Clinica Medica";"22 Hrs.";"MEDICO CIRUJANO";"Región Metropolitana de Santiago";"(186)";"$ 2.318.818";"$ 1.808.648";"$ 0";-;"No";"No tiene";"No tiene";"No tiene";"01/01/2025";"31/12/2025";"No informa";"Sin observaciones";
"2025";"Mayo";"Auxiliar";"TRONCOSO ROJAS, MAX ENRIQUE";"CONDUCTOR";"24";"AUXILIAR";"Región Metropolitana de Santiago";"(01)";"$ 1.084.773";"$ 332.609";"$ 0";"$ 0";"Sí";"$ 81.191 : 29,00 hrs";"$ 409.875 : 188,00 hrs";"No tiene";"01/01/2025";"31/05/2025";"No informa";"REMUNERACION MAY.2025+PAGO BONO MENSUAL";
"2025";"Mayo";"Profesional";"TRONCOSO VEJAR, MARCELO ANDRES";"ATENCION CLINICA";"13";"ENFERMERA (O)";"Región Metropolitana de Santiago";"(203)(204)(186)";"$ 2.411.702";"$ 1.875.149";"$ 0";"$ 0";"No";"No tiene";"No tiene";"No tiene";"01/01/2025";"31/12/2025";"No informa";"REMUNERACION MAY.2025";
"2025";"Mayo";"Médicos cirujanos, farmacéuticos, químico-farmacéuticos, bioquímicos, cirujano-dentistas";"TUDELA CORNEJO, FRANCISCA ALEJANDRA";"Atencion Odontologica";"22 Hrs.";"CIRUJANO DENTISTA";"Región Metropolitana de Santiago";"(188)(186)";"$ 1.254.567";"$ 1.029.723";"$ 0";-;"No";"No tiene";"No tiene";"No tiene";"01/01/2025";"31/12/2025";"No informa";"Sin observaciones";
"2025";"Mayo";"Médicos cirujanos, farmacéuticos, químico-farmacéuticos, bioquímicos, cirujano-dentistas";"UBILLA CAMPOS, RODRIGO ALEXIS";"Atencion Clinica Medica";"44 Hrs.";"MEDICO CIRUJANO";"Región Metropolitana de Santiago";"(86)";"$ 2.929.627";"$ 2.317.698";"$ 0";-;"No";"No tiene";"No tiene";"No tiene";"01/01/2025";"31/12/2025";"No informa";"Sin observaciones";
"2025";"Mayo";"Profesional";"UBILLA KURTE, MARISOL ANDREA";"ATENCION CLINICA";"13";"ENFERMERA (O)";"Región Metropolitana de Santiago";"(203)(204)(186)";"$ 2.878.582";"$ 2.124.563";"$ 0";"$ 0";"Sí";"$ 212.218 : 22,00 hrs";"$ 254.662 : 22,00 hrs";"No tiene";"01/01/2025";"31/12/2025";"No informa";"REMUNERACION MAY.2025";
"2025";"Mayo";"Profesional";"ULLOA AGUILAR, VALERIA ANDREA";"Atencion Clinica";"15";"ENFERMERA (O)";"Región Metropolitana de Santiago";"(186)";"$ 1.461.545";"$ 1.181.424";"$ 0";-;"No";"No tiene";"No tiene";"No tiene";"01/01/2025";"31/12/2025";"No informa";"Sin observaciones";
"2025";"Mayo";"Profesional";"ULLOA OTAROLA, MISAEL EDUARDO";"Atencion Clinica";"15";"KINESIOLOGO (A)";"Región Metropolitana de Santiago";"(186)";"$ 1.461.545";"$ 1.181.284";"$ 0";-;"No";"No tiene";"No tiene";"No tiene";"01/01/2025";"31/12/2025";"No informa";"Sin observaciones";
"2025";"Mayo";"Médicos cirujanos, farmacéuticos, químico-farmacéuticos, bioquímicos, cirujano-dentistas";"ULLOA VALENZUELA, GONZALO RODRIGO";"Atencion Clinica Medica";"44 Hrs.";"MEDICO CIRUJANO";"Región Metropolitana de Santiago";"(86)(186)";"$ 4.694.663";"$ 3.825.339";"$ 0";-;"Sí";"$ 454.284 : 36,00 hrs";"$ 151.430 : 10,00 hrs";"No tiene";"01/01/2025";"31/12/2025";"No informa";"Sin observaciones";
"2025";"Mayo";"Profesional";"UMANZOR CABRERA, MANUEL ANDRES";"Apoyo Administrativo";"9";"TECNOLOGO (A) EN INFORMATICA BIOMEDICA";"Región Metropolitana de Santiago";"(186)";"$ 1.058.651";"$ 861.758";"$ 0";-;"No";"No tiene";"No tiene";"No tiene";"01/01/2025";"12/05/2025";"No informa";"RENUNCIA VOLUNTARIA A/C 13-05-2025, REMUNERACION + BIENIO 01-02-2025 AL 30-04-2025";
"2025";"Mayo";"Médicos cirujanos, farmacéuticos, químico-farmacéuticos, bioquímicos, cirujano-dentistas";"URETA DIAZ, DANIELA ALEJANDRA";"Atencion Clinica Medica";"44 Hrs.";"MEDICO CIRUJANO";"Región Metropolitana de Santiago";"(86)(186)";"$ 3.376.336";"$ 2.682.758";"$ 0";-;"No";"No tiene";"No tiene";"No tiene";"01/01/2025";"31/12/2025";"No informa";"Sin observaciones";
"2025";"Mayo";"Profesional";"URETA LAZO, HECTOR HARRY";"Apoyo Logistico";"12";"INGENIERO (A) EJECUCION GESTION PUBLICA";"Región Metropolitana de Santiago";"(186)";"$ 2.025.381";"$ 1.622.895";"$ 0";-;"No";"No tiene";"No tiene";"No tiene";"01/01/2025";"31/12/2025";"No informa";"Sin observaciones";
"2025";"Mayo";"Administrativo";"URETA ROCO, CLAUDIA ALEJANDRA";"Apoyo Administrativo";"22";"ADMINISTRATIVO";"Región Metropolitana de Santiago";"(186)";"$ 791.535";"$ 670.403";"$ 0";-;"Sí";"$ 128.525 : 38,00 hrs";"No tiene";"No tiene";"01/01/2025";"31/12/2025";"No informa";"Sin observaciones";
"2025";"Mayo";"Técnico";"URETA ROJAS, JAIME LEONEL";"ATENCION CLINICA";"14";"TECNICO PARAMEDICO";"Región Metropolitana de Santiago";"(201)(202)(186)(201)(202)(204)(186)";"$ 1.803.227";"$ 1.076.893";"$ 0";"$ 0";"No";"No tiene";"No tiene";"No tiene";"01/01/2025";"31/12/2025";"No informa";"REMUNERACION MAY.2025+PAGO DIF. BIENIOS ABR.2025";
"2025";"Mayo";"Profesional";"URIARTE SALINAS, ALFONSO MARTIN";"Atencion Clinica";"15";"KINESIOLOGO (A)";"Región Metropolitana de Santiago";"(01)";"$ 1.453.153";"$ 1.178.760";"$ 0";-;"No";"No tiene";"No tiene";"No tiene";"01/01/2025";"31/07/2025";"No informa";"Sin observaciones";
"2025";"Mayo";"Profesional";"URIBE MUÑOZ, DANIELA ALEJANDRA";"Atencion Clinica";"11";"ENFERMERA (O)";"Región Metropolitana de Santiago";"(01)";"$ 2.697.589";"$ 2.259.366";"$ 0";-;"Sí";"$ 448.520 : 40,00 hrs";"$ 188.378 : 14,00 hrs";"No tiene";"01/01/2025";"31/12/2025";"No informa";"Sin observaciones";
"2025";"Mayo";"Médicos cirujanos, farmacéuticos, químico-farmacéuticos, bioquímicos, cirujano-dentistas";"URIBE OTAIZA, CONSTANZA SOFIA";"MEDICO BECARIO PRIMARIO";"44 Hrs.";"MEDICO CIRUJANO";"Región Metropolitana de Santiago";"(01)";"$ 3.458.582";"$ 2.833.727";"$ 0";"$ 0";"No";"No tiene";"No tiene";"No tiene";"03/07/2024";"02/07/2025";"No informa";"REMUNERACION MAY.2025";
"2025";"Mayo";"Profesional";"URRA DIAZ, GLADYS ANGELICA";"Apoyo Administrativo";"9";"TRABAJADOR (A) SOCIAL";"Región Metropolitana de Santiago";"(186)";"$ 2.560.069";"$ 2.047.456";"$ 0";-;"No";"No tiene";"No tiene";"No tiene";"01/01/2025";"31/12/2025";"No informa";"Sin observaciones";
"2025";"Mayo";"Profesional";"URRA SANDOVAL, FRANCISCA VALENTINA";"ATENCION CLINICA";"13";"ENFERMERA (O)";"Región Metropolitana de Santiago";"(186)";"$ 1.757.159";"$ 1.259.634";"$ 0";"$ 0";"Sí";"No tiene";"$ 22.878 : 64,00 hrs";"No tiene";"01/01/2025";"31/05/2025";"No informa";"REMUNERACION MAY.2025";
"2025";"Mayo";"Médicos cirujanos, farmacéuticos, químico-farmacéuticos, bioquímicos, cirujano-dentistas";"URREA ITURRIAGA, GONZALO ANDRES";"Quimico Farmaceutico";"44 Hrs.";"QUIMICO FARMACEUTICO";"Región Metropolitana de Santiago";"(01)";"$ 1.878.546";"$ 1.512.976";"$ 0";-;"No";"No tiene";"No tiene";"No tiene";"13/01/2025";"31/05/2025";"No informa";"CONTRATO POR REEMPLAZO";
"2025";"Mayo";"Técnico";"URRUTIA CUBILLOS, MARIA INES";"Atencion Clinica";"22";"TECNICO NIVEL SUPERIOR ENFERMERIA";"Región Metropolitana de Santiago";"(186)";"$ 838.840";"$ 709.682";"$ 0";-;"Sí";"$ 131.907 : 39,00 hrs";"No tiene";"No tiene";"01/01/2025";"31/12/2025";"No informa";"Sin observaciones";
"2025";"Mayo";"Profesional";"URRUTIA LABRIN, MIGUEL OSVALDO";"Apoyo clinico";"12";"PSICOLOGO (A)";"Región Metropolitana de Santiago";"(01)";"$ 1.893.964";"$ 1.535.835";"$ 0";-;"No";"No tiene";"No tiene";"No tiene";"01/01/2025";"31/12/2025";"No informa";"Sin observaciones";
"2025";"Mayo";"Técnico";"URZUA MORALES, PAULA FRANCISCA";"Atencion Clinica";"22";"TECNICO NIVEL SUPERIOR ENFERMERIA";"Región Metropolitana de Santiago";"(186)";"$ 706.933";"$ 576.574";"$ 0";-;"No";"No tiene";"No tiene";"No tiene";"01/01/2025";"31/12/2025";"No informa";"Sin observaciones";
"2025";"Mayo";"Médicos cirujanos, farmacéuticos, químico-farmacéuticos, bioquímicos, cirujano-dentistas";"VALDEBENITO SHARP, CARLA ISABEL";"Medico Becario Primario";"44 Hrs.";"MEDICO CIRUJANO";"Región Metropolitana de Santiago";"(01)";"$ 2.801.656";"$ 2.309.124";"$ 0";-;"No";"No tiene";"No tiene";"No tiene";"06/05/2024";"05/05/2026";"No informa";"Sin observaciones";
"2025";"Mayo";"Médicos cirujanos, farmacéuticos, químico-farmacéuticos, bioquímicos, cirujano-dentistas";"VALDERRAMA ZUÑIGA, IVAN ESTEBAN";"MEDICO PAO";"22 Hrs.";"MEDICO CIRUJANO CON ESPECIALIDAD EN MEDICINA DE URGENCIA";"Región Metropolitana de Santiago";"(86)(186)";"$ 3.330.484";"$ 2.888.656";"$ 0";"$ 0";"No";"No tiene";"No tiene";"No tiene";"01/01/2025";"31/12/2025";"No informa";"REMUNERACION MAY.2025";
"2025";"Mayo";"Profesional";"VALDES CISTERNAS, DIEGO SEBASTIAN";"Atencion Clinica";"16";"TERAPEUTA OCUPACIONAL";"Región Metropolitana de Santiago";"(186)";"$ 1.518.044";"$ 1.256.712";"$ 0";-;"Sí";"$ 44.032 : 6,00 hrs";"$ 132.093 : 15,00 hrs";"No tiene";"01/01/2025";"31/12/2025";"No informa";"Sin observaciones";
"2025";"Mayo";"Profesional";"VALDES MIRANDA, DANIELA FERNANDA";"Atencion Clinica";"16";"MATRON (A)";"Región Metropolitana de Santiago";"(01)";"$ 800.491";"$ 660.486";"$ 0";-;"No";"No tiene";"No tiene";"No tiene";"14/05/2025";"08/06/2025";"No informa";"CONTRATO POR REEMPLAZO";
"2025";"Mayo";"Profesional";"VALDES URZUA, DANIEL ALEJANDRO";"ATENCION CLINICA";"13";"ENFERMERA (O)";"Región Metropolitana de Santiago";"(01)";"$ 2.884.278";"$ 2.451.394";"$ 0";"$ 0";"Sí";"$ 379.015 : 40,00 hrs";"$ 780.771 : 144,00 hrs";"No tiene";"01/05/2025";"31/05/2025";"No informa";"REEMPLAZO MAY.2025 (01-31)";
"2025";"Mayo";"Profesional";"VALDES ZAÑARTU, LUIS FELIPE";"Apoyo Administrativo";"10";"PSICOLOGO (A)";"Región Metropolitana de Santiago";"(186)";"$ 2.254.504";"$ 1.804.113";"$ 0";-;"No";"No tiene";"No tiene";"No tiene";"01/01/2025";"31/12/2025";"No informa";"Sin observaciones";
"2025";"Mayo";"Profesional";"VALENCIA GONZALEZ, FANNY LORENA";"Apoyo Administrativo";"6";"INGENIERO (A) COMERCIAL";"Región Metropolitana de Santiago";"(186)";"$ 3.358.015";"$ 2.639.295";"$ 0";-;"No";"No tiene";"No tiene";"No tiene";"01/01/2025";"31/12/2025";"No informa";"Sin observaciones";
"2025";"Mayo";"Profesional";"VALENCIA GONZALEZ, VIVIANA LETICIA";"Apoyo Administrativo";"5";"CONTADOR (A) AUDITOR (A)";"Región Metropolitana de Santiago";"(186)";"$ 3.615.887";"$ 2.862.334";"$ 0";-;"No";"No tiene";"No tiene";"No tiene";"01/01/2025";"31/12/2025";"No informa";"Sin observaciones";
"2025";"Mayo";"Profesional";"VALENCIA RAMOS, DANIELA CATALINA";"Atencion Clinica";"16";"MATRON (A)";"Región Metropolitana de Santiago";"(220)(186)";"$ 660.292";"$ 540.384";"$ 0";-;"No";"No tiene";"No tiene";"No tiene";"01/01/2025";"14/05/2025";"No informa";"Sin observaciones";
"2025";"Mayo";"Médicos cirujanos, farmacéuticos, químico-farmacéuticos, bioquímicos, cirujano-dentistas";"VALENZUELA CASTAÑEDA, FABIAN ANDRES";"Atencion Clinica Medica";"44 Hrs.";"MEDICO CIRUJANO";"Región Metropolitana de Santiago";"(86)(186)";"$ 3.376.336";"$ 2.658.168";"$ 0";-;"No";"No tiene";"No tiene";"No tiene";"01/01/2025";"31/12/2025";"No informa";"Sin observaciones";
"2025";"Mayo";"Profesional";"VALENZUELA CONCHA, GABRIELA ANDREA";"Atencion Clinica";"15";"KINESIOLOGO (A)";"Región Metropolitana de Santiago";"(186)";"$ 1.885.652";"$ 1.568.973";"$ 0";-;"Sí";"$ 163.055 : 20,00 hrs";"$ 146.749 : 15,00 hrs";"No tiene";"01/01/2025";"31/12/2025";"No informa";"Sin observaciones";
"2025";"Mayo";"Profesional";"VALENZUELA CORTEZ, PALOMA";"Atencion Clinica";"13";"MATRON (A)";"Región Metropolitana de Santiago";"(01)";"$ 1.955.752";"$ 1.608.511";"$ 0";-;"Sí";"$ 142.131 : 15,00 hrs";"No tiene";"No tiene";"01/01/2025";"31/12/2025";"No informa";"Sin observaciones";
"2025";"Mayo";"Profesional";"VALENZUELA ILLANES, HERNI IÑAKI";"Apoyo Administrativo";"8";"ADMINISTRADOR (A) PUBLICO";"Región Metropolitana de Santiago";"(01)";"$ 2.670.545";"$ 2.125.041";"$ 0";-;"Sí";"$ 10.290 : 1,00 hrs";"No tiene";"No tiene";"01/01/2025";"31/07/2025";"No informa";"Sin observaciones";
"2025";"Mayo";"Administrativo";"VALENZUELA IRARRAZABAL, ROSE MARY CAROLINE";"Apoyo Administrativo";"19";"ADMINISTRATIVO";"Región Metropolitana de Santiago";"(01)";"$ 774.374";"$ 648.135";"$ 0";-;"Sí";"$ 56.285 : 14,00 hrs";"No tiene";"No tiene";"01/01/2025";"31/05/2025";"No informa";"Sin observaciones";
"2025";"Mayo";"Médicos cirujanos, farmacéuticos, químico-farmacéuticos, bioquímicos, cirujano-dentistas";"VALENZUELA ORELLANA, RODRIGO ANDRES";"Atencion Odontologica";"22 Hrs.";"CIRUJANO DENTISTA";"Región Metropolitana de Santiago";"(186)";"$ 2.299.110";"$ 1.839.422";"$ 0";-;"No";"No tiene";"No tiene";"No tiene";"01/01/2025";"31/12/2025";"No informa";"Sin observaciones";
"2025";"Mayo";"Médicos cirujanos, farmacéuticos, químico-farmacéuticos, bioquímicos, cirujano-dentistas";"VALENZUELA PEÑA, JAVIERA BELEN";"Atencion Clinica Medica";"44 Hrs.";"MEDICO CIRUJANO";"Región Metropolitana de Santiago";"(86)";"$ 2.929.627";"$ 2.343.304";"$ 0";-;"No";"No tiene";"No tiene";"No tiene";"01/01/2025";"31/12/2025";"No informa";"Sin observaciones";
"2025";"Mayo";"Profesional";"VALENZUELA ROJAS, MATIAS IGNACIO";"Atencion Clinica";"15";"TRABAJADOR (A) SOCIAL";"Región Metropolitana de Santiago";"(186)";"$ 1.461.545";"$ 1.183.809";"$ 0";-;"No";"No tiene";"No tiene";"No tiene";"01/01/2025";"31/12/2025";"No informa";"Sin observaciones";
"2025";"Mayo";"Profesional";"VALENZUELA SAAVEDRA, MARLENE CAROLINA";"Apoyo Administrativo";"7";"ENFERMERA (O)";"Región Metropolitana de Santiago";"(186)";"$ 3.087.281";"$ 2.437.974";"$ 0";-;"No";"No tiene";"No tiene";"No tiene";"01/01/2025";"31/12/2025";"No informa";"Sin observaciones";
"2025";"Mayo";"Profesional";"VALENZUELA VASQUEZ, XIMENA ALEJANDRA";"Atencion Clinica";"15";"ASISTENTE SOCIAL";"Región Metropolitana de Santiago";"(186)";"$ 1.478.327";"$ 1.194.564";"$ 0";-;"No";"No tiene";"No tiene";"No tiene";"01/01/2025";"31/12/2025";"No informa";"Sin observaciones";
"2025";"Mayo";"Administrativo";"VALERIA OLATE, MARIA EUGENIA";"Apoyo Administrativo";"21";"ADMINISTRATIVO";"Región Metropolitana de Santiago";"(186)";"$ 700.897";"$ 574.270";"$ 0";-;"Sí";"$ 3.617 : 1,00 hrs";"No tiene";"No tiene";"01/01/2025";"31/12/2025";"No informa";"Sin observaciones";
"2025";"Mayo";"Profesional";"VALIENTE CANCINO, DAVID EDMUNDO";"Atencion Clinica";"15";"TRABAJADOR (A) SOCIAL";"Región Metropolitana de Santiago";"(186)";"$ 1.759.377";"$ 1.469.728";"$ 0";-;"Sí";"$ 240.187 : 30,00 hrs";"$ 57.645 : 6,00 hrs";"No tiene";"01/01/2025";"31/12/2025";"No informa";"Sin observaciones";
"2025";"Mayo";"Médicos cirujanos, farmacéuticos, químico-farmacéuticos, bioquímicos, cirujano-dentistas";"VALLARINO BOADA, MACARENA FRANCISCA";"Atencion Odontologica";"44 Hrs.";"CIRUJANO DENTISTA";"Región Metropolitana de Santiago";"(188)(186)";"$ 4.217.200";"$ 3.412.334";"$ 0";-;"No";"No tiene";"No tiene";"No tiene";"01/01/2025";"31/12/2025";"No informa";"Sin observaciones";
"2025";"Mayo";"Administrativo";"VALLE RETAMAL, ANTONELLA FRANCISCA";"Apoyo Administrativo";"22";"ADMINISTRATIVO";"Región Metropolitana de Santiago";"(01)";"$ 436.012";"$ 359.754";"$ 0";-;"No";"No tiene";"No tiene";"No tiene";"09/05/2025";"28/05/2025";"No informa";"CONTRATO POR REEMPLAZO";
"2025";"Mayo";"Profesional";"VALLEJO GONZALEZ, ANIBAL";"APOYO ADMINISTRATIVO";"9";"PSICOLOGO (A)";"Región Metropolitana de Santiago";"(186)(186)";"$ 2.510.885";"$ 1.997.163";"$ 0";"$ 0";"No";"No tiene";"No tiene";"No tiene";"01/01/2025";"31/12/2025";"No informa";"REMUNERACION MAY.2025+PAGO DIF. BIENIOS ENE-FEB.2025";
"2025";"Mayo";"Médicos cirujanos, farmacéuticos, químico-farmacéuticos, bioquímicos, cirujano-dentistas";"VALLEJO RODRIGUEZ, FABIAN PATRICIO";"Atencion Clinica Medica";"44 Hrs.";"MEDICO CIRUJANO";"Región Metropolitana de Santiago";"(188)(186)";"$ 4.952.958";"$ 4.043.408";"$ 0";-;"No";"No tiene";"No tiene";"No tiene";"01/01/2025";"31/12/2025";"No informa";"Sin observaciones";
"2025";"Mayo";"Técnico";"VALLEJOS TAPIA, CATHERINE DENISSE";"Atencion Clinica";"22";"TECNICO NIVEL SUPERIOR ENFERMERIA";"Región Metropolitana de Santiago";"(01)";"$ 701.532";"$ 478.874";"$ 0";-;"No";"No tiene";"No tiene";"No tiene";"07/04/2025";"30/06/2025";"No informa";"CONTRATO POR REEMPLAZO";
"2025";"Mayo";"Profesional";"VALPREDA ORELLANA, TAMARA DANIELA";"APOYO ADMINISTRATIVO";"15";"ADMINISTRADOR (A) PUBLICO";"Región Metropolitana de Santiago";"(01)";"$ 1.453.153";"$ 1.188.107";"$ 0";"$ 0";"No";"No tiene";"No tiene";"No tiene";"01/01/2025";"30/06/2025";"No informa";"REMUNERACION MAY.2025";
"2025";"Mayo";"Profesional";"VALSASNINI ALVAREZ, IGNACIO LUCIANO";"JEFE DE DEPARTAMENTO";"11";"INGENIERO (A) EN CONECTIVIDAD Y REDES";"Región Metropolitana de Santiago";"(01)";"$ 2.060.691";"$ 1.617.035";"$ 0";"$ 0";"No";"No tiene";"No tiene";"No tiene";"01/01/2025";"31/12/2025";"No informa";"REMUNERACION MAY.2025";
"2025";"Mayo";"Profesional";"VARAS ALFARO, DENNYS DAVID";"Atencion Clinica";"8";"KINESIOLOGO (A)";"Región Metropolitana de Santiago";"(01)";"$ 2.660.255";"$ 2.136.623";"$ 0";-;"No";"No tiene";"No tiene";"No tiene";"01/01/2025";"30/06/2025";"No informa";"Sin observaciones";
"2025";"Mayo";"Médicos cirujanos, farmacéuticos, químico-farmacéuticos, bioquímicos, cirujano-dentistas";"VARAS ARANCIBIA, JUAN RODRIGO";"Apoyo Administrativo";"22 Hrs.";"MEDICO CIRUJANO";"Región Metropolitana de Santiago";"(86)(186)";"$ 2.673.558";"$ 2.125.557";"$ 0";-;"No";"No tiene";"No tiene";"No tiene";"01/01/2025";"31/12/2025";"No informa";"Sin observaciones";
"2025";"Mayo";"Administrativo";"VARAS TORRES, SOLEDAD CATALINA";"Apoyo Administrativo";"22";"ADMINISTRATIVO";"Región Metropolitana de Santiago";"(186)";"$ 730.282";"$ 608.329";"$ 0";-;"Sí";"$ 34.118 : 10,00 hrs";"$ 28.659 : 7,00 hrs";"No tiene";"01/01/2025";"31/12/2025";"No informa";"Sin observaciones";
"2025";"Mayo";"Administrativo";"VARGAS BLANCO, CARLOS ALBERTO";"APOYO ADMINISTRATIVO";"15";"TECNICO NIVEL SUPERIOR ENFERMERIA";"Región Metropolitana de Santiago";"(186)(186)";"$ 1.332.707";"$ 1.054.593";"$ 0";"$ 0";"Sí";"$ 203.120 : 40,00 hrs";"$ 219.370 : 36,00 hrs";"No tiene";"01/01/2025";"31/12/2025";"No informa";"REMUNERACION MAY.2025+PAGO DIF. BIENIOS ABR.2025";
"2025";"Mayo";"Auxiliar";"VARGAS CARVAJAL, MARCO ANTONIO";"CONDUCTOR";"19";"AUXILIAR";"Región Metropolitana de Santiago";"(186)";"$ 1.039.877";"$ 694.764";"$ 0";"$ 0";"Sí";"$ 163.714 : 40,00 hrs";"$ 152.254 : 31,00 hrs";"No tiene";"01/01/2025";"31/12/2025";"No informa";"REMUNERACION MAY.2025";
"2025";"Mayo";"Técnico";"VARGAS DONOSO, FERNANDA CAROLINA";"Atencion Clinica";"22";"TECNICO NIVEL SUPERIOR RECURSOS HUMANOS";"Región Metropolitana de Santiago";"(186)";"$ 708.217";"$ 577.622";"$ 0";-;"No";"No tiene";"No tiene";"No tiene";"01/01/2025";"31/12/2025";"No informa";"Sin observaciones";
"2025";"Mayo";"Profesional";"VARGAS DONOSO, JOHANNA ANDREA";"Atencion Clinica";"15";"KINESIOLOGO (A)";"Región Metropolitana de Santiago";"(186)";"$ 1.673.681";"$ 1.366.313";"$ 0";-;"Sí";"No tiene";"$ 97.833 : 10,00 hrs";"No tiene";"01/01/2025";"31/12/2025";"No informa";"Sin observaciones";
"2025";"Mayo";"Administrativo";"VARGAS LAGOS, JEIMIE CARENT";"APOYO ADMINISTRATIVO";"22";"ADMINISTRATIVO";"Región Metropolitana de Santiago";"(01)";"$ 985.665";"$ 864.997";"$ 0";"$ 0";"Sí";"$ 83.077 : 25,00 hrs";"$ 248.568 : 133,00 hrs";"No tiene";"01/05/2025";"31/05/2025";"No informa";"REEMPLAZO MAY.2025 (01-26)+REEMPLAZO MAY.2025 (27-31)+PAGO BONO MENSUAL";
"2025";"Mayo";"Médicos cirujanos, farmacéuticos, químico-farmacéuticos, bioquímicos, cirujano-dentistas";"VARGAS MUÑOZ, LUIS ALBERTO";"Atencion Clinica Medica";"44 Hrs.";"MEDICO CIRUJANO";"Región Metropolitana de Santiago";"(86)(186)";"$ 3.556.152";"$ 2.834.601";"$ 0";-;"No";"No tiene";"No tiene";"No tiene";"01/01/2025";"31/12/2025";"No informa";"Sin observaciones";
"2025";"Mayo";"Técnico";"VARGAS PEREZ, KATHERINE DANAE";"ATENCION CLINICA";"22";"TECNICO NIVEL SUPERIOR ENFERMERIA";"Región Metropolitana de Santiago";"(202)(204)(186)";"$ 1.030.589";"$ 521.188";"$ 0";"$ 0";"No";"No tiene";"No tiene";"No tiene";"01/01/2025";"31/12/2025";"No informa";"REMUNERACION MAY.2025";
"2025";"Mayo";"Técnico";"VARGAS RUBILAR, ESTEFANIA MACARENA";"Atencion Clinica";"21";"TECNICO NIVEL SUPERIOR ODONTOLOGIA";"Región Metropolitana de Santiago";"(01)";"$ 704.582";"$ 576.630";"$ 0";-;"No";"No tiene";"No tiene";"No tiene";"01/01/2025";"31/12/2025";"No informa";"Sin observaciones";
"2025";"Mayo";"Médicos cirujanos, farmacéuticos, químico-farmacéuticos, bioquímicos, cirujano-dentistas";"VARGAS TRONCOSO, PABLO ANDRES";"Quimico Farmaceutico";"22 Hrs.";"QUIMICO FARMACEUTICO";"Región Metropolitana de Santiago";"(188)(186)";"$ 2.108.549";"$ 1.618.016";"$ 0";-;"No";"No tiene";"No tiene";"No tiene";"01/01/2025";"31/12/2025";"No informa";"Sin observaciones";
"2025";"Mayo";"Médicos cirujanos, farmacéuticos, químico-farmacéuticos, bioquímicos, cirujano-dentistas";"VARGAS TRONCOSO, PABLO ANDRES";"Quimico Farmaceutico";"22 Hrs.";"QUIMICO FARMACEUTICO";"Región Metropolitana de Santiago";"(188)(186)";"$ 2.108.549";"$ 1.794.228";"$ 0";-;"No";"No tiene";"No tiene";"No tiene";"01/01/2025";"31/12/2025";"No informa";"Sin observaciones";
"2025";"Mayo";"Auxiliar";"VASQUEZ ALVARADO, ERIC OSVALDO";"Apoyo Logistico";"18";"AUXILIAR";"Región Metropolitana de Santiago";"(01)";"$ 753.830";"$ 617.153";"$ 0";-;"Sí";"$ 12.629 : 3,00 hrs";"No tiene";"No tiene";"01/01/2025";"30/06/2025";"No informa";"Sin observaciones";
"2025";"Mayo";"Profesional";"VASQUEZ BARRIOS, CAMILA FERNANDA";"Apoyo Administrativo";"12";"ADMINISTRADOR (A) PUBLICO";"Región Metropolitana de Santiago";"(01)";"$ 1.893.964";"$ 1.535.636";"$ 0";-;"No";"No tiene";"No tiene";"No tiene";"01/01/2025";"31/12/2025";"No informa";"Sin observaciones";
"2025";"Mayo";"Profesional";"VASQUEZ CASTILLO, GLORIA XIMENA";"Apoyo Administrativo";"8";"KINESIOLOGO (A)";"Región Metropolitana de Santiago";"(186)";"$ 2.821.297";"$ 2.240.826";"$ 0";-;"No";"No tiene";"No tiene";"No tiene";"01/01/2025";"31/12/2025";"No informa";"Sin observaciones";
"2025";"Mayo";"Administrativo";"VASQUEZ CID, CLAUDIA CAROLINA";"Apoyo Administrativo";"16";"INGENIERO (A) EJECUCION ADMINISTRACION DE EMPRESAS";"Región Metropolitana de Santiago";"(186)";"$ 1.569.603";"$ 1.310.501";"$ 0";-;"Sí";"No tiene";"$ 251.923 : 30,00 hrs";"No tiene";"01/01/2025";"31/12/2025";"No informa";"Sin observaciones";
"2025";"Mayo";"Administrativo";"VASQUEZ FERNANDEZ, MURIEL";"SECRETARIA";"16";"TECNICO NIVEL SUPERIOR EN SECRETARIA";"Región Metropolitana de Santiago";"(186)";"$ 880.528";"$ 716.375";"$ 0";"$ 0";"Sí";"$ 51.385 : 11,00 hrs";"No tiene";"No tiene";"01/01/2025";"31/12/2025";"No informa";"REMUNERACION MAY.2025";
"2025";"Mayo";"Administrativo";"VASQUEZ FLORES, CRISTOPHER ANTONIO";"Apoyo Administrativo";"16";"INGENIERO (A) EN ADMINISTRACION DE RECURSOS HUMANOS";"Región Metropolitana de Santiago";"(01)";"$ 1.309.912";"$ 1.064.837";"$ 0";-;"No";"No tiene";"No tiene";"No tiene";"01/05/2025";"31/07/2025";"No informa";"Sin observaciones";
"2025";"Mayo";"Profesional";"VASQUEZ GALLARDO, CESAR ALFREDO";"Director Zonal";"5";"PSICOLOGO (A)";"Región Metropolitana de Santiago";"(186)";"$ 3.490.826";"$ 2.774.501";"$ 0";-;"No";"No tiene";"No tiene";"No tiene";"01/01/2025";"31/12/2025";"No informa";"Sin observaciones";
"2025";"Mayo";"Médicos cirujanos, farmacéuticos, químico-farmacéuticos, bioquímicos, cirujano-dentistas";"VASQUEZ NAVARRETE, BRIAN ELIAS";"Atencion Clinica Medica";"44 Hrs.";"MEDICO CIRUJANO";"Región Metropolitana de Santiago";"(86)(186)";"$ 3.376.336";"$ 2.658.168";"$ 0";-;"No";"No tiene";"No tiene";"No tiene";"01/01/2025";"31/12/2025";"No informa";"Sin observaciones";
"2025";"Mayo";"Auxiliar";"VASQUEZ PADILLA, JOSE MIGUEL";"Apoyo Logistico";"22";"AUXILIAR";"Región Metropolitana de Santiago";"(202)";"$ 932.254";"$ 760.253";"$ 0";-;"No";"No tiene";"No tiene";"No tiene";"01/01/2025";"31/12/2025";"No informa";"Sin observaciones";
"2025";"Mayo";"Profesional";"VASQUEZ RIVEROS, CARLA ANDREA";"Jefe Unidad de Apoyo";"6";"NUTRICIONISTA";"Región Metropolitana de Santiago";"(186)";"$ 3.376.834";"$ 2.680.777";"$ 0";-;"No";"No tiene";"No tiene";"No tiene";"01/01/2025";"31/12/2025";"No informa";"REMUNERACION DEL MES + BONO ESCOLAR";
"2025";"Mayo";"Médicos cirujanos, farmacéuticos, químico-farmacéuticos, bioquímicos, cirujano-dentistas";"VASQUEZ RUIZ, MARIANA CECILIA";"Medico Becario Primario";"44 Hrs.";"MEDICO CIRUJANO";"Región Metropolitana de Santiago";"(01)";"$ 3.458.582";"$ 2.856.781";"$ 0";-;"No";"No tiene";"No tiene";"No tiene";"07/04/2025";"06/04/2026";"No informa";"Sin observaciones";
"2025";"Mayo";"Técnico";"VASQUEZ SAEZ, TARIN VANESSA";"ATENCION CLINICA";"22";"TECNICO NIVEL SUPERIOR ENFERMERIA";"Región Metropolitana de Santiago";"(202)(204)(186)";"$ 1.161.760";"$ 790.578";"$ 0";"$ 0";"Sí";"$ 54.116 : 16,00 hrs";"$ 81.174 : 20,00 hrs";"No tiene";"01/01/2025";"31/12/2025";"No informa";"REMUNERACION MAY.2025";
"2025";"Mayo";"Auxiliar";"VEGA MIRANDA, JOSE IGNACIO";"CONDUCTOR";"22";"TECNICO NIVEL SUPERIOR ENFERMERIA";"Región Metropolitana de Santiago";"(205)(202)(204)";"$ 1.224.546";"$ 851.919";"$ 0";"$ 0";"Sí";"$ 6.646 : 2,00 hrs";"$ 135.582 : 34,00 hrs";"No tiene";"01/01/2025";"31/12/2025";"No informa";"REMUNERACION MAY.2025";
"2025";"Mayo";"Profesional";"VEGA NUÑEZ, ANA PAULA";"Atencion Clinica";"16";"PSICOLOGO (A)";"Región Metropolitana de Santiago";"(01)";"$ 1.245.208";"$ 866.779";"$ 0";-;"No";"No tiene";"No tiene";"No tiene";"25/03/2025";"02/05/2025";"No informa";"CONTRATO POR REEMPLAZO";
"2025";"Mayo";"Profesional";"VEGA NUÑEZ, ANA PAULA";"Atencion Clinica";"16";"PSICOLOGO (A)";"Región Metropolitana de Santiago";"(01)";"$ 0";"$ 0";"$ 0";-;"No";"No tiene";"No tiene";"No tiene";"06/05/2025";"06/06/2025";"No informa";"MONTO TOTAL DEL CONTRATO INFORMADO EN LA FILA 11152 CONTRATO EN REEMPLAZO";
"2025";"Mayo";"Profesional";"VEJAR CONTRERAS, CARLOS FABIAN";"Subdirector";"7";"KINESIOLOGO (A)";"Región Metropolitana de Santiago";"(01)";"$ 3.009.609";"$ 2.385.737";"$ 0";-;"No";"No tiene";"No tiene";"No tiene";"01/01/2025";"31/12/2025";"No informa";"Sin observaciones";
"2025";"Mayo";"Médicos cirujanos, farmacéuticos, químico-farmacéuticos, bioquímicos, cirujano-dentistas";"VELASQUEZ OSORIO, KARIN FERNANDA";"Medico PAO";"22 Hrs.";"MEDICO CIRUJANO";"Región Metropolitana de Santiago";"(86)(186)";"$ 3.501.285";"$ 2.784.124";"$ 0";-;"No";"No tiene";"No tiene";"No tiene";"01/01/2025";"31/12/2025";"No informa";"Sin observaciones";
"2025";"Mayo";"Profesional";"VELASQUEZ SANCHEZ, MARIA TERESA";"Atencion Clinica";"15";"ASISTENTE SOCIAL";"Región Metropolitana de Santiago";"(220)(186)";"$ 1.806.048";"$ 1.484.626";"$ 0";-;"Sí";"$ 96.661 : 12,00 hrs";"$ 77.329 : 8,00 hrs";"No tiene";"01/01/2025";"31/12/2025";"No informa";"Sin observaciones";
"2025";"Mayo";"Técnico";"VELIZ FARIAS, MARIA VICTORIA";"Atencion Clinica";"22";"TECNICO NIVEL SUPERIOR ENFERMERIA";"Región Metropolitana de Santiago";"(186)";"$ 705.649";"$ 575.456";"$ 0";-;"No";"No tiene";"No tiene";"No tiene";"01/01/2025";"31/12/2025";"No informa";"Sin observaciones";
"2025";"Mayo";"Profesional";"VELIZ PEREZ, KATHERINE MASSIEL";"Apoyo Administrativo";"6";"INGENIERO (A) EJECUCION ADMINISTRACION";"Región Metropolitana de Santiago";"(186)";"$ 3.341.161";"$ 2.632.278";"$ 0";-;"No";"No tiene";"No tiene";"No tiene";"01/01/2025";"31/12/2025";"No informa";"Sin observaciones";
"2025";"Mayo";"Profesional";"VELOSO CABRERA, RAUL EDUARDO";"ATENCION CLINICA";"12";"ENFERMERA (O)";"Región Metropolitana de Santiago";"(203)(204)(186)";"$ 2.810.869";"$ 2.070.459";"$ 0";"$ 0";"Sí";"$ 21.195 : 2,00 hrs";"$ 127.170 : 10,00 hrs";"No tiene";"01/01/2025";"31/12/2025";"No informa";"REMUNERACION MAY.2025";
"2025";"Mayo";"Médicos cirujanos, farmacéuticos, químico-farmacéuticos, bioquímicos, cirujano-dentistas";"VENEGAS AÑAZCO, CLAUDIO FELIPE";"Atencion Odontologica";"22 Hrs.";"CIRUJANO DENTISTA";"Región Metropolitana de Santiago";"(01)";"$ 1.202.044";"$ 989.722";"$ 0";-;"No";"No tiene";"No tiene";"No tiene";"01/01/2025";"31/05/2025";"No informa";"Sin observaciones";
"2025";"Mayo";"Profesional";"VENEGAS AROS, JOSE MIGUEL";"Apoyo Administrativo";"12";"ADMINISTRADOR (A) PUBLICO";"Región Metropolitana de Santiago";"(01)";"$ 1.986.573";"$ 1.608.904";"$ 0";-;"Sí";"$ 92.609 : 9,00 hrs";"No tiene";"No tiene";"01/01/2025";"31/12/2025";"No informa";"Sin observaciones";
"2025";"Mayo";"Profesional";"VENEGAS AVILES, OSCAR ANDRES";"JEFE DE DEPARTAMENTO";"7";"INGENIERO (A) COMERCIAL";"Región Metropolitana de Santiago";"(186)";"$ 2.982.618";"$ 2.278.725";"$ 0";"$ 0";"No";"No tiene";"No tiene";"No tiene";"01/01/2025";"31/12/2025";"No informa";"REMUNERACION MAY.2025";
"2025";"Mayo";"Administrativo";"VENEGAS BAHAMONDES, ISABEL ALEJANDRA";"Secretaria";"13";"ADMINISTRATIVO";"Región Metropolitana de Santiago";"(186)";"$ 1.062.516";"$ 877.113";"$ 0";-;"Sí";"$ 57.079 : 10,00 hrs";"No tiene";"No tiene";"01/01/2025";"31/12/2025";"No informa";"Sin observaciones";
"2025";"Mayo";"Profesional";"VENEGAS GARRIDO, VIOLETA SOLANGE";"Apoyo Administrativo";"8";"CONTADOR (A) AUDITOR (A)";"Región Metropolitana de Santiago";"(186)";"$ 2.763.766";"$ 2.200.543";"$ 0";-;"No";"No tiene";"No tiene";"No tiene";"01/01/2025";"31/12/2025";"No informa";"Sin observaciones";
"2025";"Mayo";"Administrativo";"VENEGAS IBIETA, LUIS ALBERTO";"Apoyo Logistico";"18";"ADMINISTRATIVO";"Región Metropolitana de Santiago";"(186)";"$ 906.604";"$ 763.709";"$ 0";-;"Sí";"$ 132.101 : 30,00 hrs";"No tiene";"No tiene";"01/01/2025";"31/12/2025";"No informa";"Sin observaciones";
"2025";"Mayo";"Auxiliar";"VENEGAS TORRES, GUILLERMO ANTONIO";"CONDUCTOR";"20";"INGENIERO (A) PREVENCION DE RIESGOS";"Región Metropolitana de Santiago";"(01)";"$ 926.829";"$ 749.018";"$ 0";"$ 0";"No";"No tiene";"No tiene";"No tiene";"01/01/2025";"31/12/2025";"No informa";"REMUNERACION MAY.2025";
"2025";"Mayo";"Profesional";"VERA GUTIERREZ, JOB ISRAEL";"ATENCION CLINICA";"12";"ENFERMERA (O)";"Región Metropolitana de Santiago";"(203)(204)(186)";"$ 2.648.191";"$ 1.967.059";"$ 0";"$ 0";"No";"No tiene";"No tiene";"No tiene";"01/01/2025";"31/12/2025";"No informa";"REMUNERACION MAY.2025";
"2025";"Mayo";"Profesional";"VERA HIGUERA, EVA MARIA";"Apoyo Administrativo";"12";"INGENIERO (A) EN GESTION DE RECURSOS HUMANOS";"Región Metropolitana de Santiago";"(186)";"$ 2.004.237";"$ 1.623.680";"$ 0";-;"No";"No tiene";"No tiene";"No tiene";"01/01/2025";"31/12/2025";"No informa";"Sin observaciones";
"2025";"Mayo";"Profesional";"VERA HIGUERA, KATHERINE ANDREA";"Apoyo Administrativo";"8";"INGENIERO (A) ADMINISTRACION DE EMPRESAS";"Región Metropolitana de Santiago";"(01)";"$ 2.749.384";"$ 2.206.110";"$ 0";-;"No";"No tiene";"No tiene";"No tiene";"01/01/2025";"31/12/2025";"No informa";"Sin observaciones";
"2025";"Mayo";"Auxiliar";"VERA MARIN, IGNACIO ANDRES";"CONDUCTOR";"22";"TECNICO NIVEL MEDIO EN ALIMENTACION";"Región Metropolitana de Santiago";"(202)(204)";"$ 1.482.958";"$ 1.251.164";"$ 0";"$ 0";"Sí";"$ 111.988 : 40,00 hrs";"$ 391.957 : 176,00 hrs";"No tiene";"01/01/2025";"31/07/2025";"No informa";"REMUNERACION MAY.2025";
"2025";"Mayo";"Profesional";"VERA MONTENEGRO, GASTON ANIBAL";"Apoyo Administrativo";"6";"INGENIERO (A) EJECUCION MECANICA";"Región Metropolitana de Santiago";"(186)";"$ 3.218.326";"$ 2.561.034";"$ 0";-;"No";"No tiene";"No tiene";"No tiene";"01/01/2025";"31/12/2025";"No informa";"Sin observaciones";
"2025";"Mayo";"Técnico";"VERA SOTO, CARLOS ALBERTO";"ATENCION CLINICA";"22";"TECNICO NIVEL SUPERIOR ENFERMERIA";"Región Metropolitana de Santiago";"(202)(204)(186)";"$ 1.026.470";"$ 758.878";"$ 0";"$ 0";"No";"No tiene";"No tiene";"No tiene";"01/01/2025";"31/12/2025";"No informa";"REMUNERACION MAY.2025";
"2025";"Mayo";"Profesional";"VERAGUA ORTEGA, MICHELLE BLANCA";"Apoyo Administrativo";"16";"TECNOLOGO (A) EN INFORMATICA BIOMEDICA";"Región Metropolitana de Santiago";"(01)";"$ 1.334.152";"$ 1.092.694";"$ 0";-;"No";"No tiene";"No tiene";"No tiene";"01/01/2025";"31/12/2025";"No informa";"Sin observaciones";
"2025";"Mayo";"Técnico";"VERGARA AREVALO, MOISES ELISEO";"Atencion Clinica";"20";"TECNICO NIVEL SUPERIOR RECURSOS HUMANOS";"Región Metropolitana de Santiago";"(186)";"$ 905.597";"$ 775.515";"$ 0";-;"Sí";"$ 152.647 : 40,00 hrs";"$ 36.635 : 8,00 hrs";"No tiene";"01/01/2025";"31/12/2025";"No informa";"Sin observaciones";
"2025";"Mayo";"Médicos cirujanos, farmacéuticos, químico-farmacéuticos, bioquímicos, cirujano-dentistas";"VERGARA CABRERA, CRISTOBAL TOMAS";"Atencion Clinica Medica";"44 Hrs.";"MEDICO CIRUJANO";"Región Metropolitana de Santiago";"(86)";"$ 2.929.627";"$ 2.322.281";"$ 0";-;"No";"No tiene";"No tiene";"No tiene";"01/01/2025";"31/12/2025";"No informa";"Sin observaciones";
"2025";"Mayo";"Técnico";"VERGARA CONTRERAS, SIGRID FABIOLA";"Atencion Clinica";"21";"AUXILIAR PARAMEDICO DE ENFERMERIA";"Región Metropolitana de Santiago";"(186)";"$ 698.833";"$ 571.156";"$ 0";-;"No";"No tiene";"No tiene";"No tiene";"01/01/2025";"31/12/2025";"No informa";"Sin observaciones";
"2025";"Mayo";"Técnico";"VERGARA LAGOS, DARWIN NOE";"Apoyo Administrativo";"14";"TECNICO EN COMPUTACION";"Región Metropolitana de Santiago";"(186)";"$ 1.598.907";"$ 1.303.558";"$ 0";-;"No";"No tiene";"No tiene";"No tiene";"01/01/2025";"31/12/2025";"No informa";"Sin observaciones";
"2025";"Mayo";"Médicos cirujanos, farmacéuticos, químico-farmacéuticos, bioquímicos, cirujano-dentistas";"VERGARA MUÑOZ, MARIA SOLEDAD";"Atencion Clinica Medica";"44 Hrs.";"MEDICO CIRUJANO";"Región Metropolitana de Santiago";"(86)";"$ 2.929.627";"$ 2.342.355";"$ 0";-;"No";"No tiene";"No tiene";"No tiene";"01/01/2025";"31/12/2025";"No informa";"Sin observaciones";
"2025";"Mayo";"Administrativo";"VERGARA NAVARRETE, SANDRA DE LOURDES";"Apoyo Administrativo";"18";"ADMINISTRATIVO";"Región Metropolitana de Santiago";"(186)";"$ 911.701";"$ 764.115";"$ 0";-;"Sí";"$ 87.346 : 19,00 hrs";"$ 16.550 : 3,00 hrs";"No tiene";"01/01/2025";"31/12/2025";"No informa";"Sin observaciones";
"2025";"Mayo";"Médicos cirujanos, farmacéuticos, químico-farmacéuticos, bioquímicos, cirujano-dentistas";"VERGARA ORELLANA, IGNACIA JESUS";"Atencion Odontologica";"22 Hrs.";"CIRUJANO DENTISTA";"Región Metropolitana de Santiago";"(188)(186)";"$ 2.371.313";"$ 1.913.328";"$ 0";-;"No";"No tiene";"No tiene";"No tiene";"01/01/2025";"31/12/2025";"No informa";"Sin observaciones";
"2025";"Mayo";"Profesional";"VERGARA SAAVEDRA, KATIA ANDREA";"Atencion Clinica";"16";"TERAPEUTA OCUPACIONAL";"Región Metropolitana de Santiago";"(01)";"$ 1.444.264";"$ 1.444.264";"$ 0";-;"Sí";"$ 65.640 : 9,00 hrs";"No tiene";"No tiene";"01/01/2025";"31/05/2025";"No informa";"CONTRATO POR REEMPLAZO";
"2025";"Mayo";"Profesional";"VERGARA TORRES, ALEXIS ANDRES";"Apoyo Administrativo";"8";"KINESIOLOGO (A)";"Región Metropolitana de Santiago";"(186)";"$ 2.806.915";"$ 2.250.320";"$ 0";-;"No";"No tiene";"No tiene";"No tiene";"01/01/2025";"31/12/2025";"No informa";"Sin observaciones";
"2025";"Mayo";"Médicos cirujanos, farmacéuticos, químico-farmacéuticos, bioquímicos, cirujano-dentistas";"VERGARA VARGAS, ALEJANDRA ANDREA";"CIRUGIA GENERAL";"28 Hrs.";"MEDICO CIRUJANO";"Región Metropolitana de Santiago";"(194)(193)(198)(186)";"$ 3.412.518";"$ 2.566.928";"$ 0";"$ 0";"No";"No tiene";"No tiene";"No tiene";"01/01/2025";"31/12/2025";"No informa";"REMUNERACION MAY.2025";
"2025";"Mayo";"Profesional";"VERGARA VILLEGAS, CLAUDIA ANDREA";"ATENCION CLINICA";"11";"KINESIOLOGO (A)";"Región Metropolitana de Santiago";"(203)(186)(203)(204)(186)";"$ 3.401.925";"$ 2.573.513";"$ 0";"$ 0";"Sí";"$ 464.467 : 40,00 hrs";"No tiene";"No tiene";"01/01/2025";"31/12/2025";"No informa";"REMUNERACION MAY.2025+PAGO DIF. BIENIOS ABR.2025";
"2025";"Mayo";"Administrativo";"VIAL SANDOVAL, YARNA SCARLETTE";"Apoyo Administrativo";"22";"ADMINISTRATIVO";"Región Metropolitana de Santiago";"(186)";"$ 658.515";"$ 537.019";"$ 0";-;"No";"No tiene";"No tiene";"No tiene";"01/01/2025";"31/12/2025";"No informa";"Sin observaciones";
"2025";"Mayo";"Técnico";"VIDAL CONTRERAS, MANUEL ANGEL";"ATENCION CLINICA";"21";"TECNICO NIVEL SUPERIOR ENFERMERIA";"Región Metropolitana de Santiago";"(203)(186)(203)(204)(186)";"$ 973.082";"$ 453.761";"$ 0";"$ 0";"No";"No tiene";"No tiene";"No tiene";"01/01/2025";"31/12/2025";"No informa";"REMUNERACION MAY.2025+PAGO DIF. BIENIOS ENE-FEB.2025";
"2025";"Mayo";"Profesional";"VIDAL SEPULVEDA, DANIELA ALEJANDRA";"Atencion Clinica";"15";"ENFERMERA (O)";"Región Metropolitana de Santiago";"(01)";"$ 1.453.153";"$ 1.174.854";"$ 0";-;"No";"No tiene";"No tiene";"No tiene";"01/01/2025";"31/12/2025";"No informa";"Sin observaciones";
"2025";"Mayo";"Profesional";"VIDELA MARTINEZ, PABLO ANDRES";"Jefe de Subdepartamento";"5";"INGENIERO (A) CIVIL INDUSTRIAL";"Región Metropolitana de Santiago";"(186)";"$ 3.580.156";"$ 2.829.461";"$ 0";-;"No";"No tiene";"No tiene";"No tiene";"01/01/2025";"31/12/2025";"No informa";"Sin observaciones";
"2025";"Mayo";"Auxiliar";"VIDELA RETAMAL, GUILLERMO ANTONIO";"CONDUCTOR";"22";"AUXILIAR";"Región Metropolitana de Santiago";"(205)(202)(204)";"$ 1.224.119";"$ 989.481";"$ 0";"$ 0";"Sí";"$ 93.047 : 28,00 hrs";"$ 79.754 : 20,00 hrs";"No tiene";"01/01/2025";"31/12/2025";"No informa";"REMUNERACION MAY.2025";
"2025";"Mayo";"Técnico";"VIGORENA BECERRA, MAURICIO ABRAHAM";"ATENCION CLINICA";"21";"TECNICO NIVEL SUPERIOR ENFERMERIA";"Región Metropolitana de Santiago";"(203)(186)(203)(204)(186)";"$ 1.069.969";"$ 652.076";"$ 0";"$ 0";"Sí";"$ 52.345 : 14,00 hrs";"$ 44.542 : 10,00 hrs";"No tiene";"01/01/2025";"31/12/2025";"No informa";"REMUNERACION MAY.2025+PAGO DIF. BIENIOS ENE-FEB.2025";
"2025";"Mayo";"Técnico";"VILCHE CIFUENTES, JULIO ESTEBAN";"ATENCION CLINICA";"22";"TECNICO NIVEL SUPERIOR ENFERMERIA";"Región Metropolitana de Santiago";"(01)";"$ 707.447";"$ 577.712";"$ 0";"$ 0";"Sí";"No tiene";"$ 136.789 : 76,00 hrs";"No tiene";"01/05/2025";"22/05/2025";"No informa";"REEMPLAZO ABR.2025 (28-30)+REEMPLAZO MAY.2025 (01-22)+PAGO BONO MENSUAL";
"2025";"Mayo";"Profesional";"VILLA CASTRO, BRUNELA PAZ";"Atencion Clinica";"15";"FONOAUDIOLOGO (A)";"Región Metropolitana de Santiago";"(01)";"$ 1.453.153";"$ 1.174.854";"$ 0";-;"No";"No tiene";"No tiene";"No tiene";"01/02/2025";"31/07/2025";"No informa";"Sin observaciones";
"2025";"Mayo";"Profesional";"VILLA RIQUELME, ANDRES ALFONSO";"JEFE DE DEPARTAMENTO";"6";"ADMINISTRADOR (A) PUBLICO";"Región Metropolitana de Santiago";"(186)(186)";"$ 3.374.867";"$ 2.493.596";"$ 0";"$ 0";"No";"No tiene";"No tiene";"No tiene";"01/01/2025";"31/12/2025";"No informa";"REMUNERACION MAY.2025+PAGO DIF. BIENIOS ENE-FEB.2025";
"2025";"Mayo";"Auxiliar";"VILLABLANCA QUEZADA, ALICIA AURORA";"Chofer";"19";"AUXILIAR";"Región Metropolitana de Santiago";"(205)(186)";"$ 1.524.105";"$ 1.355.878";"$ 0";-;"Sí";"$ 84.030 : 20,00 hrs";"$ 625.186 : 124,00 hrs";"No tiene";"01/01/2025";"31/12/2025";"No informa";"Sin observaciones";
"2025";"Mayo";"Administrativo";"VILLAGRA MESA, INES MAGDALENA";"Apoyo Administrativo";"21";"ADMINISTRATIVO";"Región Metropolitana de Santiago";"(01)";"$ 692.691";"$ 566.490";"$ 0";-;"No";"No tiene";"No tiene";"No tiene";"01/01/2025";"31/12/2025";"No informa";"Sin observaciones";
"2025";"Mayo";"Administrativo";"VILLAGRA SANDOVAL, FRANCISCO JAVIER";"APOYO LOGISTICO";"22";"INGENIERO (A) EN COMPUTACION E INFORMATICA";"Región Metropolitana de Santiago";"(01)";"$ 856.320";"$ 695.813";"$ 0";"$ 0";"No";"No tiene";"No tiene";"No tiene";"01/01/2025";"31/05/2025";"No informa";"REMUNERACION MAY.2025";
"2025";"Mayo";"Administrativo";"VILLAGRA VILLAGRA, MARITZA DEL CARMEN";"Apoyo Administrativo";"21";"ADMINISTRATIVO";"Región Metropolitana de Santiago";"(186)";"$ 907.062";"$ 779.669";"$ 0";-;"Sí";"$ 144.677 : 40,00 hrs";"$ 65.105 : 15,00 hrs";"No tiene";"01/01/2025";"31/12/2025";"No informa";"Sin observaciones";
"2025";"Mayo";"Profesional";"VILLAGRAN BARRAZA, CAROLINA ANDREA";"Atencion Clinica";"15";"ENFERMERA (O)";"Región Metropolitana de Santiago";"(186)";"$ 1.461.545";"$ 1.183.809";"$ 0";-;"No";"No tiene";"No tiene";"No tiene";"01/01/2025";"31/12/2025";"No informa";"Sin observaciones";
"2025";"Mayo";"Profesional";"VILLALBA PEDREROS, SILVIA PAOLA";"Apoyo Administrativo";"10";"ASISTENTE SOCIAL";"Región Metropolitana de Santiago";"(186)";"$ 2.343.633";"$ 1.873.479";"$ 0";-;"No";"No tiene";"No tiene";"No tiene";"01/01/2025";"31/12/2025";"No informa";"Sin observaciones";
"2025";"Mayo";"Auxiliar";"VILLALOBOS BRAVO, ENOC FRANCISCO";"Apoyo Logistico";"23";"AUXILIAR";"Región Metropolitana de Santiago";"(01)";"$ 745.228";"$ 679.124";"$ 0";-;"Sí";"No tiene";"$ 369.213 : 144,00 hrs";"No tiene";"19/03/2025";"19/05/2025";"No informa";"CONTRATO POR REEMPLAZO";
"2025";"Mayo";"Médicos cirujanos, farmacéuticos, químico-farmacéuticos, bioquímicos, cirujano-dentistas";"VILLALOBOS DE CALDERA, IRAIS JOSEFINA";"Atencion Clinica Medica";"44 Hrs.";"MEDICO CIRUJANO";"Región Metropolitana de Santiago";"(01)";"$ 1.878.546";"$ 1.523.435";"$ 0";-;"No";"No tiene";"No tiene";"No tiene";"01/01/2025";"31/12/2025";"No informa";"Sin observaciones";
"2025";"Mayo";"Profesional";"VILLALOBOS MATAMALA, ORIANA LISSETTE";"Apoyo Administrativo";"11";"TECNOLOGO (A) MEDICO";"Región Metropolitana de Santiago";"(186)";"$ 2.195.491";"$ 1.759.670";"$ 0";-;"No";"No tiene";"No tiene";"No tiene";"01/01/2025";"31/12/2025";"No informa";"Sin observaciones";
"2025";"Mayo";"Profesional";"VILLANE YAÑEZ, BEATRIZ CONSTANZA";"Jefe de Unidad";"6";"PSICOLOGO (A)";"Región Metropolitana de Santiago";"(186)";"$ 3.307.455";"$ 2.601.950";"$ 0";-;"No";"No tiene";"No tiene";"No tiene";"01/01/2025";"31/12/2025";"No informa";"Sin observaciones";
"2025";"Mayo";"Profesional";"VILLANUEVA ESPINOSA, CYNTHIA JOSELYN";"Apoyo Administrativo";"12";"ENFERMERA (O)";"Región Metropolitana de Santiago";"(186)";"$ 2.014.809";"$ 1.618.610";"$ 0";-;"No";"No tiene";"No tiene";"No tiene";"01/01/2025";"31/12/2025";"No informa";"Sin observaciones";
"2025";"Mayo";"Profesional";"VILLARROEL GONZALEZ, CATALINA XIMENA";"Apoyo Administrativo";"6";"ENFERMERA (O)";"Región Metropolitana de Santiago";"(186)";"$ 3.290.602";"$ 2.594.285";"$ 0";-;"No";"No tiene";"No tiene";"No tiene";"01/01/2025";"31/12/2025";"No informa";"Sin observaciones";
"2025";"Mayo";"Profesional";"VILLARROEL LERZUNDI, CIRO EUGENIO";"Apoyo Administrativo";"10";"ING. EN PREVENCION DE RIESGO";"Región Metropolitana de Santiago";"(186)";"$ 2.392.956";"$ 1.912.387";"$ 0";-;"No";"No tiene";"No tiene";"No tiene";"01/01/2025";"31/12/2025";"No informa";"Sin observaciones";
"2025";"Mayo";"Profesional";"VILLARROEL SAN MARTIN, QUIDORA SOLEDAD";"Apoyo Administrativo";"15";"ASISTENTE SOCIAL";"Región Metropolitana de Santiago";"(186)";"$ 1.461.545";"$ 1.181.284";"$ 0";-;"No";"No tiene";"No tiene";"No tiene";"01/01/2025";"31/12/2025";"No informa";"Sin observaciones";
"2025";"Mayo";"Profesional";"VILLARROEL VALDIVIA, MARIA ANGELICA";"ENFERMERA (O)";"5";"ENFERMERA (O)";"Región Metropolitana de Santiago";"(186)";"$ 3.473.160";"$ 2.736.406";"$ 0";-;"No";"No tiene";"No tiene";"No tiene";"01/01/2025";"31/12/2025";"No informa";"Sin observaciones";
"2025";"Mayo";"Profesional";"VILLEGAS MOLINA, MAIRA VALESKA";"Apoyo Administrativo";"12";"INGENIERO (A) EJECUCION ADMINISTRACION DE EMPRESAS";"Región Metropolitana de Santiago";"(186)";"$ 2.004.237";"$ 1.610.361";"$ 0";-;"No";"No tiene";"No tiene";"No tiene";"01/01/2025";"31/12/2025";"No informa";"Sin observaciones";
"2025";"Mayo";"Auxiliar";"VINET MORALES, JOSE MIGUEL";"Chofer";"19";"AUXILIAR";"Región Metropolitana de Santiago";"(205)(186)";"$ 1.131.056";"$ 981.051";"$ 0";-;"Sí";"$ 87.472 : 21,00 hrs";"$ 234.922 : 47,00 hrs";"No tiene";"01/01/2025";"31/12/2025";"No informa";"Sin observaciones";
"2025";"Mayo";"Profesional";"VITTINI GONZALEZ, ANDRES ESTEBAN";"Apoyo Administrativo";"8";"INGENIERO (A) EJECUCION ADMINISTRACION";"Región Metropolitana de Santiago";"(01)";"$ 2.749.384";"$ 2.186.754";"$ 0";-;"No";"No tiene";"No tiene";"No tiene";"01/01/2025";"30/06/2025";"No informa";"Sin observaciones";
"2025";"Mayo";"Médicos cirujanos, farmacéuticos, químico-farmacéuticos, bioquímicos, cirujano-dentistas";"VIVALLO OÑATE, NATALIA VICTORIA";"MEDICINA FAMILIAR";"22 Hrs.";"MEDICO CIRUJANO";"Región Metropolitana de Santiago";"(188)(186)";"$ 2.410.788";"$ 1.928.629";"$ 0";-;"No";"No tiene";"No tiene";"No tiene";"01/01/2025";"31/12/2025";"No informa";"Sin observaciones";
"2025";"Mayo";"Médicos cirujanos, farmacéuticos, químico-farmacéuticos, bioquímicos, cirujano-dentistas";"VIVANCO CONCHA, FERNANDO ISRAEL";"Medico Becario Primario";"44 Hrs.";"MEDICO CIRUJANO";"Región Metropolitana de Santiago";"(01)";"$ 2.801.656";"$ 2.309.124";"$ 0";-;"No";"No tiene";"No tiene";"No tiene";"08/05/2024";"07/05/2026";"No informa";"Sin observaciones";
"2025";"Mayo";"Profesional";"WALTON MUÑOZ, MACARENA PAZ";"Apoyo Administrativo";"13";"ENFERMERA (O)";"Región Metropolitana de Santiago";"(01)";"$ 1.724.492";"$ 1.388.118";"$ 0";-;"No";"No tiene";"No tiene";"No tiene";"01/02/2025";"31/07/2025";"No informa";"Sin observaciones";
"2025";"Mayo";"Médicos cirujanos, farmacéuticos, químico-farmacéuticos, bioquímicos, cirujano-dentistas";"WEBER FAUNDEZ, DANIELA";"Atencion Clinica Medica";"44 Hrs.";"MEDICO CIRUJANO";"Región Metropolitana de Santiago";"(86)";"$ 2.929.627";"$ 2.343.304";"$ 0";-;"No";"No tiene";"No tiene";"No tiene";"01/01/2025";"31/12/2025";"No informa";"Sin observaciones";
"2025";"Mayo";"Médicos cirujanos, farmacéuticos, químico-farmacéuticos, bioquímicos, cirujano-dentistas";"WERNER REYES, PATRICIO ANDRES";"Atencion Clinica Medica";"44 Hrs.";"MEDICO CIRUJANO";"Región Metropolitana de Santiago";"(86)(186)";"$ 3.376.336";"$ 2.658.168";"$ 0";-;"No";"No tiene";"No tiene";"No tiene";"01/01/2025";"31/12/2025";"No informa";"Sin observaciones";
"2025";"Mayo";"Profesional";"WEVAR CARRASCO, DENISE PAOLA";"Apoyo Administrativo";"9";"INGENIERO (A) EN ADMINISTRACION";"Región Metropolitana de Santiago";"(186)";"$ 2.546.753";"$ 2.031.932";"$ 0";-;"No";"No tiene";"No tiene";"No tiene";"01/01/2025";"31/12/2025";"No informa";"Sin observaciones";
"2025";"Mayo";"Médicos cirujanos, farmacéuticos, químico-farmacéuticos, bioquímicos, cirujano-dentistas";"WITTO ESPINOZA, ROCIO JOSEFINA";"Medico Becario Primario";"44 Hrs.";"MEDICO CIRUJANO";"Región Metropolitana de Santiago";"(01)";"$ 2.801.656";"$ 2.292.875";"$ 0";-;"No";"No tiene";"No tiene";"No tiene";"06/05/2024";"05/05/2026";"No informa";"Sin observaciones";
"2025";"Mayo";"Profesional";"YALUL SUAREZ, NICOLAS ALEXANDER";"Atencion Clinica";"12";"FONOAUDIOLOGO (A)";"Región Metropolitana de Santiago";"(01)";"$ 2.085.992";"$ 1.693.289";"$ 0";-;"Sí";"$ 102.899 : 10,00 hrs";"No tiene";"No tiene";"01/01/2025";"31/12/2025";"No informa";"Sin observaciones";
"2025";"Mayo";"Técnico";"YAÑEZ AVILA, SILVIA PAULINA";"Atencion Clinica";"22";"TECNICO NIVEL SUPERIOR ENFERMERIA";"Región Metropolitana de Santiago";"(186)";"$ 706.933";"$ 571.754";"$ 0";-;"No";"No tiene";"No tiene";"No tiene";"01/01/2025";"31/12/2025";"No informa";"Sin observaciones";
"2025";"Mayo";"Profesional";"YAÑEZ D?JABER, CAMILO ESTEBAN";"Atencion Clinica";"12";"ENFERMERA (O)";"Región Metropolitana de Santiago";"(01)";"$ 2.374.109";"$ 1.968.548";"$ 0";-;"Sí";"$ 267.537 : 26,00 hrs";"$ 123.479 : 10,00 hrs";"No tiene";"01/01/2025";"30/06/2025";"No informa";"Sin observaciones";
"2025";"Mayo";"Profesional";"YAÑEZ HERRERA, NICOLE ALEXANDRA";"Atencion Clinica";"15";"TERAPEUTA OCUPACIONAL";"Región Metropolitana de Santiago";"(220)(186)";"$ 1.687.717";"$ 1.383.255";"$ 0";-;"Sí";"$ 64.050 : 8,00 hrs";"No tiene";"No tiene";"01/01/2025";"31/12/2025";"No informa";"Sin observaciones";
"2025";"Mayo";"Profesional";"YAÑEZ MUÑOZ, GISELLE TAMARA";"JEFE DE DEPARTAMENTO";"5";"KINESIOLOGO (A)";"Región Metropolitana de Santiago";"(01)";"$ 3.383.832";"$ 2.527.388";"$ 0";"$ 0";"No";"No tiene";"No tiene";"No tiene";"01/01/2025";"31/12/2025";"No informa";"REMUNERACION MAY.2025";
"2025";"Mayo";"Profesional";"YAÑEZ PAVEZ, JOSE LUIS";"Atencion Clinica";"15";"PSICOLOGO (A)";"Región Metropolitana de Santiago";"(186)";"$ 776.928";"$ 640.344";"$ 0";-;"No";"No tiene";"No tiene";"No tiene";"01/01/2025";"31/12/2025";"No informa";"Sin observaciones";
"2025";"Mayo";"Técnico";"YAÑEZ ROBERTS, CRISTHOPHER ANDRES";"ATENCION CLINICA";"22";"TECNICO NIVEL SUPERIOR ENFERMERIA";"Región Metropolitana de Santiago";"(203)(204)";"$ 1.363.590";"$ 813.036";"$ 0";"$ 0";"Sí";"$ 106.339 : 32,00 hrs";"$ 398.772 : 100,00 hrs";"No tiene";"01/01/2025";"31/12/2025";"No informa";"REMUNERACION MAY.2025";
"2025";"Mayo";"Técnico";"YAÑEZ YAÑEZ, ANDRES";"ATENCION CLINICA";"22";"TECNICO NIVEL SUPERIOR ENFERMERIA";"Región Metropolitana de Santiago";"(202)(204)(186)";"$ 1.018.241";"$ 792.163";"$ 0";"$ 0";"No";"No tiene";"No tiene";"No tiene";"01/01/2025";"31/12/2025";"No informa";"REMUNERACION MAY.2025";
"2025";"Mayo";"Médicos cirujanos, farmacéuticos, químico-farmacéuticos, bioquímicos, cirujano-dentistas";"YON OYARCE, CONSTANZA ANDREA";"Atencion Clinica Medica";"44 Hrs.";"MEDICO CIRUJANO";"Región Metropolitana de Santiago";"(86)(186)";"$ 3.376.336";"$ 2.658.168";"$ 0";-;"No";"No tiene";"No tiene";"No tiene";"01/01/2025";"31/12/2025";"No informa";"Sin observaciones";
"2025";"Mayo";"Técnico";"YOUNG CHI ESPINOZA, CLAUDIO ALEJANDRO";"ATENCION CLINICA";"22";"TECNICO NIVEL SUPERIOR ENFERMERIA";"Región Metropolitana de Santiago";"(202)(204)(186)";"$ 1.474.204";"$ 1.112.941";"$ 0";"$ 0";"Sí";"$ 134.107 : 40,00 hrs";"$ 321.856 : 80,00 hrs";"No tiene";"01/01/2025";"31/12/2025";"No informa";"REMUNERACION MAY.2025";
"2025";"Mayo";"Médicos cirujanos, farmacéuticos, químico-farmacéuticos, bioquímicos, cirujano-dentistas";"YSAMBERTT TUDARES, JOSE EMMANUEL";"Atencion Clinica Medica";"22 Hrs.";"MEDICO CIRUJANO";"Región Metropolitana de Santiago";"(188)";"$ 1.044.382";"$ 860.779";"$ 0";-;"No";"No tiene";"No tiene";"No tiene";"01/01/2025";"31/05/2025";"No informa";"Sin observaciones";
"2025";"Mayo";"Médicos cirujanos, farmacéuticos, químico-farmacéuticos, bioquímicos, cirujano-dentistas";"YSAMBERTT TUDARES, JOSE EMMANUEL";"Atencion Clinica Medica";"22 Hrs.";"MEDICO CIRUJANO";"Región Metropolitana de Santiago";"(188)";"$ 1.044.382";"$ 828.987";"$ 0";-;"No";"No tiene";"No tiene";"No tiene";"01/01/2025";"31/05/2025";"No informa";"Sin observaciones";
"2025";"Mayo";"Técnico";"YUSTY PRADA, JOSE DANIEL";"ATENCION CLINICA";"22";"ADMINISTRADOR (A) DE EMPRESAS";"Región Metropolitana de Santiago";"(203)(204)(186)";"$ 1.169.083";"$ 882.945";"$ 0";"$ 0";"No";"No tiene";"No tiene";"No tiene";"01/01/2025";"31/12/2025";"No informa";"REMUNERACION MAY.2025";
"2025";"Mayo";"Profesional";"ZAMBRANO BREVIS, KARINA ESTEFANIA";"Atencion Clinica";"15";"ENFERMERA (O)";"Región Metropolitana de Santiago";"(186)";"$ 1.461.545";"$ 1.186.442";"$ 0";-;"No";"No tiene";"No tiene";"No tiene";"01/01/2025";"31/12/2025";"No informa";"Sin observaciones";
"2025";"Mayo";"Médicos cirujanos, farmacéuticos, químico-farmacéuticos, bioquímicos, cirujano-dentistas";"ZAMORA CALDERON, ANDREA MACKARENA";"Quimico Farmaceutico";"22 Hrs.";"QUIMICO FARMACEUTICO";"Región Metropolitana de Santiago";"(86)(186)";"$ 2.542.109";"$ 1.966.635";"$ 0";-;"No";"No tiene";"No tiene";"No tiene";"01/01/2025";"31/12/2025";"No informa";"Sin observaciones";
"2025";"Mayo";"Médicos cirujanos, farmacéuticos, químico-farmacéuticos, bioquímicos, cirujano-dentistas";"ZAMORA CALDERON, ANDREA MACKARENA";"Quimico Farmaceutico";"22 Hrs.";"QUIMICO FARMACEUTICO";"Región Metropolitana de Santiago";"(86)(186)";"$ 2.213.655";"$ 1.932.094";"$ 0";-;"No";"No tiene";"No tiene";"No tiene";"01/01/2025";"31/12/2025";"No informa";"Sin observaciones";
"2025";"Mayo";"Profesional";"ZAMORA REYES, NATALIA PAZ";"Atencion Clinica";"15";"PSICOLOGO (A)";"Región Metropolitana de Santiago";"(01)";"$ 1.453.153";"$ 1.186.851";"$ 0";-;"No";"No tiene";"No tiene";"No tiene";"01/01/2025";"31/12/2025";"No informa";"Sin observaciones";
"2025";"Mayo";"Profesional";"ZAMORANO HERRERA, ESTEBAN BENJAMIN";"Jefe de Unidad";"5";"ASISTENTE SOCIAL";"Región Metropolitana de Santiago";"(186)";"$ 3.437.429";"$ 2.704.106";"$ 0";-;"No";"No tiene";"No tiene";"No tiene";"01/01/2025";"31/12/2025";"No informa";"Sin observaciones";
"2025";"Mayo";"Técnico";"ZAMORANO LUCERO, NATALIA ANDREA";"Atencion Clinica";"20";"TECNICO DE ODONTOLOGIA";"Región Metropolitana de Santiago";"(01)";"$ 958.542";"$ 783.417";"$ 0";-;"No";"No tiene";"No tiene";"No tiene";"01/01/2025";"31/12/2025";"No informa";"Sin observaciones";
"2025";"Mayo";"Profesional";"ZAMORANO MIRANDA, MARIA PAULINA";"Apoyo Administrativo";"12";"KINESIOLOGO (A)";"Región Metropolitana de Santiago";"(01)";"$ 1.893.964";"$ 1.536.398";"$ 0";-;"No";"No tiene";"No tiene";"No tiene";"01/01/2025";"30/06/2025";"No informa";"Sin observaciones";
"2025";"Mayo";"Auxiliar";"ZAMUDIO PULGAR, JOSE MANUEL";"Chofer";"19";"AUXILIAR";"Región Metropolitana de Santiago";"(205)(186)";"$ 1.620.062";"$ 1.449.099";"$ 0";-;"Sí";"$ 141.620 : 34,00 hrs";"$ 669.779 : 134,00 hrs";"No tiene";"01/01/2025";"31/12/2025";"No informa";"Sin observaciones";
"2025";"Mayo";"Administrativo";"ZANETTI TORRES, ROMMY STELLA";"Apoyo Administrativo";"15";"ADMINISTRATIVO";"Región Metropolitana de Santiago";"(186)";"$ 1.163.114";"$ 992.544";"$ 0";-;"Sí";"$ 188.082 : 36,00 hrs";"$ 56.425 : 9,00 hrs";"No tiene";"01/01/2025";"31/12/2025";"No informa";"Sin observaciones";
"2025";"Mayo";"Profesional";"ZAPATA NEIRA, FABIAN MARCELO";"Atencion Clinica";"9";"ASISTENTE SOCIAL";"Región Metropolitana de Santiago";"(01)";"$ 2.293.623";"$ 2.083.530";"$ 0";-;"No";"No tiene";"No tiene";"No tiene";"01/01/2025";"31/12/2025";"No informa";"Sin observaciones";
"2025";"Mayo";"Profesional";"ZAPATA SEPULVEDA, MELISSA ANDREA";"Atencion Clinica";"15";"ENFERMERA (O)";"Región Metropolitana de Santiago";"(186)";"$ 1.567.456";"$ 1.268.564";"$ 0";-;"No";"No tiene";"No tiene";"No tiene";"01/01/2025";"31/12/2025";"No informa";"Sin observaciones";
"2025";"Mayo";"Médicos cirujanos, farmacéuticos, químico-farmacéuticos, bioquímicos, cirujano-dentistas";"ZAPATA VASQUEZ, FERNANDO ANTONIO";"MEDICO CIRUJANO CON ESPECIALIDAD EN MEDICINA DE URGENCIA";"28 Hrs.";"MEDICO CIRUJANO CON ESPECIALIDAD EN MEDICINA DE URGENCIA";"Región Metropolitana de Santiago";"(194)(193)(198)(186)";"$ 4.094.061";"$ 2.355.313";"$ 0";"$ 0";"No";"No tiene";"No tiene";"No tiene";"01/01/2025";"31/12/2025";"No informa";"REMUNERACION MAY.2025";
"2025";"Mayo";"Profesional";"ZARA CHINETTI, FADUA DAMISA";"Atencion Clinica";"9";"PSICOLOGO (A)";"Región Metropolitana de Santiago";"(186)";"$ 2.510.887";"$ 2.004.743";"$ 0";-;"No";"No tiene";"No tiene";"No tiene";"01/01/2025";"31/12/2025";"No informa";"Sin observaciones";
"2025";"Mayo";"Profesional";"ZARATE CASTRO, DIEGO IGNACIO";"Apoyo Administrativo";"13";"NUTRICIONISTA";"Región Metropolitana de Santiago";"(186)";"$ 1.833.197";"$ 1.476.292";"$ 0";-;"No";"No tiene";"No tiene";"No tiene";"01/01/2025";"31/12/2025";"No informa";"Sin observaciones";
"2025";"Mayo";"Técnico";"ZENTENO MURUA, CAMILA MILENKA DE LOURDES";"Atencion Clinica";"22";"TECNICO NIVEL SUPERIOR ENFERMERIA";"Región Metropolitana de Santiago";"(202)(186)";"$ 979.711";"$ 798.954";"$ 0";-;"No";"No tiene";"No tiene";"No tiene";"01/01/2025";"31/12/2025";"No informa";"Sin observaciones";
"2025";"Mayo";"Técnico";"ZEVALLOS PAVEZ, ANA LUISA";"Atencion Clinica";"21";"TECNICO NIVEL SUPERIOR ENFERMERIA";"Región Metropolitana de Santiago";"(186)";"$ 749.538";"$ 620.527";"$ 0";-;"Sí";"$ 43.403 : 12,00 hrs";"No tiene";"No tiene";"01/01/2025";"31/12/2025";"No informa";"Sin observaciones";
"2025";"Mayo";"Profesional";"ZULETA ALFARO, ROLANDO ANTONIO";"Apoyo Administrativo";"7";"PROFESOR (A)";"Región Metropolitana de Santiago";"(186)";"$ 3.013.687";"$ 2.383.165";"$ 0";-;"No";"No tiene";"No tiene";"No tiene";"01/01/2025";"31/12/2025";"No informa";"Sin observaciones";
"2025";"Mayo";"Médicos cirujanos, farmacéuticos, químico-farmacéuticos, bioquímicos, cirujano-dentistas";"ZUÑIGA ARAYA, CLAUDIA PATRICIA";"Quimico Farmaceutico";"44 Hrs.";"QUIMICO FARMACEUTICO";"Región Metropolitana de Santiago";"(188)(186)";"$ 4.381.986";"$ 3.554.874";"$ 0";-;"No";"No tiene";"No tiene";"No tiene";"01/01/2025";"31/12/2025";"No informa";"Sin observaciones";
"2025";"Mayo";"Auxiliar";"ZUÑIGA FLORES, MARCELO PAUL";"CONDUCTOR";"21";"TECNICO NIVEL SUPERIOR ENFERMERIA";"Región Metropolitana de Santiago";"(205)(202)(204)";"$ 1.738.363";"$ 1.281.004";"$ 0";"$ 0";"Sí";"$ 143.412 : 40,00 hrs";"$ 430.236 : 100,00 hrs";"No tiene";"01/01/2025";"31/12/2025";"No informa";"REMUNERACION MAY.2025";
"2025";"Mayo";"Profesional";"ZUÑIGA JARAMILLO, JONATHAN ROLANDO";"Apoyo Administrativo";"13";"PSICOLOGO (A)";"Región Metropolitana de Santiago";"(186)";"$ 1.734.281";"$ 1.399.632";"$ 0";-;"No";"No tiene";"No tiene";"No tiene";"01/01/2025";"31/12/2025";"No informa";"Sin observaciones";
"2025";"Mayo";"Técnico";"ZUÑIGA OROZCO, ROMINA JAZMIN";"ATENCION CLINICA";"22";"TECNICO NIVEL SUPERIOR ENFERMERIA";"Región Metropolitana de Santiago";"(202)(204)(186)";"$ 1.018.241";"$ 801.021";"$ 0";"$ 0";"No";"No tiene";"No tiene";"No tiene";"01/01/2025";"31/12/2025";"No informa";"REMUNERACION MAY.2025";
"2025";"Mayo";"Técnico";"ZUÑIGA RIQUELME, CLAUDIO ALBERTO";"ATENCION CLINICA";"22";"AUXILIAR DE ENFERMERIA";"Región Metropolitana de Santiago";"(202)(204)";"$ 1.187.466";"$ 696.703";"$ 0";"$ 0";"Sí";"$ 49.846 : 15,00 hrs";"$ 127.607 : 32,00 hrs";"No tiene";"01/01/2025";"31/12/2025";"No informa";"REMUNERACION MAY.2025";
"2025";"Mayo";"Técnico";"ZUÑIGA TORRES, BARBARA ALEJANDRA";"Atencion Clinica";"21";"TECNICO NIVEL SUPERIOR ENFERMERIA";"Región Metropolitana de Santiago";"(01)";"$ 704.582";"$ 580.717";"$ 0";-;"No";"No tiene";"No tiene";"No tiene";"01/01/2025";"31/12/2025";"No informa";"Sin observaciones";
